<?xml version="1.0" encoding="UTF-8"?>
<!-- generated by CLiX/Wiki2XML [MPI-Inf, MMCI@UdS] $LastChangedRevision: 92 $ on 17.04.2009 00:11:10[mciao0827] -->
<!DOCTYPE article SYSTEM "../article.dtd">
<article xmlns:xlink="http://www.w3.org/1999/xlink">
<entity  confidence="0.9511911446218017" wordnetid="100001740">
<header>
<title>Gottschalk v. Benson</title>
<id>10003934</id>
<revision>
<id>197904632</id>
<timestamp>2008-03-13T06:03:02Z</timestamp>
<contributor>
<username>Eastlaw</username>
<id>1046972</id>
</contributor>
</revision>
<categories>
<category>United States patent case law</category>
<category>Flagged U.S. Supreme Court articles</category>
<category>1972 in law</category>
<category>Computer-related patent case law</category>
<category>United States Supreme Court cases</category>
</categories>
</header>
<bdy>

<table style="width:25em;" class="infobox">
<header style="background:#6699FF; font-style:italic;">
Gottschalk v. Benson</header>
<row>
<header>
 <image width="100px" src="Seal_of_the_United_States_Supreme_Court.svg">
</image>
<supreme_court wordnetid="108336188" confidence="0.9508927676800064">
<link xlink:type="simple" xlink:href="../737/31737.xml">
Supreme Court of the United States</link></supreme_court>
</header>
</row>
<row>
<header style="background:#6699FF;">
Argued October 16, 1972Decided November 20, 1972</header>
</row>
<row>
<col>
<table style="font-size:80%; margin:auto; width:100%; background:transparent;" class="plainlinks">
<row>
<col valign="top">
Full case name:</col>
<col style="font-style:italic;" valign="top">
Gottschalk, Acting Commissioner of Patents v. Benson, et al.</col>
</row>
<row>
<col valign="top">
Citations:</col>
<col valign="top">
 <weblink xlink:type="simple" xlink:href="http://caselaw.lp.findlaw.com/scripts/getcase.pl?navby=CASE&amp;court=US&amp;vol=409&amp;page=63">
409 U.S. 63</weblink> (<it><link xlink:type="simple" xlink:href="../550/9675550.xml">
see more...</link></it>); 93 S. Ct. 253; 34 L. Ed. 2d 273; 1972 U.S. LEXIS 129; 175 U.S.P.Q. (BNA) 673</col>
</row>
<row>
<col valign="top">
Prior history:</col>
<col valign="top">
Certiorari to the United States Court of Customs and Patent Appeals</col>
</row>
<row>
<col valign="top">
Subsequent history:</col>
<col valign="top">
 <link xlink:type="simple" xlink:href="../607/2286607.xml">
Diamond v. Diehr</link>, <link xlink:type="simple" xlink:href="../761/1169761.xml">
Diamond v. Chakrabarty</link></col>
</row>
</table>
</col>
</row>
<row>
<header style="background:#6699FF;">
Holding</header>
</row>
<row>
<col>
Respondents' method for converting numerical information from binary-coded decimal numbers into pure binary numbers, for use in programming conventional general-purpose digital computers is merely a series of mathematical calculations or mental steps and does not constitute a patentable "process" within the meaning of the Patent Act, 35 U.S.C. 100 (b). Pp. 64-73.</col>
</row>
<row>
<header style="background:#6699FF;">
Court membership</header>
</row>
<row>
<col>
 <b>Chief Justice:</b> <person wordnetid="100007846" confidence="0.9508927676800064">
<chief_justice wordnetid="109916788" confidence="0.9508927676800064">
<link xlink:type="simple" xlink:href="../328/264328.xml">
Warren E. Burger</link></chief_justice>
</person>
<b>Associate Justices:</b> <judge wordnetid="110225219" confidence="0.9508927676800064">
<link xlink:type="simple" xlink:href="../245/365245.xml">
William O. Douglas</link></judge>
, <judge wordnetid="110225219" confidence="0.9508927676800064">
<link xlink:type="simple" xlink:href="../242/365242.xml">
William J. Brennan, Jr.</link></judge>
, <judge wordnetid="110225219" confidence="0.9508927676800064">
<link xlink:type="simple" xlink:href="../821/535821.xml">
Potter Stewart</link></judge>
, <judge wordnetid="110225219" confidence="0.9508927676800064">
<link xlink:type="simple" xlink:href="../248/49248.xml">
Byron White</link></judge>
, <judge wordnetid="110225219" confidence="0.9508927676800064">
<link xlink:type="simple" xlink:href="../445/57445.xml">
Thurgood Marshall</link></judge>
, <person wordnetid="100007846" confidence="0.9508927676800064">
<judge wordnetid="110225219" confidence="0.9508927676800064">
<link xlink:type="simple" xlink:href="../138/344138.xml">
Harry Blackmun</link></judge>
</person>
, <judge wordnetid="110225219" confidence="0.9508927676800064">
<link xlink:type="simple" xlink:href="../929/376929.xml">
Lewis F. Powell, Jr.</link></judge>
, <person wordnetid="100007846" confidence="0.9508927676800064">
<chief_justice wordnetid="109916788" confidence="0.9508927676800064">
<link xlink:type="simple" xlink:href="../721/18938721.xml">
William Rehnquist</link></chief_justice>
</person>
</col>
</row>
<row>
<header style="background:#6699FF;">
Case opinions</header>
</row>
<row align="left">
<col>
<b>Majority by:</b> DouglasJoined by: Burger, Brennan, White, Marshall, Rehnquist<it>Stewart, Blackmun, and Powell took no part in the consideration or decision of the case.''</it></col>
</row>
<row style="text-align:center; background:#6699FF;">
<header colspan="2">
<b>Laws applied</b></header>
<col>
101 of the <link>
Patent Act of 1952</link></col>
</row>
</table>

<b><it> Gottschalk v Benson </it></b>, <weblink xlink:type="simple" xlink:href="http://caselaw.lp.findlaw.com/scripts/getcase.pl?navby=CASE&amp;court=US&amp;vol=409&amp;page=63">
409 U.S.  63</weblink> (<link xlink:type="simple" xlink:href="../671/34671.xml">
1972</link>) was a <supreme_court wordnetid="108336188" confidence="0.9508927676800064">
<link xlink:type="simple" xlink:href="../737/31737.xml">
United States Supreme Court</link></supreme_court>
 case that ruled that a process involving a numerical <link xlink:type="simple" xlink:href="../775/775.xml">
algorithm</link> was not <link xlink:type="simple" xlink:href="../273/23273.xml">
patent</link>able if "the patent would wholly pre-empt the mathematical formula and in practical effect would be a patent on the algorithm itself". The court added "it is said that the decision precludes a patent for any program servicing a computer. We do not so hold." The case was argued on <link xlink:type="simple" xlink:href="../556/22556.xml">
October 16</link>, <link xlink:type="simple" xlink:href="../671/34671.xml">
1972</link> and was decided <link xlink:type="simple" xlink:href="../575/21575.xml">
November 20</link>, 1972.
<sec>
<st>
Prior history</st>
<p>

The case revolves around an <link xlink:type="simple" xlink:href="../266/4542266.xml">
application for a patent</link> for method for converting a binary-coded decimal (BCD) numerals into pure binary numerals on a general purpose digital computer. The <link xlink:type="simple" xlink:href="../740/926740.xml">
patent examiner</link> at the <link xlink:type="simple" xlink:href="../363/218363.xml">
United States Patent and Trademark Office</link> rejected the patent application as being directed to a mathematical expression.  Pure mathematical expressions had been held to be unpatentable under earlier patent laws in <link>
Mackay Co. v. Radio Corp.</link> <weblink xlink:type="simple" xlink:href="http://caselaw.lp.findlaw.com/scripts/getcase.pl?navby=CASE&amp;court=US&amp;vol=306&amp;page=86">
306 U.S.  86</weblink> (1939).  The applicant appealed to the <link xlink:type="simple" xlink:href="../356/3040356.xml">
Board of Patent Appeals and Interferences</link>.  The Board affirmed the examiner’s rejection.  The applicant further appealed to the <link xlink:type="simple" xlink:href="../768/4894768.xml">
Court of Customs and Patent Appeals</link>.  The Court reversed the Board.  Finally, the Commissioner of Patents and Trademarks filed a petition for a <link xlink:type="simple" xlink:href="../489/158489.xml">
writ of certiorari</link> to the Supreme Court.</p>

</sec>
<sec>
<st>
The case</st>
<p>

The law which is applicable to this case is section 101 of the <link>
Patent Act of 1952</link><weblink xlink:type="simple" xlink:href="http://localhost:18088/wiki/index.php/Gottschalk_v._Benson#endnote_1">
http://localhost:18088/wiki/index.php/Gottschalk_v._Benson#endnote_1</weblink>. The question was whether or not the <link xlink:type="simple" xlink:href="../163/848163.xml">
claim</link>ed <link xlink:type="simple" xlink:href="../312/44312.xml">
invention</link> was a “process” under the law.  The court held that because the claim was not limited to any particular type of programmable digital computer and because the method could be carried out mentally, that the claim would effectively preclude use of the method for any currently known or future invention in any field.  Thus the claim was directed to an algorithm alone and therefore was not patentable.</p>

</sec>
<sec>
<st>
Impact</st>

<p>

This decision was widely seen as confirming that software by itself was not directly patentable.  What <link xlink:type="simple" xlink:href="../809/743809.xml">
patent attorney</link>s/agents had been doing in the meantime, however, was to get patent protection on software inventions by claiming both the algorithm in combination with the computer carrying out the algorithm.  Thus they were technically claiming a new machine and this was held to be patentable.  <ref xlink:type="simple" xlink:href="#xpointer(//reflist/entry[@id=%221%22])">1</ref> </p>
<p>

The boundary between when a computer implemented process is purely an abstract idea (and thus not patentable) and when it is a practical process (and thus is patentable) is still a matter of debate within the US patent office. (“The Supreme Court has not been clear . . . . . . as to whether such subject matter is excluded from the scope of 101 because it represents laws of nature, natural phenomena, or abstract ideas. “)<ref xlink:type="simple" xlink:href="#xpointer(//reflist/entry[@id=%222%22])">2</ref></p>

</sec>
<sec>
<st>
Notes</st>
<p>

<list>
<entry level="1" type="bullet">

 <cite id="endnote_1" style="font-style: normal;">
<b>^</b></cite>Section 101 says, "Whoever invents or discovers any new and useful process, machine, manufacture, or composition of matter, or any new and useful improvement thereof may obtain a patent therefor, subject to the conditions and requirements of this title." Section 100(b) gives the definition for process, "The term ‘process’ means process, art or method, and includes a new use of a known process, machine, manufacture, composition of matter, or material."<weblink xlink:type="simple" xlink:href="http://www4.law.cornell.edu/uscode/html/uscode35/usc_sec_35_00000101----000-.html">
http://www4.law.cornell.edu/uscode/html/uscode35/usc_sec_35_00000101----000-.html</weblink></entry>
</list>
</p>

</sec>
<sec>
<st>
See also</st>
<p>

<list>
<entry level="1" type="bullet">

<link xlink:type="simple" xlink:href="../550/9675550.xml">
List of United States Supreme Court cases, volume 409</link></entry>
</list>
</p>

</sec>
<sec>
<st>
References</st>


<p>

<reflist>
<entry id="1">
<weblink xlink:type="simple" xlink:href="http://caselaw.lp.findlaw.com/scripts/printer_friendly.pl?page=us/409/63.html">
"To Promote the Progress of . . . Useful Arts," Report of the President's Commission on the Patent System (1966).</weblink> as cited in Gottschalk v Benson</entry>
<entry id="2">
<weblink xlink:type="simple" xlink:href="http://www.uspto.gov/web/offices/pac/mpep/documents/2100_2106_02.htm">
2106.02 Mathematical Algorithms - 2100 Patentability</weblink> <work wordnetid="104599396" confidence="0.8">
<product wordnetid="104007894" confidence="0.8">
<creation wordnetid="103129123" confidence="0.8">
<artifact wordnetid="100021939" confidence="0.8">
<publication wordnetid="106589574" confidence="0.8">
<link xlink:type="simple" xlink:href="../624/3801624.xml">
Manual of Patent Examining Procedure</link></publication>
</artifact>
</creation>
</product>
</work>
 8th ed.</entry>
</reflist>
</p>


</sec>
</bdy>
</entity>
</article>
