<?xml version="1.0" encoding="UTF-8"?>
<!-- generated by CLiX/Wiki2XML [MPI-Inf, MMCI@UdS] $LastChangedRevision: 92 $ on 17.04.2009 00:07:37[mciao0826] -->
<!DOCTYPE article SYSTEM "../article.dtd">
<article xmlns:xlink="http://www.w3.org/1999/xlink">
<physical_entity  confidence="0.8" wordnetid="100001930">
<person  confidence="0.8" wordnetid="100007846">
<performer  confidence="0.8" wordnetid="110415638">
<causal_agent  confidence="0.8" wordnetid="100007347">
<actor  confidence="0.8" wordnetid="109765278">
<entertainer  confidence="0.8" wordnetid="109616922">
<header>
<title>Yaani King</title>
<id>10019528</id>
<revision>
<id>243923088</id>
<timestamp>2008-10-08T16:38:09Z</timestamp>
<contributor>
<username>G.-M. Cupertino</username>
<id>4580396</id>
</contributor>
</revision>
<categories>
<category>American film actors</category>
<category>Living people</category>
<category>American actors</category>
<category>African American actors</category>
<category>1981 births</category>
</categories>
</header>
<bdy>
<template>
<name>Infobox actor</name>
<parameters>

<image width="150px" src="">
</image>
<location>
<village wordnetid="108672738" confidence="0.9508927676800064">
<link xlink:type="simple" xlink:href="../384/47384.xml">
Brooklyn</link></village>
, <village wordnetid="108672738" confidence="0.9508927676800064">
<link xlink:type="simple" xlink:href="../042/645042.xml">
New York City</link></village>
, <region wordnetid="108630985" confidence="0.8">
<administrative_district wordnetid="108491826" confidence="0.8">
<location wordnetid="100027167" confidence="0.8">
<district wordnetid="108552138" confidence="0.8">
<country wordnetid="108544813" confidence="0.8">
<link xlink:type="simple" xlink:href="../131/8210131.xml">
New York</link></country>
</district>
</location>
</administrative_district>
</region>
, <body wordnetid="107965085" confidence="0.8">
<social_group wordnetid="107950920" confidence="0.8">
<political_orientation wordnetid="106212839" confidence="0.8">
<colony wordnetid="108374049" confidence="0.8">
<state wordnetid="108168978" confidence="0.8">
<political_unit wordnetid="108359949" confidence="0.8">
<group wordnetid="100031264" confidence="0.8">
<democracy wordnetid="106217103" confidence="0.8">
<link xlink:type="simple" xlink:href="../750/3434750.xml">
U.S.</link></democracy>
</group>
</political_unit>
</state>
</colony>
</political_orientation>
</social_group>
</body>
 <image width="25px" src="Flag_of_the_United_States.svg">
</image>
</location>
<height>
5' 8" (1.73 m)</height>
<name>
Yaani King</name>
<birthdate>
<link xlink:type="simple" xlink:href="../ury/24th_century.xml">
August 10</link>, <link xlink:type="simple" xlink:href="../776/34776.xml">
1981</link></birthdate>
</parameters>
</template>

<p>

<b>Yaani King</b> (b. <village wordnetid="108672738" confidence="0.9508927676800064">
<link xlink:type="simple" xlink:href="../384/47384.xml">
Brooklyn</link></village>
, <village wordnetid="108672738" confidence="0.9508927676800064">
<link xlink:type="simple" xlink:href="../042/645042.xml">
New York City</link></village>
, <region wordnetid="108630985" confidence="0.8">
<administrative_district wordnetid="108491826" confidence="0.8">
<location wordnetid="100027167" confidence="0.8">
<district wordnetid="108552138" confidence="0.8">
<country wordnetid="108544813" confidence="0.8">
<link xlink:type="simple" xlink:href="../131/8210131.xml">
New York</link></country>
</district>
</location>
</administrative_district>
</region>
, <link xlink:type="simple" xlink:href="../ury/24th_century.xml">
August 10</link>, <link xlink:type="simple" xlink:href="../776/34776.xml">
1981</link>) is a <link xlink:type="simple" xlink:href="../035/18956035.xml">
West Indian</link>/<link xlink:type="simple" xlink:href="../691/17238691.xml">
Guyanese</link> <link xlink:type="simple" xlink:href="../753/753.xml">
actress</link>.</p>
<p>

She played Amanda, one of <actor wordnetid="109765278" confidence="0.9508927676800064">
<link xlink:type="simple" xlink:href="../717/508717.xml">
Julia Stiles</link></actor>
 best friends in <company wordnetid="108058098" confidence="0.9508927676800064">
<link xlink:type="simple" xlink:href="../918/22918.xml">
Paramount Pictures</link></company>
 <link xlink:type="simple" xlink:href="../949/1096949.xml">
The Prince &amp; Me</link>.  She also appeared in <link xlink:type="simple" xlink:href="../267/705267.xml">
In The Cut</link> as one of <actor wordnetid="109765278" confidence="0.9508927676800064">
<link xlink:type="simple" xlink:href="../799/51799.xml">
Meg Ryan</link></actor>
's students.  Yaani frequently guest stars on TV Series.  Her television credits include , <link>
Sex and The City</link>, <series wordnetid="108457976" confidence="0.9508927676800064">
<link xlink:type="simple" xlink:href="../177/2223177.xml">
Criminal Minds</link></series>
 and <series wordnetid="108457976" confidence="0.9508927676800064">
<link xlink:type="simple" xlink:href="../629/173629.xml">
Law &amp; Order</link></series>
.</p>
<p>

In <link xlink:type="simple" xlink:href="../427/8906427.xml">
April 2007</link>, she began filming the role of <actor wordnetid="109765278" confidence="0.9508927676800064">
<link xlink:type="simple" xlink:href="../883/4451883.xml">
Anthony Mackie</link></actor>
's sister in <it>"<link>
Bolden!</link>"</it>, which also stars <award wordnetid="106696483" confidence="0.9508927676800064">
<link xlink:type="simple" xlink:href="../324/324.xml">
Academy Award</link></award>
 nominee <actor wordnetid="109765278" confidence="0.9508927676800064">
<link xlink:type="simple" xlink:href="../814/255814.xml">
Jackie Earle Haley</link></actor>
.  The film was executive produced by <link xlink:type="simple" xlink:href="../613/15613.xml">
jazz</link> legend <trumpeter wordnetid="110732010" confidence="0.9173553029164789">
<composer wordnetid="109947232" confidence="0.9173553029164789">
<artist wordnetid="109812338" confidence="0.9508927676800064">
<educator wordnetid="110045713" confidence="0.9173553029164789">
<link xlink:type="simple" xlink:href="../483/210483.xml">
Wynton Marsalis</link></educator>
</artist>
</composer>
</trumpeter>
.  Yaani is managed by <link>
Stacey Castro</link>.</p>

<sec>
<st>
Filmography</st>
<p>

<list>
<entry level="1" type="bullet">

 <it><link>
Bolden!</link></it> (<fundamental_quantity wordnetid="113575869" confidence="0.8">
<time_period wordnetid="115113229" confidence="0.8">
<year wordnetid="115203791" confidence="0.8">
<link xlink:type="simple" xlink:href="../113/1463113.xml">
2008</link></year>
</time_period>
</fundamental_quantity>
) .... Cora Bolden (post-production)</entry>
<entry level="1" type="bullet">

 <it><series wordnetid="108457976" confidence="0.9508927676800064">
<link xlink:type="simple" xlink:href="../989/1348989.xml">
Numb3rs</link></series>
</it> (2 episodes, <it>End Game</it> and <it>Atomic No. 33</it>, <link xlink:type="simple" xlink:href="../688/9041688.xml">
2008</link>) .... Laurie Porter</entry>
<entry level="1" type="bullet">

 <it><movie wordnetid="106613686" confidence="0.9508927676800064">
<link xlink:type="simple" xlink:href="../274/13312274.xml">
Gospel Hill</link></movie>
</it> (<fundamental_quantity wordnetid="113575869" confidence="0.8">
<time_period wordnetid="115113229" confidence="0.8">
<year wordnetid="115203791" confidence="0.8">
<link xlink:type="simple" xlink:href="../113/1463113.xml">
2008</link></year>
</time_period>
</fundamental_quantity>
) .... Sarah</entry>
<entry level="1" type="bullet">

  (1 episode, <it><episode wordnetid="106396330" confidence="0.9508927676800064">
<link xlink:type="simple" xlink:href="../757/9678757.xml">
Fallen Idols</link></episode>
</it>, <link xlink:type="simple" xlink:href="../682/3849682.xml">
2007</link>) .... Sheila Latham</entry>
<entry level="1" type="bullet">

 <it><series wordnetid="108457976" confidence="0.9508927676800064">
<link xlink:type="simple" xlink:href="../177/2223177.xml">
Criminal Minds</link></series>
</it> (1 episode, <it>Fear and Loathing</it>, <link xlink:type="simple" xlink:href="../682/3849682.xml">
2007</link>) .... Tania</entry>
<entry level="1" type="bullet">

 <it><series wordnetid="108457976" confidence="0.9508927676800064">
<link xlink:type="simple" xlink:href="../149/3674149.xml">
Campus Ladies</link></series>
</it> (1 episode, <it>Barri &amp; Joan Rush a Black Sorority</it>, <link xlink:type="simple" xlink:href="../682/3849682.xml">
2007</link>) .... Deborah</entry>
<entry level="1" type="bullet">

 <it><link>
For Heaven's Sake</link></it> (<fundamental_quantity wordnetid="113575869" confidence="0.8">
<time_period wordnetid="115113229" confidence="0.8">
<year wordnetid="115203791" confidence="0.8">
<link xlink:type="simple" xlink:href="../754/302754.xml">
2006</link></year>
</time_period>
</fundamental_quantity>
) .... Ashley</entry>
<entry level="1" type="bullet">

 <it><link>
God's Forgotten House</link></it> (<fundamental_quantity wordnetid="113575869" confidence="0.8">
<time_period wordnetid="115113229" confidence="0.8">
<year wordnetid="115203791" confidence="0.8">
<link xlink:type="simple" xlink:href="../628/294628.xml">
2005</link></year>
</time_period>
</fundamental_quantity>
) .... Crystal</entry>
<entry level="1" type="bullet">

 <it><link xlink:type="simple" xlink:href="../949/1096949.xml">
The Prince and Me</link></it> (<fundamental_quantity wordnetid="113575869" confidence="0.8">
<time_period wordnetid="115113229" confidence="0.8">
<year wordnetid="115203791" confidence="0.8">
<link xlink:type="simple" xlink:href="../634/294634.xml">
2004</link></year>
</time_period>
</fundamental_quantity>
) .... Amanda</entry>
<entry level="1" type="bullet">

 <it><movie wordnetid="106613686" confidence="0.9508927676800064">
<link xlink:type="simple" xlink:href="../267/705267.xml">
In the Cut</link></movie>
</it> (<fundamental_quantity wordnetid="113575869" confidence="0.8">
<time_period wordnetid="115113229" confidence="0.8">
<year wordnetid="115203791" confidence="0.8">
<link xlink:type="simple" xlink:href="../212/169212.xml">
2003</link></year>
</time_period>
</fundamental_quantity>
) .... Frannie's <link xlink:type="simple" xlink:href="../526/155526.xml">
Student</link></entry>
<entry level="1" type="bullet">

 <it><link xlink:type="simple" xlink:href="../842/82842.xml">
Sex and the City</link></it> (1 episode, <it>Pick-A-Little, Talk-A-Little</it>, <link xlink:type="simple" xlink:href="../063/171063.xml">
2003</link>) .... Marcy</entry>
<entry level="1" type="bullet">

 <it><series wordnetid="108457976" confidence="0.9508927676800064">
<link xlink:type="simple" xlink:href="../629/173629.xml">
Law &amp; Order</link></series>
</it> (1 episode, <it><link>
Access Nation</link></it>, <link xlink:type="simple" xlink:href="../771/169771.xml">
2002</link>) .... Monique Thomas</entry>
<entry level="1" type="bullet">

 <it><series wordnetid="108457976" confidence="0.9508927676800064">
<link xlink:type="simple" xlink:href="../101/5483101.xml">
The Education of Max Bickford</link></series>
</it> (1 episode, <it>I Never Schlunged My Father</it>, <link xlink:type="simple" xlink:href="../771/169771.xml">
2002</link>) .... <link xlink:type="simple" xlink:href="../526/155526.xml">
Student</link> #1</entry>
</list>
</p>

</sec>
<sec>
<st>
External links</st>
<p>

<list>
<entry level="1" type="bullet">

 <weblink xlink:type="simple" xlink:href="http://www.imdb.com/name/nm1477301/">
Yaani King</weblink> at the <web_site wordnetid="106359193" confidence="0.9508927676800064">
<link xlink:type="simple" xlink:href="../554/2855554.xml">
Internet Movie Database</link></web_site>
</entry>
<entry level="1" type="bullet">

 <weblink xlink:type="simple" xlink:href="http://www.myspace.com/yaani">
Yaani King</weblink> at <company wordnetid="108058098" confidence="0.9508927676800064">
<link xlink:type="simple" xlink:href="../655/1270655.xml">
MySpace</link></company>
</entry>
</list>
</p>




</sec>
</bdy>
</entertainer>
</actor>
</causal_agent>
</performer>
</person>
</physical_entity>
</article>
