<?xml version="1.0" encoding="UTF-8"?>
<!-- generated by CLiX/Wiki2XML [MPI-Inf, MMCI@UdS] $LastChangedRevision: 92 $ on 16.04.2009 15:25:28[mciao0828] -->
<!DOCTYPE article SYSTEM "../article.dtd">
<article xmlns:xlink="http://www.w3.org/1999/xlink">
<physicist  confidence="0.9511911446218017" wordnetid="110428004">
<person  confidence="0.9508927676800064" wordnetid="100007846">
<interior_designer  confidence="0.9511911446218017" wordnetid="110210648">
<laureate  confidence="0.9511911446218017" wordnetid="110249011">
<pioneer  confidence="0.9511911446218017" wordnetid="110434725">
<colleague  confidence="0.9511911446218017" wordnetid="109935990">
<alumnus  confidence="0.9511911446218017" wordnetid="109786338">
<scientist  confidence="0.9508927676800064" wordnetid="110560637">
<research_worker  confidence="0.9511911446218017" wordnetid="110523076">
<header>
<title>Edsger W. Dijkstra</title>
<id>10018</id>
<revision>
<id>243548981</id>
<timestamp>2008-10-07T00:02:17Z</timestamp>
<contributor>
<username>Bart133</username>
<id>134523</id>
</contributor>
</revision>
<categories>
<category>Programming language researchers</category>
<category>Eindhoven University of Technology faculty</category>
<category>Leiden University alumni</category>
<category>Dutch physicists</category>
<category>University of Texas at Austin faculty</category>
<category>Computer pioneers</category>
<category>Fellows of the British Computer Society</category>
<category>People from Rotterdam</category>
<category>2002 deaths</category>
<category>1930 births</category>
<category>Dutch computer scientists</category>
<category>Turing Award laureates</category>
<category>Formal methods people</category>
<category>Programming language designers</category>
<category>Fellows of the Association for Computing Machinery</category>
</categories>
</header>
<bdy>
<template>
<name>Infobox_Scientist</name>
<parameters>

<image width="150px" src="Edsger_Wybe_Dijkstra.jpg">
</image>
<death_date>
August 6, 2002 (aged&nbsp;72)</death_date>
<birth_date>
May 11, 1930(1930-05-11)</birth_date>
<birth_place>
<village wordnetid="108672738" confidence="0.9508927676800064">
<link xlink:type="simple" xlink:href="../049/26049.xml">
Rotterdam</link></village>
, <system wordnetid="108435388" confidence="0.8">
<economy wordnetid="108366753" confidence="0.8">
<group wordnetid="100031264" confidence="0.8">
<link xlink:type="simple" xlink:href="../148/21148.xml">
Netherlands</link></group>
</economy>
</system>
</birth_place>
<field>
<link xlink:type="simple" xlink:href="../323/5323.xml">
Computer science</link></field>
<known_for>
<event wordnetid="100029378" confidence="0.8">
<rule wordnetid="105846932" confidence="0.8">
<act wordnetid="100030358" confidence="0.8">
<psychological_feature wordnetid="100023100" confidence="0.8">
<procedure wordnetid="101023820" confidence="0.8">
<activity wordnetid="100407535" confidence="0.8">
<algorithm wordnetid="105847438" confidence="0.8">
<link xlink:type="simple" xlink:href="../809/45809.xml">
Dijkstra's algorithm</link></algorithm>
</activity>
</procedure>
</psychological_feature>
</act>
</rule>
</event>
<it><event wordnetid="100029378" confidence="0.8">
<command wordnetid="107168131" confidence="0.8">
<act wordnetid="100030358" confidence="0.8">
<psychological_feature wordnetid="100023100" confidence="0.8">
<speech_act wordnetid="107160883" confidence="0.8">
<link xlink:type="simple" xlink:href="../853/197853.xml">
Goto Considered Harmful</link></speech_act>
</psychological_feature>
</act>
</command>
</event>
</it><ref xlink:type="simple" xlink:href="#xpointer(//reflist/entry[@id=%221%22])">1</ref><message wordnetid="106598915" confidence="0.8">
<information wordnetid="106634376" confidence="0.8">
<electronic_database wordnetid="106588511" confidence="0.8">
<lexical_database wordnetid="106638868" confidence="0.8">
<wordnet wordnetid="106639428" confidence="0.8">
<database wordnetid="106637824" confidence="0.8">
<link xlink:type="simple" xlink:href="../837/1525837.xml">
THE multiprogramming system</link></database>
</wordnet>
</lexical_database>
</electronic_database>
</information>
</message>
<link xlink:type="simple" xlink:href="../557/164557.xml">
Semaphore</link></known_for>
<death_place>
<region wordnetid="108630985" confidence="0.8">
<administrative_district wordnetid="108491826" confidence="0.8">
<location wordnetid="100027167" confidence="0.8">
<municipality wordnetid="108626283" confidence="0.8">
<geographical_area wordnetid="108574314" confidence="0.8">
<town wordnetid="108665504" confidence="0.8">
<district wordnetid="108552138" confidence="0.8">
<urban_area wordnetid="108675967" confidence="0.8">
<link xlink:type="simple" xlink:href="../518/155518.xml">
Nuenen</link></urban_area>
</district>
</town>
</geographical_area>
</municipality>
</location>
</administrative_district>
</region>
, <system wordnetid="108435388" confidence="0.8">
<economy wordnetid="108366753" confidence="0.8">
<group wordnetid="100031264" confidence="0.8">
<link xlink:type="simple" xlink:href="../148/21148.xml">
Netherlands</link></group>
</economy>
</system>
</death_place>
<work_institutions>
<link xlink:type="simple" xlink:href="../063/506063.xml">
Mathematisch Centrum</link><university wordnetid="108286163" confidence="0.9508927676800064">
<link xlink:type="simple" xlink:href="../706/9706.xml">
Eindhoven University of Technology</link></university>

<university wordnetid="108286163" confidence="0.9508927676800064">
<link xlink:type="simple" xlink:href="../031/32031.xml">
The University of Texas at Austin</link></university>
</work_institutions>
<name>
Edsger Wybe Dijkstra</name>
<prizes>
<symbol wordnetid="106806469" confidence="0.8">
<award wordnetid="106696483" confidence="0.8">
<signal wordnetid="106791372" confidence="0.8">
<link xlink:type="simple" xlink:href="../093/31093.xml">
Turing Award</link></signal>
</award>
</symbol>
<organization wordnetid="108008335" confidence="0.9508927676800064">
<link xlink:type="simple" xlink:href="../ury/30th_century.xml">
Association for Computing Machinery</link></organization>
</prizes>
</parameters>
</template>


<b>Edsger Wybe Dijkstra</b> (<link xlink:type="simple" xlink:href="../452/19452.xml">
May 11</link>, <link xlink:type="simple" xlink:href="../911/34911.xml">
1930</link> &ndash; <link xlink:type="simple" xlink:href="../019/1019.xml">
August 6</link>, <link xlink:type="simple" xlink:href="../502/35502.xml">
2002</link>; pronounced ) was a <system wordnetid="108435388" confidence="0.8">
<economy wordnetid="108366753" confidence="0.8">
<group wordnetid="100031264" confidence="0.8">
<link xlink:type="simple" xlink:href="../148/21148.xml">
Dutch</link></group>
</economy>
</system>
 <link xlink:type="simple" xlink:href="../323/5323.xml">
computer scientist</link>. He received the 1972 <symbol wordnetid="106806469" confidence="0.8">
<award wordnetid="106696483" confidence="0.8">
<signal wordnetid="106791372" confidence="0.8">
<link xlink:type="simple" xlink:href="../093/31093.xml">
A. M. Turing Award</link></signal>
</award>
</symbol>
 for fundamental contributions in the area of programming languages, and was the <company wordnetid="108058098" confidence="0.9508927676800064">
<link xlink:type="simple" xlink:href="../876/461876.xml">
Schlumberger</link></company>
 Centennial Chair of Computer Sciences at <university wordnetid="108286163" confidence="0.9508927676800064">
<link xlink:type="simple" xlink:href="../031/32031.xml">
The University of Texas at Austin</link></university>
 from 1984 until 2000.<p>

Shortly before his death in 2002, he received the <organization wordnetid="108008335" confidence="0.9508927676800064">
<link xlink:type="simple" xlink:href="../ury/30th_century.xml">
ACM</link></organization>
 PODC Influential Paper Award in distributed computing for his work in the subarea of <link xlink:type="simple" xlink:href="../281/661281.xml">
self-stabilization</link>. This annual award was renamed the <symbol wordnetid="106806469" confidence="0.8">
<award wordnetid="106696483" confidence="0.8">
<signal wordnetid="106791372" confidence="0.8">
<link xlink:type="simple" xlink:href="../883/7350883.xml">
Dijkstra Prize</link></signal>
</award>
</symbol>
 the following year, in his honour.</p>

<sec>
<st>
Life and work</st>
<p>

Born in <village wordnetid="108672738" confidence="0.9508927676800064">
<link xlink:type="simple" xlink:href="../049/26049.xml">
Rotterdam</link></village>
, Dijkstra studied <link xlink:type="simple" xlink:href="../939/22939.xml">
theoretical physics</link> at <university wordnetid="108286163" confidence="0.9508927676800064">
<link xlink:type="simple" xlink:href="../373/86373.xml">
Leiden University</link></university>
, but he quickly realized he was more interested in computer science.
Originally employed by the <link xlink:type="simple" xlink:href="../063/506063.xml">
Mathematisch Centrum</link> in Amsterdam, he held a professorship at the <university wordnetid="108286163" confidence="0.9508927676800064">
<link xlink:type="simple" xlink:href="../706/9706.xml">
Eindhoven University of Technology</link></university>
 in the Netherlands, worked as a research fellow for <company wordnetid="108058098" confidence="0.8">
<institution wordnetid="108053576" confidence="0.8">
<link xlink:type="simple" xlink:href="../524/4524.xml">
Burroughs Corporation</link></institution>
</company>
 in the early 1970s, and later held the Schlumberger Centennial Chair in Computer Sciences at <link xlink:type="simple" xlink:href="../031/32031.xml">
The University of Texas at Austin</link>, in the United States. He retired in 2000.</p>
<p>

Among his contributions to computer science is the <it><link xlink:type="simple" xlink:href="../985/41985.xml">
shortest path</link>-<link xlink:type="simple" xlink:href="../775/775.xml">
algorithm</link></it>, also known as <it><event wordnetid="100029378" confidence="0.8">
<rule wordnetid="105846932" confidence="0.8">
<act wordnetid="100030358" confidence="0.8">
<psychological_feature wordnetid="100023100" confidence="0.8">
<procedure wordnetid="101023820" confidence="0.8">
<activity wordnetid="100407535" confidence="0.8">
<algorithm wordnetid="105847438" confidence="0.8">
<link xlink:type="simple" xlink:href="../809/45809.xml">
Dijkstra's algorithm</link></algorithm>
</activity>
</procedure>
</psychological_feature>
</act>
</rule>
</event>
</it>; <it><link xlink:type="simple" xlink:href="../513/26513.xml">
Reverse Polish Notation</link></it> and related <it><event wordnetid="100029378" confidence="0.8">
<rule wordnetid="105846932" confidence="0.8">
<act wordnetid="100030358" confidence="0.8">
<psychological_feature wordnetid="100023100" confidence="0.8">
<procedure wordnetid="101023820" confidence="0.8">
<activity wordnetid="100407535" confidence="0.8">
<algorithm wordnetid="105847438" confidence="0.8">
<link xlink:type="simple" xlink:href="../773/2692773.xml">
Shunting yard algorithm</link></algorithm>
</activity>
</procedure>
</psychological_feature>
</act>
</rule>
</event>
</it>; the <link xlink:type="simple" xlink:href="../837/1525837.xml">
THE multiprogramming system</link>; <it><event wordnetid="100029378" confidence="0.8">
<rule wordnetid="105846932" confidence="0.8">
<act wordnetid="100030358" confidence="0.8">
<psychological_feature wordnetid="100023100" confidence="0.8">
<procedure wordnetid="101023820" confidence="0.8">
<activity wordnetid="100407535" confidence="0.8">
<algorithm wordnetid="105847438" confidence="0.8">
<link xlink:type="simple" xlink:href="../805/5348805.xml">
Banker's algorithm</link></algorithm>
</activity>
</procedure>
</psychological_feature>
</act>
</rule>
</event>
</it>; the concept of <physical_entity wordnetid="100001930" confidence="0.8">
<person wordnetid="100007846" confidence="0.8">
<model wordnetid="110324560" confidence="0.8">
<assistant wordnetid="109815790" confidence="0.8">
<worker wordnetid="109632518" confidence="0.8">
<causal_agent wordnetid="100007347" confidence="0.8">
<link xlink:type="simple" xlink:href="../185/3446185.xml">
operating system rings</link></causal_agent>
</worker>
</assistant>
</model>
</person>
</physical_entity>
; and the <link xlink:type="simple" xlink:href="../557/164557.xml">
semaphore</link> construct for coordinating multiple processors and programs. Another concept due to Dijkstra in the field of distributed computing is that of <link xlink:type="simple" xlink:href="../281/661281.xml">
self-stabilization</link> &ndash; an alternative way to ensure the reliability of the system. Dijkstra's algorithm is used in SPF, <link xlink:type="simple" xlink:href="../809/45809.xml">
Shortest Path First</link>, which is used in the routing protocol OSPF, <message wordnetid="106598915" confidence="0.8">
<protocol wordnetid="106665108" confidence="0.8">
<standard wordnetid="107260623" confidence="0.8">
<direction wordnetid="106786629" confidence="0.8">
<rule wordnetid="106652242" confidence="0.8">
<system_of_measurement wordnetid="113577171" confidence="0.8">
<link xlink:type="simple" xlink:href="../388/43388.xml">
Open Shortest Path First</link></system_of_measurement>
</rule>
</direction>
</standard>
</protocol>
</message>
.</p>
<p>

He was also known for his low opinion of the <link xlink:type="simple" xlink:href="../853/197853.xml">
GOTO</link> statement in <link xlink:type="simple" xlink:href="../311/5311.xml">
computer programming</link>, writing a paper in 1965, and culminating in the 1968 article "<weblink xlink:type="simple" xlink:href="http://www.cs.utexas.edu/users/EWD/transcriptions/EWD02xx/EWD215.html">
A Case against the GO TO Statement</weblink>" (EWD215), regarded as a major step towards the widespread deprecation of the <link xlink:type="simple" xlink:href="../853/197853.xml">
GOTO</link> statement and its effective replacement by <link xlink:type="simple" xlink:href="../459/45459.xml">
structured control constructs</link>, such as the <link xlink:type="simple" xlink:href="../915/468915.xml">
while loop</link>. This methodology was also called <link xlink:type="simple" xlink:href="../695/27695.xml">
structured programming</link>, the title of his 1972 book, coauthored with <link xlink:type="simple" xlink:href="../434/39434.xml">
C.A.R. Hoare</link> and <person wordnetid="100007846" confidence="0.9508927676800064">
<scientist wordnetid="110560637" confidence="0.9508927676800064">
<link xlink:type="simple" xlink:href="../188/64188.xml">
Ole-Johan Dahl</link></scientist>
</person>
. The March 1968 ACM letter's famous title, "Go To Statement <link xlink:type="simple" xlink:href="../368/895368.xml">
Considered Harmful</link>",
<ref xlink:type="simple" xlink:href="#xpointer(//reflist/entry[@id=%221%22])">1</ref>
was not the work of Dijkstra, but of <person wordnetid="100007846" confidence="0.9508927676800064">
<scientist wordnetid="110560637" confidence="0.9508927676800064">
<link xlink:type="simple" xlink:href="../642/21642.xml">
Niklaus Wirth</link></scientist>
</person>
, then editor of <it><work wordnetid="104599396" confidence="0.8">
<product wordnetid="104007894" confidence="0.8">
<creation wordnetid="103129123" confidence="0.8">
<artifact wordnetid="100021939" confidence="0.8">
<periodical wordnetid="106593296" confidence="0.8">
<publication wordnetid="106589574" confidence="0.8">
<link xlink:type="simple" xlink:href="../161/291161.xml">
Communications of the ACM</link></publication>
</periodical>
</artifact>
</creation>
</product>
</work>
</it>. Dijkstra was known to be a fan of <programming_language wordnetid="106898352" confidence="0.9508927676800064">
<link xlink:type="simple" xlink:href="../453/1453.xml">
ALGOL 60</link></programming_language>
, and worked on the team that implemented the first <link xlink:type="simple" xlink:href="../739/5739.xml">
compiler</link> for that language. Dijkstra and <link>
Jaap Zonneveld</link>, who collaborated on the compiler, agreed not to shave until the project was completed.</p>
<p>

He also wrote two important papers in 1968, devoted to the structure of a multiprogramming operating system called <link xlink:type="simple" xlink:href="../837/1525837.xml">
THE</link>, and to <link>
Co-operating Sequential Processes</link>.</p>
<p>

He is famed for coining the popular programming phrase "2 or more, use a for", alluding to the fact that when you find yourself processing more than one instance of a data structure, it is time to encapsulate that logic inside a loop.</p>
<p>

From the 1970s, Dijkstra's chief interest was <link xlink:type="simple" xlink:href="../054/270054.xml">
formal verification</link>. The prevailing opinion at the time was that one should first write a program and then provide a <link xlink:type="simple" xlink:href="../285/82285.xml">
mathematical proof</link> of <link xlink:type="simple" xlink:href="../339/357339.xml">
correctness</link>. Dijkstra objected that the resulting proofs are long and cumbersome, and that the proof gives no insight as to how the program was developed. An alternative method is <it><link xlink:type="simple" xlink:href="../691/474691.xml">
program derivation</link></it>, to "develop proof and program hand in hand". One starts with a mathematical <it>specification</it> of what a program is supposed to do and applies mathematical transformations to the specification until it is turned into a program that can be executed. The resulting program is then known to be <it>correct by construction</it>. Much of Dijkstra's later work concerns ways to streamline mathematical argument. In a 2001 interview, he stated a desire for "elegance", whereby the correct approach would be to process thoughts mentally, rather than attempt to render them until they are complete. The analogy he made was to contrast the compositional approaches of <person wordnetid="100007846" confidence="0.9508927676800064">
<link xlink:type="simple" xlink:href="../163/33163.xml">
Mozart</link></person>
 and <person wordnetid="100007846" confidence="0.9508927676800064">
<link xlink:type="simple" xlink:href="../914/17914.xml">
Beethoven</link></person>
.</p>
<p>

Dijkstra was one of the very early pioneers of the research on distributed computing. Some people even consider some of his papers to be those that established the field. In particular, his paper "Self-stabilizing Systems in Spite of Distributed Control" started the sub-field of <link xlink:type="simple" xlink:href="../281/661281.xml">
self-stabilization</link>.</p>
<p>

Dijkstra was known for his essays on programming; he was the first to make the claim that programming is so inherently difficult and complex that programmers need to harness every trick and abstraction possible in hopes of managing the complexity of it successfully. </p>
<p>

Dijkstra believed that computer science was more abstract than programming; he once said, "Computer Science is no more about computers than astronomy is about telescopes." </p>
<p>

He died in <region wordnetid="108630985" confidence="0.8">
<administrative_district wordnetid="108491826" confidence="0.8">
<location wordnetid="100027167" confidence="0.8">
<municipality wordnetid="108626283" confidence="0.8">
<geographical_area wordnetid="108574314" confidence="0.8">
<town wordnetid="108665504" confidence="0.8">
<district wordnetid="108552138" confidence="0.8">
<urban_area wordnetid="108675967" confidence="0.8">
<link xlink:type="simple" xlink:href="../518/155518.xml">
Nuenen</link></urban_area>
</district>
</town>
</geographical_area>
</municipality>
</location>
</administrative_district>
</region>
, <link xlink:type="simple" xlink:href="../148/21148.xml">
The Netherlands</link> on <link xlink:type="simple" xlink:href="../019/1019.xml">
August 6</link> <link xlink:type="simple" xlink:href="../502/35502.xml">
2002</link> after a long struggle with <link xlink:type="simple" xlink:href="../219/105219.xml">
cancer</link>. The following year, the ACM (<organization wordnetid="108008335" confidence="0.9508927676800064">
<link xlink:type="simple" xlink:href="../ury/30th_century.xml">
Association for Computing Machinery</link></organization>
) PODC Influential Paper Award in distributed computing was renamed the <symbol wordnetid="106806469" confidence="0.8">
<award wordnetid="106696483" confidence="0.8">
<signal wordnetid="106791372" confidence="0.8">
<link xlink:type="simple" xlink:href="../883/7350883.xml">
Dijkstra Prize</link></signal>
</award>
</symbol>
 in his honour.</p>

<ss1>
<st>
 EWDs and writing by hand </st>

<p>

Dijkstra was known for his habit of carefully composing manuscripts with his fountain pen. The manuscripts are called EWDs, since Dijkstra numbered them with <it>EWD</it> as prefix. Dijkstra would distribute photocopies of a new EWD among his colleagues; as many recipients photocopied and forwarded their copy, the EWDs spread throughout the international computer science community. The topics were mainly computer science and mathematics, but also included trip reports, letters, and speeches.  More than 1300 EWDs have since been scanned, with a growing number also transcribed to facilitate search, and are available online at the Dijkstra archive of the University of Texas<ref xlink:type="simple" xlink:href="#xpointer(//reflist/entry[@id=%222%22])">2</ref>.</p>
<p>

One of Dijkstra's sidelines was serving as <link xlink:type="simple" xlink:href="../822/4822.xml">
Chairman of the Board</link> of the fictional Mathematics Inc., a company that he imagined having <link xlink:type="simple" xlink:href="../208/39208.xml">
commercialized</link> the production of mathematical <link xlink:type="simple" xlink:href="../977/30977.xml">
theorems</link> in the same way that software companies had commercialized the production of computer programs. He invented a number of activities and challenges of Mathematics Inc. and documented them in several papers in the EWD series. The imaginary company had produced a proof of the <link xlink:type="simple" xlink:href="../125/19344125.xml">
Riemann Hypothesis</link> but then had great difficulties collecting <link xlink:type="simple" xlink:href="../567/305567.xml">
royalties</link> from mathematicians who had proved results assuming the Riemann Hypothesis. The proof itself was a <link xlink:type="simple" xlink:href="../960/29960.xml">
trade secret</link> (EWD 475). Many of the company's proofs were rushed out the door and then much of the company's effort had to be spent on <link xlink:type="simple" xlink:href="../960/780960.xml">
maintenance</link> (EWD 539). A more successful effort was the Standard Proof for <link xlink:type="simple" xlink:href="../016/23016.xml">
Pythagoras' Theorem</link>, that replaced the more than 100 incompatible existing proofs (EWD427). Dijkstra described Mathematics Inc. as "the most exciting and most miserable business ever conceived" (EWD475). He claimed that by 1974 his fictional company was the world's leading mathematical industry with more than 75 percent of the world market (EWD443).<ref xlink:type="simple" xlink:href="#xpointer(//reflist/entry[@id=%223%22])">3</ref></p>
<p>

Having invented much of the technology of software, Dijkstra eschewed the use of computers in his own work for many decades.  Almost all EWDs appearing after 1972 were hand-written. Even after he succumbed to his UT colleagues’ encouragement and acquired a <link xlink:type="simple" xlink:href="../979/19006979.xml">
Macintosh</link> computer, he used it only for e-mail and for browsing the World Wide Web.<ref xlink:type="simple" xlink:href="#xpointer(//reflist/entry[@id=%224%22])">4</ref></p>

</ss1>
</sec>
<sec>
<st>
Awards and honours</st>
<p>

Among Dijkstra's awards and honours are:<ref xlink:type="simple" xlink:href="#xpointer(//reflist/entry[@id=%224%22])">4</ref>
<list>
<entry level="1" type="bullet">

 Member of the <link xlink:type="simple" xlink:href="../098/392098.xml">
Royal Netherlands Academy of Arts and Sciences</link> (1971)</entry>
<entry level="1" type="bullet">

 Distinguished Fellow of the <social_group wordnetid="107950920" confidence="0.8">
<society wordnetid="107966140" confidence="0.8">
<group wordnetid="100031264" confidence="0.8">
<link xlink:type="simple" xlink:href="../656/552656.xml">
British Computer Society</link></group>
</society>
</social_group>
 (1971)</entry>
<entry level="1" type="bullet">

 The ACM's A.M. Turing Award (1972)</entry>
<entry level="1" type="bullet">

 Foreign Honorary Member of the <link xlink:type="simple" xlink:href="../882/391882.xml">
American Academy of Arts and Sciences</link> (1975)</entry>
<entry level="1" type="bullet">

 Doctor of Science Honoris Causa from the <university wordnetid="108286163" confidence="0.9508927676800064">
<link xlink:type="simple" xlink:href="../010/322010.xml">
Queen's University Belfast</link></university>
 (1976)</entry>
<entry level="1" type="bullet">

 Computer Pioneer Charter Recipient from the <organization wordnetid="108008335" confidence="0.9508927676800064">
<link xlink:type="simple" xlink:href="../246/12953246.xml">
IEEE Computer Society</link></organization>
 (1982)</entry>
<entry level="1" type="bullet">

 Honorary doctorate from the <link xlink:type="simple" xlink:href="../006/3429006.xml">
Athens University</link>, Greece (2001).</entry>
</list>
</p>

</sec>
<sec>
<st>
See also</st>
<p>

<list>
<entry level="1" type="bullet">

 <event wordnetid="100029378" confidence="0.8">
<rule wordnetid="105846932" confidence="0.8">
<act wordnetid="100030358" confidence="0.8">
<psychological_feature wordnetid="100023100" confidence="0.8">
<procedure wordnetid="101023820" confidence="0.8">
<activity wordnetid="100407535" confidence="0.8">
<algorithm wordnetid="105847438" confidence="0.8">
<link xlink:type="simple" xlink:href="../809/45809.xml">
Dijkstra's algorithm</link></algorithm>
</activity>
</procedure>
</psychological_feature>
</act>
</rule>
</event>
</entry>
<entry level="1" type="bullet">

 <link xlink:type="simple" xlink:href="../344/285344.xml">
Dining philosophers problem</link></entry>
<entry level="1" type="bullet">

 "<substance wordnetid="100019613" confidence="0.8">
<paper wordnetid="114974264" confidence="0.8">
<part wordnetid="113809207" confidence="0.8">
<material wordnetid="114580897" confidence="0.8">
<link xlink:type="simple" xlink:href="../625/624625.xml">
The Cruelty of Really Teaching Computer Science</link></material>
</part>
</paper>
</substance>
"</entry>
<entry level="1" type="bullet">

 <event wordnetid="100029378" confidence="0.8">
<rule wordnetid="105846932" confidence="0.8">
<act wordnetid="100030358" confidence="0.8">
<psychological_feature wordnetid="100023100" confidence="0.8">
<procedure wordnetid="101023820" confidence="0.8">
<activity wordnetid="100407535" confidence="0.8">
<algorithm wordnetid="105847438" confidence="0.8">
<link xlink:type="simple" xlink:href="../773/2692773.xml">
Shunting yard algorithm</link></algorithm>
</activity>
</procedure>
</psychological_feature>
</act>
</rule>
</event>
</entry>
</list>
</p>

</sec>
<sec>
<st>
Footnotes</st>

<p>

<reflist>
<entry id="1">
   "Go To Statement <link xlink:type="simple" xlink:href="../368/895368.xml">
Considered Harmful</link>",
   <it>Communications of the ACM</it>, Vol. 11, No. 3,
   March 1968, pp. 147-148.
</entry>
<entry id="2">
University of Texas <weblink xlink:type="simple" xlink:href="http://www.cs.utexas.edu/users/EWD/">
 online EWD archive</weblink>.</entry>
<entry id="3">
 <cite id="Reference-Dijkstra-1982" style="font-style:normal" class="book">Dijkstra, Edsger W.&#32;(1982). Selected Writings on Computing: A Personal Perspective.&#32;Berlin:&#32;Springer-Verlag. ISBN 9780387906522.</cite>&nbsp;
</entry>
<entry id="4">
University of Texas, <weblink xlink:type="simple" xlink:href="http://www.utexas.edu/faculty/council/2002-2003/memorials/Dijkstra/dijkstra.html">
"In Memoriam Edsger Wybe Dijkstra."</weblink></entry>
</reflist>

</p>
</sec>
<sec>
<st>
References</st>

<ss1>
<st>
Writings by E.W. Dijkstra</st>
<p>

<list>
<entry level="1" type="bullet">

  <cite style="font-style:normal">Dijkstra, E. W.&#32;(March 1968).&#32;"Letters to the editor: go to statement considered harmful". <it><work wordnetid="104599396" confidence="0.8">
<product wordnetid="104007894" confidence="0.8">
<creation wordnetid="103129123" confidence="0.8">
<artifact wordnetid="100021939" confidence="0.8">
<periodical wordnetid="106593296" confidence="0.8">
<publication wordnetid="106589574" confidence="0.8">
<link xlink:type="simple" xlink:href="../161/291161.xml">
Communications of the ACM</link></publication>
</periodical>
</artifact>
</creation>
</product>
</work>
</it>&#32;<b>11</b>&#32;(3): 147&ndash;148. <document wordnetid="106470073" confidence="0.8">
<written_communication wordnetid="106349220" confidence="0.8">
<writing wordnetid="106362953" confidence="0.8">
<link xlink:type="simple" xlink:href="../994/422994.xml">
doi</link></writing>
</written_communication>
</document>
:<weblink xlink:type="simple" xlink:href="http://dx.doi.org/10.1145%2F362929.362947">
10.1145/362929.362947</weblink>. <symbol wordnetid="106806469" confidence="0.8">
<standard wordnetid="107260623" confidence="0.8">
<signal wordnetid="106791372" confidence="0.8">
<identifier wordnetid="107270601" confidence="0.8">
<system_of_measurement wordnetid="113577171" confidence="0.8">
<link xlink:type="simple" xlink:href="../930/234930.xml">
ISSN</link></system_of_measurement>
</identifier>
</signal>
</standard>
</symbol>
 <weblink xlink:type="simple" xlink:href="http://worldcat.org/issn/0001-0782">
0001-0782</weblink>.</cite>&nbsp; (EWD215)</entry>
</list>
</p>
<p>

<list>
<entry level="1" type="bullet">

  <cite style="font-style:normal">Dijkstra, E. W.&#32;(May 1982).&#32;"<weblink xlink:type="simple" xlink:href="http://www.cs.virginia.edu/~evans/cs655/readings/ewd498.html">
How do we tell truths that might hurt?</weblink>". <it><link xlink:type="simple" xlink:href="../658/1226658.xml">
SIGPLAN Notice</link></it>&#32;<b>17</b>&#32;(5): 13&ndash;15. <document wordnetid="106470073" confidence="0.8">
<written_communication wordnetid="106349220" confidence="0.8">
<writing wordnetid="106362953" confidence="0.8">
<link xlink:type="simple" xlink:href="../994/422994.xml">
doi</link></writing>
</written_communication>
</document>
:<weblink xlink:type="simple" xlink:href="http://dx.doi.org/10.1145%2F947923.947924">
10.1145/947923.947924</weblink>. <symbol wordnetid="106806469" confidence="0.8">
<standard wordnetid="107260623" confidence="0.8">
<signal wordnetid="106791372" confidence="0.8">
<identifier wordnetid="107270601" confidence="0.8">
<system_of_measurement wordnetid="113577171" confidence="0.8">
<link xlink:type="simple" xlink:href="../930/234930.xml">
ISSN</link></system_of_measurement>
</identifier>
</signal>
</standard>
</symbol>
 <weblink xlink:type="simple" xlink:href="http://worldcat.org/issn/0362-1340">
0362-1340</weblink>.</cite>&nbsp; (EWD498)</entry>
</list>
</p>

<p>

<list>
<entry level="1" type="bullet">

 <weblink xlink:type="simple" xlink:href="http://www.cs.utexas.edu/users/EWD/transcriptions/EWD11xx/EWD1166.html">
<it>From My Life</it> (EWD1166)</weblink></entry>
<entry level="1" type="bullet">

 <it>A Discipline of Programming</it>, Prentice-Hall Series in Automatic Computation, 1976, ISBN 0-13-215871-X</entry>
<entry level="1" type="bullet">

 <it>Selected Writings on Computing: A Personal Perspective</it>, Texts and Monographs in Computer Science, Springer-Verlag, 1982, ISBN 0-387-90652-5</entry>
<entry level="1" type="bullet">

 <it>A Method of Programming</it>, E.W. Dijkstra, W.H.J. Feijen, J. Sterringa, Addison Wesley 1988, ISBN 0-201-17536-3</entry>
<entry level="1" type="bullet">

<person wordnetid="100007846" confidence="0.9508927676800064">
<scientist wordnetid="110560637" confidence="0.9508927676800064">
<link xlink:type="simple" xlink:href="../188/64188.xml">
O.-J. Dahl</link></scientist>
</person>
, <link xlink:type="simple" xlink:href="../018/10018.xml">
E. W. Dijkstra</link>, <person wordnetid="100007846" confidence="0.9508927676800064">
<scientist wordnetid="110560637" confidence="0.9508927676800064">
<link xlink:type="simple" xlink:href="../434/39434.xml">
C. A. R. Hoare</link></scientist>
</person>
 <it>Structured Programming</it>, Academic Press, London, 1972 ISBN 0-12-200550-3</entry>
<entry level="2" type="bullet">

this volume includes an expanded version of the <it>Notes on Structured Programming</it>, including an extended example of using the structured approach to develop a backtracking algorithm to solve the <condition wordnetid="113920835" confidence="0.8">
<state wordnetid="100024720" confidence="0.8">
<problem wordnetid="114410605" confidence="0.8">
<difficulty wordnetid="114408086" confidence="0.8">
<link xlink:type="simple" xlink:href="../474/10474.xml">
8 Queens problem</link></difficulty>
</problem>
</state>
</condition>
.</entry>
<entry level="2" type="bullet">

<weblink xlink:type="simple" xlink:href="http://portal.acm.org/citation.cfm?id=1243380&amp;jmp=cit&amp;coll=portal&amp;dl=GUIDE&amp;CFID=://www.acm.org/publications/&amp;CFTOKEN=www.acm.org/publications/#CIT">
a pdf version of this book is available in the ACM Classic Books Series</weblink></entry>
</list>
</p>

</ss1>
<ss1>
<st>
Others about Dijkstra, eulogies</st>
<p>

<list>
<entry level="1" type="bullet">

 <weblink xlink:type="simple" xlink:href="http://web.archive.org/web/20041206193322/www.digidome.nl/edsger_wybe_dijkstra.htm">
Biography</weblink> Digidome</entry>
<entry level="1" type="bullet">

 <weblink xlink:type="simple" xlink:href="http://homepages.cwi.nl/~apt/ps/dijkstra.pdf">
<it>Edsger Wybe Dijkstra (1930–2002): A Portrait of a Genius''</it></weblink> (<message wordnetid="106598915" confidence="0.8">
<information wordnetid="106634376" confidence="0.8">
<language wordnetid="106282651" confidence="0.8">
<format wordnetid="106636806" confidence="0.8">
<link xlink:type="simple" xlink:href="../077/24077.xml">
PDF</link></format>
</language>
</information>
</message>
) Obituary in <it><magazine wordnetid="106595351" confidence="0.9508927676800064">
<link xlink:type="simple" xlink:href="../869/2583869.xml">
Formal Aspects of Computing</link></magazine>
</it> with a short biography</entry>
<entry level="1" type="bullet">

 <weblink xlink:type="simple" xlink:href="http://www.cs.utexas.edu/users/EWD/memorial/gries.html">
<it>How can we explain Edsger W. Dijkstra to those who didn't know him?''</it></weblink> by David Gries</entry>
<entry level="1" type="bullet">

 <weblink xlink:type="simple" xlink:href="http://www.cs.utexas.edu/users/EWD/memorial/moore.html">
Dijkstra Eulogy</weblink> by J Strother Moore</entry>
<entry level="1" type="bullet">

 <weblink xlink:type="simple" xlink:href="http://www.cs.rutgers.edu/~szegedy/dijkstra.html">
In Memoriam Edsger Wybe Dijkstra</weblink> by Mario Szegedy</entry>
<entry level="1" type="bullet">

 <weblink xlink:type="simple" xlink:href="http://www.adeptis.ru/vinci/m_part7.html">
Photos of Edsger Dijkstra</weblink></entry>
</list>
</p>

</ss1>
</sec>
<sec>
<st>
External links</st>


<p>

<list>
<entry level="1" type="bullet">

 <weblink xlink:type="simple" xlink:href="http://www.cbi.umn.edu/oh/display.phtml?id=320">
Oral history interview with Edsger W. Dijkstra</weblink>. Dijkstra recounts his early education and training as a theoretical physicist and as a 'programmer'. Dijkstra describes his work developing software, and his activities at several early information processing conferences. Dijkstra also discourses on the development of ALGOL 60 and the origins of computing science in Europe and America. Oral history interview 2001. <link xlink:type="simple" xlink:href="../248/2469248.xml">
Charles Babbage Institute</link> University of Minnesota, Minneapolis.</entry>
<entry level="1" type="bullet">

 <weblink xlink:type="simple" xlink:href="http://www.cs.utexas.edu/users/EWD/">
E. W. Dijkstra Archive</weblink></entry>
<entry level="1" type="bullet">

 <weblink xlink:type="simple" xlink:href="http://noorderlicht.vpro.nl/afleveringen/3502225/">
Noorderlicht Interview Video, bandwidth options</weblink></entry>
</list>
</p>


<p>

<table style=";" class="navbox" cellspacing="0">
<row>
<col style="padding:2px;">
<table style="width:100%;background:transparent;color:inherit;;" class="nowraplinks collapsible autocollapse " cellspacing="0">
<row>
<header colspan="2" style=";background:#d3d3d3;" class="navbox-title">
<symbol wordnetid="106806469" confidence="0.8">
<award wordnetid="106696483" confidence="0.8">
<signal wordnetid="106791372" confidence="0.8">
<link xlink:type="simple" xlink:href="../093/31093.xml">
A. M. Turing Award</link></signal>
</award>
</symbol>
 <link xlink:type="simple" xlink:href="../049/3164049.xml">
laureate</link>s</header>
</row>
<row style="height:2px;">

</row>
<row>
<col colspan="2" style="width:100%;padding:0px;;;" class="navbox-list navbox-odd"><p>

<person wordnetid="100007846" confidence="0.9508927676800064">
<scientist wordnetid="110560637" confidence="0.9508927676800064">
<link xlink:type="simple" xlink:href="../462/300462.xml">
Perlis</link></scientist>
</person>
 (1966)&nbsp;·  
<link xlink:type="simple" xlink:href="../463/472463.xml">
Wilkes</link> (1967)&nbsp;·  
<person wordnetid="100007846" confidence="0.9508927676800064">
<scientist wordnetid="110560637" confidence="0.9508927676800064">
<link xlink:type="simple" xlink:href="../326/99326.xml">
Hamming</link></scientist>
</person>
 (1968)&nbsp;·  
<person wordnetid="100007846" confidence="0.9508927676800064">
<scientist wordnetid="110560637" confidence="0.9508927676800064">
<link xlink:type="simple" xlink:href="../639/19639.xml">
Minsky</link></scientist>
</person>
 (1969)&nbsp;·  
<person wordnetid="100007846" confidence="0.9508927676800064">
<scientist wordnetid="110560637" confidence="0.9508927676800064">
<link xlink:type="simple" xlink:href="../380/301380.xml">
Wilkinson</link></scientist>
</person>
 (1970)&nbsp;·  
<person wordnetid="100007846" confidence="0.9508927676800064">
<scientist wordnetid="110560637" confidence="0.9508927676800064">
<link xlink:type="simple" xlink:href="../362/308362.xml">
McCarthy</link></scientist>
</person>
 (1971)&nbsp;·  
<person wordnetid="100007846" confidence="0.9508927676800064">
<scientist wordnetid="110560637" confidence="0.9508927676800064">
<link xlink:type="simple" xlink:href="../018/10018.xml">
Dijkstra</link></scientist>
</person>
 (1972)&nbsp;·  
<person wordnetid="100007846" confidence="0.9508927676800064">
<scientist wordnetid="110560637" confidence="0.9508927676800064">
<link xlink:type="simple" xlink:href="../387/301387.xml">
Bachman</link></scientist>
</person>
 (1973)&nbsp;·  
<person wordnetid="100007846" confidence="0.9508927676800064">
<scientist wordnetid="110560637" confidence="0.9508927676800064">
<link xlink:type="simple" xlink:href="../095/8095.xml">
Knuth</link></scientist>
</person>
 (1974)&nbsp;·  
<person wordnetid="100007846" confidence="0.9508927676800064">
<scientist wordnetid="110560637" confidence="0.9508927676800064">
<link xlink:type="simple" xlink:href="../300/287300.xml">
Newell</link></scientist>
</person>
 / <person wordnetid="100007846" confidence="0.9508927676800064">
<scientist wordnetid="110560637" confidence="0.9508927676800064">
<link xlink:type="simple" xlink:href="../205/14205.xml">
Simon</link></scientist>
</person>
 (1975)&nbsp;·  
<person wordnetid="100007846" confidence="0.9508927676800064">
<scientist wordnetid="110560637" confidence="0.9508927676800064">
<link xlink:type="simple" xlink:href="../404/298404.xml">
Rabin</link></scientist>
</person>
 / <person wordnetid="100007846" confidence="0.9508927676800064">
<scientist wordnetid="110560637" confidence="0.9508927676800064">
<link xlink:type="simple" xlink:href="../875/161875.xml">
Scott</link></scientist>
</person>
 (1976)&nbsp;·  
<person wordnetid="100007846" confidence="0.9508927676800064">
<scientist wordnetid="110560637" confidence="0.9508927676800064">
<link xlink:type="simple" xlink:href="../331/71331.xml">
Backus</link></scientist>
</person>
 (1977)&nbsp;·  
<person wordnetid="100007846" confidence="0.9508927676800064">
<scientist wordnetid="110560637" confidence="0.9508927676800064">
<link xlink:type="simple" xlink:href="../900/301900.xml">
Floyd</link></scientist>
</person>
 (1978)&nbsp;·  
<person wordnetid="100007846" confidence="0.9508927676800064">
<scientist wordnetid="110560637" confidence="0.9508927676800064">
<link xlink:type="simple" xlink:href="../163/259163.xml">
Iverson</link></scientist>
</person>
 (1979)&nbsp;·  
<person wordnetid="100007846" confidence="0.9508927676800064">
<scientist wordnetid="110560637" confidence="0.9508927676800064">
<link xlink:type="simple" xlink:href="../434/39434.xml">
Hoare</link></scientist>
</person>
 (1980)&nbsp;·  
<person wordnetid="100007846" confidence="0.9508927676800064">
<scientist wordnetid="110560637" confidence="0.9508927676800064">
<link xlink:type="simple" xlink:href="../548/93548.xml">
Codd</link></scientist>
</person>
 (1981)&nbsp;·  
<person wordnetid="100007846" confidence="0.9508927676800064">
<scientist wordnetid="110560637" confidence="0.9508927676800064">
<link xlink:type="simple" xlink:href="../432/39432.xml">
Cook</link></scientist>
</person>
 (1982)&nbsp;·  
<person wordnetid="100007846" confidence="0.9508927676800064">
<scientist wordnetid="110560637" confidence="0.9508927676800064">
<link xlink:type="simple" xlink:href="../747/10817747.xml">
Thompson</link></scientist>
</person>
 / <person wordnetid="100007846" confidence="0.9508927676800064">
<scientist wordnetid="110560637" confidence="0.9508927676800064">
<link xlink:type="simple" xlink:href="../218/8218.xml">
Ritchie</link></scientist>
</person>
 (1983)&nbsp;·  
<person wordnetid="100007846" confidence="0.9508927676800064">
<scientist wordnetid="110560637" confidence="0.9508927676800064">
<link xlink:type="simple" xlink:href="../642/21642.xml">
Wirth</link></scientist>
</person>
 (1984)&nbsp;·  
<person wordnetid="100007846" confidence="0.9508927676800064">
<scientist wordnetid="110560637" confidence="0.9508927676800064">
<link xlink:type="simple" xlink:href="../763/298763.xml">
Karp</link></scientist>
</person>
 (1985)&nbsp;·  
<person wordnetid="100007846" confidence="0.9508927676800064">
<scientist wordnetid="110560637" confidence="0.9508927676800064">
<link xlink:type="simple" xlink:href="../443/299443.xml">
Hopcroft</link></scientist>
</person>
 / <person wordnetid="100007846" confidence="0.9508927676800064">
<scientist wordnetid="110560637" confidence="0.9508927676800064">
<link xlink:type="simple" xlink:href="../127/46127.xml">
Tarjan</link></scientist>
</person>
 (1986)&nbsp;·  
<person wordnetid="100007846" confidence="0.9508927676800064">
<scientist wordnetid="110560637" confidence="0.9508927676800064">
<link xlink:type="simple" xlink:href="../915/301915.xml">
Cocke</link></scientist>
</person>
 (1987)&nbsp;·  
<person wordnetid="100007846" confidence="0.9508927676800064">
<scientist wordnetid="110560637" confidence="0.9508927676800064">
<link xlink:type="simple" xlink:href="../122/78122.xml">
Sutherland</link></scientist>
</person>
 (1988)&nbsp;·  
<person wordnetid="100007846" confidence="0.9508927676800064">
<scientist wordnetid="110560637" confidence="0.9508927676800064">
<link xlink:type="simple" xlink:href="../413/303413.xml">
Kahan</link></scientist>
</person>
 (1989)&nbsp;·  
<link>
Corbató</link> (1990)&nbsp;·  
<person wordnetid="100007846" confidence="0.9508927676800064">
<scientist wordnetid="110560637" confidence="0.9508927676800064">
<link xlink:type="simple" xlink:href="../547/93547.xml">
Milner</link></scientist>
</person>
 (1991)&nbsp;·  
<person wordnetid="100007846" confidence="0.9508927676800064">
<scientist wordnetid="110560637" confidence="0.9508927676800064">
<link xlink:type="simple" xlink:href="../249/77249.xml">
Lampson</link></scientist>
</person>
 (1992)&nbsp;·  
<person wordnetid="100007846" confidence="0.9508927676800064">
<scientist wordnetid="110560637" confidence="0.9508927676800064">
<link xlink:type="simple" xlink:href="../842/305842.xml">
Hartmanis</link></scientist>
</person>
 / <physical_entity wordnetid="100001930" confidence="0.8">
<peer wordnetid="109626238" confidence="0.8">
<person wordnetid="100007846" confidence="0.8">
<honoree wordnetid="110183757" confidence="0.8">
<laureate wordnetid="110249011" confidence="0.8">
<colleague wordnetid="109935990" confidence="0.8">
<causal_agent wordnetid="100007347" confidence="0.8">
<acquirer wordnetid="109764201" confidence="0.8">
<scientist wordnetid="110560637" confidence="0.8">
<recipient wordnetid="109627906" confidence="0.8">
<associate wordnetid="109816771" confidence="0.8">
<link xlink:type="simple" xlink:href="../507/307507.xml">
Stearns</link></associate>
</recipient>
</scientist>
</acquirer>
</causal_agent>
</colleague>
</laureate>
</honoree>
</person>
</peer>
</physical_entity>
 (1993)&nbsp;·  
<person wordnetid="100007846" confidence="0.9508927676800064">
<scientist wordnetid="110560637" confidence="0.9508927676800064">
<link xlink:type="simple" xlink:href="../517/307517.xml">
Feigenbaum</link></scientist>
</person>
 / <person wordnetid="100007846" confidence="0.9508927676800064">
<scientist wordnetid="110560637" confidence="0.9508927676800064">
<link xlink:type="simple" xlink:href="../669/307669.xml">
Reddy</link></scientist>
</person>
 (1994)&nbsp;·  
<person wordnetid="100007846" confidence="0.9508927676800064">
<scientist wordnetid="110560637" confidence="0.9508927676800064">
<link xlink:type="simple" xlink:href="../357/308357.xml">
Blum</link></scientist>
</person>
 (1995)&nbsp;·  
<person wordnetid="100007846" confidence="0.9508927676800064">
<scientist wordnetid="110560637" confidence="0.9508927676800064">
<link xlink:type="simple" xlink:href="../365/308365.xml">
Pnueli</link></scientist>
</person>
 (1996)&nbsp;·  
<person wordnetid="100007846" confidence="0.9508927676800064">
<scientist wordnetid="110560637" confidence="0.9508927676800064">
<link xlink:type="simple" xlink:href="../081/8081.xml">
Engelbart</link></scientist>
</person>
 (1997)&nbsp;·  
<person wordnetid="100007846" confidence="0.9508927676800064">
<scientist wordnetid="110560637" confidence="0.9508927676800064">
<link xlink:type="simple" xlink:href="../367/308367.xml">
Gray</link></scientist>
</person>
 (1998)&nbsp;·  
<person wordnetid="100007846" confidence="0.9508927676800064">
<scientist wordnetid="110560637" confidence="0.9508927676800064">
<link xlink:type="simple" xlink:href="../652/11652.xml">
Brooks</link></scientist>
</person>
 (1999)&nbsp;·  
<person wordnetid="100007846" confidence="0.9508927676800064">
<scientist wordnetid="110560637" confidence="0.9508927676800064">
<link xlink:type="simple" xlink:href="../560/299560.xml">
Yao</link></scientist>
</person>
 (2000)&nbsp;·  
<person wordnetid="100007846" confidence="0.9508927676800064">
<scientist wordnetid="110560637" confidence="0.9508927676800064">
<link xlink:type="simple" xlink:href="../188/64188.xml">
Ole-Johan Dahl</link></scientist>
</person>
 / <person wordnetid="100007846" confidence="0.9508927676800064">
<scientist wordnetid="110560637" confidence="0.9508927676800064">
<link xlink:type="simple" xlink:href="../741/72741.xml">
Kristen Nygaard</link></scientist>
</person>
 (2001)&nbsp;·  
<person wordnetid="100007846" confidence="0.9508927676800064">
<scientist wordnetid="110560637" confidence="0.9508927676800064">
<link xlink:type="simple" xlink:href="../057/68057.xml">
Ron Rivest</link></scientist>
</person>
 / <person wordnetid="100007846" confidence="0.9508927676800064">
<scientist wordnetid="110560637" confidence="0.9508927676800064">
<link xlink:type="simple" xlink:href="../314/57314.xml">
Adi Shamir</link></scientist>
</person>
 / <person wordnetid="100007846" confidence="0.9508927676800064">
<scientist wordnetid="110560637" confidence="0.9508927676800064">
<link xlink:type="simple" xlink:href="../886/249886.xml">
Leonard Adleman</link></scientist>
</person>
 (2002)&nbsp;·  
<person wordnetid="100007846" confidence="0.9508927676800064">
<scientist wordnetid="110560637" confidence="0.9508927676800064">
<link xlink:type="simple" xlink:href="../449/1449.xml">
Alan Kay</link></scientist>
</person>
 (2003)&nbsp;·  
<person wordnetid="100007846" confidence="0.9508927676800064">
<scientist wordnetid="110560637" confidence="0.9508927676800064">
<link xlink:type="simple" xlink:href="../433/32433.xml">
Vint Cerf</link></scientist>
</person>
 / <person wordnetid="100007846" confidence="0.9508927676800064">
<scientist wordnetid="110560637" confidence="0.9508927676800064">
<link xlink:type="simple" xlink:href="../802/365802.xml">
Bob Kahn</link></scientist>
</person>
 (2004)&nbsp;·  
<person wordnetid="100007846" confidence="0.9508927676800064">
<scientist wordnetid="110560637" confidence="0.9508927676800064">
<link xlink:type="simple" xlink:href="../731/58731.xml">
Peter Naur</link></scientist>
</person>
 (2005)&nbsp;·  
<scientist wordnetid="110560637" confidence="0.9508927676800064">
<link xlink:type="simple" xlink:href="../739/9352739.xml">
Frances E. Allen</link></scientist>
 (2006)&nbsp;·  
<physical_entity wordnetid="100001930" confidence="0.8">
<person wordnetid="100007846" confidence="0.8">
<honoree wordnetid="110183757" confidence="0.8">
<laureate wordnetid="110249011" confidence="0.8">
<intellectual wordnetid="109621545" confidence="0.8">
<alumnus wordnetid="109786338" confidence="0.8">
<causal_agent wordnetid="100007347" confidence="0.8">
<acquirer wordnetid="109764201" confidence="0.8">
<scholar wordnetid="110557854" confidence="0.8">
<recipient wordnetid="109627906" confidence="0.8">
<link xlink:type="simple" xlink:href="../926/15590926.xml">
Edmund M. Clarke</link></recipient>
</scholar>
</acquirer>
</causal_agent>
</alumnus>
</intellectual>
</laureate>
</honoree>
</person>
</physical_entity>
 / <physical_entity wordnetid="100001930" confidence="0.8">
<person wordnetid="100007846" confidence="0.8">
<honoree wordnetid="110183757" confidence="0.8">
<laureate wordnetid="110249011" confidence="0.8">
<causal_agent wordnetid="100007347" confidence="0.8">
<acquirer wordnetid="109764201" confidence="0.8">
<recipient wordnetid="109627906" confidence="0.8">
<link xlink:type="simple" xlink:href="../959/15590959.xml">
E. Allen Emerson</link></recipient>
</acquirer>
</causal_agent>
</laureate>
</honoree>
</person>
</physical_entity>
 / <physical_entity wordnetid="100001930" confidence="0.8">
<person wordnetid="100007846" confidence="0.8">
<honoree wordnetid="110183757" confidence="0.8">
<laureate wordnetid="110249011" confidence="0.8">
<causal_agent wordnetid="100007347" confidence="0.8">
<acquirer wordnetid="109764201" confidence="0.8">
<scientist wordnetid="110560637" confidence="0.8">
<recipient wordnetid="109627906" confidence="0.8">
<link xlink:type="simple" xlink:href="../963/15590963.xml">
Joseph Sifakis</link></recipient>
</scientist>
</acquirer>
</causal_agent>
</laureate>
</honoree>
</person>
</physical_entity>
(2007)</p>
</col>
</row>
</table>
</col>
</row>
</table>
</p>


<p>

<table id="persondata" class="persondata">
<header colspan="2">
 </header>
<row>
<col class="persondata-label">
NAME</col>
<col>
Dijkstra, Edsger</col>
</row>
<row>
<col class="persondata-label">
ALTERNATIVE NAMES</col>

</row>
<row>
<col class="persondata-label">
SHORT DESCRIPTION</col>
<col>
Dutch mathematician</col>
</row>
<row>
<col class="persondata-label">
DATE OF BIRTH</col>
<col>
May 11, 1930(1930-05-11)</col>
</row>
<row>
<col class="persondata-label">
PLACE OF BIRTH</col>
<col>
 <village wordnetid="108672738" confidence="0.9508927676800064">
<link xlink:type="simple" xlink:href="../049/26049.xml">
Rotterdam</link></village>
</col>
</row>
<row>
<col class="persondata-label">
DATE OF DEATH</col>
<col>
August 6, 2002</col>
</row>
<row>
<col class="persondata-label">
PLACE OF DEATH</col>
<col>
 <region wordnetid="108630985" confidence="0.8">
<administrative_district wordnetid="108491826" confidence="0.8">
<location wordnetid="100027167" confidence="0.8">
<municipality wordnetid="108626283" confidence="0.8">
<geographical_area wordnetid="108574314" confidence="0.8">
<town wordnetid="108665504" confidence="0.8">
<district wordnetid="108552138" confidence="0.8">
<urban_area wordnetid="108675967" confidence="0.8">
<link xlink:type="simple" xlink:href="../518/155518.xml">
Nuenen</link></urban_area>
</district>
</town>
</geographical_area>
</municipality>
</location>
</administrative_district>
</region>
, <link xlink:type="simple" xlink:href="../148/21148.xml">
The Netherlands</link></col>
</row>
</table>
</p>


</sec>
</bdy>
</research_worker>
</scientist>
</alumnus>
</colleague>
</pioneer>
</laureate>
</interior_designer>
</person>
</physicist>
</article>
