<?xml version="1.0" encoding="UTF-8"?>
<!-- generated by CLiX/Wiki2XML [MPI-Inf, MMCI@UdS] $LastChangedRevision: 92 $ on 16.04.2009 17:58:54[mciao0827] -->
<!DOCTYPE article SYSTEM "../article.dtd">
<article xmlns:xlink="http://www.w3.org/1999/xlink">
<substance  confidence="0.8" wordnetid="100020090">
<condiment  confidence="0.8" wordnetid="107810907">
<food  confidence="0.8" wordnetid="100021265">
<flavorer  confidence="0.8" wordnetid="107809368">
<ingredient  confidence="0.8" wordnetid="107809096">
<foodstuff  confidence="0.8" wordnetid="107566340">
<sauce  confidence="0.8" wordnetid="107829412">
<header>
<title>Remoulade</title>
<id>1006214</id>
<revision>
<id>244570663</id>
<timestamp>2008-10-11T14:07:16Z</timestamp>
<contributor>
<username>Agusk7</username>
<id>6776142</id>
</contributor>
</revision>
<categories>
<category>Sauces of the mayonnaise family</category>
<category>Condiments</category>
<category>Louisiana cuisine</category>
<category>French cuisine</category>
<category>New Orleans cuisine</category>
<category>Danish cuisine</category>
</categories>
</header>
<bdy>

<b>Remoulade</b> or <b>rémoulade</b> is a popular <link xlink:type="simple" xlink:href="../155/62155.xml">
condiment</link> in many countries, and was invented in <country wordnetid="108544813" confidence="0.9508927676800064">
<link xlink:type="simple" xlink:href="../419/5843419.xml">
France</link></country>
. Very much like the <link xlink:type="simple" xlink:href="../972/61972.xml">
tartar sauce</link> of some <language wordnetid="106282651" confidence="0.8">
<link xlink:type="simple" xlink:href="../916/8569916.xml">
English</link></language>
-speaking cultures, remoulade is often <link xlink:type="simple" xlink:href="../379/60379.xml">
Aioli</link> or <link xlink:type="simple" xlink:href="../933/61933.xml">
mayonnaise</link>-based. Although like tartar sauce, it is more <link xlink:type="simple" xlink:href="../368/34368.xml">
yellow</link>ish, sometimes <link xlink:type="simple" xlink:href="../597/6597.xml">
curry</link> flavoured, and sometimes contains chopped <link xlink:type="simple" xlink:href="../026/303026.xml">
pickles</link> or <link xlink:type="simple" xlink:href="../786/851786.xml">
piccalilli</link>, and can also contain <link xlink:type="simple" xlink:href="../714/45714.xml">
horseradish</link>, <link xlink:type="simple" xlink:href="../011/113011.xml">
paprika</link>, <link xlink:type="simple" xlink:href="../741/234741.xml">
anchovies</link>, <link xlink:type="simple" xlink:href="../317/309317.xml">
capers</link> and a host of other items. Its original purpose was possibly for serving with meats. Now it is often used as an accompaniment to <link xlink:type="simple" xlink:href="../866/26866.xml">
seafood</link> dishes especially pan-fried breaded <link xlink:type="simple" xlink:href="../587/4699587.xml">
fish</link> fillets (primarily <link xlink:type="simple" xlink:href="../505/4640505.xml">
sole</link> and <link xlink:type="simple" xlink:href="../306/2260306.xml">
plaice</link>).
<sec>
<st>
 Use </st>
<p>

It is very popular in France, <country wordnetid="108544813" confidence="0.9508927676800064">
<link xlink:type="simple" xlink:href="../972/76972.xml">
Denmark</link></country>
 and in the <body wordnetid="107965085" confidence="0.8">
<social_group wordnetid="107950920" confidence="0.8">
<political_orientation wordnetid="106212839" confidence="0.8">
<colony wordnetid="108374049" confidence="0.8">
<state wordnetid="108168978" confidence="0.8">
<political_unit wordnetid="108359949" confidence="0.8">
<group wordnetid="100031264" confidence="0.8">
<democracy wordnetid="106217103" confidence="0.8">
<link xlink:type="simple" xlink:href="../750/3434750.xml">
United States</link></democracy>
</group>
</political_unit>
</state>
</colony>
</political_orientation>
</social_group>
</body>
, especially in <link xlink:type="simple" xlink:href="../693/170693.xml">
Louisiana Creole cuisine</link>. Among other uses, it is used with <link xlink:type="simple" xlink:href="../885/10885.xml">
french fries</link>, on top of roast <link xlink:type="simple" xlink:href="../968/36968.xml">
beef</link> items and as a <link xlink:type="simple" xlink:href="../368/192368.xml">
hot dog</link> condiment, although there are a multitude of other applications:
<list>
<entry level="1" type="bullet">

In <country wordnetid="108544813" confidence="0.9508927676800064">
<link xlink:type="simple" xlink:href="../419/5843419.xml">
France</link></country>
 it is commonly used in <it>céleri rémoulade</it> which consists of thinly cut pieces of <link xlink:type="simple" xlink:href="../620/545620.xml">
celeriac</link> with a <link xlink:type="simple" xlink:href="../809/170809.xml">
mustard</link>-flavored remoulade.</entry>
<entry level="1" type="bullet">

In <country wordnetid="108544813" confidence="0.9508927676800064">
<link xlink:type="simple" xlink:href="../972/76972.xml">
Denmark</link></country>
 it is an essential ingredient on the Danish open-face <link xlink:type="simple" xlink:href="../000/278000.xml">
roast beef</link> sandwiches (<it><link>
smørrebrød</link></it>), along with roasted onion. Remoulade is also used for fish meatballs or breaded fillets of fish (e.g. <link xlink:type="simple" xlink:href="../515/41515.xml">
cod</link> or <link xlink:type="simple" xlink:href="../164/4603164.xml">
plaice</link>) along with lemon slices. As a condiment for french fries the Danes can usually order <link xlink:type="simple" xlink:href="../234/9940234.xml">
tomato</link> <link xlink:type="simple" xlink:href="../922/67922.xml">
ketchup</link>, remoulade or both, although in recent years <link xlink:type="simple" xlink:href="../933/61933.xml">
mayonnaise</link> has gained terrain. In some regions it is used on Danish hot dogs along with <link xlink:type="simple" xlink:href="../809/170809.xml">
mustard</link>, ketchup, roasted or raw onions and pickled <link xlink:type="simple" xlink:href="../491/164491.xml">
cucumber</link> slices. Marketed as "Danish remoulade", it has become popular in <autocracy wordnetid="108361001" confidence="0.8">
<social_group wordnetid="107950920" confidence="0.8">
<political_orientation wordnetid="106212839" confidence="0.8">
<monarchy wordnetid="108363812" confidence="0.8">
<political_system wordnetid="108367880" confidence="0.8">
<group wordnetid="100031264" confidence="0.8">
<democracy wordnetid="106217103" confidence="0.8">
<link xlink:type="simple" xlink:href="../739/5058739.xml">
Sweden</link></democracy>
</group>
</political_system>
</monarchy>
</political_orientation>
</social_group>
</autocracy>
 and <system wordnetid="108435388" confidence="0.8">
<economy wordnetid="108366753" confidence="0.8">
<group wordnetid="100031264" confidence="0.8">
<link xlink:type="simple" xlink:href="../241/21241.xml">
Norway</link></group>
</economy>
</system>
, but there mostly for fish with boiled potatoes, <link xlink:type="simple" xlink:href="../985/7985.xml">
dill</link> and perhaps creamed spinach. Many German and Swedish hot dog stands serve an optional "Danish hot dog" as described above.</entry>
<entry level="1" type="bullet">

In <system wordnetid="108435388" confidence="0.8">
<economy wordnetid="108366753" confidence="0.8">
<group wordnetid="100031264" confidence="0.8">
<link xlink:type="simple" xlink:href="../531/14531.xml">
Iceland</link></group>
</economy>
</system>
, remoulade (<it>remolaði</it>) is a condiment commonly served on hot dogs, together with mustard, ketchup, raw and roasted onions.</entry>
</list>
</p>

</sec>
<sec>
<st>
Varieties</st>

<ss1>
<st>
Sauce rémoulade</st>
<p>

According to <it><book wordnetid="106410904" confidence="0.9508927676800064">
<link xlink:type="simple" xlink:href="../552/18552.xml">
Larousse Gastronomique</link></book>
</it>, rémoulade is 250 ml of mayonnaise with 2 tablespoons mixed herbs (<link xlink:type="simple" xlink:href="../206/23206.xml">
parsley</link>, <link xlink:type="simple" xlink:href="../395/5395.xml">
chives</link>, <link xlink:type="simple" xlink:href="../394/5394.xml">
chervil</link> and <link xlink:type="simple" xlink:href="../967/29967.xml">
tarragon</link>), 1 tablespoon drained capers, 2 finely diced cornichons and a few drops of <link xlink:type="simple" xlink:href="../741/234741.xml">
anchovy</link> essence (optional). Some recipes use chopped anchovy fillets. The rémoulade used in céleri rémoulade is a simple mustard-flavoured mayonnaise spiced with garlic and pepper. Rémoulade is classified in French cooking as a derivative of the <link xlink:type="simple" xlink:href="../933/61933.xml">
mayonnaise</link> sauce.</p>

</ss1>
<ss1>
<st>
Danish remoulade</st>
<p>

Danish remoulade has a mild, sweet-sour taste and a medium yellow color. The typical industrially-made variety does not contain capers, but finely-chopped <link xlink:type="simple" xlink:href="../115/55115.xml">
cabbage</link> and pickled <link xlink:type="simple" xlink:href="../491/164491.xml">
cucumber</link>, fair amounts of sugar and hints of <link xlink:type="simple" xlink:href="../809/170809.xml">
mustard</link>, <link xlink:type="simple" xlink:href="../311/497311.xml">
cayenne</link>, <link xlink:type="simple" xlink:href="../640/341640.xml">
coriander</link> and <link xlink:type="simple" xlink:href="../258/51258.xml">
onion</link>, and <link xlink:type="simple" xlink:href="../973/29973.xml">
turmeric</link> for color. The herbs are substituted by herbal essences, e.g. tarragon <link xlink:type="simple" xlink:href="../762/32762.xml">
vinegar</link>. <link xlink:type="simple" xlink:href="../711/27711.xml">
Starch</link>, <link xlink:type="simple" xlink:href="../160/13160.xml">
gelatin</link> or <link>
milk protein</link> may be added as <link xlink:type="simple" xlink:href="../458/2518458.xml">
thickener</link>s.</p>
<p>

Homemade or gourmet varieties may use olive oil (especially good with fish), capers, <link xlink:type="simple" xlink:href="../026/303026.xml">
pickles</link>, cucumber, lemon juice, <link xlink:type="simple" xlink:href="../985/7985.xml">
dill</link>, <link xlink:type="simple" xlink:href="../394/5394.xml">
chervil</link>, <link xlink:type="simple" xlink:href="../206/23206.xml">
parsley</link> or other fresh herbs, and possibly curry.</p>

</ss1>
<ss1>
<st>
Louisiana Remoulade</st>
<p>

The Louisiana version of remoulade, like  the local variants of <link xlink:type="simple" xlink:href="../795/289795.xml">
roux</link> and <link xlink:type="simple" xlink:href="../306/3843306.xml">
bordelaise sauce</link>, is quite different from the French original. Invariably, it is red (bright red to ruddy-orange) and is usually very piquant. Louisiana-style remoulades fall generally into one of three categories—those with a <link xlink:type="simple" xlink:href="../933/61933.xml">
mayonnaise</link> base, those with a <link xlink:type="simple" xlink:href="../922/67922.xml">
ketchup</link> base, and those with an oil base. All three versions have an abundance of finely chopped vegetables, usually <link xlink:type="simple" xlink:href="../433/453433.xml">
green onions</link> and <link xlink:type="simple" xlink:href="../535/6535.xml">
celery</link>, and <link xlink:type="simple" xlink:href="../206/23206.xml">
parsley</link>; most are made with Creole mustard. <link xlink:type="simple" xlink:href="../200/1605200.xml">
Salt</link>, <link xlink:type="simple" xlink:href="../116/150116.xml">
black pepper</link>, and <link xlink:type="simple" xlink:href="../859/90859.xml">
cayenne pepper</link> are also standard ingredients. In the oil- and mayonnaise-based versions, the reddish hue comes from the addition of paprika. Other popular additions include <link xlink:type="simple" xlink:href="../288/214288.xml">
lemon juice</link>, minced <link xlink:type="simple" xlink:href="../469/50469.xml">
garlic</link>, <link xlink:type="simple" xlink:href="../762/32762.xml">
vinegar</link>, <link xlink:type="simple" xlink:href="../714/45714.xml">
horseradish</link>, and <concept wordnetid="105835747" confidence="0.8">
<condiment wordnetid="107810907" confidence="0.8">
<idea wordnetid="105833840" confidence="0.8">
<flavorer wordnetid="107809368" confidence="0.8">
<property wordnetid="105849040" confidence="0.8">
<attraction wordnetid="105850823" confidence="0.8">
<substance wordnetid="100020090" confidence="0.8">
<foil wordnetid="105853924" confidence="0.8">
<food wordnetid="100021265" confidence="0.8">
<feature wordnetid="105849789" confidence="0.8">
<ingredient wordnetid="107809096" confidence="0.8">
<foodstuff wordnetid="107566340" confidence="0.8">
<attention wordnetid="105853636" confidence="0.8">
<link xlink:type="simple" xlink:href="../779/33779.xml">
Worcestershire sauce</link></attention>
</foodstuff>
</ingredient>
</feature>
</food>
</foil>
</substance>
</attraction>
</property>
</flavorer>
</idea>
</condiment>
</concept>
.</p>
<p>

While the classic white remoulade is a condiment that can be offered in a variety of contexts (e.g. the classic <link xlink:type="simple" xlink:href="../620/545620.xml">
celery root</link> remoulade), Louisiana remoulade is nearly always associated with shrimp. Today, shrimp remoulade is a ubiquitous cold appetizer in New Orleans' <link xlink:type="simple" xlink:href="../693/170693.xml">
Creole</link> restaurants, although, historically, <link xlink:type="simple" xlink:href="../867/3719867.xml">
hard boiled eggs</link> with remoulade was a less expensive option on some menus. It is most often served as a stand-alone appetizer (usually on a chiffonade of iceberg lettuce), but it can be paired with other items such as <link xlink:type="simple" xlink:href="../439/4540439.xml">
fried green tomatoes</link> or <link xlink:type="simple" xlink:href="../333/1415333.xml">
mirliton</link>. Rarely, one might also see <link xlink:type="simple" xlink:href="../600/43600.xml">
crawfish</link> remoulade, but remoulade sauce is never offered in restaurants as an accompaniment with fish (<link xlink:type="simple" xlink:href="../270/2349270.xml">
cocktail sauce</link> and <link xlink:type="simple" xlink:href="../972/61972.xml">
tartar sauce</link> are generally the condiments of choice). In private homes, it may occasionally have a wider application suggestive of its French roots. Food columnist and cookbook author Leon Soniat, for example, suggests to "Serve [remoulade] over seafood or with sliced asparagus."<ref xlink:type="simple" xlink:href="#xpointer(//reflist/entry[@id=%221%22])">1</ref></p>

</ss1>
</sec>
<sec>
<st>
See also</st>
<p>

<list>
<entry level="1" type="bullet">

 <link xlink:type="simple" xlink:href="../597/488597.xml">
Cuisine of Denmark</link></entry>
<entry level="1" type="bullet">

 <link xlink:type="simple" xlink:href="../002/11002.xml">
Cuisine of France</link></entry>
</list>
</p>

</sec>
<sec>
<st>
Notes</st>

<p>

<reflist>
<entry id="1">
Soniat, Leon E. <it>La Bouche Creole</it>, p.61. Pelican Publishing, 1983.</entry>
</reflist>
</p>

</sec>
<sec>
<st>
References</st>
<p>

<list>
<entry level="1" type="bullet">

 http://dictionary.reference.com/search?q=remoulade</entry>
<entry level="1" type="bullet">

 http://deepsouth.tulane.edu/culinary/web/learning_lore.asp?id=remoulade.txt - link is no longer valid</entry>
<entry level="1" type="bullet">

 http://www.lib.k-state.edu/depts/spec/rarebooks/cookery/viard1817.html - This page contains images of what may be the first recipe of remoulade in print from the 1817 edition of <it>Le Cuisinier Royal</it>.</entry>
</list>
</p>


</sec>
</bdy>
</sauce>
</foodstuff>
</ingredient>
</flavorer>
</food>
</condiment>
</substance>
</article>
