<?xml version="1.0" encoding="UTF-8"?>
<!-- generated by CLiX/Wiki2XML [MPI-Inf, MMCI@UdS] $LastChangedRevision: 92 $ on 17.04.2009 00:12:54[mciao0827] -->
<!DOCTYPE article SYSTEM "../article.dtd">
<article xmlns:xlink="http://www.w3.org/1999/xlink">
<actor  confidence="0.9508927676800064" wordnetid="109765278">
<header>
<title>Bill Henderson (actor)</title>
<id>10074317</id>
<revision>
<id>216242750</id>
<timestamp>2008-05-31T19:36:57Z</timestamp>
<contributor>
<username>DumZiBoT</username>
<id>6085301</id>
</contributor>
</revision>
<categories>
<category>American film actors</category>
<category>American television actors</category>
<category>Living people</category>
<category>1926 births</category>
</categories>
</header>
<bdy>
<template>
<name>Infobox actor</name>
<parameters>

<image width="150px" src="">
</image>
<birthplace>
<link xlink:type="simple" xlink:href="../886/6886.xml">
Chicago, Illinois</link></birthplace>
<name>
Bill Henderson</name>
<birthdate>
<time_off wordnetid="115118453" confidence="0.8">
<fundamental_quantity wordnetid="113575869" confidence="0.8">
<time_period wordnetid="115113229" confidence="0.8">
<vacation wordnetid="115137890" confidence="0.8">
<leisure wordnetid="115137676" confidence="0.8">
<link xlink:type="simple" xlink:href="../316/20316.xml">
March 19</link></leisure>
</vacation>
</time_period>
</fundamental_quantity>
</time_off>
 <link xlink:type="simple" xlink:href="../609/34609.xml">
1926</link></birthdate>
</parameters>
</template>


<b>William Randall "Bill" Henderson</b> (born <time_off wordnetid="115118453" confidence="0.8">
<fundamental_quantity wordnetid="113575869" confidence="0.8">
<time_period wordnetid="115113229" confidence="0.8">
<vacation wordnetid="115137890" confidence="0.8">
<leisure wordnetid="115137676" confidence="0.8">
<link xlink:type="simple" xlink:href="../316/20316.xml">
March 19</link></leisure>
</vacation>
</time_period>
</fundamental_quantity>
</time_off>
 <link xlink:type="simple" xlink:href="../609/34609.xml">
1926</link>) is an <body wordnetid="107965085" confidence="0.8">
<social_group wordnetid="107950920" confidence="0.8">
<political_orientation wordnetid="106212839" confidence="0.8">
<colony wordnetid="108374049" confidence="0.8">
<state wordnetid="108168978" confidence="0.8">
<political_unit wordnetid="108359949" confidence="0.8">
<group wordnetid="100031264" confidence="0.8">
<democracy wordnetid="106217103" confidence="0.8">
<link xlink:type="simple" xlink:href="../750/3434750.xml">
American</link></democracy>
</group>
</political_unit>
</state>
</colony>
</political_orientation>
</social_group>
</body>
 <link xlink:type="simple" xlink:href="../613/15613.xml">
jazz</link> <link xlink:type="simple" xlink:href="../707/162707.xml">
vocalist</link> and <link xlink:type="simple" xlink:href="../753/753.xml">
actor</link> in <link xlink:type="simple" xlink:href="../831/29831.xml">
television</link> and <link xlink:type="simple" xlink:href="../571/10571.xml">
film</link>.<p>

Henderson was born in <link xlink:type="simple" xlink:href="../886/6886.xml">
Chicago, Illinois</link>. Henderson's acting credits have been numerous.  Beginning in the mid-1970s, and continuing to this day, he has frequently appeared on television in supporting, usually one-time roles.  His film roles have followed a similar trend — minor and supporting roles.</p>
<p>

Henderson began his professional music career in 1952, performing in Chicago with <composer wordnetid="109947232" confidence="0.9173553029164789">
<artist wordnetid="109812338" confidence="0.9508927676800064">
<pianist wordnetid="110430665" confidence="0.9173553029164789">
<link xlink:type="simple" xlink:href="../211/437211.xml">
Ramsey Lewis</link></pianist>
</artist>
</composer>
, and began recording as a leader after a move to New York in 1958.<ref xlink:type="simple" xlink:href="#xpointer(//reflist/entry[@id=%221%22])">1</ref> He has since recorded and performed with artists such as <composer wordnetid="109947232" confidence="0.9173553029164789">
<person wordnetid="100007846" confidence="0.9508927676800064">
<artist wordnetid="109812338" confidence="0.9508927676800064">
<pianist wordnetid="110430665" confidence="0.9173553029164789">
<link xlink:type="simple" xlink:href="../519/22519.xml">
Oscar Peterson</link></pianist>
</artist>
</person>
</composer>
, <musician wordnetid="110340312" confidence="0.9173553029164789">
<artist wordnetid="109812338" confidence="0.9508927676800064">
<link xlink:type="simple" xlink:href="../684/400684.xml">
Jimmy Smith</link></artist>
</musician>
, <composer wordnetid="109947232" confidence="0.9173553029164789">
<musician wordnetid="110340312" confidence="0.9173553029164789">
<artist wordnetid="109812338" confidence="0.9508927676800064">
<bandleader wordnetid="109837201" confidence="0.9173553029164789">
<link xlink:type="simple" xlink:href="../090/68090.xml">
Count Basie</link></bandleader>
</artist>
</musician>
</composer>
, <saxophonist wordnetid="110554243" confidence="0.9173553029164789">
<person wordnetid="100007846" confidence="0.9508927676800064">
<flutist wordnetid="110098245" confidence="0.9173553029164789">
<artist wordnetid="109812338" confidence="0.9508927676800064">
<link xlink:type="simple" xlink:href="../195/220195.xml">
Yusef Lateef</link></artist>
</flutist>
</person>
</saxophonist>
, <artist wordnetid="109812338" confidence="0.9508927676800064">
<link xlink:type="simple" xlink:href="../976/1108976.xml">
Booker Little</link></artist>
, and <artist wordnetid="109812338" confidence="0.9508927676800064">
<link xlink:type="simple" xlink:href="../190/900190.xml">
Eddie Harris</link></artist>
. Henderson also recorded his own vocal tracks as "King Blues" in the 1983 comedy <it><movie wordnetid="106613686" confidence="0.9508927676800064">
<link xlink:type="simple" xlink:href="../811/9989811.xml">
Get Crazy</link></movie>
</it>. Still in prime form at age 82, Henderson continues to perform regularly in and around the Los Angeles area.</p>

<sec>
<st>
 Filmography </st>

<p>

<list>
<entry level="1" type="bullet">

 <it><product wordnetid="104007894" confidence="0.8">
<creation wordnetid="103129123" confidence="0.8">
<artifact wordnetid="100021939" confidence="0.8">
<event wordnetid="100029378" confidence="0.8">
<social_event wordnetid="107288639" confidence="0.8">
<movie wordnetid="106613686" confidence="0.8">
<show wordnetid="106619065" confidence="0.8">
<psychological_feature wordnetid="100023100" confidence="0.8">
<link xlink:type="simple" xlink:href="../862/1683862.xml">
Trouble Man</link></psychological_feature>
</show>
</movie>
</social_event>
</event>
</artifact>
</creation>
</product>
</it> (1972) — Jimmy, Pool Room Owner</entry>
<entry level="1" type="bullet">

 <it><movie wordnetid="106613686" confidence="0.9508927676800064">
<link xlink:type="simple" xlink:href="../692/633692.xml">
Silver Streak</link></movie>
</it> (1976) — Red Cap</entry>
<entry level="1" type="bullet">

 <it><movie wordnetid="106613686" confidence="0.9508927676800064">
<link xlink:type="simple" xlink:href="../294/1969294.xml">
Mother, Jugs &amp; Speed</link></movie>
</it> (1976) — Charles Taylor</entry>
<entry level="1" type="bullet">

 <it><movie wordnetid="106613686" confidence="0.9508927676800064">
<link xlink:type="simple" xlink:href="../740/1374740.xml">
Continental Divide</link></movie>
</it> (1981) — Train Conductor</entry>
<entry level="1" type="bullet">

 <it><movie wordnetid="106613686" confidence="0.9508927676800064">
<link xlink:type="simple" xlink:href="../811/9989811.xml">
Get Crazy</link></movie>
</it> (1983) — King Blues</entry>
<entry level="1" type="bullet">

 <it><movie wordnetid="106613686" confidence="0.9508927676800064">
<link xlink:type="simple" xlink:href="../274/142274.xml">
The Adventures of Buckaroo Banzai Across the 8th Dimension</link></movie>
</it> (1984) — Casper Lindley</entry>
<entry level="1" type="bullet">

 <it><movie wordnetid="106613686" confidence="0.9508927676800064">
<link xlink:type="simple" xlink:href="../371/67371.xml">
Clue</link></movie>
</it> (1985) — The Cop</entry>
<entry level="1" type="bullet">

 <it><album wordnetid="106591815" confidence="0.9508927676800064">
<movie wordnetid="106613686" confidence="0.9508927676800064">
<link xlink:type="simple" xlink:href="../540/2484540.xml">
Fletch</link></movie>
</album>
</it> (1985) — Speaker</entry>
<entry level="1" type="bullet">

 <it><movie wordnetid="106613686" confidence="0.9508927676800064">
<link xlink:type="simple" xlink:href="../601/5977601.xml">
Wisdom</link></movie>
</it> (1986) — Theo</entry>
<entry level="1" type="bullet">

 <it><movie wordnetid="106613686" confidence="0.9508927676800064">
<link xlink:type="simple" xlink:href="../056/7865056.xml">
Murphy's Law</link></movie>
</it> (1986) — Ben Wilcove</entry>
<entry level="1" type="bullet">

 <it><link xlink:type="simple" xlink:href="../362/5589362.xml">
How I Got Into College</link></it> (1989) — Detroit High School Coach</entry>
<entry level="1" type="bullet">

 <it><movie wordnetid="106613686" confidence="0.9508927676800064">
<link xlink:type="simple" xlink:href="../500/1623500.xml">
No Holds Barred</link></movie>
</it> (1989) — Charlie</entry>
<entry level="1" type="bullet">

 <it><movie wordnetid="106613686" confidence="0.9508927676800064">
<link xlink:type="simple" xlink:href="../204/576204.xml">
Cousins</link></movie>
</it> (1989) — Valhalla Band</entry>
<entry level="1" type="bullet">

 <it><link xlink:type="simple" xlink:href="../455/352455.xml">
City Slickers</link></it> (1991) — Dr. Ben Jessup</entry>
<entry level="1" type="bullet">

 <it><movie wordnetid="106613686" confidence="0.9508927676800064">
<link xlink:type="simple" xlink:href="../752/1665752.xml">
White Men Can't Jump</link></movie>
</it> (1992) — Member of the Venice Beach Boys</entry>
<entry level="1" type="bullet">

 <it><movie wordnetid="106613686" confidence="0.9508927676800064">
<link xlink:type="simple" xlink:href="../517/380517.xml">
Maverick</link></movie>
</it> (1994) — Riverboat Poker Player</entry>
<entry level="1" type="bullet">

 <it><movie wordnetid="106613686" confidence="0.9508927676800064">
<link xlink:type="simple" xlink:href="../574/1367574.xml">
Ghosts of Mississippi</link></movie>
</it> (1996) — Minister</entry>
<entry level="1" type="bullet">

 <it><movie wordnetid="106613686" confidence="0.9508927676800064">
<link xlink:type="simple" xlink:href="../229/1847229.xml">
Hoodlum</link></movie>
</it> (1997) — Mr. Redmond</entry>
<entry level="1" type="bullet">

 <it><movie wordnetid="106613686" confidence="0.9508927676800064">
<link xlink:type="simple" xlink:href="../161/144161.xml">
Conspiracy Theory</link></movie>
</it> (1997) — Hospital Security</entry>
<entry level="1" type="bullet">

 <it><movie wordnetid="106613686" confidence="0.9508927676800064">
<link xlink:type="simple" xlink:href="../283/695283.xml">
Lethal Weapon 4</link></movie>
</it> (1998) — Angry Patient</entry>
<entry level="1" type="bullet">

 <it><movie wordnetid="106613686" confidence="0.9508927676800064">
<link xlink:type="simple" xlink:href="../418/6189418.xml">
Trippin'</link></movie>
</it> (1999) — Gramps Reed</entry>
<entry level="1" type="bullet">

 <it><movie wordnetid="106613686" confidence="0.9508927676800064">
<link xlink:type="simple" xlink:href="../042/4913042.xml">
The Alibi</link></movie>
</it> (2006) — Counterman</entry>
</list>
</p>

</sec>
<sec>
<st>
 Television appearances </st>
<p>

<list>
<entry level="1" type="bullet">

 <it><series wordnetid="108457976" confidence="0.9508927676800064">
<link xlink:type="simple" xlink:href="../103/171103.xml">
Happy Days</link></series>
''</it></entry>
<entry level="1" type="bullet">

 <it><link xlink:type="simple" xlink:href="../208/208208.xml">
Sanford and Son</link>''</it></entry>
<entry level="1" type="bullet">

 <it><series wordnetid="108457976" confidence="0.9508927676800064">
<link xlink:type="simple" xlink:href="../579/477579.xml">
The Jeffersons</link></series>
''</it></entry>
<entry level="1" type="bullet">

 <it><series wordnetid="108457976" confidence="0.9508927676800064">
<link xlink:type="simple" xlink:href="../543/357543.xml">
What's Happening!!</link></series>
''</it></entry>
<entry level="1" type="bullet">

 <it><link xlink:type="simple" xlink:href="../052/383052.xml">
Good Times</link>''</it></entry>
<entry level="1" type="bullet">

 <it><link xlink:type="simple" xlink:href="../407/1140407.xml">
The Incredible Hulk</link>''</it></entry>
<entry level="1" type="bullet">

 <it><series wordnetid="108457976" confidence="0.9508927676800064">
<link xlink:type="simple" xlink:href="../510/357510.xml">
The Facts of Life</link></series>
''</it></entry>
<entry level="1" type="bullet">

 <it><series wordnetid="108457976" confidence="0.9508927676800064">
<link xlink:type="simple" xlink:href="../208/203208.xml">
Hill Street Blues</link></series>
''</it></entry>
<entry level="1" type="bullet">

 <it><series wordnetid="108457976" confidence="0.9508927676800064">
<link xlink:type="simple" xlink:href="../250/215250.xml">
MacGyver</link></series>
''</it></entry>
<entry level="1" type="bullet">

 <it><series wordnetid="108457976" confidence="0.9508927676800064">
<link xlink:type="simple" xlink:href="../845/360845.xml">
Benson</link></series>
''</it></entry>
<entry level="1" type="bullet">

 <it><series wordnetid="108457976" confidence="0.9508927676800064">
<link xlink:type="simple" xlink:href="../510/98510.xml">
In the Heat of the Night</link></series>
''</it></entry>
<entry level="1" type="bullet">

 <it><series wordnetid="108457976" confidence="0.9508927676800064">
<link xlink:type="simple" xlink:href="../252/163252.xml">
NYPD Blue</link></series>
''</it></entry>
<entry level="1" type="bullet">

 <it><series wordnetid="108457976" confidence="0.9508927676800064">
<link xlink:type="simple" xlink:href="../973/466973.xml">
Mad About You</link></series>
''</it></entry>
<entry level="1" type="bullet">

 <it><series wordnetid="108457976" confidence="0.9508927676800064">
<link xlink:type="simple" xlink:href="../153/177153.xml">
ER</link></series>
''</it></entry>
<entry level="1" type="bullet">

 <it><series wordnetid="108457976" confidence="0.9508927676800064">
<link xlink:type="simple" xlink:href="../865/692865.xml">
Malcolm &amp; Eddie</link></series>
''</it></entry>
<entry level="1" type="bullet">

 <it><series wordnetid="108457976" confidence="0.9508927676800064">
<link xlink:type="simple" xlink:href="../081/324081.xml">
7th Heaven</link></series>
''</it></entry>
<entry level="1" type="bullet">

 <it><series wordnetid="108457976" confidence="0.9508927676800064">
<link xlink:type="simple" xlink:href="../468/633468.xml">
Cold Case</link></series>
''</it></entry>
<entry level="1" type="bullet">

 <it><series wordnetid="108457976" confidence="0.9508927676800064">
<link xlink:type="simple" xlink:href="../143/2381143.xml">
My Name Is Earl</link></series>
''</it></entry>
</list>
</p>

</sec>
<sec>
<st>
References</st>

<p>

<reflist>
<entry id="1">
<weblink xlink:type="simple" xlink:href="http://wm06.allmusic.com/cg/amg.dll?p=amg&amp;sql=11:hifqxqt5ldde">
allmusic ((( Bill Henderson &amp;gt; Overview )))</weblink></entry>
</reflist>

</p>
</sec>
<sec>
<st>
External links</st>
<p>

<list>
<entry level="1" type="bullet">

<weblink xlink:type="simple" xlink:href="http://www.imdb.com/name/nm0376347/">
Bill Henderson</weblink> at the <web_site wordnetid="106359193" confidence="0.9508927676800064">
<link xlink:type="simple" xlink:href="../554/2855554.xml">
Internet Movie Database</link></web_site>
</entry>
<entry level="1" type="bullet">

<weblink xlink:type="simple" xlink:href="http://www.myspace.com/billhendersonjazzsinger">
Bill Henderson's MySpace page</weblink></entry>
</list>
</p>


</sec>
</bdy>
</actor>
</article>
