<?xml version="1.0" encoding="UTF-8"?>
<!-- generated by CLiX/Wiki2XML [MPI-Inf, MMCI@UdS] $LastChangedRevision: 92 $ on 17.04.2009 00:01:27[mciao0828] -->
<!DOCTYPE article SYSTEM "../article.dtd">
<article xmlns:xlink="http://www.w3.org/1999/xlink">
<header>
<title>GPS wildlife tracking</title>
<id>10078385</id>
<revision>
<id>234111422</id>
<timestamp>2008-08-25T10:31:00Z</timestamp>
<contributor>
<username>Odonata83</username>
<id>7712526</id>
</contributor>
</revision>
<categories>
<category>All pages needing cleanup</category>
<category>Cleanup from December 2007</category>
<category>Wildlife</category>
<category>Conservation</category>
<category>GPS</category>
<category>Articles lacking reliable references from December 2007</category>
</categories>
</header>
<bdy>

<table class="metadata plainlinks ambox ">
<row>
<col>

ambox-content" style=""</col>
</row>
<row>
<col class="mbox-image"><p>

<image width="40x40px" src="Ambox_content.png">
</image>
</p>
</col>
<col style="" class="mbox-text">
 <p>

This article or section has multiple issues. Please help <b><weblink xlink:type="simple" xlink:href="http://localhost:18088/wiki/index.php?title=GPS_wildlife_tracking&amp;action=edit">
improve the article</weblink></b> or discuss these issues on the .
<list>
<entry level="1" type="bullet">

 It needs <b>additional  for .</b> Tagged since December 2007.</entry>
<entry level="1" type="bullet">

 It may require general  to meet Wikipedia's . Tagged since December 2007.</entry>
</list>
</p>
</col>
</row>
</table>

<p>

<b>GPS wildlife tracking</b> is a process whereby <link xlink:type="simple" xlink:href="../522/2537522.xml">
biologists</link>, scientific researchers or conservation agencies can remotely observe relatively fine-scale movement or <link>
migratory</link> patterns in a free-ranging wild animal using the <system wordnetid="104377057" confidence="0.8">
<artifact wordnetid="100021939" confidence="0.8">
<instrumentality wordnetid="103575240" confidence="0.8">
<link xlink:type="simple" xlink:href="../866/11866.xml">
Global Positioning System</link></instrumentality>
</artifact>
</system>
 and optional environmental sensors or automated data-retrieval technologies such as <satellite wordnetid="104137444" confidence="0.8">
<artifact wordnetid="100021939" confidence="0.8">
<instrumentality wordnetid="103575240" confidence="0.8">
<equipment wordnetid="103294048" confidence="0.8">
<link xlink:type="simple" xlink:href="../517/1388517.xml">
Argos</link></equipment>
</instrumentality>
</artifact>
</satellite>
 satellite uplink, <standard wordnetid="107260623" confidence="0.8">
<system_of_measurement wordnetid="113577171" confidence="0.8">
<link xlink:type="simple" xlink:href="../943/959943.xml">
mobile data telephony</link></system_of_measurement>
</standard>
 or <link xlink:type="simple" xlink:href="../920/12920.xml">
GPRS</link> and a range of analytical software tools.<ref xlink:type="simple" xlink:href="#xpointer(//reflist/entry[@id=%221%22])">1</ref></p>
<p>

A GPS-enabled device will normally record and store location data at a pre-determined interval or on <link xlink:type="simple" xlink:href="../289/15289.xml">
interrupt</link> by an environmental sensor. These data may be stored pending recovery of the device or relayed to a central data store or internet-connected computer using an embedded <link xlink:type="simple" xlink:href="../672/735672.xml">
cellular</link> (<link xlink:type="simple" xlink:href="../920/12920.xml">
GPRS</link>), <link xlink:type="simple" xlink:href="../428/15368428.xml">
radio</link>, or <link xlink:type="simple" xlink:href="../683/27683.xml">
satellite</link> modem. The animal's location can then be plotted against a map or chart in near real-time or, when analysing the track later, using a <link xlink:type="simple" xlink:href="../398/12398.xml">
GIS</link> package or custom software. </p>
<p>

While GPS tracking devices may also be attached to <link xlink:type="simple" xlink:href="../203/209203.xml">
domestic animals</link> such as <link xlink:type="simple" xlink:href="../079/25079.xml">
pets</link>, <link xlink:type="simple" xlink:href="../332/825332.xml">
pedigree</link> <link xlink:type="simple" xlink:href="../103/46103.xml">
livestock</link> and <link xlink:type="simple" xlink:href="../819/491819.xml">
working dogs</link>, and similar systems are used in <link xlink:type="simple" xlink:href="../730/2926730.xml">
fleet management</link> of vehicles, wildlife tracking can place additional constraints on size and weight and may not allow for post-deployment recharging or replacement of <substance wordnetid="100019613" confidence="0.8">
<part wordnetid="113809207" confidence="0.8">
<material wordnetid="114580897" confidence="0.8">
<link xlink:type="simple" xlink:href="../720/19174720.xml">
batteries</link></material>
</part>
</substance>
 or correction of attachment.</p>
<p>

As well as allowing in-depth study of animal behaviour and migration, the <link xlink:type="simple" xlink:href="../184/1191184.xml">
high-resolution</link> tracks available from a GPS-enabled system can potentially allow for tighter control of animal-borne <link xlink:type="simple" xlink:href="../795/14795.xml">
communicable diseases</link> such as the <link xlink:type="simple" xlink:href="../908/1019908.xml">
H5N1</link> strain of <link xlink:type="simple" xlink:href="../916/442916.xml">
avian influenza</link>.<ref xlink:type="simple" xlink:href="#xpointer(//reflist/entry[@id=%222%22])">2</ref></p>

<sec>
<st>
Attachment</st>

<ss1>
<st>
Collar Attachment</st>
<p>

Collar attachment is the primary attachment technique where the subject has a suitable body type and behaviour. Collars would normally be used on the animal's neck (assuming the head has a larger circumference than the neck)<ref xlink:type="simple" xlink:href="#xpointer(//reflist/entry[@id=%223%22])">3</ref> but also on a limb, perhaps around an ankle. Suitable animals for neck attachment would include primates, large cats, some bears etc. Limb attachment would work well in animals such as <link xlink:type="simple" xlink:href="../362/17362.xml">
Kiwi</link>, where the foot is much larger than the ankle.</p>

</ss1>
<ss1>
<st>
Harness Attachment</st>
<p>

Harness attachments may used in situations where collar attachment is not suitable, such as animals neck diameter may exceed that of the head. Examples of this type of animal may include pigs, <link xlink:type="simple" xlink:href="../392/31392.xml">
Tasmanian Devils</link>, etc. 
Large, long-necked, birds such as the <link xlink:type="simple" xlink:href="../766/198766.xml">
Greylag Goose</link> (<it>Anser anser</it>) may also need to be fitted with a harness to prevent removal of the tag by the subject.<ref xlink:type="simple" xlink:href="#xpointer(//reflist/entry[@id=%224%22])">4</ref></p>

</ss1>
<ss1>
<st>
Direct Attachment</st>
<p>

Direct attachment is used on animals where a collar cannot be used, such as birds, reptiles and <link xlink:type="simple" xlink:href="../257/60257.xml">
marine mammals</link>. </p>
<p>

In the case of birds, the GPS unit must be very lightweight to avoid interfering with the bird's ability to fly or swim. The device is usually attached by gluing to the bird. The unit will then naturally fall off when the bird next moults.</p>
<p>

In the case of reptiles such as <link xlink:type="simple" xlink:href="../882/37882.xml">
crocodiles</link> and <link xlink:type="simple" xlink:href="../751/37751.xml">
turtles</link>, gluing the unit onto the animal's skin or <link xlink:type="simple" xlink:href="../510/603510.xml">
carapace</link> using <link xlink:type="simple" xlink:href="../724/211724.xml">
epoxy</link> (or similar material) is the most common method and minimises discomfort.<ref xlink:type="simple" xlink:href="#xpointer(//reflist/entry[@id=%225%22])">5</ref></p>
<p>

In deployments on marine mammals such as <link xlink:type="simple" xlink:href="../500/10500.xml">
phocids</link> or <link xlink:type="simple" xlink:href="../086/46086.xml">
otariids</link>, the device would be glued to the fur and fall off during the annual <link xlink:type="simple" xlink:href="../695/317695.xml">
moult</link>. Units used with turtles or marine animals have to resist the corrosive effects of sea water and be waterproof to pressures of up to 200bar.</p>

</ss1>
<ss1>
<st>
Other Attachment Methods</st>
<p>

Other applications include <link xlink:type="simple" xlink:href="../146/802146.xml">
Rhinoceros</link> tracking, for which a hole may be drilled in the animal's horn and a device implanted. Compared to other methods, implanted transmitters may suffer from a reduced range as the large mass of the animal's body can absorb some transmitted power.</p>

</ss1>
</sec>
<sec>
<st>
Software</st>

<ss1>
<st>
Embedded</st>
<p>

<link xlink:type="simple" xlink:href="../078/41078.xml">
Duty Cycle</link> Scheduling - GPS devices typically record data about the animal's exact location and store readings at pre-set intervals known as duty-cycles.
By setting the interval between readings, the researcher is able to determine the lifespan of the device - very frequent readings drain battery power more rapidly, whereas longer intervals between readings might provide lower resolution but over a longer deployment. </p>
<p>

Release Timers - Some devices can be programmed to drop off at a set time/date rather than requiring recapture and manually retrieval. Some may also be fitted with a low-power radio receiver allowing a remote signal to trigger the automatic release. </p>

</ss1>
<ss1>
<st>
Analytical</st>
<p>

Locational data provided by GPS devices can be displayed using GIS packages such as the <link xlink:type="simple" xlink:href="../758/18938758.xml">
open-source</link> <software wordnetid="106566077" confidence="0.9508927676800064">
<link xlink:type="simple" xlink:href="../892/549892.xml">
GRASS</link></software>
 or plotted and prepared for display on the World Wide Web using packages such as <link xlink:type="simple" xlink:href="../625/1744625.xml">
Generic Mapping Tools (GMT)</link> or <weblink xlink:type="simple" xlink:href="http://www.seaturtle.org/maptool/">
Maptool</weblink>.</p>
<p>

Statistical software such as <programming_language wordnetid="106898352" confidence="0.9508927676800064">
<link xlink:type="simple" xlink:href="../707/376707.xml">
R</link></programming_language>
 can be used to display and examine data and may reveal behavioural patterns or trends.</p>

</ss1>
</sec>
<sec>
<st>
Data Retrieval</st>

<ss1>
<st>
Manual</st>
<p>

Some GPS devices function simply as a <link xlink:type="simple" xlink:href="../114/988114.xml">
data logger</link> and must be manually recovered in order that data may be downloaded. Devices of this type may also be equipped with <link xlink:type="simple" xlink:href="../480/69480.xml">
VHF</link> or <link xlink:type="simple" xlink:href="../501/160501.xml">
UHF</link> transmitters to allow them to be located for recapture and/or recovery. </p>

</ss1>
<ss1>
<st>
Argos</st>
<p>

GPS tracking devices have been linked to an Argos Platform Transmitter Terminal (PTT) enabling them to transmit data via the <satellite wordnetid="104137444" confidence="0.8">
<artifact wordnetid="100021939" confidence="0.8">
<instrumentality wordnetid="103575240" confidence="0.8">
<equipment wordnetid="103294048" confidence="0.8">
<link xlink:type="simple" xlink:href="../517/1388517.xml">
Argos System</link></equipment>
</instrumentality>
</artifact>
</satellite>
, a scientific satellite system which has been in use since 1978. Users can download their data directly from Argos via <link xlink:type="simple" xlink:href="../062/31062.xml">
telnet</link> and process the raw data to extract their transmitted information.</p>
<p>

Where satellite uplink fails due to antenna damage, it may be possible to intercept the underpowered transmission locally using a satellite uplink receiver.<ref xlink:type="simple" xlink:href="#xpointer(//reflist/entry[@id=%226%22])">6</ref></p>

</ss1>
<ss1>
<st>
GSM</st>
<p>

GPS location data can be transmitted via the <standard wordnetid="107260623" confidence="0.8">
<system_of_measurement wordnetid="113577171" confidence="0.8">
<link xlink:type="simple" xlink:href="../808/12808.xml">
GSM</link></system_of_measurement>
</standard>
 mobile/cell phone network, using <link xlink:type="simple" xlink:href="../207/28207.xml">
SMS</link> messages or <link xlink:type="simple" xlink:href="../476/15476.xml">
internet protocols</link> over a <link xlink:type="simple" xlink:href="../920/12920.xml">
GPRS</link> session.<ref xlink:type="simple" xlink:href="#xpointer(//reflist/entry[@id=%227%22])">7</ref></p>

</ss1>
<ss1>
<st>
UHF/VHF</st>
<p>

GPS data may be transmitted via short-range radio signals and decoded using a custom receiver.</p>

</ss1>
</sec>
<sec>
<st>
See also</st>
<p>

<list>
<entry level="1" type="bullet">

 <satellite wordnetid="104137444" confidence="0.8">
<artifact wordnetid="100021939" confidence="0.8">
<instrumentality wordnetid="103575240" confidence="0.8">
<equipment wordnetid="103294048" confidence="0.8">
<link xlink:type="simple" xlink:href="../517/1388517.xml">
Argos System</link></equipment>
</instrumentality>
</artifact>
</satellite>
</entry>
<entry level="1" type="bullet">

 <link xlink:type="simple" xlink:href="../450/489450.xml">
Automatic Position Reporting System</link></entry>
<entry level="1" type="bullet">

 <link xlink:type="simple" xlink:href="../233/87233.xml">
Electronic tagging</link></entry>
<entry level="1" type="bullet">

 <link xlink:type="simple" xlink:href="../398/12398.xml">
Geographic Information System</link></entry>
<entry level="1" type="bullet">

 <link xlink:type="simple" xlink:href="../231/87231.xml">
Surveillance</link></entry>
<entry level="1" type="bullet">

 <link xlink:type="simple" xlink:href="../641/865641.xml">
Telematics</link></entry>
<entry level="1" type="bullet">

 <link xlink:type="simple" xlink:href="../256/46256.xml">
Telemetry</link></entry>
</list>
</p>

</sec>
<sec>
<st>
References</st>

<p>

<reflist>
<entry id="1">
Schofield, Gail et al, "Novel GPS tracking of sea turtles as a tool for conservation management", <it>Journal of Experimental Marine Biology and Ecology</it> 347 (2007) 58–68</entry>
<entry id="2">
<weblink xlink:type="simple" xlink:href="http://www.usgs.gov/newsroom/article.asp?ID=1547">
USGS Release: Satellites Help Scientists Track Migratory Birds: GPS the Latest Tool in Fight Against Avian Influenza (9/6/2006 9:38:16 AM)</weblink></entry>
<entry id="3">
<weblink xlink:type="simple" xlink:href="http://news.bbc.co.uk/2/hi/technology/6188482.stm">
BBC NEWS | Technology | Snow leopard fitted with GPS tag</weblink></entry>
<entry id="4">
<weblink xlink:type="simple" xlink:href="http://www.csl.gov.uk/aboutCsl/scienceGroupsAndTeams/ebg/gooseProject/tagging.cfm">
CSL - Goose Project</weblink></entry>
<entry id="5">
Godley, B.J., et al, "Post-nesting movements and submergence patterns of loggerhead marine turtles in the Mediterranean assessed by satellite tracking", <it>Journal of Experimental Marine Biology and Ecology</it> 287 (2003) p.121</entry>
<entry id="6">
<weblink xlink:type="simple" xlink:href="http://news.bbc.co.uk/2/hi/technology/6159767.stm">
BBC NEWS | Technology | Snow Leopard Diary</weblink></entry>
<entry id="7">
Mcconnell et al, (2004) "Phoning Home - A New GSM Mobile Phone Telemetry System To Collect Mark-Recapture Data", <it>Marine Mammal Science</it> 20 (2), pp.274–283</entry>
</reflist>
</p>

</sec>
</bdy>
</article>
