<?xml version="1.0" encoding="UTF-8"?>
<!-- generated by CLiX/Wiki2XML [MPI-Inf, MMCI@UdS] $LastChangedRevision: 92 $ on 17.04.2009 00:08:17[mciao0825] -->
<!DOCTYPE article SYSTEM "../article.dtd">
<article xmlns:xlink="http://www.w3.org/1999/xlink">
<web_site  confidence="0.9508927676800064" wordnetid="106359193">
<header>
<title>GigaOM</title>
<id>10083025</id>
<revision>
<id>237285274</id>
<timestamp>2008-09-09T13:58:13Z</timestamp>
<contributor>
<username>Muchness</username>
<id>282514</id>
</contributor>
</revision>
<categories>
<category>Web 2.0</category>
<category>Blogs</category>
</categories>
</header>
<bdy>
<template>
<name>Infobox Website</name>
<parameters>
<logo>
<image width="150px" src="LogoGigaOM.gif">
<caption>

LogoGigaOM.gif
</caption>
</image>
‎</logo>
<screenshot>
<image width="300px" src="GigaOM_Screenshot.jpg">
</image>
</screenshot>
<location>
<link xlink:type="simple" xlink:href="../728/49728.xml">
San Francisco</link>, <body wordnetid="107965085" confidence="0.8">
<social_group wordnetid="107950920" confidence="0.8">
<political_orientation wordnetid="106212839" confidence="0.8">
<colony wordnetid="108374049" confidence="0.8">
<state wordnetid="108168978" confidence="0.8">
<political_unit wordnetid="108359949" confidence="0.8">
<group wordnetid="100031264" confidence="0.8">
<democracy wordnetid="106217103" confidence="0.8">
<link xlink:type="simple" xlink:href="../750/3434750.xml">
United States</link></democracy>
</group>
</political_unit>
</state>
</colony>
</political_orientation>
</social_group>
</body>
</location>
<type>

Web 2.0|Web 2.0 <link xlink:type="simple" xlink:href="../645/33645.xml">
Blog</link></type>
<registration>
None</registration>
<current_status>
Active</current_status>
<url>
http://GigaOM.com</url>
<launch_date>
unk</launch_date>
<author>
<celebrity wordnetid="109903153" confidence="0.9508927676800064">
<link xlink:type="simple" xlink:href="../975/6076975.xml">
Om Malik</link></celebrity>
 and others</author>
<name>
GigaOM</name>
<owner>
GigaOmniMedia, Inc.</owner>
<language>
English</language>
<commercial>
Yes</commercial>
<revenue>
unk</revenue>
</parameters>
</template>


 <p>

<b>GigaOM.com</b> is a <work wordnetid="100575741" confidence="0.8">
<event wordnetid="100029378" confidence="0.8">
<service wordnetid="100577525" confidence="0.8">
<act wordnetid="100030358" confidence="0.8">
<psychological_feature wordnetid="100023100" confidence="0.8">
<meme wordnetid="105985126" confidence="0.8">
<activity wordnetid="100407535" confidence="0.8">
<acculturation wordnetid="105984936" confidence="0.8">
<link xlink:type="simple" xlink:href="../022/1555022.xml">
Web 2.0</link></acculturation>
</activity>
</meme>
</psychological_feature>
</act>
</service>
</event>
</work>
 <link xlink:type="simple" xlink:href="../645/33645.xml">
blog</link> started by <celebrity wordnetid="109903153" confidence="0.9508927676800064">
<link xlink:type="simple" xlink:href="../975/6076975.xml">
Om Malik</link></celebrity>
 and published by Giga Omni Media, Inc. in <link xlink:type="simple" xlink:href="../728/49728.xml">
San Francisco</link>.<ref xlink:type="simple" xlink:href="#xpointer(//reflist/entry[@id=%221%22])">1</ref>  The website has a monthly global audience of 500,000,<ref xlink:type="simple" xlink:href="#xpointer(//reflist/entry[@id=%221%22])">1</ref> is among the top 50 blogs worldwide by <web_site wordnetid="106359193" confidence="0.9508927676800064">
<link xlink:type="simple" xlink:href="../549/1046549.xml">
Technorati</link></web_site>
 Rank<ref xlink:type="simple" xlink:href="#xpointer(//reflist/entry[@id=%222%22])">2</ref>, and is part of <link xlink:type="simple" xlink:href="../836/385836.xml">
CNet</link>'s 100 Most Influential Blogs<ref xlink:type="simple" xlink:href="#xpointer(//reflist/entry[@id=%223%22])">3</ref>.</p>
<p>

It offers <work wordnetid="100575741" confidence="0.8">
<event wordnetid="100029378" confidence="0.8">
<service wordnetid="100577525" confidence="0.8">
<act wordnetid="100030358" confidence="0.8">
<psychological_feature wordnetid="100023100" confidence="0.8">
<meme wordnetid="105985126" confidence="0.8">
<activity wordnetid="100407535" confidence="0.8">
<acculturation wordnetid="105984936" confidence="0.8">
<link xlink:type="simple" xlink:href="../022/1555022.xml">
Web 2.0</link></acculturation>
</activity>
</meme>
</psychological_feature>
</act>
</service>
</event>
</work>
 news, analysis and opinions on startups, new technologies, broadband and online games.  According to GigaOM, the site's readership includes a worldwide following of technology industry leaders, <link xlink:type="simple" xlink:href="../210/257210.xml">
venture capitalist</link>s, and <link xlink:type="simple" xlink:href="../862/39862.xml">
entrepreneur</link>s.  <b>GigaOM</b> is ranked in the top 100 IT news sites by Internet tracking service, <company wordnetid="108058098" confidence="0.9508927676800064">
<link xlink:type="simple" xlink:href="../744/8383744.xml">
Hitwise</link></company>
.</p>

<sec>
<st>
GigaOM network</st>
<p>

GigaOM integrates a number of other blogs and services into its network. These include:
<list>
<entry level="1" type="bullet">

 WebWorkerDaily (launched September 2006), a blog catering to people who use the web for work.</entry>
<entry level="1" type="bullet">

 NewTeeVee (launched December 2006), a blog covering online video news.</entry>
<entry level="1" type="bullet">

 Earth2Tech (launched July 2007), a blog covering the business of <link xlink:type="simple" xlink:href="../266/4835266.xml">
clean technology</link>.</entry>
<entry level="1" type="bullet">

 OStatic (launched March 2008), a resource for <link xlink:type="simple" xlink:href="../758/18938758.xml">
open source</link> software and services.</entry>
<entry level="1" type="bullet">

 jkOnTheRun (launched as a personal blog in May 2004 and acquired by GigaOM in July 2008), a <link xlink:type="simple" xlink:href="../761/8721761.xml">
mobile technology</link> blog</entry>
<entry level="1" type="bullet">

 GigaOM jobs (launched August 2006), a technology-focused job board.</entry>
</list>
</p>

</sec>
<sec>
<st>
References</st>

<p>

<reflist>
<entry id="1">
"<weblink xlink:type="simple" xlink:href="http://gigaom.com/about/">
About GigaOM</weblink>".&#32;  GigaOM.&#32;Retrieved on <link>
2007-03-16</link>.</entry>
<entry id="2">
"<weblink xlink:type="simple" xlink:href="http://technorati.com/search/gigaom.com">
GigaOM on Technorati</weblink>".&#32;  Technorati.&#32;Retrieved on <link>
2007-03-16</link>.</entry>
<entry id="3">
"<weblink xlink:type="simple" xlink:href="http://news.com.com/2310-10784_3-0.html">
Blog 100 Index</weblink>".&#32;  CNET.</entry>
</reflist>
</p>

</sec>
<sec>
<st>
See also</st>
<p>

<list>
<entry level="1" type="bullet">

<link xlink:type="simple" xlink:href="../607/16980607.xml#xpointer(//*[./st=%22The+GigaOm+Show%22])">
The GigaOm Show</link></entry>
<entry level="1" type="bullet">

<web_site wordnetid="106359193" confidence="0.9508927676800064">
<link xlink:type="simple" xlink:href="../059/5104059.xml">
TechCrunch</link></web_site>
</entry>
<entry level="1" type="bullet">

<web_site wordnetid="106359193" confidence="0.9508927676800064">
<link xlink:type="simple" xlink:href="../633/13225633.xml">
Mashable</link></web_site>
</entry>
</list>
</p>

</sec>
<sec>
<st>
External links</st>
<p>

<list>
<entry level="1" type="bullet">

<weblink xlink:type="simple" xlink:href="http://gigaom.com">
GigaOM</weblink></entry>
</list>
</p>

</sec>
</bdy>
</web_site>
</article>
