<?xml version="1.0" encoding="UTF-8"?>
<!-- generated by CLiX/Wiki2XML [MPI-Inf, MMCI@UdS] $LastChangedRevision: 92 $ on 17.04.2009 00:13:13[mciao0827] -->
<!DOCTYPE article SYSTEM "../article.dtd">
<article xmlns:xlink="http://www.w3.org/1999/xlink">
<port  confidence="0.9511911446218017" wordnetid="108633957">
<header>
<title>Port of Málaga</title>
<id>10085727</id>
<revision>
<id>240552432</id>
<timestamp>2008-09-23T22:47:10Z</timestamp>
<contributor>
<username>The Anomebot2</username>
<id>1979668</id>
</contributor>
</revision>
<categories>
<category>Ports and harbours of Spain</category>
</categories>
</header>
<bdy>

The <b>Port of Málaga</b> is an international <link xlink:type="simple" xlink:href="../169/97169.xml">
seaport</link> located in the city of <link>
Málaga</link> in southern <system wordnetid="108435388" confidence="0.8">
<economy wordnetid="108366753" confidence="0.8">
<group wordnetid="100031264" confidence="0.8">
<link xlink:type="simple" xlink:href="../667/26667.xml">
Spain</link></group>
</economy>
</system>
, on the <shore wordnetid="109433442" confidence="0.8">
<seashore wordnetid="109428293" confidence="0.8">
<geological_formation wordnetid="109287968" confidence="0.8">
<link xlink:type="simple" xlink:href="../593/324593.xml">
Costa del Sol</link></geological_formation>
</seashore>
</shore>
 coast of the <link xlink:type="simple" xlink:href="../006/19006.xml">
Mediterranean</link>. It is the oldest continuously-operated port in Spain and one of the oldest in the Mediterranean. <p>

Principal port activities include <link xlink:type="simple" xlink:href="../855/314855.xml">
cruise ship</link>ping and the importation of <link xlink:type="simple" xlink:href="../387/50387.xml">
containerised</link> manufactured products, <link xlink:type="simple" xlink:href="../978/2984978.xml">
break bulk</link> and vehicles. A small <link xlink:type="simple" xlink:href="../709/711709.xml">
fishing fleet</link> also operates from the port.</p>

<sec>
<st>
History</st>

<ss1>
<st>
 Ancient and medieval times </st>
<p>

The Port of <b>Malaka</b> was founded by <group wordnetid="100031264" confidence="0.8">
<people wordnetid="107942152" confidence="0.8">
<link xlink:type="simple" xlink:href="../202/24202.xml">
Phoenicia</link></people>
</group>
ns from <site wordnetid="108651247" confidence="0.9508927676800064">
<link xlink:type="simple" xlink:href="../796/30796.xml">
Tyre</link></site>
 in around 1000 BC. The name Malaka is probably derived from the <language wordnetid="106282651" confidence="0.8">
<link xlink:type="simple" xlink:href="../942/414942.xml">
Phoenician</link></language>
 word for <it>salt</it> because fish was salted on the first dock; in other <link>
Semitic language</link>s the word for <it>salt</it> is still <language wordnetid="106282651" confidence="0.9508927676800064">
<link xlink:type="simple" xlink:href="../450/13450.xml">
Hebrew</link></language>
 מלח <it>mélaḥ</it> or <language wordnetid="106282651" confidence="0.9508927676800064">
<link xlink:type="simple" xlink:href="../803/803.xml">
Arabic</link></language>
 ملح <it>milḥ</it>. This first dock was a single waterfront quay parallel to the shore and extending for about 500 metres from the customs house to the Puerta Oscura.</p>
<p>

By <link xlink:type="simple" xlink:href="../555/521555.xml">
Roman</link> times Malaka had become an important export port for minerals, pottery, almonds, wine and oil. An <link xlink:type="simple" xlink:href="../383/602383.xml">
Iberian</link> delicacy was fish prepared with <link xlink:type="simple" xlink:href="../320/312320.xml">
garum</link>, large quantities of which were also exported to Rome.</p>
<p>

Trade continued to grow, peaking when Malaka (now <b>Mālaqah</b> (<language wordnetid="106282651" confidence="0.9508927676800064">
<link xlink:type="simple" xlink:href="../803/803.xml">
Arabic</link></language>
 <b>مالقة</b>) was declared the capital of the <link xlink:type="simple" xlink:href="../917/6037917.xml">
Islamic</link> kingdom of <social_group wordnetid="107950920" confidence="0.8">
<batch wordnetid="113774404" confidence="0.8">
<gathering wordnetid="107975026" confidence="0.8">
<community wordnetid="108223802" confidence="0.8">
<large_indefinite_quantity wordnetid="113757724" confidence="0.8">
<group wordnetid="100031264" confidence="0.8">
<indefinite_quantity wordnetid="113576355" confidence="0.8">
<link xlink:type="simple" xlink:href="../264/38264.xml">
Granada</link></indefinite_quantity>
</group>
</large_indefinite_quantity>
</community>
</gathering>
</batch>
</social_group>
. When the kingdom passed into <link xlink:type="simple" xlink:href="../552/356552.xml">
Catholic</link> control in 1487 the port assumed a strategic importance as an embarkation point for Spanish soldiers in the conquest of the <range wordnetid="109403734" confidence="0.8">
<geological_formation wordnetid="109287968" confidence="0.8">
<link xlink:type="simple" xlink:href="../972/1121972.xml">
Rif</link></geological_formation>
</range>
, <region wordnetid="108630985" confidence="0.8">
<region wordnetid="108630039" confidence="0.8">
<administrative_district wordnetid="108491826" confidence="0.8">
<location wordnetid="100027167" confidence="0.8">
<municipality wordnetid="108626283" confidence="0.8">
<geographical_area wordnetid="108574314" confidence="0.8">
<district wordnetid="108552138" confidence="0.8">
<urban_area wordnetid="108675967" confidence="0.8">
<city wordnetid="108524735" confidence="0.8">
<link xlink:type="simple" xlink:href="../226/20226.xml">
Melilla</link></city>
</urban_area>
</district>
</geographical_area>
</municipality>
</location>
</administrative_district>
</region>
</region>
, <link>
Peñon de Velez</link> and <municipality wordnetid="108626283" confidence="0.9508927676800064">
<link xlink:type="simple" xlink:href="../335/145335.xml">
Oran</link></municipality>
, and was renamed the Port of Málaga.</p>

</ss1>
<ss1>
<st>
 Imperial Spain </st>
<p>

The Port of Málaga grew swiftly throughout the 16th and 17th centuries, establishing itself as Spain's major export port for cereals and manufactures during the <link xlink:type="simple" xlink:href="../546/938546.xml">
Habsburg</link> and <link xlink:type="simple" xlink:href="../255/1703255.xml">
Enlightenment</link> eras. In 1720 King <peer wordnetid="110412910" confidence="0.8">
<duke wordnetid="110038620" confidence="0.8">
<link xlink:type="simple" xlink:href="../857/63857.xml">
Philip V</link></duke>
</peer>
 appointed French engineer Bartolome Thurus to prepare a project of port expansion for commercial and military needs, culminating in the construction of both the East Dock and the New Quay. The first <link xlink:type="simple" xlink:href="../725/17725.xml">
lighthouse</link> was built in 1814.</p>

</ss1>
<ss1>
<st>
 Twentieth Century </st>
<p>

Between 1900 and 1910 an extensive reconstruction of port facilities resulted in the modernization of the existing quays and the completion of the current appssenger terminal. The Málaga-<region wordnetid="108630985" confidence="0.8">
<administrative_district wordnetid="108491826" confidence="0.8">
<location wordnetid="100027167" confidence="0.8">
<municipality wordnetid="108626283" confidence="0.8">
<geographical_area wordnetid="108574314" confidence="0.8">
<district wordnetid="108552138" confidence="0.8">
<urban_area wordnetid="108675967" confidence="0.8">
<link xlink:type="simple" xlink:href="../829/3704829.xml">
Puertollano</link></urban_area>
</district>
</geographical_area>
</municipality>
</location>
</administrative_district>
</region>
 oil pipeline was completed by 1920, permitting oil exports directly from the port. </p>
<p>

After the <link xlink:type="simple" xlink:href="../927/32927.xml">
Second World War</link> the importance of the port declined as new ports opened in North Africa and the Middle East, and post-war reconstruction led to the massive expansion of facilities at <port wordnetid="108633957" confidence="0.8">
<point wordnetid="108620061" confidence="0.8">
<geographic_point wordnetid="108578706" confidence="0.8">
<location wordnetid="100027167" confidence="0.8">
<link xlink:type="simple" xlink:href="../985/4410985.xml">
Port of Rotterdam</link></location>
</geographic_point>
</point>
</port>
 and elsewhere. The Puertotollano pipeline ceased operation in the 1990s. Port operations were concentrated around ten wharves on the southern  border of the existing port. The northern and central port areas were then progressively returned to the control of the city and converted for residential use. </p>

</ss1>
</sec>
<sec>
<st>
 Port facilities </st>
<p>

<image location="left" width="300px" src="Puerto_malaga.jpg" type="thumb">
<caption>

The Port of Málaga  today
</caption>
</image>

Ten wharves are currently in operation at the Port of Málaga:</p>
<p>

<list>
<entry level="1" type="bullet">

 East Quay: Embarkation for <link xlink:type="simple" xlink:href="../855/314855.xml">
cruise ship</link>. </entry>
<entry level="1" type="bullet">

 Quay n°1 "Ricardo Gross": Megayatchs and touristic cruise ships.</entry>
<entry level="1" type="bullet">

 Quay n°2 "Guadiaro": Cruise ships.</entry>
<entry level="1" type="bullet">

 Quay n°3 "Canovas": <idea wordnetid="105833840" confidence="0.8">
<concept wordnetid="105835747" confidence="0.8">
<category wordnetid="105838765" confidence="0.8">
<type wordnetid="105840188" confidence="0.8">
<kind wordnetid="105839024" confidence="0.8">
<link xlink:type="simple" xlink:href="../484/1457484.xml">
Roll-on/roll-off</link></kind>
</type>
</category>
</concept>
</idea>
. </entry>
<entry level="1" type="bullet">

 Quay n°4 "Heredia": Roll-on/roll-off, bulk liquids, break bulk. </entry>
<entry level="1" type="bullet">

 Quay n°5 Floating dock: Repairs and defence forces. </entry>
<entry level="1" type="bullet">

 Quay n°6 "Romero Oak grove 1": Bulk liquids, dangerous goods. </entry>
<entry level="1" type="bullet">

 Quay n°7 "Romero Oak grove 2": Bulk liquids, dangerous goods. </entry>
<entry level="1" type="bullet">

 Multipurpose Quay n°9: Containers, Roll-on/roll-off</entry>
<entry level="1" type="bullet">

 Soft Port 1: bulk liquid import/export where specialist equipment required.</entry>
</list>
</p>
<p>

The quays are connected by a system of internal roads and a network of itnernal and external railway lines . Access to the Port is via State Highways A-7 (<site wordnetid="108651247" confidence="0.8">
<region wordnetid="108630985" confidence="0.8">
<administrative_district wordnetid="108491826" confidence="0.8">
<location wordnetid="100027167" confidence="0.8">
<tract wordnetid="108673395" confidence="0.8">
<municipality wordnetid="108626283" confidence="0.8">
<geographical_area wordnetid="108574314" confidence="0.8">
<district wordnetid="108552138" confidence="0.8">
<urban_area wordnetid="108675967" confidence="0.8">
<city wordnetid="108524735" confidence="0.8">
<link xlink:type="simple" xlink:href="../443/4443.xml">
Barcelona</link></city>
</urban_area>
</district>
</geographical_area>
</municipality>
</tract>
</location>
</administrative_district>
</region>
</site>
-<link>
Cádiz</link>) that runs by the coast, and A-45 (<link>
Córdoba</link>-<link>
Málaga</link>). The internal rail network links the Harbor Services Area with the Málaga Main Station. </p>
<p>

The port is dominated by imports, principally an annal throughput of nearly 2 million tonnes of break bulk within a total annual throughput of 3.1 million tonnes. Major imports include cement, clinker coal, cereals, grains, petroleum coke and fertilizers. A substantially smaller export trade is centred on processed food and construction equipment. </p>
<p>

The port handles in excess of 450,000 <link xlink:type="simple" xlink:href="../470/373470.xml">
TEU</link>'s annually, and 39,000 vehicles. Liquid bulk handling is approximately 70,000 metric tonnes per year, principally olive oil import and export.</p>
<p>

Cruise shipping is also an essential industry at the port, with 211,000 passenger embarkations each year from more than 220 cruise ships.</p>

</sec>
<sec>
<st>
 Future works </st>
<p>

An extensive program of works are planend for the Port as part of a Special plan developed by the City of Málaga.</p>
<p>

The Hereida Quay will be refurbished to expand port operation centres and provide an additional 500 car spaces. The works are estimated at 33 million euros. A new passenger terminal, port museum and  environmental education centre are planned for inclusion in the cruise ship facilities at Quay 2 at a further cost of 22 million euros.</p>
<p>

A commercial marina will also operate from Quay 1, catering for 24 superyachts of up to 30 metres, and the Eastern Quay passenger terminal will be remodeled to improve pedestrian access and double existing capacity to 560,000 passengers a year.</p>
<p>

The total area of the new terminal is 13,700&nbsp;sq&nbsp;ft (1,270&nbsp;m2) consisting of two heights and two new berths: Southern Berth and Northern Berth with a total construction cost of 21.3 million euros.</p>

</sec>
<sec>
<st>
External links</st>
<p>

<list>
<entry level="1" type="bullet">

<weblink xlink:type="simple" xlink:href="http://www.puertomalaga.com/">
Port of Málaga Official Site</weblink></entry>
<entry level="1" type="bullet">

<weblink xlink:type="simple" xlink:href="http://maps.google.com/maps?f=q&amp;hl=en&amp;q=malaga,+spain&amp;ll=36.708373,-4.418693&amp;spn=0.023189,0.045748&amp;t=k">
Port of Málaga in Google Maps</weblink></entry>
<entry level="1" type="bullet">

<weblink xlink:type="simple" xlink:href="http://www.malagaport.net">
Málagaport</weblink></entry>
<entry level="1" type="bullet">

<weblink xlink:type="simple" xlink:href="http://www.malagaport.net/noticias.asp">
Port of Málaga News</weblink></entry>
<entry level="1" type="bullet">

<weblink xlink:type="simple" xlink:href="http://www.malagaport.net/biblioteca.htm">
The Port of Málaga in the media</weblink></entry>
</list>
</p>
<p>

<link xlink:type="simple" xlink:href="../361/48361.xml">
Coordinates</link>: <weblink xlink:type="simple" xlink:href="http://stable.toolserver.org/geohack/geohack.php?pagename=Port_of_M%C3%A1laga&amp;params=36_43_N_04_25_E_region:ES">
36°43′N 04°25′E﻿ / ﻿36.717, 4.417</weblink></p>


</sec>
</bdy>
</port>
</article>
