<?xml version="1.0" encoding="UTF-8"?>
<!-- generated by CLiX/Wiki2XML [MPI-Inf, MMCI@UdS] $LastChangedRevision: 92 $ on 17.04.2009 00:08:31[mciao0825] -->
<!DOCTYPE article SYSTEM "../article.dtd">
<article xmlns:xlink="http://www.w3.org/1999/xlink">
<header>
<title>BibSonomy</title>
<id>10092617</id>
<revision>
<id>217661878</id>
<timestamp>2008-06-07T01:52:38Z</timestamp>
<contributor>
<username>Dreamyshade</username>
<id>32</id>
</contributor>
</revision>
<categories>
<category>Reference management software</category>
<category>Social bookmarking</category>
<category>Library 2.0</category>
<category>BibTeX</category>
</categories>
</header>
<bdy>

<b>BibSonomy</b> is a <link xlink:type="simple" xlink:href="../581/1257581.xml">
social bookmarking</link> and <link xlink:type="simple" xlink:href="../691/226691.xml">
publication</link>-sharing system. It aims to integrate the features of bookmarking systems as well as team-oriented publication management. BibSonomy offers users the ability to store and organize their <link xlink:type="simple" xlink:href="../555/5826555.xml">
 bookmarks</link> and publication entries and supports the integration of different communities and people by offering a social platform for literature exchange.<p>

Both bookmarks and publication entries can be <link xlink:type="simple" xlink:href="../086/1707086.xml">
tagged</link> to help structure and re-find information. As the descriptive terms can be freely chosen, the assignment of tags from different users creates a spontaneous, uncontrolled vocabulary: a <link xlink:type="simple" xlink:href="../913/1145913.xml">
folksonomy</link>. In BibSonomy, the folksonomy evolves from the participation of research groups, learning communities and individual users, organizing their information needs.</p>
<p>

Publication posts in BibSonomy are stored in the <message wordnetid="106598915" confidence="0.8">
<information wordnetid="106634376" confidence="0.8">
<format wordnetid="106636806" confidence="0.8">
<link xlink:type="simple" xlink:href="../392/239392.xml">
BibTeX</link></format>
</information>
</message>
 format. Export in other formats such as <software wordnetid="106566077" confidence="0.9508927676800064">
<link xlink:type="simple" xlink:href="../689/6664689.xml">
EndNote</link></software>
 or <format wordnetid="106636806" confidence="0.9508927676800064">
<link xlink:type="simple" xlink:href="../191/13191.xml">
HTML</link></format>
 (e. g. for publication list creation) is possible.</p>
<p>

The service was developed by a team of students and scientists working at the <weblink xlink:type="simple" xlink:href="http://www.kde.cs.uni-kassel.de/">
Institute of Knowledge and Data Engineering</weblink> and is hosted by the University of <location wordnetid="100027167" confidence="0.9508927676800064">
<link xlink:type="simple" xlink:href="../108/42108.xml">
Kassel</link></location>
.</p>

<sec>
<st>
See also</st>
<p>

<list>
<entry level="1" type="bullet">

 <link>
List of social bookmarking sites</link></entry>
<entry level="1" type="bullet">

 <link xlink:type="simple" xlink:href="../495/9922495.xml">
Comparison of reference management software</link></entry>
</list>
</p>

</sec>
<sec>
<st>
References</st>
<p>

<list>
<entry level="1" type="bullet">

 Robert Jäschke,  Andreas Hotho, Christoph Schmitz and Gerd Stumme. <weblink xlink:type="simple" xlink:href="http://www.springerlink.com/content/mq68202840487751/">
Analysis of the Publication Sharing Behaviour in BibSonomy</weblink>, Proc. of the Conceptual Structures: Knowledge Architectures for Smart Applications, Springer, 2006</entry>
<entry level="1" type="bullet">

 Andreas Hotho and Robert Jäschke and Christoph Schmitz and Gerd Stumme. <weblink xlink:type="simple" xlink:href="http://www.springerlink.com/content/r8313654k80v7231">
Information Retrieval in Folksonomies: Search and Ranking</weblink>. Proceedings of the 3rd European Semantic Web Conference, 411-426, Springer,Budva, Montenegro,2006.</entry>
</list>
</p>

</sec>
<sec>
<st>
External links</st>
<p>

<list>
<entry level="1" type="bullet">

 <weblink xlink:type="simple" xlink:href="http://www.bibsonomy.org/">
Official site</weblink></entry>
</list>
</p>

</sec>
</bdy>
</article>
