<?xml version="1.0" encoding="UTF-8"?>
<!-- generated by CLiX/Wiki2XML [MPI-Inf, MMCI@UdS] $LastChangedRevision: 92 $ on 17.04.2009 00:10:19[mciao0826] -->
<!DOCTYPE article SYSTEM "../article.dtd">
<article xmlns:xlink="http://www.w3.org/1999/xlink">
<entrant  confidence="0.9511911446218017" wordnetid="103291243">
<singer  confidence="0.9511911446218017" wordnetid="110599806">
<header>
<title>Sabrina (Portuguese singer)</title>
<id>10123713</id>
<revision>
<id>243401597</id>
<timestamp>2008-10-06T10:59:14Z</timestamp>
<contributor>
<username>Pjahr</username>
<id>1245212</id>
</contributor>
</revision>
<categories>
<category>Portuguese Eurovision Song Contest entrants</category>
<category>1983 births</category>
<category>Living people</category>
<category>Eurovision Song Contest entrants of 2007</category>
<category>Portuguese female singers</category>
</categories>
</header>
<bdy>
<template>
<name>Infobox musical artist</name>
<parameters>
<Born>
1983 (age&nbsp;25&ndash;26)</Born>
<Years_active>
2003–2006 (<it>Teenagers</it>)2006–present (solo)</Years_active>
<Background>
solo_singer</Background>
<Origin>
<link>
Setúbal</link>, <country wordnetid="108544813" confidence="0.9508927676800064">
<link xlink:type="simple" xlink:href="../033/23033.xml">
Portugal</link></country>
</Origin>
<Name>
Sabrina</Name>
<Alias>
Sabrina</Alias>
<Associated_acts>
Teenagers</Associated_acts>
<Occupation>
<link xlink:type="simple" xlink:href="../707/162707.xml">
Singer</link></Occupation>
<Img_capt>
Promotional photo for <link>
RTP</link>'s 2007 <link>
Festival da Canção</link>.</Img_capt>
<Genre>
<link xlink:type="simple" xlink:href="../624/24624.xml">
Pop</link></Genre>
<Birth_name>
Teresa Villa-Lobos</Birth_name>
</parameters>
</template>

<p>

<b>Sabrina</b> (born 1983) is the <link xlink:type="simple" xlink:href="../412/53412.xml">
stage name</link> of <b>Teresa Villa-Lobos</b>, a <country wordnetid="108544813" confidence="0.9508927676800064">
<link xlink:type="simple" xlink:href="../033/23033.xml">
Portuguese</link></country>
 <link xlink:type="simple" xlink:href="../707/162707.xml">
singer</link>, from <link>
Setúbal</link>. She represented her country and national broadcaster <link>
RTP</link> at the <symbol wordnetid="106806469" confidence="0.8">
<award wordnetid="106696483" confidence="0.8">
<signal wordnetid="106791372" confidence="0.8">
<link xlink:type="simple" xlink:href="../881/4461881.xml">
Eurovision Song Contest 2007</link></signal>
</award>
</symbol>
, in <village wordnetid="108672738" confidence="0.9508927676800064">
<link xlink:type="simple" xlink:href="../696/13696.xml">
Helsinki</link></village>
, <country wordnetid="108544813" confidence="0.9508927676800064">
<link xlink:type="simple" xlink:href="../577/10577.xml">
Finland</link></country>
, after winning the <link>
Festival da Canção</link>, the national selection. Due to Portugal's non-qualification to the final, in 2006, Sabrina performed in the semifinal, finishing 11th thus failing to qualify.</p>

<sec>
<st>
Biography</st>
<p>

Sabrina started singing at school and family parties and, at the age of 16, she already had won some <link xlink:type="simple" xlink:href="../080/17080.xml">
karaoke</link> competitions. Her major hobby was playing <link xlink:type="simple" xlink:href="../197/188197.xml">
futsal</link> at the <it>Grupo Desportivo e Recreativo do Bairro do Liceu</it>, achieving a championship runner-up place for local club <link>
Vitória de Setúbal</link>. </p>
<p>

Professionally, she was part of the third and last line-up of <country wordnetid="108544813" confidence="0.9508927676800064">
<link xlink:type="simple" xlink:href="../033/23033.xml">
Portuguese</link></country>
 <link xlink:type="simple" xlink:href="../777/10256777.xml">
girlband</link> <it>Teenagers</it>, from 2003 to 2006, when she planned to start her <musical_organization wordnetid="108246613" confidence="0.8">
<link xlink:type="simple" xlink:href="../234/377234.xml">
solo</link></musical_organization>
 career. In early 2007, with 24 years old, she was selected, through a <link xlink:type="simple" xlink:href="../601/53601.xml">
casting</link>, to participate on <link>
RTP</link>'s <it><link>
Festival da Canção 2007</link></it>. Her producer, popular artist <link xlink:type="simple" xlink:href="../233/1312233.xml">
Emanuel</link>, proposed her to perform under the <link xlink:type="simple" xlink:href="../594/40594.xml">
alias</link> Sabrina. On <link xlink:type="simple" xlink:href="../196/20196.xml">
March 10</link>, she won the show with almost twice the votes of the runner-up.<ref xlink:type="simple" xlink:href="#xpointer(//reflist/entry[@id=%221%22])">1</ref> The song, called "<link>
Dança Comigo (Vem Ser Feliz)</link>", represented <country wordnetid="108544813" confidence="0.9508927676800064">
<link xlink:type="simple" xlink:href="../033/23033.xml">
Portugal</link></country>
 at the <symbol wordnetid="106806469" confidence="0.8">
<award wordnetid="106696483" confidence="0.8">
<signal wordnetid="106791372" confidence="0.8">
<link xlink:type="simple" xlink:href="../881/4461881.xml">
Eurovision Song Contest 2007</link></signal>
</award>
</symbol>
 in <village wordnetid="108672738" confidence="0.9508927676800064">
<link xlink:type="simple" xlink:href="../696/13696.xml">
Helsinki</link></village>
, <country wordnetid="108544813" confidence="0.9508927676800064">
<link xlink:type="simple" xlink:href="../577/10577.xml">
Finland</link></country>
. The song is considered as a typical Portuguese <link xlink:type="simple" xlink:href="../409/299409.xml">
schlager</link> (nicknamed <it>"<link xlink:type="simple" xlink:href="../750/1277750.xml">
Pimba</link>"</it> in Portugal). </p>
<p>

Sabrina performed in position number 17 at the Eurovision Song Contest 2007 semifinal, backed by a mixed pair of dancers and three female singers. The Eurovision version was more <link xlink:type="simple" xlink:href="../895/58895.xml">
latino</link>-influenced than the version with which she won the <it>Festival da Canção</it>, and the last two <link xlink:type="simple" xlink:href="../730/317730.xml">
chorus</link> was sang in <language wordnetid="106282651" confidence="0.8">
<link xlink:type="simple" xlink:href="../597/10597.xml">
French</link></language>
, <language wordnetid="106282651" confidence="0.9508927676800064">
<link xlink:type="simple" xlink:href="../825/26825.xml">
Spanish</link></language>
, <language wordnetid="106282651" confidence="0.8">
<link xlink:type="simple" xlink:href="../916/8569916.xml">
English</link></language>
 and <language wordnetid="106282651" confidence="0.9508927676800064">
<link xlink:type="simple" xlink:href="../915/23915.xml">
Portuguese</link></language>
. The dance routine was more elaborate also. Sabrina ended up 11th, just 4 points short of qualification, right behind <region wordnetid="108630985" confidence="0.8">
<administrative_district wordnetid="108491826" confidence="0.8">
<location wordnetid="100027167" confidence="0.8">
<district wordnetid="108552138" confidence="0.8">
<country wordnetid="108544813" confidence="0.8">
<link xlink:type="simple" xlink:href="../507/8596507.xml">
Moldova</link></country>
</district>
</location>
</administrative_district>
</region>
 (to whom incidentally Portugal gave its maximum points). The song's final ranking was 25th out of 42 countries, making "Dança Comigo" the most successful Portuguese entry since <link>
1998</link>, and the second highest Portuguese scorer ever, with 88 points (after the 92 points from <link xlink:type="simple" xlink:href="../360/18994360.xml">
1996</link>). 44 points came from western European countries (8 points from neighbouring <system wordnetid="108435388" confidence="0.8">
<economy wordnetid="108366753" confidence="0.8">
<group wordnetid="100031264" confidence="0.8">
<link xlink:type="simple" xlink:href="../667/26667.xml">
Spain</link></group>
</economy>
</system>
), and 36 points from eastern Europe. It was the highest western scoring song in the semifinal. In <link xlink:type="simple" xlink:href="../692/11173692.xml">
ESC 2008</link>, she will be spokesperson for RTP.</p>
<p>

Sabrina is currently married to <physical_entity wordnetid="100001930" confidence="0.8">
<person wordnetid="100007846" confidence="0.8">
<football_player wordnetid="110101634" confidence="0.8">
<player wordnetid="110439851" confidence="0.8">
<preserver wordnetid="110466918" confidence="0.8">
<contestant wordnetid="109613191" confidence="0.8">
<defender wordnetid="109614684" confidence="0.8">
<causal_agent wordnetid="100007347" confidence="0.8">
<athlete wordnetid="109820263" confidence="0.8">
<link xlink:type="simple" xlink:href="../989/8748989.xml">
Nandinho</link></athlete>
</causal_agent>
</defender>
</contestant>
</preserver>
</player>
</football_player>
</person>
</physical_entity>
, a Portuguese <link xlink:type="simple" xlink:href="../568/10568.xml">
football player</link>, former captain of <link>
Vitória de Setúbal</link>. Along with the Eurovision Song Contest preparations, she is also working on her debut album, produced by <physical_entity wordnetid="100001930" confidence="0.8">
<person wordnetid="100007846" confidence="0.8">
<performer wordnetid="110415638" confidence="0.8">
<singer wordnetid="110599806" confidence="0.8">
<musician wordnetid="110340312" confidence="0.8">
<causal_agent wordnetid="100007347" confidence="0.8">
<entertainer wordnetid="109616922" confidence="0.8">
<link xlink:type="simple" xlink:href="../251/14211251.xml">
Emanuel</link></entertainer>
</causal_agent>
</musician>
</singer>
</performer>
</person>
</physical_entity>
.</p>

</sec>
<sec>
<st>
Notes</st>

<p>

<reflist>
<entry id="1">
"<weblink xlink:type="simple" xlink:href="http://www.rtp.pt/wportal/sites/tv/festival_cancao07/index.php">
Festival da Canção 2007</weblink>".&#32;  RTP.&#32;Retrieved on <link>
2007-03-20</link>.</entry>
</reflist>
</p>

</sec>
<sec>
<st>
 See also </st>
<p>

<list>
<entry level="1" type="bullet">

<region wordnetid="108630985" confidence="0.8">
<administrative_district wordnetid="108491826" confidence="0.8">
<location wordnetid="100027167" confidence="0.8">
<district wordnetid="108552138" confidence="0.8">
<country wordnetid="108544813" confidence="0.8">
<link xlink:type="simple" xlink:href="../335/8287335.xml">
Portugal in the Eurovision Song Contest 2007</link></country>
</district>
</location>
</administrative_district>
</region>
</entry>
</list>
</p>

</sec>
<sec>
<st>
External links</st>
<p>

<list>
<entry level="1" type="bullet">

<weblink xlink:type="simple" xlink:href="http://sabrinaportugal2007.pt.vu/">
Sabrina's Portuguese fansite</weblink> (Portuguese)</entry>
<entry level="1" type="bullet">

<weblink xlink:type="simple" xlink:href="http://www.youtube.com/watch?v=14hDWaqPsjU">
Video of song "Dança comigo"</weblink></entry>
<entry level="1" type="bullet">

<weblink xlink:type="simple" xlink:href="http://www.eurovisao.web.pt">
EuroVisão Portugal (www.eurovisao.web.pt)</weblink> (Portuguese)</entry>
<entry level="1" type="bullet">

<weblink xlink:type="simple" xlink:href="http://www.rtp.pt/wportal/sites/tv/festival_cancao07/index.php">
Festival da Canção 2007 - official website</weblink> (Portuguese)</entry>
<entry level="1" type="bullet">

<weblink xlink:type="simple" xlink:href="http://www.oikotimes.com/v2/index.php?file=articles&amp;id=50">
Interview and report</weblink></entry>
</list>
</p>


<p>

<table style="margin:0.5em auto; font-size:95%;clear:both;" class="wikitable">
<row style="text-align: center;">
</row>
<row style="text-align:center;">
<col align="center" width="30%" rowspan="1">
Preceded&nbsp;by<b><link xlink:type="simple" xlink:href="../029/4686029.xml">
Nonstop</link></b></col>
<col style="text-align: center;" width="40%" rowspan="1">
<b><link>
Festival da Canção Winner</link></b><link xlink:type="simple" xlink:href="../165/36165.xml">
2007</link></col>
<col align="center" width="30%" rowspan="1">
 Succeeded&nbsp;by<b><link>
Vânia Fernandes</link></b></col>
</row>
</table>
</p>
<p>

<table style="margin:0.5em auto; font-size:95%;clear:both;" class="wikitable">
<row style="text-align: center;">
</row>
<row style="text-align:center;">
<col align="center" width="30%" rowspan="1">
Preceded&nbsp;by<b><link xlink:type="simple" xlink:href="../029/4686029.xml">
Nonstop</link></b></col>
<col style="text-align: center;" width="40%" rowspan="1">
<b><country wordnetid="108544813" confidence="0.9508927676800064">
<link xlink:type="simple" xlink:href="../925/4760925.xml">
Portugal in the Eurovision Song Contest</link></country>
</b><link xlink:type="simple" xlink:href="../165/36165.xml">
2007</link></col>
<col align="center" width="30%" rowspan="1">
 Succeeded&nbsp;by<b><link>
Vânia Fernandes</link></b></col>
</row>
</table>
</p>



</sec>
</bdy>
</singer>
</entrant>
</article>
