<?xml version="1.0" encoding="UTF-8"?>
<!-- generated by CLiX/Wiki2XML [MPI-Inf, MMCI@UdS] $LastChangedRevision: 92 $ on 17.04.2009 00:14:26[mciao0827] -->
<!DOCTYPE article SYSTEM "../article.dtd">
<article xmlns:xlink="http://www.w3.org/1999/xlink">
<physical_entity  confidence="0.8" wordnetid="100001930">
<person  confidence="0.8" wordnetid="100007846">
<intellectual  confidence="0.8" wordnetid="109621545">
<alumnus  confidence="0.8" wordnetid="109786338">
<causal_agent  confidence="0.8" wordnetid="100007347">
<scientist  confidence="0.8" wordnetid="110560637">
<mathematician  confidence="0.8" wordnetid="110301261">
<scholar  confidence="0.8" wordnetid="110557854">
<header>
<title>Olive Hazlett</title>
<id>10133976</id>
<revision>
<id>233907988</id>
<timestamp>2008-08-24T10:22:07Z</timestamp>
<contributor>
<username>SieBot</username>
<id>4005189</id>
</contributor>
</revision>
<categories>
<category>Mount Holyoke College faculty</category>
<category>Radcliffe College alumni</category>
<category>1890 births</category>
<category>1974 deaths</category>
<category>University of Chicago alumni</category>
<category>American mathematicians</category>
</categories>
</header>
<bdy>

<b>Olive Clio Hazlett</b> (<link xlink:type="simple" xlink:href="../434/22434.xml">
October 27</link>, <link xlink:type="simple" xlink:href="../707/34707.xml">
1890</link> - <link xlink:type="simple" xlink:href="../053/20053.xml">
March 8</link>, <link xlink:type="simple" xlink:href="../654/34654.xml">
1974</link>) was an <body wordnetid="107965085" confidence="0.8">
<social_group wordnetid="107950920" confidence="0.8">
<political_orientation wordnetid="106212839" confidence="0.8">
<colony wordnetid="108374049" confidence="0.8">
<state wordnetid="108168978" confidence="0.8">
<political_unit wordnetid="108359949" confidence="0.8">
<group wordnetid="100031264" confidence="0.8">
<democracy wordnetid="106217103" confidence="0.8">
<link xlink:type="simple" xlink:href="../750/3434750.xml">
American</link></democracy>
</group>
</political_unit>
</state>
</colony>
</political_orientation>
</social_group>
</body>
 <link xlink:type="simple" xlink:href="../902/18902.xml">
mathematician</link> who spent most of her career working for the <university wordnetid="108286163" confidence="0.9508927676800064">
<link xlink:type="simple" xlink:href="../695/384695.xml">
University of Illinois</link></university>
. She mainly researched <link xlink:type="simple" xlink:href="../923/18716923.xml">
algebra</link>, and wrote seventeen <link xlink:type="simple" xlink:href="../521/1903521.xml">
research paper</link>s on subjects such as <link>
nilpotent algebra</link>s, <link xlink:type="simple" xlink:href="../493/8493.xml">
division algebra</link>s, <link>
modular invariants</link>, and the arithmetic of algebras.
<sec>
<st>
Background</st>
<p>

Hazlett was born in <link xlink:type="simple" xlink:href="../615/18522615.xml">
Cincinnati</link>, <region wordnetid="108630985" confidence="0.8">
<administrative_district wordnetid="108491826" confidence="0.8">
<location wordnetid="100027167" confidence="0.8">
<district wordnetid="108552138" confidence="0.8">
<country wordnetid="108544813" confidence="0.8">
<link xlink:type="simple" xlink:href="../199/22199.xml">
Ohio</link></country>
</district>
</location>
</administrative_district>
</region>
 but grew up in <link xlink:type="simple" xlink:href="../775/3775.xml">
Boston</link>, <country wordnetid="108544813" confidence="0.9508927676800064">
<link xlink:type="simple" xlink:href="../518/1645518.xml">
Massachusetts</link></country>
 where she attended public school. In 1912 she received her <link xlink:type="simple" xlink:href="../874/188874.xml">
bachelor's degree</link> from <university wordnetid="108286163" confidence="0.9508927676800064">
<link xlink:type="simple" xlink:href="../977/242977.xml">
Radcliffe College</link></university>
. She then attended the <university wordnetid="108286163" confidence="0.9508927676800064">
<link xlink:type="simple" xlink:href="../127/32127.xml">
University of Chicago</link></university>
 for her <link xlink:type="simple" xlink:href="../346/170346.xml">
master's degree</link> (1913) and Ph.D. (1915), for which she wrote a <link xlink:type="simple" xlink:href="../215/300215.xml">
thesis</link> titled <it>On the Classification and Invariantive Characterization of Nilpotent Algebras.</it> After receiving her <link xlink:type="simple" xlink:href="../886/188886.xml">
doctoral degree</link> Hazlett was awarded an <physical_entity wordnetid="100001930" confidence="0.8">
<disputant wordnetid="109615465" confidence="0.8">
<person wordnetid="100007846" confidence="0.8">
<reformer wordnetid="110515194" confidence="0.8">
<militant wordnetid="110315837" confidence="0.8">
<causal_agent wordnetid="100007347" confidence="0.8">
<academician wordnetid="109759069" confidence="0.8">
<adult wordnetid="109605289" confidence="0.8">
<professional wordnetid="110480253" confidence="0.8">
<educator wordnetid="110045713" confidence="0.8">
<link xlink:type="simple" xlink:href="../678/2535678.xml">
Alice Freeman Palmer</link></educator>
</professional>
</adult>
</academician>
</causal_agent>
</militant>
</reformer>
</person>
</disputant>
</physical_entity>
 <link xlink:type="simple" xlink:href="../337/180337.xml">
Fellowship</link> by Harvard, which allowed her to research invariants of nilpotent algebras at <university wordnetid="108286163" confidence="0.9508927676800064">
<link xlink:type="simple" xlink:href="../984/175984.xml">
Wellesley College</link></university>
 there for the next year. </p>

</sec>
<sec>
<st>
Career</st>
<p>

In 1916 she was appointed to <university wordnetid="108286163" confidence="0.9508927676800064">
<link xlink:type="simple" xlink:href="../852/220852.xml">
Bryn Mawr College</link></university>
, where she worked for two years before accepting an appointment as <link xlink:type="simple" xlink:href="../771/19360771.xml">
assistant professor</link> at <university wordnetid="108286163" confidence="0.9508927676800064">
<link xlink:type="simple" xlink:href="../521/98521.xml">
Mount Holyoke College</link></university>
. She was promoted to <link>
associate professor</link> in 1924 but left in 1925 because she felt she was not given enough time or resources to pursue her research in algebra. It was then that she took a job as assistant professor at the University of Illinois, where she would spend the rest of her career.</p>
<p>

In 1928 Hazlett received a <link xlink:type="simple" xlink:href="../430/1554430.xml">
Guggenheim Fellowship</link> that allowed her to spend a year visiting <system wordnetid="108435388" confidence="0.8">
<economy wordnetid="108366753" confidence="0.8">
<group wordnetid="100031264" confidence="0.8">
<link xlink:type="simple" xlink:href="../532/14532.xml">
Italy</link></group>
</economy>
</system>
, <country wordnetid="108544813" confidence="0.9508927676800064">
<link xlink:type="simple" xlink:href="../867/11867.xml">
Germany</link></country>
, and <country wordnetid="108544813" confidence="0.9508927676800064">
<link xlink:type="simple" xlink:href="../748/26748.xml">
Switzerland</link></country>
. While in Italy she presented a paper called <it>Integers as Matrices</it> to the <social_group wordnetid="107950920" confidence="0.8">
<congress wordnetid="108308800" confidence="0.8">
<meeting wordnetid="108307589" confidence="0.8">
<gathering wordnetid="107975026" confidence="0.8">
<group wordnetid="100031264" confidence="0.8">
<link xlink:type="simple" xlink:href="../842/627842.xml">
International Congress of Mathematicians</link></group>
</gathering>
</meeting>
</congress>
</social_group>
 in <link xlink:type="simple" xlink:href="../876/36876.xml">
Bologna</link>. Near the end of her visits she requested an extension of her Guggenheim Fellowship, which was granted and allowed her to spend another year in <link xlink:type="simple" xlink:href="../239/9239.xml">
Europe</link>. When she finally returned to the University of Illinois in 1930, she was promoted to associate professor and received a pay raise. However, her teaching schedule was rigorous and required her to teach service courses to large classes of non-math-majors, and after 1930 she did not publish any more research papers. In 1935 she wrote to the chair of the mathematics department complaining that the service courses left her no time for research, but her teaching schedule was not changed and by December 1936 she took a sick leave after having a mental breakdown from the stress of her job. The sick leave was supposed to end in August 1937, but her health had not improved enough by this time and she took another year off. She was, however, able to return to teaching by the end of 1938.</p>
<p>

When <military_action wordnetid="100952963" confidence="0.8">
<group_action wordnetid="101080366" confidence="0.8">
<event wordnetid="100029378" confidence="0.8">
<conflict wordnetid="100958896" confidence="0.8">
<act wordnetid="100030358" confidence="0.8">
<psychological_feature wordnetid="100023100" confidence="0.8">
<war wordnetid="100973077" confidence="0.8">
<link xlink:type="simple" xlink:href="../927/32927.xml">
World War II</link></war>
</psychological_feature>
</act>
</conflict>
</event>
</group_action>
</military_action>
 started in 1940, she was appointed a member of the <organization wordnetid="108008335" confidence="0.9508927676800064">
<link xlink:type="simple" xlink:href="../822/198822.xml">
American Mathematical Society</link></organization>
's Cryptanalysis Committee, for which she worked until the war's end. She maintained her teaching job for most of this period, though, (except for taking leave in 1944-45) and went to great lengths to keep her Cryptanalysis Committee work secret. Her health, however, continued to deteriorate, and in 1946 the University of Illinois placed her on permanent <link>
disability leave</link>.</p>
<p>

In 1959 she officially retired from the University of Illinois as an Associate Professor <link xlink:type="simple" xlink:href="../793/185793.xml">
Emerita</link>. She lived the rest of her life at her home in <village wordnetid="108672738" confidence="0.9508927676800064">
<link xlink:type="simple" xlink:href="../123/332123.xml">
Peterborough</link></village>
, <region wordnetid="108630985" confidence="0.8">
<administrative_district wordnetid="108491826" confidence="0.8">
<location wordnetid="100027167" confidence="0.8">
<district wordnetid="108552138" confidence="0.8">
<country wordnetid="108544813" confidence="0.8">
<link xlink:type="simple" xlink:href="../134/21134.xml">
New Hampshire</link></country>
</district>
</location>
</administrative_district>
</region>
.</p>

</sec>
<sec>
<st>
 External links </st>
<p>

<list>
<entry level="1" type="bullet">

<weblink xlink:type="simple" xlink:href="http://www.agnesscott.edu/lriddle/WOMEN/hazlett.htm">
Biographies of Women Mathematicians: Olive Clio Hazlett</weblink></entry>
<entry level="1" type="bullet">

<weblink xlink:type="simple" xlink:href="http://www-groups.dcs.st-and.ac.uk/~history/Biographies/Hazlett.html">
MacTutor History of Mathematics Archive: Olive Clio Hazlett</weblink></entry>
</list>
</p>



</sec>
</bdy>
</scholar>
</mathematician>
</scientist>
</causal_agent>
</alumnus>
</intellectual>
</person>
</physical_entity>
</article>
