<?xml version="1.0" encoding="UTF-8"?>
<!-- generated by CLiX/Wiki2XML [MPI-Inf, MMCI@UdS] $LastChangedRevision: 92 $ on 17.04.2009 00:10:48[mciao0826] -->
<!DOCTYPE article SYSTEM "../article.dtd">
<article xmlns:xlink="http://www.w3.org/1999/xlink">
<header>
<title>Wintopo</title>
<id>10143862</id>
<revision>
<id>213209464</id>
<timestamp>2008-05-18T08:26:48Z</timestamp>
<contributor>
<username>Aldis90</username>
<id>1372173</id>
</contributor>
</revision>
<categories>
<category>Computer-aided design software</category>
<category>Freeware</category>
<category>Raster to vector conversion software</category>
</categories>
</header>
<bdy>

<b>WinTopo</b> is a computer <link xlink:type="simple" xlink:href="../309/5309.xml">
software</link> application for converting a <link xlink:type="simple" xlink:href="../742/25742.xml">
raster</link> image into a <link xlink:type="simple" xlink:href="../499/32499.xml">
vector</link> drawing. It exists primarily for the <link xlink:type="simple" xlink:href="../890/18890.xml">
Microsoft Windows</link> platform, but can also be operated under <O wordnetid="106832680" confidence="0.9508927676800064">
<link xlink:type="simple" xlink:href="../297/6097297.xml">
Linux</link></O>
.
The software is notable for having a <link xlink:type="simple" xlink:href="../592/11592.xml">
freeware</link> version as well as a non-free <it>pro</it> version.
<sec>
<st>
WinTopo Freeware</st>
<p>

WinTopo Freeware automates a two stage method, which firstly uses mathematical algorithms to skelotonize the <link xlink:type="simple" xlink:href="../665/23665.xml">
pixel</link> image to single width pixel lines, and secondly employs a pixel following algorithm to produce the vector lines from the pixel skeleton.<ref xlink:type="simple" xlink:href="#xpointer(//reflist/entry[@id=%221%22])">1</ref></p>
<p>

WinTopo Freeware imports raster images of either <link xlink:type="simple" xlink:href="../326/13390326.xml">
bitmap</link>, <link xlink:type="simple" xlink:href="../478/145478.xml">
TIFF</link>, <format wordnetid="106636806" confidence="0.9508927676800064">
<link xlink:type="simple" xlink:href="../306/24306.xml">
PNG</link></format>
, <link xlink:type="simple" xlink:href="../702/12702.xml">
GIF</link> or <format wordnetid="106636806" confidence="0.9508927676800064">
<link xlink:type="simple" xlink:href="../009/16009.xml">
JPEG</link></format>
 format.
After conversion the result can be saved in various vector file formats, primarily <link xlink:type="simple" xlink:href="../754/2754.xml">
DXF</link> for <link xlink:type="simple" xlink:href="../315/37315.xml">
CAD</link> applications, and ArcView Shapefile for <link xlink:type="simple" xlink:href="../398/12398.xml">
GIS</link> applications. WinTopo has become widely used in the <system wordnetid="104377057" confidence="0.8">
<artifact wordnetid="100021939" confidence="0.8">
<instrumentality wordnetid="103575240" confidence="0.8">
<link xlink:type="simple" xlink:href="../457/266457.xml">
CNC</link></instrumentality>
</artifact>
</system>
 industry due to the vector lines being output joined up in continuous polylines, which is beneficial to minimize tool movement of the CNC machinery.<ref xlink:type="simple" xlink:href="#xpointer(//reflist/entry[@id=%222%22])">2</ref></p>

</sec>
<sec>
<st>
WinTopo Pro</st>
<p>

WinTopo Pro is the non-free version of the software. This version is the same as the freeware version, but includes additional functionality to clean up the raster image to better prepare it for the raster to vector conversion process. It also has additional vectorisation possibilities, and functions to allow editing of the vector after conversion.</p>
<p>

Many raster images which require conversion to vector format are produced from paper originals which have been <link xlink:type="simple" xlink:href="../625/317625.xml">
scanned</link> into <link xlink:type="simple" xlink:href="../742/25742.xml">
raster</link> file format. It is common for the paper original to show various blemishes and background discoloration. The scanning process can often introduce similar image defects. For this reason there are a number of functions within WinTopo Pro to remove image defects and isolate the wanted detail.<ref xlink:type="simple" xlink:href="#xpointer(//reflist/entry[@id=%223%22])">3</ref><ref xlink:type="simple" xlink:href="#xpointer(//reflist/entry[@id=%224%22])">4</ref></p>

</sec>
<sec>
<st>
History of WinTopo</st>
<p>

WinTopo was first released as <link xlink:type="simple" xlink:href="../592/11592.xml">
freeware</link> in May 1999 by the original author Bong Khin Fah of <country wordnetid="108544813" confidence="0.9508927676800064">
<link xlink:type="simple" xlink:href="../937/3607937.xml">
Malaysia</link></country>
.<ref xlink:type="simple" xlink:href="#xpointer(//reflist/entry[@id=%225%22])">5</ref> The software implemented the <link xlink:type="simple" xlink:href="../604/1924604.xml">
skeletonization</link> techniques of two published algorithms, plus a pixel-following algorithm to output <link xlink:type="simple" xlink:href="../499/32499.xml">
vectors</link> representing the original image.</p>
<p>

Later that year the English software company SoftSoft Ltd collaborated with the original author to enhance the software and a number of improved versions were released.<ref xlink:type="simple" xlink:href="#xpointer(//reflist/entry[@id=%226%22])">6</ref> SoftSoft Ltd became involved when looking for an inexpensive yet capable raster to vector conversion program to convert an image for another project. They found at that time that the only software that was capable cost thousands of dollars (far too expensive for the purposes that was required).</p>
<p>

The first release of WinTopo, although capable in the skeletonization functionality, did not produce vectors that were useful for <link xlink:type="simple" xlink:href="../315/37315.xml">
CAD</link> usage. SoftSoft Ltd was experienced in the production of CAD systems, and so collaborated to develop the software up to a standard which they believed would make it as useful as the incumbent expensive systems. Both parties agreed that the resulting software should be maintained as <link xlink:type="simple" xlink:href="../592/11592.xml">
freeware</link>.</p>
<p>

Alongside the freeware project, SoftSoft Ltd and Bong Khin Fah developed the WinTopo Pro version, into which much research was expended into advancing the skeletonization and image processing.</p>
<p>

In 2003 the WinTopo Freeware project and the WinTopo Pro project were combined into a single code base, mainly for the purpose of simplifying on-going development, though this had the side-effect of providing the freeware version with professional quality algorithms and user interface, and so benefiting the millions of users of WinTopo Freeware.<ref xlink:type="simple" xlink:href="#xpointer(//reflist/entry[@id=%227%22])">7</ref></p>

</sec>
<sec>
<st>
Uses of WinTopo</st>
<p>

Although developed by SoftSoft Ltd in the <link xlink:type="simple" xlink:href="../315/37315.xml">
CAD</link> industry and Bong Khin Fah in the <link xlink:type="simple" xlink:href="../398/12398.xml">
GIS</link> field, WinTopo has been utilized for a wide range of other disciplines. Here are some examples:</p>
<p>

<list>
<entry level="1" type="bullet">

 <weblink xlink:type="simple" xlink:href="http://www.robotlab.de/auto/portrait.htm">
Robotics</weblink> A robot portrait painter.</entry>
<entry level="1" type="bullet">

 <weblink xlink:type="simple" xlink:href="http://www.terrainmap.com/rm33.html">
3D Ground modeling</weblink> Creation of a <system wordnetid="104377057" confidence="0.8">
<artifact wordnetid="100021939" confidence="0.8">
<instrumentality wordnetid="103575240" confidence="0.8">
<link xlink:type="simple" xlink:href="../442/78442.xml">
DEM</link></instrumentality>
</artifact>
</system>
 from a <link xlink:type="simple" xlink:href="../086/650086.xml">
contour map</link>.</entry>
<entry level="1" type="bullet">

 <weblink xlink:type="simple" xlink:href="http://www.bevstephenson.co.uk/Tutorials">
CNC Cutting</weblink> Preparation of raster images for <system wordnetid="104377057" confidence="0.8">
<artifact wordnetid="100021939" confidence="0.8">
<instrumentality wordnetid="103575240" confidence="0.8">
<link xlink:type="simple" xlink:href="../457/266457.xml">
CNC</link></instrumentality>
</artifact>
</system>
 cutting machines.</entry>
<entry level="1" type="bullet">

 <weblink xlink:type="simple" xlink:href="http://www.ayeone.com/wintopo.htm">
Embroidery</weblink> Preparation of raster images for digital <link xlink:type="simple" xlink:href="../996/9996.xml">
embroidery</link> <link xlink:type="simple" xlink:href="../012/85012.xml">
sewing machine</link>s.</entry>
<entry level="1" type="bullet">

 <weblink xlink:type="simple" xlink:href="http://www.jksmithdesigns.com/projects/chap9/dxfPat.htm">
Clothing</weblink> Creation of clothing designs from raster images.</entry>
<entry level="1" type="bullet">

 <weblink xlink:type="simple" xlink:href="http://www.koreamed.org/SearchBasic.php?RID=188887&amp;DT=1">
Medicine</weblink> Diagnosis of Burst Fracture of the <link xlink:type="simple" xlink:href="../648/304648.xml">
Spine</link> on Plain <link xlink:type="simple" xlink:href="../807/95807.xml">
Radiographs</link>.</entry>
<entry level="1" type="bullet">

 <weblink xlink:type="simple" xlink:href="http://members.aol.com/q9685123/M4.htm">
Woodcutting</weblink> <system wordnetid="104377057" confidence="0.8">
<artifact wordnetid="100021939" confidence="0.8">
<instrumentality wordnetid="103575240" confidence="0.8">
<link xlink:type="simple" xlink:href="../457/266457.xml">
CNC</link></instrumentality>
</artifact>
</system>
 Milling of raster images.</entry>
<entry level="1" type="bullet">

 <weblink xlink:type="simple" xlink:href="http://www2.humlab.umu.se/hsm/program/metoder.htm">
Ancient Art</weblink> Analysis of ancient rock paintings.</entry>
<entry level="1" type="bullet">

 <weblink xlink:type="simple" xlink:href="http://msanfilippo.typepad.com/photos/homebuilt_cnc/dsc06920.html">
Photo Engraving</weblink> Preparation of a photo for a <system wordnetid="104377057" confidence="0.8">
<artifact wordnetid="100021939" confidence="0.8">
<instrumentality wordnetid="103575240" confidence="0.8">
<link xlink:type="simple" xlink:href="../457/266457.xml">
CNC</link></instrumentality>
</artifact>
</system>
 <link xlink:type="simple" xlink:href="../125/60125.xml">
engraving</link> machine.</entry>
</list>
</p>
<p>

=See Also=
<list>
<entry level="1" type="bullet">

 <link xlink:type="simple" xlink:href="../178/3099178.xml">
Comparison of raster to vector conversion software</link></entry>
</list>
</p>
<p>

=External Links=
<list>
<entry level="1" type="bullet">

 <weblink xlink:type="simple" xlink:href="http://www.wintopo.com">
WinTopo Web Site</weblink></entry>
<entry level="1" type="bullet">

 <weblink xlink:type="simple" xlink:href="http://tech.groups.yahoo.com/group/wintopo">
WinTopo User Group</weblink></entry>
</list>
</p>
<p>

=References=</p>
<p>

<reflist>
<entry id="1">
<weblink xlink:type="simple" xlink:href="http://www.softsoft.net/wintopo/help/html/vectorise2.htm">
http://www.softsoft.net/wintopo/help/html/vectorise2.htm</weblink> WinTopo Stages of Vectorization</entry>
<entry id="2">
<weblink xlink:type="simple" xlink:href="http://www.wintopo.com/wintopo-free.htm">
http://www.wintopo.com/wintopo-free.htm</weblink> WinTopo Freeware</entry>
<entry id="3">
<weblink xlink:type="simple" xlink:href="http://www.wintopo.com/wintopo-pro.htm">
http://www.wintopo.com/wintopo-pro.htm</weblink> WinTopo Pro</entry>
<entry id="4">
<weblink xlink:type="simple" xlink:href="http://www.wintopo.com/help/html/raster-opt.htm">
http://www.wintopo.com/help/html/raster-opt.htm</weblink> WinTopo Raster Image Manipulation</entry>
<entry id="5">
<weblink xlink:type="simple" xlink:href="http://tech.groups.yahoo.com/group/wintopo/messages/1">
http://tech.groups.yahoo.com/group/wintopo/messages/1</weblink> WinTopo User Group Posts</entry>
<entry id="6">
<weblink xlink:type="simple" xlink:href="http://www.wintopo.com/history.htm">
http://www.wintopo.com/history.htm</weblink> WinTopo version history</entry>
<entry id="7">
<weblink xlink:type="simple" xlink:href="http://www.wintopo.com/faq.htm">
http://www.wintopo.com/faq.htm</weblink> WinTopo FAQ</entry>
</reflist>
</p>

</sec>
</bdy>
</article>
