<?xml version="1.0" encoding="UTF-8"?>
<!-- generated by CLiX/Wiki2XML [MPI-Inf, MMCI@UdS] $LastChangedRevision: 92 $ on 16.04.2009 18:00:17[mciao0826] -->
<!DOCTYPE article SYSTEM "../article.dtd">
<article xmlns:xlink="http://www.w3.org/1999/xlink">
<header>
<title>Stop words</title>
<id>1015600</id>
<revision>
<id>240679021</id>
<timestamp>2008-09-24T13:43:22Z</timestamp>
<contributor>
<username>TexasDex</username>
<id>35351</id>
</contributor>
</revision>
<categories>
<category>Information retrieval</category>
<category>Searching</category>
</categories>
</header>
<bdy>

<b>Stop words</b> sometimes known as <b>stopwords</b> or <b>Noise Words</b> (in the case of SQL Server<ref xlink:type="simple" xlink:href="#xpointer(//reflist/entry[@id=%221%22])">1</ref>), is the name given to words which are filtered out prior to, or after, processing of natural language data (text). <physical_entity wordnetid="100001930" confidence="0.8">
<person wordnetid="100007846" confidence="0.8">
<worker wordnetid="109632518" confidence="0.8">
<causal_agent wordnetid="100007347" confidence="0.8">
<scientist wordnetid="110560637" confidence="0.8">
<employee wordnetid="110053808" confidence="0.8">
<link xlink:type="simple" xlink:href="../602/1015602.xml">
Hans Peter Luhn</link></employee>
</scientist>
</causal_agent>
</worker>
</person>
</physical_entity>
, one of the pioneers in <link xlink:type="simple" xlink:href="../271/15271.xml">
information retrieval</link>, is credited with coining the phrase and using the concept in his design.  It is controlled by human input and not automated. This is sometimes seen as a negative approach to the natural articles of speech as mentioned above.<p>

There is no definite list of stop words which all natural language processing tools incorporate. Not all NLP tools use a stoplist. Some tools specifically avoid using them to support <link>
phrase searching</link>. The use of a <link xlink:type="simple" xlink:href="../964/475964.xml">
stemming</link> algorithm may reduce part of the rationale or dependence on a stoplist to filter out words.</p>
<p>

Stop words can cause problems when using a <link xlink:type="simple" xlink:href="../023/4059023.xml">
search engine</link> to search for phrases that include them, particularly in names such as '<musical_organization wordnetid="108246613" confidence="0.8">
<group wordnetid="100031264" confidence="0.8">
<link xlink:type="simple" xlink:href="../517/36517.xml">
The Who</link></group>
</musical_organization>
', '<musical_organization wordnetid="108246613" confidence="0.8">
<group wordnetid="100031264" confidence="0.8">
<link xlink:type="simple" xlink:href="../455/159455.xml">
The The</link></group>
</musical_organization>
', or '<social_group wordnetid="107950920" confidence="0.8">
<set wordnetid="108240169" confidence="0.8">
<musical_organization wordnetid="108246613" confidence="0.8">
<group wordnetid="100031264" confidence="0.8">
<link xlink:type="simple" xlink:href="../370/371370.xml">
Take That</link></group>
</musical_organization>
</set>
</social_group>
'.</p>

<sec>
<st>
 See also </st>
<p>

<list>
<entry level="1" type="bullet">

 <software wordnetid="106566077" confidence="0.8">
<application wordnetid="106570110" confidence="0.8">
<program wordnetid="106568978" confidence="0.8">
<written_communication wordnetid="106349220" confidence="0.8">
<writing wordnetid="106359877" confidence="0.8">
<code wordnetid="106355894" confidence="0.8">
<coding_system wordnetid="106353757" confidence="0.8">
<link xlink:type="simple" xlink:href="../439/318439.xml">
Text mining</link></coding_system>
</code>
</writing>
</written_communication>
</program>
</application>
</software>
</entry>
<entry level="1" type="bullet">

 <software wordnetid="106566077" confidence="0.8">
<application wordnetid="106570110" confidence="0.8">
<program wordnetid="106568978" confidence="0.8">
<written_communication wordnetid="106349220" confidence="0.8">
<writing wordnetid="106359877" confidence="0.8">
<code wordnetid="106355894" confidence="0.8">
<coding_system wordnetid="106353757" confidence="0.8">
<link xlink:type="simple" xlink:href="../858/6898858.xml">
Concept mining</link></coding_system>
</code>
</writing>
</written_communication>
</program>
</application>
</software>
</entry>
<entry level="1" type="bullet">

 <link xlink:type="simple" xlink:href="../162/383162.xml">
Information extraction</link></entry>
<entry level="1" type="bullet">

 <link xlink:type="simple" xlink:href="../652/21652.xml">
Natural language processing</link></entry>
<entry level="1" type="bullet">

 <link xlink:type="simple" xlink:href="../152/7872152.xml">
Query expansion</link></entry>
<entry level="1" type="bullet">

 <link xlink:type="simple" xlink:href="../964/475964.xml">
Stemming</link></entry>
<entry level="1" type="bullet">

 <event wordnetid="100029378" confidence="0.8">
<rule wordnetid="105846932" confidence="0.8">
<act wordnetid="100030358" confidence="0.8">
<psychological_feature wordnetid="100023100" confidence="0.8">
<procedure wordnetid="101023820" confidence="0.8">
<activity wordnetid="100407535" confidence="0.8">
<algorithm wordnetid="105847438" confidence="0.8">
<link xlink:type="simple" xlink:href="../386/7602386.xml">
Search engine indexing</link></algorithm>
</activity>
</procedure>
</psychological_feature>
</act>
</rule>
</event>
</entry>
<entry level="1" type="bullet">

 <link xlink:type="simple" xlink:href="../974/14484974.xml">
Poison words</link></entry>
</list>
</p>

</sec>
<sec>
<st>
 External links </st>
<p>

<list>
<entry level="1" type="bullet">

 <weblink xlink:type="simple" xlink:href="http://snowball.tartarus.org/">
The snowball project</weblink> currently provides lists of stopwords for English, French, Spanish, German, Portuguese, Italian, Dutch, Swedish, Norwegian, Danish, Russian, Finnish and Hungarian as part of a software stemmer project.  These lists are used in other software such as the <programming_language wordnetid="106898352" confidence="0.9508927676800064">
<link xlink:type="simple" xlink:href="../939/23939.xml">
Perl</link></programming_language>
 Lingua::StopWords module.</entry>
<entry level="1" type="bullet">

 <weblink xlink:type="simple" xlink:href="http://mail.sarai.net/pipermail/prc/Week-of-Mon-20080204/001656.html">
Hindi Stop Words</weblink></entry>
<entry level="1" type="bullet">

 <weblink xlink:type="simple" xlink:href="http://www.solariz.de/blog/70-deutsche-stopwords">
German Stop Words</weblink></entry>
<entry level="1" type="bullet">

 <weblink xlink:type="simple" xlink:href="http://pl.wikipedia.org/wiki/Wikipedia:Stopwords">
Polish Stop Words</weblink></entry>
</list>
</p>

</sec>
<sec>
<st>
References</st>

<p>

<reflist>
<entry id="1">
<weblink xlink:type="simple" xlink:href="http://technet.microsoft.com/en-us/library/ms142551.aspx">
Noise Words</weblink></entry>
</reflist>
</p>


</sec>
</bdy>
</article>
