<?xml version="1.0" encoding="UTF-8"?>
<!-- generated by CLiX/Wiki2XML [MPI-Inf, MMCI@UdS] $LastChangedRevision: 92 $ on 17.04.2009 00:15:15[mciao0827] -->
<!DOCTYPE article SYSTEM "../article.dtd">
<article xmlns:xlink="http://www.w3.org/1999/xlink">
<header>
<title>Bioneer</title>
<id>10165060</id>
<revision>
<id>204201404</id>
<timestamp>2008-04-08T12:42:44Z</timestamp>
<contributor>
<username>Asenine</username>
<id>1320563</id>
</contributor>
</revision>
<categories>
<category>Environmentalism</category>
<category>neologisms</category>
<category>Neologisms</category>
<category>Sustainability</category>
</categories>
</header>
<bdy>

This article is about the history and usage of the word <b>bioneer</b>.&#32;&#32;For the annual conference, see <link xlink:type="simple" xlink:href="../021/320021.xml">
Bioneers</link>.&#32;&#32;
<p>

<table class="metadata plainlinks ambox ">
<row>
<col>

ambox-content" style=""</col>
</row>
<row>
<col class="mbox-image"><p>

<image width="40x40px" src="Ambox_content.png">
</image>
</p>
</col>
<col style="" class="mbox-text">
 <b>An editor has expressed concern that this article may be documenting a . </b>
This new term needs . </col>
</row>
</table>
</p>

<p>

<b>Bioneer</b> (root: "biological pioneer") is a <link xlink:type="simple" xlink:href="../907/153907.xml">
neologism</link> coined by filmmaker, author and eco-activist <link>
Kenny Ausubel</link>.<ref xlink:type="simple" xlink:href="#xpointer(//reflist/entry[@id=%221%22])">1</ref> According to <it><link xlink:type="simple" xlink:href="../551/675551.xml">
Utne Reader</link></it>, a bioneer is "a biological pioneer, an ecological inventor who's got an elegant and often simple set of solutions for environmental conundrums."<ref xlink:type="simple" xlink:href="#xpointer(//reflist/entry[@id=%221%22])">1</ref> As coined by Ausubel, the term describes individuals and groups working in diverse disciplines who have crafted creative solutions to various <link xlink:type="simple" xlink:href="../632/9632.xml">
environmental</link> and socio-cultural problems rooted in shared core values, including <link xlink:type="simple" xlink:href="../358/206358.xml#xpointer(//*[./st=%22See+also%22])">
whole systems</link>, (<architect wordnetid="109805475" confidence="0.9173553029164789">
<visionary wordnetid="110756641" confidence="0.9173553029164789">
<person wordnetid="100007846" confidence="0.9508927676800064">
<poet wordnetid="110444194" confidence="0.9173553029164789">
<interior_designer wordnetid="110210648" confidence="0.9173553029164789">
<inventor wordnetid="110214637" confidence="0.9173553029164789">
<writer wordnetid="110794014" confidence="0.9173553029164789">
<link xlink:type="simple" xlink:href="../031/4031.xml#xpointer(//*[./st=%22Neologisms%22])">
anticipatory</link></writer>
</inventor>
</interior_designer>
</poet>
</person>
</visionary>
</architect>
) thinking, a view of all life as interdependent, and sustainable mutual aid.</p>
<p>

The greatest use of the term since its coinage has been in relation to the annual <link xlink:type="simple" xlink:href="../021/320021.xml">
Bioneers</link> conference founded by Ausubel and held annually in <village wordnetid="108672738" confidence="0.9508927676800064">
<link xlink:type="simple" xlink:href="../733/107733.xml">
San Rafael</link></village>
, <country wordnetid="108544813" confidence="0.9508927676800064">
<link xlink:type="simple" xlink:href="../407/5407.xml">
California</link></country>
 and its participants. However, in recent years the term or derivations has seen increasing use independent of the Bioneers organization, suggesting an increasing acceptance of the term in popular usage. For example, a 2005 article on the use and manufacture of <link xlink:type="simple" xlink:href="../551/188551.xml">
biodiesel</link> fuels in northern <country wordnetid="108544813" confidence="0.9508927676800064">
<link xlink:type="simple" xlink:href="../407/5407.xml">
California</link></country>
 was titled "Bioneering Biodiesel."<ref xlink:type="simple" xlink:href="#xpointer(//reflist/entry[@id=%222%22])">2</ref> An April 2007 symposium and art exhibition at <university wordnetid="108286163" confidence="0.9508927676800064">
<ranking wordnetid="114429484" confidence="0.9508927676800064">
<link xlink:type="simple" xlink:href="../757/44757.xml">
University of California, Irvine</link></ranking>
</university>
 focused on food production, consumption, and distribution was called "Bioneering: Hybrid Investigations of Food."<ref xlink:type="simple" xlink:href="#xpointer(//reflist/entry[@id=%223%22])">3</ref></p>

<sec>
<st>
Other usage</st>

<p>

<it>Bioneer</it> and its derviations have also been used in relationship to <link xlink:type="simple" xlink:href="../502/4502.xml">
biotechnology</link>. This usage of the term appears to come from independent coinages based on a <link xlink:type="simple" xlink:href="../212/16823212.xml">
portmanteau</link> of "biotechnology" and "engineering" and/or "pioneering." The <village wordnetid="108672738" confidence="0.9508927676800064">
<link xlink:type="simple" xlink:href="../685/5685.xml">
Cambridge, Massachusetts</link></village>
 drug-screening company Bioneering Technologies describes itself as being focused on "the fusion between biotechnology, engineering, and pioneering services (hence, Bioneering)."<ref xlink:type="simple" xlink:href="#xpointer(//reflist/entry[@id=%224%22])">4</ref> Students in the Bachelor of Biotechnology Innovation program at <university wordnetid="108286163" confidence="0.9508927676800064">
<link xlink:type="simple" xlink:href="../332/198332.xml">
Queensland University of Technology</link></university>
 in <link xlink:type="simple" xlink:href="../093/192093.xml">
Brisbane</link>, <country wordnetid="108544813" confidence="0.9508927676800064">
<link xlink:type="simple" xlink:href="../264/4689264.xml">
Australia</link></country>
 called themselves <it>bioneers</it> "as they regard themselves as pioneering a new era in biotechnology."<ref xlink:type="simple" xlink:href="#xpointer(//reflist/entry[@id=%225%22])">5</ref> The <country wordnetid="108544813" confidence="0.9508927676800064">
<link xlink:type="simple" xlink:href="../749/16749.xml">
Korea</link></country>
-based international biotechnology firm Korea Biotech, Inc., founded in 1992, changed its name in 1996 to Bioneer Corporation.<ref xlink:type="simple" xlink:href="#xpointer(//reflist/entry[@id=%226%22])">6</ref></p>

</sec>
<sec>
<st>
Difference between usages</st>

<p>

While Ausubel's coinage does not specifically refer to biotechnology, the second coinage of <it>bioneer</it> referring to biotechnology is clearly antithetical to the term as understood by Ausubel and those influenced by him and the <link xlink:type="simple" xlink:href="../021/320021.xml">
Bioneers</link> organization. In the book <it>Nature's Operating Instructions: The True Biotechnologies</it> (coedited with J. P. Harpignies), Ausubel has made a clear distinction between corporate <link xlink:type="simple" xlink:href="../502/4502.xml">
biotech</link>, including <link xlink:type="simple" xlink:href="../383/12383.xml">
genetic engineering</link>, which he decries, and what he has termed "true biotechnologies" based on <link xlink:type="simple" xlink:href="../784/45784.xml">
biomimicry</link>, natural design, and the restoration of natural capital.<ref xlink:type="simple" xlink:href="#xpointer(//reflist/entry[@id=%227%22])">7</ref></p>

</sec>
<sec>
<st>
Notes</st>
<p>

<reflist>
<entry id="1">
Utne Reader. (1999 Mar-Apr). <weblink xlink:type="simple" xlink:href="http://www.utne.com/cgi-bin/udt/im.display.printable?client.id=utne&amp;story.id=2">
"15 Ideas That Could Shake the World"</weblink>. <it><link xlink:type="simple" xlink:href="../551/675551.xml">
Utne Reader</link></it>. Retrieved on 2007-03-20.</entry>
<entry id="2">
Holland, Laura McHale. (2005 August).<weblink xlink:type="simple" xlink:href="http://www.northbaybiz.com/index.php?option=com_content&amp;task=view&amp;id=3877&amp;Itemid=0&amp;search_keywords=biodiesel">
"Bioneering Biodiesel: Local entrepreneurs bet on biodiesel to reduce our dependence on foreign oil and clean the air."</weblink>. <it><link>
NorthBay Biz</link></it>. Retrieved on 2007-03-20.</entry>
<entry id="3">
Tucker, Lisa, curator. (2007). <weblink xlink:type="simple" xlink:href="http://yin.arts.uci.edu/~tucker/">
Bioneering: Hybrid Investigations of Food</weblink> (symposium). <university wordnetid="108286163" confidence="0.9508927676800064">
<ranking wordnetid="114429484" confidence="0.9508927676800064">
<link xlink:type="simple" xlink:href="../757/44757.xml">
University of California, Irvine</link></ranking>
</university>
. Retrieved on 2007-03-20.</entry>
<entry id="4">
<weblink xlink:type="simple" xlink:href="http://www.bioneering.com/">
Bioneering Technologies</weblink>. (2006-2007). <weblink xlink:type="simple" xlink:href="http://www.bioneering.com/About">
"Drug Discovery Services That Make Sense."</weblink> Retrieved on 2007-03-20.</entry>
<entry id="5">
Collet, Chris and Wyatt, David. (2005). <weblink xlink:type="simple" xlink:href="http://eprints.qut.edu.au/archive/00002541/">
"Bioneering" - teaching biotechnology entrepreneurship at the undergraduate level.</weblink> <it>Education + Training</it> 47(6): 408-421. Retrieved on 2007-03-20.</entry>
<entry id="6">
<weblink xlink:type="simple" xlink:href="http://www.bioneer.com/">
Bioneer Corporation</weblink>. (2005). <weblink xlink:type="simple" xlink:href="http://eng.bioneer.com/">
"History"</weblink>. Retrieved on 2007-03-20.</entry>
<entry id="7">
Ausubel, Kenny, and J. P. Harpignies, eds. (2004) <it>Nature's Operating Instructions: The True Biotechnologies</it>. The Bioneers Series. Sierra Club Books.</entry>
</reflist>
</p>

</sec>
</bdy>
</article>
