<?xml version="1.0" encoding="UTF-8"?>
<!-- generated by CLiX/Wiki2XML [MPI-Inf, MMCI@UdS] $LastChangedRevision: 92 $ on 17.04.2009 00:11:40[mciao0826] -->
<!DOCTYPE article SYSTEM "../article.dtd">
<article xmlns:xlink="http://www.w3.org/1999/xlink">
<company  confidence="0.8" wordnetid="108058098">
<institution  confidence="0.8" wordnetid="108053576">
<header>
<title>Basis Technology Corp.</title>
<id>10178154</id>
<revision>
<id>243145091</id>
<timestamp>2008-10-05T10:17:10Z</timestamp>
<contributor>
<username>Waacstats</username>
<id>1951353</id>
</contributor>
</revision>
<categories>
<category>Software companies of the United States</category>
<category>Companies based in Cambridge, Massachusetts</category>
</categories>
</header>
<bdy>

<b>Basis Technology Corp.</b> is a software company with headquarters in Cambridge, Massachusetts. The company also has offices in San Francisco, Washington DC, and Japan.
<p>

The company, founded in 1995, is best known for its Rosette Linguistics Platform, which uses <link xlink:type="simple" xlink:href="../652/21652.xml">
Natural Language Processing</link> techniques to improve <link xlink:type="simple" xlink:href="../271/15271.xml">
information retrieval</link>, <link xlink:type="simple" xlink:href="../439/318439.xml">
text mining</link> and other applications. Rosette provides capabilities like identifying the language of incoming text, providing a normalized representation in <link xlink:type="simple" xlink:href="../742/31742.xml">
Unicode</link>, and locating names, places and other key concepts from a body of unstructured text.<ref xlink:type="simple" xlink:href="#xpointer(//reflist/entry[@id=%221%22])">1</ref></p>
<p>

Since 2001 the company has specialized in text extraction technology to assist the US Government.<ref xlink:type="simple" xlink:href="#xpointer(//reflist/entry[@id=%222%22])">2</ref> </p>
<p>

=References=</p>
<p>

<reflist>
<entry id="1">
<weblink xlink:type="simple" xlink:href="http://boston.bizjournals.com/boston/gen/Basis_Technology_Corp_056FFC5E9DDF4031862D1085CE5DC6FE.html">
Profile in Boston Business Journal</weblink></entry>
<entry id="2">
<weblink xlink:type="simple" xlink:href="http://www.bizjournals.com/boston/stories/2003/03/24/newscolumn4.html">
"Basis Technology turns its focus to government security," Boston Business Journal, March 21, 2003.</weblink></entry>
</reflist>
</p>

<sec>
<st>
External links</st>
<p>

<list>
<entry level="1" type="bullet">

 Company Website <weblink xlink:type="simple" xlink:href="http://www.basistech.com/">
http://www.basistech.com/</weblink></entry>
</list>
</p>

</sec>
</bdy>
</institution>
</company>
</article>
