<?xml version="1.0" encoding="UTF-8"?>
<!-- generated by CLiX/Wiki2XML [MPI-Inf, MMCI@UdS] $LastChangedRevision: 92 $ on 17.04.2009 00:03:39[mciao0828] -->
<!DOCTYPE article SYSTEM "../article.dtd">
<article xmlns:xlink="http://www.w3.org/1999/xlink">
<message  confidence="0.8" wordnetid="106598915">
<protocol  confidence="0.8" wordnetid="106665108">
<direction  confidence="0.8" wordnetid="106786629">
<rule  confidence="0.8" wordnetid="106652242">
<header>
<title>Wireless Application Protocol</title>
<id>10174473</id>
<revision>
<id>241941908</id>
<timestamp>2008-09-30T04:43:23Z</timestamp>
<contributor>
<username>Zr2d2</username>
<id>373182</id>
</contributor>
</revision>
<categories>
<category>OSI protocols</category>
<category>Mobile phones</category>
<category>Internet protocols</category>
</categories>
</header>
<bdy>

<b>WAP</b> is an <link xlink:type="simple" xlink:href="../018/227018.xml">
open</link> <link xlink:type="simple" xlink:href="../402/15402.xml">
international</link> <link xlink:type="simple" xlink:href="../904/18934904.xml">
standard</link><ref xlink:type="simple" xlink:href="#xpointer(//reflist/entry[@id=%221%22])">1</ref>  for <link xlink:type="simple" xlink:href="../179/172179.xml">
application layer</link> network communications in a <link xlink:type="simple" xlink:href="../868/185868.xml">
wireless communication</link> environment.  Its main use is to enable access to the <link xlink:type="simple" xlink:href="../539/14539.xml">
Internet</link> (HTTP) from a <link xlink:type="simple" xlink:href="../137/19644137.xml">
mobile phone</link> or <link xlink:type="simple" xlink:href="../304/23304.xml">
PDA</link>.<p>

A <software wordnetid="106566077" confidence="0.8">
<application wordnetid="106570110" confidence="0.8">
<program wordnetid="106568978" confidence="0.8">
<browser wordnetid="106571301" confidence="0.8">
<written_communication wordnetid="106349220" confidence="0.8">
<writing wordnetid="106359877" confidence="0.8">
<code wordnetid="106355894" confidence="0.8">
<coding_system wordnetid="106353757" confidence="0.8">
<link xlink:type="simple" xlink:href="../649/647649.xml">
WAP browser</link></coding_system>
</code>
</writing>
</written_communication>
</browser>
</program>
</application>
</software>
 provides all of the basic services of a computer based <link xlink:type="simple" xlink:href="../173/33173.xml">
web browser</link> but simplified to operate within the restrictions of a mobile phone, such as its smaller view screen. WAP sites are <link xlink:type="simple" xlink:href="../898/33898.xml">
website</link>s written in, or dynamically converted to, <link xlink:type="simple" xlink:href="../821/57821.xml">
WML</link> (Wireless Markup Language) and accessed via the WAP browser.</p>
<p>

Before the introduction of WAP, service providers had extremely limited opportunities to offer interactive data services.  Interactive data applications are required to support now commonplace activities such as:
<list>
<entry level="1" type="bullet">

 <link xlink:type="simple" xlink:href="../738/9738.xml">
Email</link> by mobile phone</entry>
<entry level="1" type="bullet">

 Tracking of stock market prices</entry>
<entry level="1" type="bullet">

 Sports results</entry>
<entry level="1" type="bullet">

 News headlines</entry>
<entry level="1" type="bullet">

 Music downloads</entry>
</list>
</p>
<p>

The Japanese <link xlink:type="simple" xlink:href="../866/287866.xml">
i-mode</link> system is another major competing wireless data protocol.</p>

<sec>
<st>
Technical specifications</st>


<p>

<table class="infobox">
<header colspan="2" style="background-color:#ccccff;">
 <message wordnetid="106598915" confidence="0.8">
<protocol wordnetid="106665108" confidence="0.8">
<standard wordnetid="107260623" confidence="0.8">
<direction wordnetid="106786629" confidence="0.8">
<rule wordnetid="106652242" confidence="0.8">
<proposal wordnetid="107162194" confidence="0.8">
<recommendation wordnetid="106671637" confidence="0.8">
<advice wordnetid="106671484" confidence="0.8">
<system_of_measurement wordnetid="113577171" confidence="0.8">
<link xlink:type="simple" xlink:href="../747/22747.xml">
OSI Model</link></system_of_measurement>
</advice>
</recommendation>
</proposal>
</rule>
</direction>
</standard>
</protocol>
</message>
</header>
<row>
<col>
7</col>
<col>
 <link xlink:type="simple" xlink:href="../179/172179.xml">
Application Layer</link></col>
</row>
<row>
<col>
6</col>
<col>
 <link xlink:type="simple" xlink:href="../181/102181.xml">
Presentation Layer</link></col>
</row>
<row>
<col>
5</col>
<col>
 <link xlink:type="simple" xlink:href="../409/142409.xml">
Session Layer</link></col>
</row>
<row>
<col>
4</col>
<col>
 <link xlink:type="simple" xlink:href="../145/146145.xml">
Transport Layer</link></col>
</row>
<row>
<col>
3</col>
<col>
 <link xlink:type="simple" xlink:href="../024/85024.xml">
Network Layer</link></col>
</row>
<row>
<col>
2</col>
<col>
 <link xlink:type="simple" xlink:href="../949/152949.xml">
Data Link Layer</link>
<list>
<entry level="1" type="bullet">

 <link xlink:type="simple" xlink:href="../459/145459.xml">
LLC sublayer</link></entry>
<entry level="1" type="bullet">

 <message wordnetid="106598915" confidence="0.8">
<protocol wordnetid="106665108" confidence="0.8">
<know-how wordnetid="105616786" confidence="0.8">
<direction wordnetid="106786629" confidence="0.8">
<rule wordnetid="106652242" confidence="0.8">
<method wordnetid="105660268" confidence="0.8">
<link xlink:type="simple" xlink:href="../472/207472.xml">
MAC sublayer</link></method>
</rule>
</direction>
</know-how>
</protocol>
</message>
</entry>
</list>
</col>
</row>
<row>
<col>
1</col>
<col>
 <link xlink:type="simple" xlink:href="../300/78300.xml">
Physical Layer</link></col>
</row>
</table>
</p>
<p>

<list>
<entry level="1" type="bullet">

 The WAP standard<ref xlink:type="simple" xlink:href="#xpointer(//reflist/entry[@id=%221%22])">1</ref> describes a <link xlink:type="simple" xlink:href="../882/23882.xml">
protocol suite</link> that allows the interoperability of WAP equipment and software with many different network technologies. The rationale for this was to build a single platform for competing network technologies such as <standard wordnetid="107260623" confidence="0.8">
<system_of_measurement wordnetid="113577171" confidence="0.8">
<link xlink:type="simple" xlink:href="../808/12808.xml">
GSM</link></system_of_measurement>
</standard>
 and <standard wordnetid="107260623" confidence="0.8">
<system_of_measurement wordnetid="113577171" confidence="0.8">
<link xlink:type="simple" xlink:href="../952/201952.xml">
IS-95</link></system_of_measurement>
</standard>
 (also known as CDMA) networks.</entry>
</list>
</p>
<p>

+------------------------------------------+ 
| Wireless Application Environment (WAE)   |   
+------------------------------------------+  \
| Wireless Session Protocol (WSP)          |   |
+------------------------------------------+   |
| Wireless Transaction Protocol (WTP)      |   | WAP
+------------------------------------------+   | protocol
| Wireless Transport Layer Security (WTLS) |   | suite
+------------------------------------------+   |
| Wireless Datagram Protocol (WDP)         |   |
+------------------------------------------+  /
|     *** Any Wireless Data Network ***    |
+------------------------------------------+</p>
<p>

<list>
<entry level="1" type="bullet">

 The bottom-most protocol in the suite is the <message wordnetid="106598915" confidence="0.8">
<protocol wordnetid="106665108" confidence="0.8">
<direction wordnetid="106786629" confidence="0.8">
<rule wordnetid="106652242" confidence="0.8">
<link xlink:type="simple" xlink:href="../692/3335692.xml">
WAP Datagram Protocol</link></rule>
</direction>
</protocol>
</message>
 (WDP), which is an adaptation layer that makes every data network look a bit like <message wordnetid="106598915" confidence="0.8">
<protocol wordnetid="106665108" confidence="0.8">
<standard wordnetid="107260623" confidence="0.8">
<direction wordnetid="106786629" confidence="0.8">
<rule wordnetid="106652242" confidence="0.8">
<system_of_measurement wordnetid="113577171" confidence="0.8">
<link xlink:type="simple" xlink:href="../929/31929.xml">
UDP</link></system_of_measurement>
</rule>
</direction>
</standard>
</protocol>
</message>
 to the upper layers by providing unreliable transport of data with two 16-bit port numbers (origin and destination). WDP is considered by all the upper layers as one and the same protocol, which has several "technical realizations" on top of other "data bearers" such as <link xlink:type="simple" xlink:href="../207/28207.xml">
SMS</link>, <link xlink:type="simple" xlink:href="../491/864491.xml">
USSD</link>, etc. On native IP bearers such as <link xlink:type="simple" xlink:href="../920/12920.xml">
GPRS</link>, <link xlink:type="simple" xlink:href="../237/32237.xml">
UMTS</link> packet-radio service, or <message wordnetid="106598915" confidence="0.8">
<protocol wordnetid="106665108" confidence="0.8">
<standard wordnetid="107260623" confidence="0.8">
<direction wordnetid="106786629" confidence="0.8">
<rule wordnetid="106652242" confidence="0.8">
<system_of_measurement wordnetid="113577171" confidence="0.8">
<link xlink:type="simple" xlink:href="../511/23511.xml">
PPP</link></system_of_measurement>
</rule>
</direction>
</standard>
</protocol>
</message>
 on top of a circuit-switched data connection, WDP is in fact exactly UDP.</entry>
</list>
</p>
<p>

<list>
<entry level="1" type="bullet">

 <message wordnetid="106598915" confidence="0.8">
<protocol wordnetid="106665108" confidence="0.8">
<standard wordnetid="107260623" confidence="0.8">
<direction wordnetid="106786629" confidence="0.8">
<rule wordnetid="106652242" confidence="0.8">
<system_of_measurement wordnetid="113577171" confidence="0.8">
<link xlink:type="simple" xlink:href="../806/1936806.xml">
WTLS</link></system_of_measurement>
</rule>
</direction>
</standard>
</protocol>
</message>
 provides a <link xlink:type="simple" xlink:href="../222/24222.xml">
public-key cryptography</link>-based security mechanism similar to <message wordnetid="106598915" confidence="0.8">
<protocol wordnetid="106665108" confidence="0.8">
<standard wordnetid="107260623" confidence="0.8">
<direction wordnetid="106786629" confidence="0.8">
<rule wordnetid="106652242" confidence="0.8">
<system_of_measurement wordnetid="113577171" confidence="0.8">
<link xlink:type="simple" xlink:href="../813/187813.xml">
TLS</link></system_of_measurement>
</rule>
</direction>
</standard>
</protocol>
</message>
. Its use is optional.</entry>
</list>
</p>
<p>

<list>
<entry level="1" type="bullet">

 <message wordnetid="106598915" confidence="0.8">
<protocol wordnetid="106665108" confidence="0.8">
<direction wordnetid="106786629" confidence="0.8">
<rule wordnetid="106652242" confidence="0.8">
<link xlink:type="simple" xlink:href="../248/233248.xml">
WTP</link></rule>
</direction>
</protocol>
</message>
 provides transaction support (reliable request/response) that is adapted to the wireless world. WTP supports more effectively than <link xlink:type="simple" xlink:href="../538/30538.xml">
TCP</link> the problem of packet loss, which is common in 2G wireless technologies in most radio conditions, but is misinterpreted by TCP as network congestion.</entry>
</list>
</p>
<p>

<list>
<entry level="1" type="bullet">

 Finally, <message wordnetid="106598915" confidence="0.8">
<protocol wordnetid="106665108" confidence="0.8">
<direction wordnetid="106786629" confidence="0.8">
<rule wordnetid="106652242" confidence="0.8">
<link xlink:type="simple" xlink:href="../263/13457263.xml">
WSP</link></rule>
</direction>
</protocol>
</message>
 is best thought of on first approach as a compressed version of <link xlink:type="simple" xlink:href="../104/2701104.xml">
HTTP</link>.</entry>
</list>
</p>
<p>

This protocol suite allows a terminal to emit requests that have an <link xlink:type="simple" xlink:href="../104/2701104.xml">
HTTP</link> or <link xlink:type="simple" xlink:href="../586/13586.xml">
HTTPS</link> equivalent to a <link xlink:type="simple" xlink:href="../586/7792586.xml">
WAP gateway</link>; the gateway translates requests into plain HTTP.</p>

<ss1>
<st>
Wireless Application Environment (WAE)</st>

<p>

In this space, application-specific markup languages are defined.</p>
<p>

For WAP version 1.X, the primary language of the WAE is <link xlink:type="simple" xlink:href="../822/57822.xml">
WML</link>, which has been designed from scratch for handheld devices with phone-specific features. In WAP 2.0, the primary markup language is <link xlink:type="simple" xlink:href="../481/7084481.xml">
XHTML Mobile Profile</link>.</p>

</ss1>
</sec>
<sec>
<st>
History</st>
<p>

The <link xlink:type="simple" xlink:href="../465/1045465.xml">
WAP Forum</link> was founded in 1997. The forum’s main aim was to bring together the various wireless technologies by a standardised protocol.
<ref xlink:type="simple" xlink:href="#xpointer(//reflist/entry[@id=%222%22])">2</ref></p>
<p>

In 2002 the WAP Forum was consolidated (along with many other forums of the industry) into <link xlink:type="simple" xlink:href="../465/1045465.xml">
OMA</link> (Open Mobile Alliance)<ref xlink:type="simple" xlink:href="#xpointer(//reflist/entry[@id=%223%22])">3</ref>, which covers virtually everything in future development of wireless data services.</p>

<ss1>
<st>
WAP 1.X</st>
<p>

The WAP 1.0 standard was released in April 1998 and described a complete software stack for mobile internet access.<ref xlink:type="simple" xlink:href="#xpointer(//reflist/entry[@id=%224%22])">4</ref>. </p>
<p>

WAP version 1.1 was released in 1999.<ref xlink:type="simple" xlink:href="#xpointer(//reflist/entry[@id=%225%22])">5</ref>. WAP 1.2, the final update of the 1.X series was released in June 2000.<ref xlink:type="simple" xlink:href="#xpointer(//reflist/entry[@id=%226%22])">6</ref>. The most important addition in version 1.2 was WAP push.<ref xlink:type="simple" xlink:href="#xpointer(//reflist/entry[@id=%227%22])">7</ref></p>

</ss1>
<ss1>
<st>
WAP Push</st>

<p>

WAP Push has been incorporated into the specification to allow WAP content to be pushed to the mobile handset with minimum user intervention. A WAP Push is basically a specially encoded message which includes a link to a WAP address. WAP Push is specified on top of <message wordnetid="106598915" confidence="0.8">
<protocol wordnetid="106665108" confidence="0.8">
<direction wordnetid="106786629" confidence="0.8">
<rule wordnetid="106652242" confidence="0.8">
<link xlink:type="simple" xlink:href="../692/3335692.xml">
WDP</link></rule>
</direction>
</protocol>
</message>
; as such, it can be delivered over any WDP-supported bearer, such as GPRS or SMS.</p>
<p>

In most GSM networks there are a wide range of modified processors, but GPRS activation from the network is not generally supported, so WAP Push messages have to be delivered on top of the SMS bearer. On receiving a WAP Push, a WAP 1.2 or later enabled handset will automatically give the user the option to access the WAP content. This is also known as WAP Push SI (Service Indication).</p>
<p>

The network entity that processes WAP Pushes and delivers them over an IP or SMS Bearer is known as a <link xlink:type="simple" xlink:href="../675/3073675.xml">
Push Proxy Gateway</link>.</p>

</ss1>
<ss1>
<st>
WAP 2.0</st>

<p>

WAP 2.0<ref xlink:type="simple" xlink:href="#xpointer(//reflist/entry[@id=%221%22])">1</ref> released in 2002 is a re-engineering of WAP using a cut-down version of <format wordnetid="106636806" confidence="0.9508927676800064">
<link xlink:type="simple" xlink:href="../580/18984580.xml">
XHTML</link></format>
 with end-to-end <link xlink:type="simple" xlink:href="../104/2701104.xml">
HTTP</link> (i.e., dropping the gateway and custom protocol suite used to communicate with it). A WAP gateway can be used in conjunction with WAP 2.0; however, in this scenario, it is used as a standard proxy server. The WAP gateway's role would then shift from one of translation to adding additional information to each request. This would be configured by the operator and could include telephone numbers, location, billing information, and handset information.</p>
<p>

<link xlink:type="simple" xlink:href="../481/7084481.xml">
XHTML Mobile Profile</link> (XHTML MP), the markup language defined in WAP 2.0, is made to work in mobile devices. It is a subset of <format wordnetid="106636806" confidence="0.9508927676800064">
<link xlink:type="simple" xlink:href="../580/18984580.xml">
XHTML</link></format>
 and a superset of <standard wordnetid="107260623" confidence="0.8">
<system_of_measurement wordnetid="113577171" confidence="0.8">
<link xlink:type="simple" xlink:href="../580/18984580.xml">
XHTML Basic</link></system_of_measurement>
</standard>
. A version of cascading style sheets (<format wordnetid="106636806" confidence="0.9508927676800064">
<link xlink:type="simple" xlink:href="../013/164013.xml">
CSS</link></format>
) called <link>
WAP CSS</link> is supported by XHTML MP.</p>

</ss1>
</sec>
<sec>
<st>
Commercial status</st>

<ss1>
<st>
Europe</st>
<p>

WAP was <link xlink:type="simple" xlink:href="../433/184433.xml">
hyped</link> at the time of its introduction<ref xlink:type="simple" xlink:href="#xpointer(//reflist/entry[@id=%228%22])">8</ref>, leading users to expect WAP to have the performance of the Web.  <link xlink:type="simple" xlink:href="../162/485162.xml">
BT Cellnet</link>, one of the UK <link xlink:type="simple" xlink:href="../005/47005.xml">
telcos</link>, ran an advertising campaign depicting a cartoon WAP user <b>surfing</b> through a <it><text wordnetid="106387980" confidence="0.8">
<literary_composition wordnetid="106364329" confidence="0.8">
<written_communication wordnetid="106349220" confidence="0.8">
<writing wordnetid="106362953" confidence="0.8">
<fiction wordnetid="106367107" confidence="0.8">
<novel wordnetid="106367879" confidence="0.8">
<intelligence wordnetid="105617606" confidence="0.8">
<link xlink:type="simple" xlink:href="../725/21725.xml">
Neuromancer</link></intelligence>
</novel>
</fiction>
</writing>
</written_communication>
</literary_composition>
</text>
</it>-like "information space".<ref xlink:type="simple" xlink:href="#xpointer(//reflist/entry[@id=%229%22])">9</ref> In terms of speed, ease of use, appearance, and interoperability, the reality fell far short of expectations when the first handsets became available in 1999<ref xlink:type="simple" xlink:href="#xpointer(//reflist/entry[@id=%2210%22])">10</ref><ref xlink:type="simple" xlink:href="#xpointer(//reflist/entry[@id=%2211%22])">11</ref>.  This led to the wide usage of sardonic phrases such as "Worthless Application Protocol"<ref xlink:type="simple" xlink:href="#xpointer(//reflist/entry[@id=%2212%22])">12</ref>, "Wait And Pay"<ref xlink:type="simple" xlink:href="#xpointer(//reflist/entry[@id=%2213%22])">13</ref>, and so on.</p>
<p>

Critics advanced several explanations for the early failure of WAP, possibly not realizing that it was a United Kingdom product which had to comply with the laws of European nations. An example is the requirement to utilize an <link xlink:type="simple" xlink:href="../836/14836.xml">
ITU</link> message-type that is specific to the  French language with appropriate character conversions being deployed by the WAP message transmit and receive software.</p>
<p>

Between 2003 and 2004, WAP made a stronger resurgence with the introduction of Wireless services (such as Vodafone Live!, T-Mobile T-Zones and other easily-accessible services). Operator revenues were generated by transfer of GPRS and UMTS data, which is a different business model than the traditional Web sites and <link xlink:type="simple" xlink:href="../245/100245.xml">
ISP</link>s use. According to the Mobile Data Association, the WAP traffic in the UK doubled from 2003 to 2004.<ref xlink:type="simple" xlink:href="#xpointer(//reflist/entry[@id=%2214%22])">14</ref></p>
<p>

People are starting to use WAP and the early failures have been masked, as the real point of the system &ndash; access to wireless services and applications &ndash; has come to the forefront.</p>

</ss1>
<ss1>
<st>
Asia</st>
<p>

Unlike in Europe, WAP has seen huge success in Japan.  While the largest operator <link xlink:type="simple" xlink:href="../039/374039.xml">
NTT DoCoMo</link> has famously disdained WAP in favor of its in-house system <link xlink:type="simple" xlink:href="../866/287866.xml">
i-mode</link>, rival operators <company wordnetid="108058098" confidence="0.9508927676800064">
<link xlink:type="simple" xlink:href="../463/483463.xml">
KDDI</link></company>
 (<link xlink:type="simple" xlink:href="../070/2531070.xml">
au</link>) and <link xlink:type="simple" xlink:href="../229/370229.xml">
Softbank</link> (previously <link xlink:type="simple" xlink:href="../572/541572.xml">
Vodafone Japan</link>) have both been successful with the WAP technology.  In particular, J-Phone's <link xlink:type="simple" xlink:href="../070/877070.xml">
Sha-Mail</link> picture mail and Java (<link xlink:type="simple" xlink:href="../572/541572.xml">
JSCL</link>) services, as well as (<link xlink:type="simple" xlink:href="../070/2531070.xml">
au</link>)'s <link>
chakuuta</link>/chakumovie (ringtone song/ringtone movie) services are based on WAP.   After being shadowed by the initial success of i-mode, the two smaller Japanese operators have been gaining market share from DoCoMo since spring <link xlink:type="simple" xlink:href="../551/34551.xml">
2001</link>.<ref xlink:type="simple" xlink:href="#xpointer(//reflist/entry[@id=%2215%22])">15</ref></p>
<p>

Korea is also leading the world in providing advanced WAP services. WAP on top of the <standard wordnetid="107260623" confidence="0.8">
<system_of_measurement wordnetid="113577171" confidence="0.8">
<link xlink:type="simple" xlink:href="../213/481213.xml">
CDMA2000</link></system_of_measurement>
</standard>
 network has been proven to be the state of the art wireless data infrastructure.</p>

</ss1>
<ss1>
<st>
USA</st>
<p>

The adoption of WAP in the <link xlink:type="simple" xlink:href="../750/3434750.xml">
US</link> has been limited by the fact that many cell phone providers require separate activation and additional fees for data support, and also because telecommunications companies have sought to limit data access to only "approved" data providers operating under "license" of the signal carrier. </p>
<p>

In recognition to the problem, the U.S. <agency wordnetid="108337324" confidence="0.9508927676800064">
<link xlink:type="simple" xlink:href="../974/55974.xml">
Federal Communications Commission</link></agency>
 (FCC) issued an order on July 31, 2007 which mandates that licensees of the 22-megahertz wide "Upper 700 MHz C Block" spectrum will be required to implement a wireless platform which allows customers, device manufacturers, third-party application developers, and others to use any device or application of their choice when operating on this particular licensed network band.<ref xlink:type="simple" xlink:href="#xpointer(//reflist/entry[@id=%2216%22])">16</ref></p>

</ss1>
<ss1>
<st>
Spin-off technologies</st>
<p>

Spin-off technologies, such as MMS (<link xlink:type="simple" xlink:href="../406/242406.xml">
Multimedia Messaging Service</link>) (picture messaging), a combination of WAP and SMS, have further driven the protocol. An enhanced appreciation of device diversity, supported by the concomitant changes to WAP content to be more device-specific rather than being aimed at a lowest common denominator, has allowed for the content presented to be more compelling and usable.  As a result, the adoption rate of WAP technology is on the upswing.</p>

</ss1>
</sec>
<sec>
<st>
Criticism</st>
<p>

Several aspects of WML and WAP have been criticized. Some are technical criticisms:
<list>
<entry level="1" type="bullet">

 <b>The <link xlink:type="simple" xlink:href="../323/2309323.xml">
idiosyncratic</link> WML language</b>, which cut users off from the true <format wordnetid="106636806" confidence="0.9508927676800064">
<link xlink:type="simple" xlink:href="../191/13191.xml">
HTML</link></format>
 Web, leaving only native WAP content and Web-to-WAP "proxified" content available to WAP users. However, others argue that technology at that stage would simply not have been able to give access to anything but custom-designed content which was the sole purpose of WAP and its simple, reduced complexity interface as the citizens of many nations are not connected to the web at the present time and have to use government funded and controlled portals to WAP and similar non-complex services.</entry>
<entry level="1" type="bullet">

 <b>Under-specification of terminal requirements</b>. In the early WAP standards, there were many optional features and under-specified requirements, which meant that compliant devices would not necessarily interoperate properly. This resulted in great variability in the actual behavior of phones, principally because WAP service implementers and mobile phone manufacturers did not obtain a copy of the standards or the correct hardware and the standard software modules. As an example, some phone models would not accept a page more than 1 Kb in size; others would downright crash. The user interface of devices was also underspecified: as an example, accesskeys (e.g., the ability to press '4' to access directly the fourth link in a list) were variously implemented depending on phone models (sometimes with the accesskey number automatically displayed by the browser next to the link, sometimes without it, and sometimes accesskeys were not implemented at all).</entry>
<entry level="1" type="bullet">

 <b>Constrained user interface capabilities</b>. Terminals with small black and white screens and few buttons, as the early WAP terminals were, are not very apt at presenting a lot of information to their user, which compounded the other problems: one would have had to be extra careful in designing the user interface on such a resource-constrained device which was the real concept of WAP.</entry>
<entry level="1" type="bullet">

 <b>Lack of good authoring tools</b>. The problems above might have been alleviated by a WML authoring tool that would have allowed content providers to easily publish content that would interoperate flawlessly with many models, adapting the pages presented to the <link xlink:type="simple" xlink:href="../303/487303.xml">
User-Agent</link> type. However, the development kits which existed did not provide such a general capability. Developing for the web was easy: with a text editor and a web browser, anybody could get started, thanks also to the forgiving nature of most desktop browser rendering engines.  By contrast, the stringent requirements of the <link xlink:type="simple" xlink:href="../821/57821.xml">
WML</link> specifications, the variability in terminals, and the demands of testing on various wireless terminals, along with the lack of widely available desktop authoring and emulation tools, considerably lengthened the time required to complete most projects. However, with many mobile devices now supporting xHTML, and programs such as Adobe Go Live and Dreamweaver offering improved web authoring tools, it is becoming easier to create content, accessible by many new devices.</entry>
<entry level="1" type="bullet">

 <b>No good user agent profiling tools</b>. It quickly became nearly impossible for web hosts to determine if a request came from a mobile device, or a larger more capable device.  No useful profiling or database of device capabilities were built into the specifications in the unauthorized non-compliant products.</entry>
</list>
</p>
<p>

Other criticisms are oriented towards the wireless carriers' particular implementations of WAP:
<list>
<entry level="1" type="bullet">

 <b>Neglect of content providers</b>. Some wireless carriers had assumed a "build it and they will come" strategy, meaning that they would just provide the transport of data as well as the terminals, and then wait for content providers to publish their services on the Internet and make their investment in WAP useful. However, content providers received little help or incentive to go through the complicated route of development. Others, notably in Japan (cf. below), had a more thorough dialogue with their content provider community, which was then replicated in modern, more successful WAP services such as <link xlink:type="simple" xlink:href="../866/287866.xml">
i-mode</link> in Japan or the <weblink xlink:type="simple" xlink:href="http://www.gallery.fr/">
Gallery</weblink> service in France.</entry>
<entry level="1" type="bullet">

 <b>Lack of openness</b>. Many wireless carriers sold their WAP services that were "open", in that they allowed users to reach any service expressed in WML and published on the Internet. However, they also made sure that the first page that clients accessed was their own "wireless portal", which they controlled very closely. Some carriers also turned off editing or accessing the address bar in the device's browser. To facilitate users wanting to go off deck, an address bar on a <link xlink:type="simple" xlink:href="../674/3422674.xml">
form</link> on a page linked off the hard coded home page page was provided. It makes it easier for carriers to implement filtering of off deck WML sites by URLs or to disable the address bar in the future if the carrier decides to switch all users to a walled garden model. Given the difficulty in typing up fully qualified <link xlink:type="simple" xlink:href="../277/32277.xml">
URL</link>s on a phone keyboard, most users would give up going "off portal" or out of the <artifact wordnetid="100021939" confidence="0.8">
<instrumentality wordnetid="103575240" confidence="0.8">
<device wordnetid="103183080" confidence="0.8">
<appliance wordnetid="102729965" confidence="0.8">
<link xlink:type="simple" xlink:href="../931/249931.xml">
walled garden</link></appliance>
</device>
</instrumentality>
</artifact>
; by not letting third parties put their own entries on the operators' wireless portal, some contend that operators cut themselves off from a valuable opportunity. On the other hand, some operators argue that their customers would have wanted them to manage the experience and, on such a constrained device, avoid giving access to too many services.</entry>
</list>
</p>

</sec>
<sec>
<st>
Protocol design lessons from WAP</st>

<p>

The original WAP was a simple platform for access to web-like WML services and e-mail using mobile phones in Europe and the SE Asian regions and continues today with a considerable user base. The later versions of WAP were primarily for the United States region and was designed for a different requirement - to enable full web  XHTML access using mobile devices with a higher specification and cost, and with a higher degree of software complexity.</p>
<p>

There has been considerable discussion about whether the WAP protocol design was appropriate.  Some have suggested that the bandwidth-sparing simple interface of <message wordnetid="106598915" confidence="0.8">
<protocol wordnetid="106665108" confidence="0.8">
<standard wordnetid="107260623" confidence="0.8">
<direction wordnetid="106786629" confidence="0.8">
<rule wordnetid="106652242" confidence="0.8">
<system_of_measurement wordnetid="113577171" confidence="0.8">
<link xlink:type="simple" xlink:href="../794/12794.xml">
Gopher</link></system_of_measurement>
</rule>
</direction>
</standard>
</protocol>
</message>
 would be a better match for mobile phones and Personal digital assistants (PDAs).<ref xlink:type="simple" xlink:href="#xpointer(//reflist/entry[@id=%2217%22])">17</ref></p>
<p>

The initial design of WAP was specifically aimed at protocol independence across a range of different protocols (SMS, IP over <message wordnetid="106598915" confidence="0.8">
<protocol wordnetid="106665108" confidence="0.8">
<standard wordnetid="107260623" confidence="0.8">
<direction wordnetid="106786629" confidence="0.8">
<rule wordnetid="106652242" confidence="0.8">
<system_of_measurement wordnetid="113577171" confidence="0.8">
<link xlink:type="simple" xlink:href="../511/23511.xml">
PPP</link></system_of_measurement>
</rule>
</direction>
</standard>
</protocol>
</message>
 over a circuit switched bearer, IP over GPRS, etc).  This has led to a protocol considerably more complex than an approach directly over IP might have caused. </p>
<p>

Most controversial, especially for many from the IP side, was the design of WAP over IP.  WAP's transmission layer protocol, WTP, uses its own retransmission mechanisms over <message wordnetid="106598915" confidence="0.8">
<protocol wordnetid="106665108" confidence="0.8">
<standard wordnetid="107260623" confidence="0.8">
<direction wordnetid="106786629" confidence="0.8">
<rule wordnetid="106652242" confidence="0.8">
<system_of_measurement wordnetid="113577171" confidence="0.8">
<link xlink:type="simple" xlink:href="../929/31929.xml">
UDP</link></system_of_measurement>
</rule>
</direction>
</standard>
</protocol>
</message>
 to attempt to solve the problem of inadequacy using TCP over high packet loss networks.</p>

</sec>
<sec>
<st>
See also</st>
<p>

<list>
<entry level="1" type="bullet">

<sphere wordnetid="114514039" confidence="0.9508927676800064">
<link xlink:type="simple" xlink:href="../118/1283118.xml">
.mobi</link></sphere>
</entry>
<entry level="1" type="bullet">

<link xlink:type="simple" xlink:href="../866/287866.xml">
i-mode</link></entry>
<entry level="1" type="bullet">

<link xlink:type="simple" xlink:href="../649/647649.xml">
Microbrowser</link></entry>
<entry level="1" type="bullet">

<message wordnetid="106598915" confidence="0.8">
<protocol wordnetid="106665108" confidence="0.8">
<direction wordnetid="106786629" confidence="0.8">
<rule wordnetid="106652242" confidence="0.8">
<link xlink:type="simple" xlink:href="../248/233248.xml">
Wireless transaction protocol</link></rule>
</direction>
</protocol>
</message>
</entry>
<entry level="1" type="bullet">

</entry>
<entry level="1" type="bullet">

<message wordnetid="106598915" confidence="0.8">
<information wordnetid="106634376" confidence="0.8">
<electronic_database wordnetid="106588511" confidence="0.8">
<lexical_database wordnetid="106638868" confidence="0.8">
<language wordnetid="106282651" confidence="0.8">
<wordnet wordnetid="106639428" confidence="0.8">
<database wordnetid="106637824" confidence="0.8">
<link xlink:type="simple" xlink:href="../172/4173172.xml">
Mobile development</link></database>
</wordnet>
</language>
</lexical_database>
</electronic_database>
</information>
</message>
</entry>
<entry level="1" type="bullet">

<link xlink:type="simple" xlink:href="../083/4253083.xml">
Mobile web</link></entry>
<entry level="1" type="bullet">

<standard wordnetid="107260623" confidence="0.8">
<system_of_measurement wordnetid="113577171" confidence="0.8">
<link xlink:type="simple" xlink:href="../328/11241328.xml">
WAP Identity Module</link></system_of_measurement>
</standard>
</entry>
</list>
</p>

</sec>
<sec>
<st>
References</st>

<p>

<reflist>
<entry id="1">
<weblink xlink:type="simple" xlink:href="http://www.wapforum.org/what/technical.htm">
OMA: The WAP 2.0 conformance release</weblink></entry>
<entry id="2">
<weblink xlink:type="simple" xlink:href="http://inspiredbloggers.blogspot.com/2004/12/brief-history-of-wap_110252445307049372.html">
The HCI blog: A brief History of WAP</weblink></entry>
<entry id="3">
<weblink xlink:type="simple" xlink:href="http://www.openmobilealliance.org/AboutOMA/FAQ.aspx">
OMA: Frequently Asked Questions</weblink></entry>
<entry id="4">
<weblink xlink:type="simple" xlink:href="http://www.wapforum.org/what/technical_1_0.htm">
WAP Forum: WAP 1.0 Specification Suite</weblink></entry>
<entry id="5">
<weblink xlink:type="simple" xlink:href="http://www.wapforum.org/what/technical_1_1.htm">
WAP Forum: WAP 1.1 Specification Suite</weblink></entry>
<entry id="6">
<weblink xlink:type="simple" xlink:href="http://www.wapforum.org/what/technical_1_2_1.htm">
WAP Forum: WAP 1.2.1  conformance release</weblink></entry>
<entry id="7">
<weblink xlink:type="simple" xlink:href="http://www.thewirelessfaq.com/what_is_the_difference_between_wap_1.1_and_wap_1.2">
The Wireless FAQ: What is the difference between WAP 1.1 and WAP 1.2?</weblink></entry>
<entry id="8">
<weblink xlink:type="simple" xlink:href="http://www.computing.co.uk/vnunet/analysis/2131787/wap-call-unanswered">
Will Wap´s call go unanswered?</weblink> vnunet.com, 2 June 2000</entry>
<entry id="9">
<weblink xlink:type="simple" xlink:href="http://networks.silicon.com/mobile/0,39024665,11020593,00.htm">
Silicon.com: BT Cellnet rapped over 'misleading' WAP ads</weblink> Published 3 November 2000, retrieved 17 September 2008</entry>
<entry id="10">
http://press.nokia.com/PR/199902/777256_5.html Nokia 7110 Press Release</entry>
<entry id="11">
http://www.filibeto.org/mobile/firmware.html Nokia 7110 first public firmware revision date</entry>
<entry id="12">
<weblink xlink:type="simple" xlink:href="http://www.theglobeandmail.com/servlet/story/RTGAM.20050915.gtsripbutters15/BNStory/Technology/Troubleshooter">
The Globe and Mail: "Survivor's guide to wireless wonkery", 23 September 2005</weblink></entry>
<entry id="13">
<weblink xlink:type="simple" xlink:href="http://www.itweb.co.za/sections/interviews/sammichel/michel001114.asp">
IT Web: "A RIVR runs through it", 14 November 2000</weblink></entry>
<entry id="14">
<weblink xlink:type="simple" xlink:href="http://www.builderau.com.au/news/soa/UK-WAP-usage-doubles-in-12-months/0,339028227,339130400,00.htm">
Builder.au 2004/08/10: UK WAP usage doubles in 12 months</weblink></entry>
<entry id="15">
<weblink xlink:type="simple" xlink:href="http://www.icmrindia.org/business%20Updates/micro%20casestudies/Business%20Strategy/MCBS0031.htm">
IMCR: NTT DoCoMo Inc.: Leadership Position in Japanese Mobile Market under Threat?</weblink> Retrieved 17 September 2008</entry>
<entry id="17">
<weblink xlink:type="simple" xlink:href="http://www.wired.com/news/technology/0,1282,62988,00.html">
Wired News: Gopher: Underground Technology</weblink></entry>
<entry id="16">
U.S. Federal Communications Commission.<weblink xlink:type="simple" xlink:href="http://www.fcc.gov/073107/700mhz_news_release_073107.pdf">
"FCC Revises 700 MHz Rules To Advance Interoperable Public Safety Communications And Promote Wireless Broadband Deployment"</weblink>, <link xlink:type="simple" xlink:href="../439/18679439.xml">
July 31</link> <link xlink:type="simple" xlink:href="../165/36165.xml">
2007</link>.  Accessed <link xlink:type="simple" xlink:href="../543/22543.xml">
October 8</link> <link xlink:type="simple" xlink:href="../165/36165.xml">
2007</link>.</entry>
</reflist>
</p>

<p>

<table style=";" class="navbox" cellspacing="0">
<row>
<col style="padding:2px;">
<table style="width:100%;background:transparent;color:inherit;;" class="nowraplinks collapsible autocollapse " cellspacing="0">
<row>
<header colspan="2" style=";" class="navbox-title">
<link xlink:type="simple" xlink:href="../137/19644137.xml">
Mobile phone</link>s</header>
</row>
<row style="height:2px;">

</row>
<row>
<col style=";;" class="navbox-group">
General</col>
<col style="text-align:left;border-left:2px solid #fdfdfd;width:100%;padding:0px;;;" class="navbox-list navbox-odd">
<link xlink:type="simple" xlink:href="../539/1245539.xml">
History</link>&nbsp;·  <message wordnetid="106598915" confidence="0.8">
<information wordnetid="106634376" confidence="0.8">
<electronic_database wordnetid="106588511" confidence="0.8">
<lexical_database wordnetid="106638868" confidence="0.8">
<language wordnetid="106282651" confidence="0.8">
<wordnet wordnetid="106639428" confidence="0.8">
<database wordnetid="106637824" confidence="0.8">
<link xlink:type="simple" xlink:href="../172/4173172.xml">
Development</link></database>
</wordnet>
</language>
</lexical_database>
</electronic_database>
</information>
</message>
&nbsp;·  <idea wordnetid="105833840" confidence="0.8">
<concept wordnetid="105835747" confidence="0.8">
<property wordnetid="105849040" confidence="0.8">
<feature wordnetid="105849789" confidence="0.8">
<link xlink:type="simple" xlink:href="../746/2155746.xml">
Features</link></feature>
</property>
</concept>
</idea>
</col>
</row>
<row style="height:2px">

</row>
<row>
<col style=";;" class="navbox-group">
Networking</col>
<col style="text-align:left;border-left:2px solid #fdfdfd;width:100%;padding:0px;;;" class="navbox-list navbox-even">
<link xlink:type="simple" xlink:href="../800/151800.xml">
Network operators</link>&nbsp;·  <link xlink:type="simple" xlink:href="../100/5285100.xml">
Standard comparison</link>&nbsp;·  <link xlink:type="simple" xlink:href="../962/5476962.xml">
Frequencies</link>&nbsp;·  <standard wordnetid="107260623" confidence="0.8">
<system_of_measurement wordnetid="113577171" confidence="0.8">
<link xlink:type="simple" xlink:href="../489/197489.xml">
SIM</link></system_of_measurement>
</standard>
&nbsp;·  <message wordnetid="106598915" confidence="0.8">
<protocol wordnetid="106665108" confidence="0.8">
<direction wordnetid="106786629" confidence="0.8">
<rule wordnetid="106652242" confidence="0.8">
<link xlink:type="simple" xlink:href="../473/10174473.xml">
WAP</link></rule>
</direction>
</protocol>
</message>
&nbsp;·  <link xlink:type="simple" xlink:href="../481/7084481.xml">
XHTML-MP</link></col>
</row>
<row style="height:2px">

</row>
<row>
<col style=";;" class="navbox-group">
Culture</col>
<col style="text-align:left;border-left:2px solid #fdfdfd;width:100%;padding:0px;;;" class="navbox-list navbox-odd">
<link xlink:type="simple" xlink:href="../939/14241939.xml">
Blogging</link>&nbsp;·  <link xlink:type="simple" xlink:href="../476/4932476.xml">
Dating</link>&nbsp;·  <link xlink:type="simple" xlink:href="../194/3280194.xml">
Driving safety</link>&nbsp;·  <link xlink:type="simple" xlink:href="../365/5088365.xml">
Gambling</link>&nbsp;·  <link xlink:type="simple" xlink:href="../784/1133784.xml">
Gaming</link>&nbsp;·  <link xlink:type="simple" xlink:href="../232/1420232.xml">
Learning</link>&nbsp;·  <word wordnetid="106286395" confidence="0.8">
<part wordnetid="113809207" confidence="0.8">
<neologism wordnetid="106294441" confidence="0.8">
<language_unit wordnetid="106284225" confidence="0.8">
<link xlink:type="simple" xlink:href="../664/6585664.xml">
Ringxiety</link></language_unit>
</neologism>
</part>
</word>
</col>
</row>
<row style="height:2px">

</row>
<row>
<col style=";;" class="navbox-group">
Forms</col>
<col style="text-align:left;border-left:2px solid #fdfdfd;width:100%;padding:0px;;;" class="navbox-list navbox-even">
<link xlink:type="simple" xlink:href="../098/1670098.xml">
Flip</link>&nbsp;·  <link xlink:type="simple" xlink:href="../904/6926904.xml">
Bar</link>&nbsp;·  <link xlink:type="simple" xlink:href="../849/17972849.xml">
Slide</link>&nbsp;·  <link xlink:type="simple" xlink:href="../146/17986146.xml">
Swivel</link>&nbsp;·  <link xlink:type="simple" xlink:href="../185/17486185.xml">
Brick</link></col>
</row>
<row style="height:2px">

</row>
<row>
<col style=";;" class="navbox-group">
Other</col>
<col style="text-align:left;border-left:2px solid #fdfdfd;width:100%;padding:0px;;;" class="navbox-list navbox-odd">
<link xlink:type="simple" xlink:href="../079/167079.xml">
Smartphone</link>s&nbsp;·  <substance wordnetid="100019613" confidence="0.8">
<part wordnetid="113809207" confidence="0.8">
<material wordnetid="114580897" confidence="0.8">
<link xlink:type="simple" xlink:href="../690/3887690.xml">
Electronic waste</link></material>
</part>
</substance>
&nbsp;·  <link xlink:type="simple" xlink:href="../748/1272748.xml">
Radiation &amp; health</link></col>
</row>
</table>
</col>
</row>
</table>

</p>
<p>

<it>This article was originally based on material from the <work wordnetid="104599396" confidence="0.8">
<product wordnetid="104007894" confidence="0.8">
<creation wordnetid="103129123" confidence="0.8">
<artifact wordnetid="100021939" confidence="0.8">
<wordbook wordnetid="106418693" confidence="0.8">
<book wordnetid="106410904" confidence="0.8">
<dictionary wordnetid="106418901" confidence="0.8">
<reference_book wordnetid="106417598" confidence="0.8">
<publication wordnetid="106589574" confidence="0.8">
<link xlink:type="simple" xlink:href="../324/11324.xml">
Free On-line Dictionary of Computing</link></publication>
</reference_book>
</dictionary>
</book>
</wordbook>
</artifact>
</creation>
</product>
</work>
, which is  under the <link xlink:type="simple" xlink:href="../782/18938782.xml">
GFDL</link>.</it></p>


</sec>
</bdy>
</rule>
</direction>
</protocol>
</message>
</article>
