<?xml version="1.0" encoding="UTF-8"?>
<!-- generated by CLiX/Wiki2XML [MPI-Inf, MMCI@UdS] $LastChangedRevision: 92 $ on 16.04.2009 15:57:14[mciao0828] -->
<!DOCTYPE article SYSTEM "../article.dtd">
<article xmlns:xlink="http://www.w3.org/1999/xlink">
<statement  confidence="0.8" wordnetid="106722453">
<message  confidence="0.8" wordnetid="106598915">
<equation  confidence="0.8" wordnetid="106669864">
<condition  confidence="0.8" wordnetid="113920835">
<state  confidence="0.8" wordnetid="100024720">
<problem  confidence="0.8" wordnetid="114410605">
<difficulty  confidence="0.8" wordnetid="114408086">
<mathematical_statement  confidence="0.8" wordnetid="106732169">
<header>
<title>Diophantine set</title>
<id>101700</id>
<revision>
<id>229913843</id>
<timestamp>2008-08-05T03:46:38Z</timestamp>
<contributor>
<username>CRGreathouse</username>
<id>1077900</id>
</contributor>
</revision>
<categories>
<category>Hilbert&apos;s problems</category>
<category>Diophantine equations</category>
</categories>
</header>
<bdy>

In <link xlink:type="simple" xlink:href="../831/18831.xml">
mathematics</link>, a <b>Diophantine set</b> of <it>j</it>-<link xlink:type="simple" xlink:href="../729/132729.xml">
tuple</link>s of <link xlink:type="simple" xlink:href="../563/14563.xml">
integer</link>s is a <link xlink:type="simple" xlink:href="../691/26691.xml">
set</link> <it>S</it> for which there is some <link xlink:type="simple" xlink:href="../000/23000.xml">
polynomial</link> with integer <link xlink:type="simple" xlink:href="../203/51203.xml">
coefficient</link>s<p>

<indent level="1">

<it>f</it>(<it>n</it>1, ..., <it>nj</it>, <it>x</it>1, ..., <it>xk</it>) 
</indent>

such that a tuple</p>
<p>

<indent level="1">

(<it>n</it>1, ..., <it>nj</it>) 
</indent>

of integers is in <it>S</it> if and only if there exist some (non-negative) <ref xlink:type="simple" xlink:href="#xpointer(//reflist/entry[@id=%221%22])">1</ref> integers </p>
<p>

<indent level="1">

<it>x</it>1, ..., <it>xk</it> with 
</indent>

<indent level="1">

<it>f</it>(<it>n</it>1, ..., <it>nj</it>, <it>x</it>1, ..., <it>xk</it>) = 0. 
</indent>

Such a polynomial equation over the integers is called a <link xlink:type="simple" xlink:href="../109/9109.xml">
Diophantine equation</link>. In other words, a Diophantine set is a set of the form</p>
<p>

<indent level="1">

<math>\{\,  (n_1,\dots,n_j) : \exists x_1\,\dots\,\exists x_k\, f(n_1,\dots,n_j,x_1,\dots,x_k )=0 \,\}</math>
</indent>

where <it>f</it> is a polynomial function with integer coefficients. <ref xlink:type="simple" xlink:href="#xpointer(//reflist/entry[@id=%222%22])">2</ref></p>
<p>

Matiyasevich's theorem, published in 1970, states that a set of integers is Diophantine if and only if it is <link xlink:type="simple" xlink:href="../090/332090.xml">
recursively enumerable</link>.  A set <it>S</it> is recursively enumerable precisely if there is an algorithm that, when given an integer, eventually halts if that input is a member of <it>S</it> and otherwise runs forever. This means that the concept of general Diophantine set, apparently belonging to <link xlink:type="simple" xlink:href="../527/21527.xml">
number theory</link>, can be taken rather in logical or recursion-theoretic terms. This is far from obvious, however, and represented the culmination of some decades of work.</p>
<p>

Matiyasevich's theorem effectively settled <statement wordnetid="106722453" confidence="0.8">
<message wordnetid="106598915" confidence="0.8">
<equation wordnetid="106669864" confidence="0.8">
<mathematical_statement wordnetid="106732169" confidence="0.8">
<link xlink:type="simple" xlink:href="../851/101851.xml">
Hilbert's tenth problem</link></mathematical_statement>
</equation>
</message>
</statement>
. It implies that Hilbert's tenth problem is unsolvable. This problem is the challenge to find a general <link xlink:type="simple" xlink:href="../775/775.xml">
algorithm</link> which can decide whether a given system of Diophantine equations has a solution among the integers. <person wordnetid="100007846" confidence="0.9508927676800064">
<scientist wordnetid="110560637" confidence="0.9508927676800064">
<link xlink:type="simple" xlink:href="../302/8302.xml">
David Hilbert</link></scientist>
</person>
 posed the problem in his celebrated list, from his 1900 address to the <social_group wordnetid="107950920" confidence="0.8">
<congress wordnetid="108308800" confidence="0.8">
<meeting wordnetid="108307589" confidence="0.8">
<gathering wordnetid="107975026" confidence="0.8">
<group wordnetid="100031264" confidence="0.8">
<link xlink:type="simple" xlink:href="../842/627842.xml">
International Congress of Mathematicians</link></group>
</gathering>
</meeting>
</congress>
</social_group>
.</p>

<sec>
<st>
Examples</st>
<p>

The well known <link xlink:type="simple" xlink:href="../877/24877.xml">
Pell equation</link> </p>
<p>

<indent level="1">

<math>x^2-d(y+1)^2=\pm 1</math> 
</indent>

is an example of a Diophantine equation with a parameter. As has long been known, the equation has a solution in the unknowns <math>x,y</math> precisely when the parameter <math>d</math> is 0 or not a <link xlink:type="simple" xlink:href="../198/52198.xml">
perfect square</link>. In the present context, one says that this equation provides a <it>Diophantine definition</it> of the set </p>
<p>

<indent level="1">

{0,2,3,5,6,7,8,10,...} 
</indent>

consisting of 0 and the natural numbers that are not perfect squares. Other examples of Diophantine definitions are as follows: </p>
<p>

<list>
<entry level="1" type="bullet">

 The equation <math>a =(2x+3)y</math> defines the set of numbers that are not powers of 2. </entry>
</list>
</p>
<p>

<list>
<entry level="1" type="bullet">

 The equation <math>a=(x+2)(y+2)</math> defines the set of numbers that are not <link xlink:type="simple" xlink:href="../666/23666.xml">
prime number</link>s. </entry>
</list>
</p>
<p>

<list>
<entry level="1" type="bullet">

 The equation <math>a+x=b</math> defines the set of pairs <math>(a\,,\,b)</math> such that <math>a\le b.\,</math></entry>
</list>
</p>

</sec>
<sec>
<st>
Matiyasevich's theorem</st>

<p>

Matiyasevich's theorem says:</p>
<p>

<indent level="1">

Every <link xlink:type="simple" xlink:href="../090/332090.xml">
recursively enumerable set</link> is Diophantine.
</indent>

A set <it>S</it> of integers is <b>recursively enumerable</b> if there is an algorithm that behaves as follows: When given as input an integer <it>n</it>, if <it>n</it> is a member of <it>S</it>, then the algorithm eventually halts; otherwise it runs forever.  That is equivalent to saying there is an algorithm that runs forever and lists the members of <it>S</it>.  A set <it>S</it> is <b>Diophantine</b> precisely if there is some <link xlink:type="simple" xlink:href="../000/23000.xml">
polynomial</link> with integer coefficients <it>f</it>(<it>n</it>, <it>x</it>1, ..., <it>xk</it>)
such that an integer <it>n</it> is in <it>S</it> if and only if there exist some integers
<it>x</it>1, ..., <it>xk</it>
such that <it>f</it>(<it>n</it>, <it>x</it>1, ..., <it>xk</it>) = 0.</p>
<p>

It is not hard to see that every Diophantine set is recursively enumerable:
consider a Diophantine equation <it>f</it>(<it>n</it>, <it>x</it>1, ..., <it>xk</it>) = 0.
Now we make an algorithm which simply tries all possible values for
<it>n</it>, <it>x</it>1, ..., <it>xk</it>, in the increasing order of the sum of their absolute values,
and prints <it>n</it> every time <it>f</it>(<it>n</it>, <it>x</it>1, ..., <it>xk</it>) = 0.
This algorithm will obviously run forever and will list exactly the <it>n</it>
for which <it>f</it>(<it>n</it>, <it>x</it>1, ..., <it>xk</it>) = 0 has a solution
in <it>x</it>1, ..., <it>xk</it>.</p>

<ss1>
<st>
Proof technique</st>

<p>

<scientist wordnetid="110560637" confidence="0.9508927676800064">
<link xlink:type="simple" xlink:href="../712/2627712.xml">
Yuri Matiyasevich</link></scientist>
 utilized an ingenious trick involving <link xlink:type="simple" xlink:href="../918/10918.xml">
Fibonacci number</link>s in order to show that solutions to Diophantine equations may <link xlink:type="simple" xlink:href="../933/191933.xml">
grow exponentially</link>. Earlier work by <person wordnetid="100007846" confidence="0.9508927676800064">
<scientist wordnetid="110560637" confidence="0.9508927676800064">
<link xlink:type="simple" xlink:href="../987/952987.xml">
Julia Robinson</link></scientist>
</person>
, <physical_entity wordnetid="100001930" confidence="0.8">
<person wordnetid="100007846" confidence="0.8">
<intellectual wordnetid="109621545" confidence="0.8">
<alumnus wordnetid="109786338" confidence="0.8">
<causal_agent wordnetid="100007347" confidence="0.8">
<scientist wordnetid="110560637" confidence="0.8">
<mathematician wordnetid="110301261" confidence="0.8">
<scholar wordnetid="110557854" confidence="0.8">
<link xlink:type="simple" xlink:href="../041/953041.xml">
Martin Davis</link></scholar>
</mathematician>
</scientist>
</causal_agent>
</alumnus>
</intellectual>
</person>
</physical_entity>
 and <person wordnetid="100007846" confidence="0.9508927676800064">
<philosopher wordnetid="110423589" confidence="0.9508927676800064">
<link xlink:type="simple" xlink:href="../233/75233.xml">
Hilary Putnam</link></philosopher>
</person>
 had shown that this suffices to show that every <link xlink:type="simple" xlink:href="../090/332090.xml">
recursively enumerable set</link> is Diophantine.</p>

</ss1>
</sec>
<sec>
<st>
Application to Hilbert's Tenth problem</st>
<p>

<statement wordnetid="106722453" confidence="0.8">
<message wordnetid="106598915" confidence="0.8">
<equation wordnetid="106669864" confidence="0.8">
<mathematical_statement wordnetid="106732169" confidence="0.8">
<link xlink:type="simple" xlink:href="../851/101851.xml">
Hilbert's tenth problem</link></mathematical_statement>
</equation>
</message>
</statement>
 asks for a general algorithm deciding the solvability of Diophantine equations. The conjunction of Matiyasevich's theorem with a result discovered in the 1930s implies that a solution to Hilbert's tenth problem is impossible. The result discovered in the 1930s by several logicians can be stated by saying that some recursively enumerable sets are non-recursive.  In this context, a set <it>S</it> of integers is called "recursive" if there is an algorithm that, when given as input an integer <it>n</it>, returns as output a correct yes-or-no answer to the question of whether <it>n</it> is a member of <it>S</it>. It follows that there are Diophantine equations which cannot be solved by any algorithm.</p>

<ss1>
<st>
Logical structure</st>

<p>

Here an argument taking exactly the form of an Aristotelian <link xlink:type="simple" xlink:href="../046/48046.xml">
syllogism</link> is of interest:</p>
<p>

<indent level="1">

(Major premise): Some recursively enumerable sets are non-recursive.
</indent>
:(Minor premise): All recursively enumerable sets are Diophantine.
<indent level="1">

(Conclusion): Therefore some Diophantine sets are non-recursive.
</indent>

The conclusion entails that Hilbert's 10th problem cannot be solved. The most difficult part of the argument is the proof of the minor premise, i.e. Matiyasevich's theorem, which itself is much stronger than the unsolvability of the Tenth Problem.</p>

</ss1>
<ss1>
<st>
Refinements</st>

<p>

Later work has shown that the question of solvability of a Diophantine equation is undecidable even if the equation only has 9 natural number variables (Matiyasevich, 1977) or 11 integer variables (<link xlink:type="simple" xlink:href="../994/1059994.xml">
Zhi Wei Sun</link>, 1992).</p>

</ss1>
</sec>
<sec>
<st>
Further applications</st>

<p>

Matiyasevich's theorem has since been used to prove that many problems from <link xlink:type="simple" xlink:href="../176/5176.xml">
calculus</link> and <link xlink:type="simple" xlink:href="../309/1424309.xml">
differential equation</link>s are unsolvable.</p>
<p>

One can also derive the following stronger form of <link>
Gödel's first incompleteness theorem</link> from Matiyasevich's result:
<indent level="1">

<it>Corresponding to any given axiomatization of number theory, one can explicitly construct a Diophantine equation which has no solutions, but such that this fact cannot be proved within the given axiomatization.</it>
</indent>

</p>
</sec>
<sec>
<st>
 Footnotes </st>
<p>

<reflist>
<entry id="1">
 The two definitions are equivalent. This can be proved using <statement wordnetid="106722453" confidence="0.8">
<message wordnetid="106598915" confidence="0.8">
<theorem wordnetid="106752293" confidence="0.8">
<proposition wordnetid="106750804" confidence="0.8">
<link xlink:type="simple" xlink:href="../395/326395.xml">
Lagrange's four-square theorem</link></proposition>
</theorem>
</message>
</statement>
. </entry>
<entry id="2">
 Note that one can also use a simultaneous system of Diophantine equations to define a Diophantine set, because the system
<indent level="1">

 <math>f_1=0,\ldots,f_k=0</math>
</indent>
is equivalent to the single equation
<indent level="1">

 <math>f_1^2+\cdots+f_k^2=0.\,</math> </indent>
</entry>
</reflist>
</p>

</sec>
<sec>
<st>
References</st>

<p>

<list>
<entry level="1" type="bullet">

 <scientist wordnetid="110560637" confidence="0.9508927676800064">
<link xlink:type="simple" xlink:href="../712/2627712.xml">
Yuri Matiyasevich</link></scientist>
. "Enumerable sets are Diophantine." <it>Doklady Akademii Nauk SSSR,</it> 191, pp. 279-282, 1970. English translation in <it>Soviet Mathematics. Doklady,</it> vol. 11, no. 2, 1970. </entry>
<entry level="1" type="bullet">

 <physical_entity wordnetid="100001930" confidence="0.8">
<person wordnetid="100007846" confidence="0.8">
<intellectual wordnetid="109621545" confidence="0.8">
<alumnus wordnetid="109786338" confidence="0.8">
<causal_agent wordnetid="100007347" confidence="0.8">
<scientist wordnetid="110560637" confidence="0.8">
<mathematician wordnetid="110301261" confidence="0.8">
<scholar wordnetid="110557854" confidence="0.8">
<link xlink:type="simple" xlink:href="../041/953041.xml">
M. Davis</link></scholar>
</mathematician>
</scientist>
</causal_agent>
</alumnus>
</intellectual>
</person>
</physical_entity>
. "Hilbert's Tenth Problem is Unsolvable." <it>American Mathematical Monthly</it> 80, pp. 233-269, 1973.</entry>
<entry level="1" type="bullet">

 <scientist wordnetid="110560637" confidence="0.9508927676800064">
<link xlink:type="simple" xlink:href="../712/2627712.xml">
Yuri Matiyasevich</link></scientist>
. <it>Hilbert's 10th Problem</it> Foreword by Martin Davis and Hilary Putnam, The MIT Press. <link xlink:type="simple" xlink:href="../919/14919.xml">
ISBN-10</link>: 0-262-13295-8</entry>
<entry level="1" type="bullet">

 Zhi-Wei Sun, <weblink xlink:type="simple" xlink:href="http://math.nju.edu.cn/~zwsun/12d.pdf">
Reduction of unknowns in Diophantine representations</weblink>, <it>Sci. China Ser. A</it>, <b>35</b>:3 (1992), pp. 257–269.</entry>
</list>
</p>

</sec>
<sec>
<st>
 External links </st>
<p>

<list>
<entry level="1" type="bullet">

 <weblink xlink:type="simple" xlink:href="http://www.scholarpedia.org/article/Matiyasevich_theorem">
Matiyasevich theorem</weblink> on Scholarpedia.</entry>
</list>
</p>


</sec>
</bdy>
</mathematical_statement>
</difficulty>
</problem>
</state>
</condition>
</equation>
</message>
</statement>
</article>
