<?xml version="1.0" encoding="UTF-8"?>
<!-- generated by CLiX/Wiki2XML [MPI-Inf, MMCI@UdS] $LastChangedRevision: 92 $ on 16.04.2009 18:00:33[mciao0827] -->
<!DOCTYPE article SYSTEM "../article.dtd">
<article xmlns:xlink="http://www.w3.org/1999/xlink">
<process  confidence="0.8" wordnetid="105701363">
<social_science  confidence="0.8" wordnetid="106143154">
<knowledge_domain  confidence="0.8" wordnetid="105999266">
<thinking  confidence="0.8" wordnetid="105770926">
<explanation  confidence="0.8" wordnetid="105793000">
<theory  confidence="0.8" wordnetid="105989479">
<economics  confidence="0.8" wordnetid="106149484">
<discipline  confidence="0.8" wordnetid="105996646">
<science  confidence="0.8" wordnetid="105999797">
<higher_cognitive_process  confidence="0.8" wordnetid="105770664">
<header>
<title>Equity premium puzzle</title>
<id>1021521</id>
<revision>
<id>240664347</id>
<timestamp>2008-09-24T12:00:27Z</timestamp>
<contributor>
<username>Wisekai</username>
<id>8010680</id>
</contributor>
</revision>
<categories>
<category>Economics of uncertainty</category>
<category>Stock market</category>
<category>Finance theories</category>
<category>Behavioral finance</category>
</categories>
</header>
<bdy>

<b>The equity premium puzzle</b> is a term coined by economists <scientist wordnetid="110560637" confidence="0.9508927676800064">
<link xlink:type="simple" xlink:href="../786/13635786.xml">
Rajnish Mehra</link></scientist>
 and <person wordnetid="100007846" confidence="0.9508927676800064">
<scientist wordnetid="110560637" confidence="0.9508927676800064">
<link xlink:type="simple" xlink:href="../186/1045186.xml">
Edward C. Prescott</link></scientist>
</person>
. It is based on the observation that in order to reconcile the much higher return on equity <link xlink:type="simple" xlink:href="../096/294096.xml">
stock</link> compared to government <link xlink:type="simple" xlink:href="../768/93768.xml">
bond</link>s in the <body wordnetid="107965085" confidence="0.8">
<social_group wordnetid="107950920" confidence="0.8">
<political_orientation wordnetid="106212839" confidence="0.8">
<colony wordnetid="108374049" confidence="0.8">
<state wordnetid="108168978" confidence="0.8">
<political_unit wordnetid="108359949" confidence="0.8">
<group wordnetid="100031264" confidence="0.8">
<democracy wordnetid="106217103" confidence="0.8">
<link xlink:type="simple" xlink:href="../750/3434750.xml">
United States</link></democracy>
</group>
</political_unit>
</state>
</colony>
</political_orientation>
</social_group>
</body>
, individuals must have implausibly high risk aversion according to standard economics models. Similar situations prevail in many other industrialized countries. The puzzle has led to an extensive <link xlink:type="simple" xlink:href="../524/25524.xml">
research</link> effort in both macroeconomics and finance. So far a range of useful theoretical tools and several plausible explanations have been presented, but a solution generally accepted by the economics profession remains elusive.<p>

In the United States, the observed "equity premium" - the <link xlink:type="simple" xlink:href="../962/539962.xml">
risk premium</link> (in fact the historical outperformance) on equity in stocks vs. government bonds - over the past century was approximately 6% per annum. However, over any one decade, the outperformance had great variability - from over 19% in the 1950s to 0.3% in the 1970s. It is this gap that is much larger than would be predicted on the basis of standard models of financial markets and assumptions about risk attitudes. To quantify the level of risk aversion implied if these figures represented the <it>expected</it> outperformance of equities over bonds, investors would have to be indifferent between a bet equally likely to pay $50,000 or $100,000 (an expected value of $75,000) and a certain payoff of $51,209 (Benartzi and Thaler, 1995).</p>

<sec>
<st>
 Possible explanations </st>

<p>

A large number of explanations for the puzzle have been proposed. These include a contention that the puzzle is a statistical illusion, modifications to the assumed preferences of investors and imperfections. Kocherlakota (1996), Mehra and Prescott (2003) present a detailed analysis of these explanations in financial markets and conclude that the puzzle is real and  remains unexplained. Subsequent reviews of the literature have similarly found no agreed resolution.</p>
<p>

Grant and <physical_entity wordnetid="100001930" confidence="0.8">
<person wordnetid="100007846" confidence="0.8">
<intellectual wordnetid="109621545" confidence="0.8">
<social_scientist wordnetid="110619642" confidence="0.8">
<adult wordnetid="109605289" confidence="0.8">
<scientist wordnetid="110560637" confidence="0.8">
<professional wordnetid="110480253" confidence="0.8">
<educator wordnetid="110045713" confidence="0.8">
<blogger wordnetid="109860415" confidence="0.8">
<economist wordnetid="110043643" confidence="0.8">
<alumnus wordnetid="109786338" confidence="0.8">
<academician wordnetid="109759069" confidence="0.8">
<causal_agent wordnetid="100007347" confidence="0.8">
<scholar wordnetid="110557854" confidence="0.8">
<link xlink:type="simple" xlink:href="../736/2755736.xml">
Quiggin</link></scholar>
</causal_agent>
</academician>
</alumnus>
</economist>
</blogger>
</educator>
</professional>
</scientist>
</adult>
</social_scientist>
</intellectual>
</person>
</physical_entity>
 (2006) distinguish several classes of explanation of the puzzle.</p>

<ss1>
<st>
Individual characteristics </st>

<p>

Some explanations rely on assumptions about individual behavior   and preferences different from those made by Mehra and Prescott. Examples include the <link xlink:type="simple" xlink:href="../284/197284.xml">
prospect theory</link> model of Benartzi and Thaler (1995) based on <link xlink:type="simple" xlink:href="../827/547827.xml">
loss aversion</link>. A problem for this model is the lack of a general model of portfolio choice and <link xlink:type="simple" xlink:href="../107/347107.xml">
asset valuation</link> for <link xlink:type="simple" xlink:href="../284/197284.xml">
prospect theory</link>. </p>
<p>

A second class of explanations is based on relaxation of the optimization assumptions of the standard model. The standard model represents consumers as continuously-optimizing dynamically-consistent expected-utility maximizers. These assumptions provide a tight link between attitudes to risk and attitudes to variations in <link xlink:type="simple" xlink:href="../866/1045866.xml">
intertemporal consumption</link> which is crucial in deriving the equity premium puzzle. Solutions of this kind work by weakening the assumption of continuous optimization, for example by supposing that consumers adopt <link xlink:type="simple" xlink:href="../401/70401.xml">
satisficing</link> rules rather than optimizing. An example is <it><link xlink:type="simple" xlink:href="../173/4839173.xml">
info-gap decision theory</link></it> (Ben-Haim, 2006), based on a non-probabilistic treatment of uncertainty, which leads to the adoption of a robust satisficing approach to asset allocation.</p>

</ss1>
<ss1>
<st>
Equity characteristics</st>

<p>

A second class of explanations focuses on characteristics of equity not captured by standard capital market models, but nonetheless consistent with rational optimization by investors in smoothly functioning markets. Writers including Bansal and Coleman (1996), Palomino (1996) and Holmstrom and Tirole (1998) focus on the demand for <link xlink:type="simple" xlink:href="../121/56121.xml">
liquidity</link>.</p>

</ss1>
<ss1>
<st>
Tax distortions</st>

<p>

McGrattan and Prescott (2001) argue that the observed equity premium in the United States since 1945 may be explained by changes in the tax treatment of <link xlink:type="simple" xlink:href="../738/146738.xml">
interest</link> and <link xlink:type="simple" xlink:href="../930/41930.xml">
dividend</link> income. As Mehra (2003) notes, there are some difficulties in the calibration used in this analysis and the existence of a substantial equity premium before 1945 is left unexplained.</p>

</ss1>
<ss1>
<st>
Market failure explanations</st>

<p>

Two broad classes of <link xlink:type="simple" xlink:href="../754/68754.xml">
market failure</link> have been considered as explanations of the equity premium. First, problems of <link xlink:type="simple" xlink:href="../452/309452.xml">
adverse selection</link> and <link xlink:type="simple" xlink:href="../590/175590.xml">
moral hazard</link> may result in the absence of markets in which individuals can insure themselves against systematic risk in labor income and noncorporate profits. Second, <link xlink:type="simple" xlink:href="../297/145297.xml">
transactions cost</link>s or liquidity constraints may prevent individuals from smoothing consumption over time.</p>

</ss1>
<ss1>
<st>
Implied volatility</st>

<p>

Graham and Harvey <ref xlink:type="simple" xlink:href="#xpointer(//reflist/entry[@id=%221%22])">1</ref> have estimated that for the United States, the expected average premium during June 2000 to Nov. 2006 has ranged between 4.65 to 2.50. They found a modest correlation of 0.62 between the 10-year equity premium and a measure of <link xlink:type="simple" xlink:href="../568/253568.xml">
implied volatility</link> (in this case, <link xlink:type="simple" xlink:href="../191/3477191.xml">
VIX</link>, the Chicago Board Options Exchange Volatility Index).</p>

</ss1>
<ss1>
<st>
Other explanations</st>

<p>

Arguably more likely explanations are:</p>
<p>

<list>
<entry level="1" type="bullet">

Over the period, the observed outperformance of equities was substantially in excess of market expectations at the beginning of the relevant periods. This is not altogether surprising in view of the variability referred to above.</entry>
<entry level="1" type="bullet">

Part of the reason for investment in fixed interest bonds was that much the liabilities of insurance companies and pension funds requiring to be matched were expressed as guarantees of fixed currency amounts.</entry>
</list>
</p>

</ss1>
</sec>
<sec>
<st>
 Implications </st>

<p>

The magnitude of the equity premium has implications for resource allocation, social welfare, and economic policy. Grant and <physical_entity wordnetid="100001930" confidence="0.8">
<person wordnetid="100007846" confidence="0.8">
<intellectual wordnetid="109621545" confidence="0.8">
<social_scientist wordnetid="110619642" confidence="0.8">
<adult wordnetid="109605289" confidence="0.8">
<scientist wordnetid="110560637" confidence="0.8">
<professional wordnetid="110480253" confidence="0.8">
<educator wordnetid="110045713" confidence="0.8">
<blogger wordnetid="109860415" confidence="0.8">
<economist wordnetid="110043643" confidence="0.8">
<alumnus wordnetid="109786338" confidence="0.8">
<academician wordnetid="109759069" confidence="0.8">
<causal_agent wordnetid="100007347" confidence="0.8">
<scholar wordnetid="110557854" confidence="0.8">
<link xlink:type="simple" xlink:href="../736/2755736.xml">
Quiggin</link></scholar>
</causal_agent>
</academician>
</alumnus>
</economist>
</blogger>
</educator>
</professional>
</scientist>
</adult>
</social_scientist>
</intellectual>
</person>
</physical_entity>
 (2005) derive the following implications of the existence of a large equity premium:
<list>
<entry level="1" type="bullet">

That the macroeconomic variability associated with recessions is very expensive</entry>
<entry level="1" type="bullet">

That risk to corporate profits robs the stock market of most of its value</entry>
<entry level="1" type="bullet">

That corporate executives are under irresistible pressure to make short-sighted, myopic decisions</entry>
<entry level="1" type="bullet">

That policies—disinflation, costly reform—that promise long-term gains at the expense of short-term pain are much less attractive if their benefits are risky</entry>
<entry level="1" type="bullet">

That social insurance programs might well benefit from investing their resources in risky portfolios in order to mobilize additional risk-bearing capacity</entry>
<entry level="1" type="bullet">

That there is a strong case for public investment in long-term projects and corporations, and for policies to reduce the cost of risky capital</entry>
<entry level="1" type="bullet">

That transaction taxes could be either for good or for ill</entry>
</list>
</p>

</sec>
<sec>
<st>
See also</st>
<p>

<list>
<entry level="1" type="bullet">

 <statement wordnetid="106722453" confidence="0.8">
<message wordnetid="106598915" confidence="0.8">
<contradiction wordnetid="107206887" confidence="0.8">
<social_science wordnetid="106143154" confidence="0.8">
<paradox wordnetid="106724559" confidence="0.8">
<falsehood wordnetid="106756407" confidence="0.8">
<knowledge_domain wordnetid="105999266" confidence="0.8">
<economics wordnetid="106149484" confidence="0.8">
<discipline wordnetid="105996646" confidence="0.8">
<science wordnetid="105999797" confidence="0.8">
<link xlink:type="simple" xlink:href="../480/1912480.xml">
Ellsberg paradox</link></science>
</discipline>
</economics>
</knowledge_domain>
</falsehood>
</paradox>
</social_science>
</contradiction>
</message>
</statement>
</entry>
<entry level="1" type="bullet">

 <social_science wordnetid="106143154" confidence="0.8">
<knowledge_domain wordnetid="105999266" confidence="0.8">
<economics wordnetid="106149484" confidence="0.8">
<inclination wordnetid="106196584" confidence="0.8">
<discipline wordnetid="105996646" confidence="0.8">
<bias wordnetid="106201908" confidence="0.8">
<partiality wordnetid="106201136" confidence="0.8">
<science wordnetid="105999797" confidence="0.8">
<link xlink:type="simple" xlink:href="../827/547827.xml">
Loss aversion</link></science>
</partiality>
</bias>
</discipline>
</inclination>
</economics>
</knowledge_domain>
</social_science>
</entry>
<entry level="1" type="bullet">

 <social_science wordnetid="106143154" confidence="0.8">
<knowledge_domain wordnetid="105999266" confidence="0.8">
<economics wordnetid="106149484" confidence="0.8">
<discipline wordnetid="105996646" confidence="0.8">
<science wordnetid="105999797" confidence="0.8">
<link xlink:type="simple" xlink:href="../700/177700.xml">
Risk aversion</link></science>
</discipline>
</economics>
</knowledge_domain>
</social_science>
</entry>
<entry level="1" type="bullet">

 <link xlink:type="simple" xlink:href="../791/510791.xml">
List of cognitive biases</link></entry>
<entry level="1" type="bullet">

 <link xlink:type="simple" xlink:href="../966/1398966.xml">
Economic puzzle</link></entry>
</list>
</p>

</sec>
<sec>
<st>
 References </st>

<p>

<reflist>
<entry id="1">
The Equity Risk Premium in January 2007:
Evidence from the Global CFO Outlook Survey, John R. Graham,Campbell R. Harvey</entry>
</reflist>

<list>
<entry level="1" type="bullet">

  <cite style="font-style:normal">Mehra, Rajnish; Edward C. Prescott&#32;(1985).&#32;"<weblink xlink:type="simple" xlink:href="http://www.academicwebpages.com/preview/mehra/pdf/The%20Equity%20Premium%20A%20Puzzle.pdf">
The Equity Premium: A Puzzle</weblink>". <it>Journal of Monetary Economics</it>&#32;<b>15</b>: 145–161. <document wordnetid="106470073" confidence="0.8">
<written_communication wordnetid="106349220" confidence="0.8">
<writing wordnetid="106362953" confidence="0.8">
<link xlink:type="simple" xlink:href="../994/422994.xml">
doi</link></writing>
</written_communication>
</document>
:<weblink xlink:type="simple" xlink:href="http://dx.doi.org/10.1016%2F0304-3932%2885%2990061-3">
10.1016/0304-3932(85)90061-3</weblink>.</cite>&nbsp;</entry>
<entry level="1" type="bullet">

  <cite style="font-style:normal">Kocherlakota, Narayana R.&#32;(March 1996).&#32;"<weblink xlink:type="simple" xlink:href="http://www.econ.ucdavis.edu/faculty/kdsalyer/LECTURES/Ecn200e/Kocherla.pdf">
The Equity Premium: It's Still a Puzzle</weblink>". <it>Journal of Economic Literature</it>&#32;<b>34</b>&#32;(1): 42–71.</cite>&nbsp;</entry>
<entry level="1" type="bullet">

  <cite id="Reference-Mehra-2003" style="font-style:normal" class="book">Mehra, Rajnish;&#32;Edward C. Prescott&#32;(2003).&#32;"<weblink xlink:type="simple" xlink:href="http://www.academicwebpages.com/preview/mehra/pdf/epp_retrospect.pdf">
The Equity Premium Puzzle in Retrospect</weblink>",&#32;in G.M. Constantinides, M. Harris and R. Stulz: Handbook of the Economics of Finance.&#32;Amsterdam:&#32;North Holland,&#32;889-938. ISBN 978-0-444-51363-2.</cite>&nbsp;</entry>
<entry level="1" type="bullet">

  <cite style="font-style:normal">Benartzi, Shlomo; Richard H. Thaler&#32;(Feb. 1995).&#32;"<weblink xlink:type="simple" xlink:href="http://ideas.repec.org/a/tpr/qjecon/v110y1995i1p73-92.html">
Myopic Loss Aversion and the Equity Premium Puzzle</weblink>". <it>The Quarterly Journal of Economics</it>&#32;<b>110</b>&#32;(1): 73–92. <document wordnetid="106470073" confidence="0.8">
<written_communication wordnetid="106349220" confidence="0.8">
<writing wordnetid="106362953" confidence="0.8">
<link xlink:type="simple" xlink:href="../994/422994.xml">
doi</link></writing>
</written_communication>
</document>
:<weblink xlink:type="simple" xlink:href="http://dx.doi.org/10.2307%2F2118511">
10.2307/2118511</weblink>.</cite>&nbsp; (subscription required to download paper)</entry>
<entry level="1" type="bullet">

 Yakov Ben-Haim, <it>Info-Gap Decision Theory: Decisions Under Severe Uncertainty,</it> Academic Press, 2nd edition, Sep. 2006. ISBN 0-12-373552-1.</entry>
<entry level="1" type="bullet">

 Grant, S. and Quiggin, J. (2006), "The risk premium for equity: implications for resource allocation, welfare and policy," Australian Economic Papers, 45(3), 253–68. <weblink xlink:type="simple" xlink:href="http://www.blackwell-synergy.com/doi/abs/10.1111/j.1467-8454.2006.00291.x">
http://www.blackwell-synergy.com/doi/abs/10.1111/j.1467-8454.2006.00291.x</weblink></entry>
</list>
</p>

<p>

<table style=";" class="navbox" cellspacing="0">
<row>
<col style="padding:2px;">
<table style="width:100%;background:transparent;color:inherit;;" class="nowraplinks collapsible autocollapse " cellspacing="0">
<row>
<header colspan="2" style=";" class="navbox-title">
<link xlink:type="simple" xlink:href="../328/52328.xml">
Stock market</link></header>
</row>
<row style="height:2px;">

</row>
<row>
<col style=";;" class="navbox-group">
Types of stocks</col>
<col style="text-align:left;border-left:2px solid #fdfdfd;width:100%;padding:0px;;;" class="navbox-list navbox-odd">
<link xlink:type="simple" xlink:href="../783/19372783.xml">
Stock</link>&nbsp;·  <link xlink:type="simple" xlink:href="../373/637373.xml">
Common stock</link>&nbsp;·  <link xlink:type="simple" xlink:href="../478/533478.xml">
Preferred stock</link>&nbsp;·  <link xlink:type="simple" xlink:href="../734/1350734.xml">
Outstanding stock</link>&nbsp;·  <link xlink:type="simple" xlink:href="../806/469806.xml">
Treasury stock</link>&nbsp;·  <safety wordnetid="114538472" confidence="0.8">
<condition wordnetid="113920835" confidence="0.8">
<state wordnetid="100024720" confidence="0.8">
<security wordnetid="114539268" confidence="0.8">
<link xlink:type="simple" xlink:href="../735/12222735.xml">
Authorised stock</link></security>
</state>
</condition>
</safety>
&nbsp;·  <link xlink:type="simple" xlink:href="../680/3024680.xml">
Restricted stock</link>&nbsp;·  <link xlink:type="simple" xlink:href="../888/12231888.xml">
Concentrated stock</link>&nbsp;·  <link xlink:type="simple" xlink:href="../872/1918872.xml">
Golden share</link></col>
</row>
<row style="height:2px">

</row>
<row>
<col style=";;" class="navbox-group">
Participants</col>
<col style="text-align:left;border-left:2px solid #fdfdfd;width:100%;padding:0px;;;" class="navbox-list navbox-even">
<link xlink:type="simple" xlink:href="../730/332730.xml">
Investor</link>&nbsp;·  <link xlink:type="simple" xlink:href="../607/2785607.xml">
Stock trader/investor</link>&nbsp;·  <market wordnetid="101097292" confidence="0.8">
<event wordnetid="100029378" confidence="0.8">
<act wordnetid="100030358" confidence="0.8">
<psychological_feature wordnetid="100023100" confidence="0.8">
<activity wordnetid="100407535" confidence="0.8">
<link xlink:type="simple" xlink:href="../844/447844.xml">
Market maker</link></activity>
</psychological_feature>
</act>
</event>
</market>
&nbsp;·  <link xlink:type="simple" xlink:href="../013/13198013.xml">
Floor trader</link>&nbsp;·  <link xlink:type="simple" xlink:href="../129/13198129.xml">
Floor broker</link>&nbsp;·  <link xlink:type="simple" xlink:href="../060/373060.xml">
Broker-dealer</link></col>
</row>
<row style="height:2px">

</row>
<row>
<col style=";;" class="navbox-group">
Exchanges</col>
<col style="text-align:left;border-left:2px solid #fdfdfd;width:100%;padding:0px;;;" class="navbox-list navbox-odd">
<link xlink:type="simple" xlink:href="../168/28168.xml">
Stock exchange</link>&nbsp;·  <link xlink:type="simple" xlink:href="../653/195653.xml">
List of stock exchanges</link>&nbsp;·  <link xlink:type="simple" xlink:href="../304/667304.xml">
Over-the-counter</link></col>
</row>
<row style="height:2px">

</row>
<row>
<col style=";;" class="navbox-group">
<link xlink:type="simple" xlink:href="../426/644426.xml">
Stock valuation</link></col>
<col style="text-align:left;border-left:2px solid #fdfdfd;width:100%;padding:0px;;;" class="navbox-list navbox-even">
<process wordnetid="105701363" confidence="0.8">
<thinking wordnetid="105770926" confidence="0.8">
<explanation wordnetid="105793000" confidence="0.8">
<theory wordnetid="105989479" confidence="0.8">
<higher_cognitive_process wordnetid="105770664" confidence="0.8">
<link xlink:type="simple" xlink:href="../970/2235970.xml">
Gordon model</link></higher_cognitive_process>
</theory>
</explanation>
</thinking>
</process>
&nbsp;·  <magnitude_relation wordnetid="113815152" confidence="0.8">
<ratio wordnetid="113819207" confidence="0.8">
<link xlink:type="simple" xlink:href="../151/447151.xml">
Dividend yield</link></ratio>
</magnitude_relation>
&nbsp;·  <safety wordnetid="114538472" confidence="0.8">
<magnitude_relation wordnetid="113815152" confidence="0.8">
<ratio wordnetid="113819207" confidence="0.8">
<condition wordnetid="113920835" confidence="0.8">
<state wordnetid="100024720" confidence="0.8">
<security wordnetid="114539268" confidence="0.8">
<link xlink:type="simple" xlink:href="../277/1584277.xml">
Earnings per share</link></security>
</state>
</condition>
</ratio>
</magnitude_relation>
</safety>
&nbsp;·  <link xlink:type="simple" xlink:href="../292/265292.xml">
Book value</link>&nbsp;·  <magnitude_relation wordnetid="113815152" confidence="0.8">
<ratio wordnetid="113819207" confidence="0.8">
<link xlink:type="simple" xlink:href="../219/4868219.xml">
Earnings yield</link></ratio>
</magnitude_relation>
&nbsp;·  <magnitude_relation wordnetid="113815152" confidence="0.8">
<ratio wordnetid="113819207" confidence="0.8">
<link xlink:type="simple" xlink:href="../558/897558.xml">
Beta</link></ratio>
</magnitude_relation>
&nbsp;·  <process wordnetid="105701363" confidence="0.8">
<magnitude_relation wordnetid="113815152" confidence="0.8">
<thinking wordnetid="105770926" confidence="0.8">
<ratio wordnetid="113819207" confidence="0.8">
<explanation wordnetid="105793000" confidence="0.8">
<theory wordnetid="105989479" confidence="0.8">
<higher_cognitive_process wordnetid="105770664" confidence="0.8">
<link xlink:type="simple" xlink:href="../486/1736486.xml">
Alpha</link></higher_cognitive_process>
</theory>
</explanation>
</ratio>
</thinking>
</magnitude_relation>
</process>
&nbsp;·  <process wordnetid="105701363" confidence="0.8">
<market wordnetid="101097292" confidence="0.8">
<thinking wordnetid="105770926" confidence="0.8">
<event wordnetid="100029378" confidence="0.8">
<explanation wordnetid="105793000" confidence="0.8">
<theory wordnetid="105989479" confidence="0.8">
<act wordnetid="100030358" confidence="0.8">
<psychological_feature wordnetid="100023100" confidence="0.8">
<activity wordnetid="100407535" confidence="0.8">
<higher_cognitive_process wordnetid="105770664" confidence="0.8">
<link xlink:type="simple" xlink:href="../062/163062.xml">
CAPM</link></higher_cognitive_process>
</activity>
</psychological_feature>
</act>
</theory>
</explanation>
</event>
</thinking>
</market>
</process>
&nbsp;·  <process wordnetid="105701363" confidence="0.8">
<thinking wordnetid="105770926" confidence="0.8">
<explanation wordnetid="105793000" confidence="0.8">
<theory wordnetid="105989479" confidence="0.8">
<higher_cognitive_process wordnetid="105770664" confidence="0.8">
<link xlink:type="simple" xlink:href="../367/793367.xml">
Arbitrage pricing theory</link></higher_cognitive_process>
</theory>
</explanation>
</thinking>
</process>
</col>
</row>
<row style="height:2px">

</row>
<row>
<col style=";;" class="navbox-group">
<link xlink:type="simple" xlink:href="../827/788827.xml">
Financial ratio</link>s</col>
<col style="text-align:left;border-left:2px solid #fdfdfd;width:100%;padding:0px;;;" class="navbox-list navbox-odd">
<magnitude_relation wordnetid="113815152" confidence="0.8">
<ratio wordnetid="113819207" confidence="0.8">
<link xlink:type="simple" xlink:href="../742/3309742.xml">
P/CF ratio</link></ratio>
</magnitude_relation>
&nbsp;·  <magnitude_relation wordnetid="113815152" confidence="0.8">
<ratio wordnetid="113819207" confidence="0.8">
<link xlink:type="simple" xlink:href="../066/163066.xml">
P/E</link></ratio>
</magnitude_relation>
&nbsp;·  <magnitude_relation wordnetid="113815152" confidence="0.8">
<ratio wordnetid="113819207" confidence="0.8">
<link xlink:type="simple" xlink:href="../932/1368932.xml">
PEG</link></ratio>
</magnitude_relation>
&nbsp;·  <magnitude_relation wordnetid="113815152" confidence="0.8">
<ratio wordnetid="113819207" confidence="0.8">
<link xlink:type="simple" xlink:href="../038/1661038.xml">
Price/sales ratio</link></ratio>
</magnitude_relation>
&nbsp;·  <magnitude_relation wordnetid="113815152" confidence="0.8">
<ratio wordnetid="113819207" confidence="0.8">
<link xlink:type="simple" xlink:href="../835/2792835.xml">
P/B ratio</link></ratio>
</magnitude_relation>
&nbsp;·  <magnitude_relation wordnetid="113815152" confidence="0.8">
<ratio wordnetid="113819207" confidence="0.8">
<link xlink:type="simple" xlink:href="../439/1377439.xml">
D/E ratio</link></ratio>
</magnitude_relation>
&nbsp;·  <link xlink:type="simple" xlink:href="../749/15449749.xml">
Dividend payout ratio</link>&nbsp;·  <link xlink:type="simple" xlink:href="../754/19263754.xml">
Dividend cover</link>&nbsp;·  <link xlink:type="simple" xlink:href="../502/19207502.xml">
SGR</link>&nbsp;·  <magnitude_relation wordnetid="113815152" confidence="0.8">
<ratio wordnetid="113819207" confidence="0.8">
<link>
ROIC</link></ratio>
</magnitude_relation>
&nbsp;·  <magnitude_relation wordnetid="113815152" confidence="0.8">
<ratio wordnetid="113819207" confidence="0.8">
<link xlink:type="simple" xlink:href="../924/3055924.xml">
ROCE</link></ratio>
</magnitude_relation>
&nbsp;·  <magnitude_relation wordnetid="113815152" confidence="0.8">
<ratio wordnetid="113819207" confidence="0.8">
<link xlink:type="simple" xlink:href="../537/1410537.xml">
ROE</link></ratio>
</magnitude_relation>
&nbsp;·  <magnitude_relation wordnetid="113815152" confidence="0.8">
<ratio wordnetid="113819207" confidence="0.8">
<link xlink:type="simple" xlink:href="../291/1240291.xml">
ROA</link></ratio>
</magnitude_relation>
&nbsp;·  <magnitude_relation wordnetid="113815152" confidence="0.8">
<ratio wordnetid="113819207" confidence="0.8">
<link xlink:type="simple" xlink:href="../873/12755873.xml">
EV/EBITDA</link></ratio>
</magnitude_relation>
&nbsp;·  <link xlink:type="simple" xlink:href="../692/564692.xml">
RSI</link>&nbsp;·  <magnitude_relation wordnetid="113815152" confidence="0.8">
<ratio wordnetid="113819207" confidence="0.8">
<link xlink:type="simple" xlink:href="../837/934837.xml">
Sharpe ratio</link></ratio>
</magnitude_relation>
&nbsp;·  <magnitude_relation wordnetid="113815152" confidence="0.8">
<ratio wordnetid="113819207" confidence="0.8">
<link xlink:type="simple" xlink:href="../101/1273101.xml">
Treynor ratio</link></ratio>
</magnitude_relation>
&nbsp;·  <idea wordnetid="105833840" confidence="0.8">
<concept wordnetid="105835747" confidence="0.8">
<link xlink:type="simple" xlink:href="../731/2899731.xml">
Cap rate</link></concept>
</idea>
</col>
</row>
<row style="height:2px">

</row>
<row>
<col style=";;" class="navbox-group">
Trading theories</col>
<col style="text-align:left;border-left:2px solid #fdfdfd;width:100%;padding:0px;;;" class="navbox-list navbox-even">
<market wordnetid="101097292" confidence="0.8">
<event wordnetid="100029378" confidence="0.8">
<act wordnetid="100030358" confidence="0.8">
<psychological_feature wordnetid="100023100" confidence="0.8">
<activity wordnetid="100407535" confidence="0.8">
<link xlink:type="simple" xlink:href="../602/164602.xml">
Efficient market hypothesis</link></activity>
</psychological_feature>
</act>
</event>
</market>
&nbsp;·  <link xlink:type="simple" xlink:href="../684/11684.xml">
Fundamental analysis</link>&nbsp;·  <link xlink:type="simple" xlink:href="../577/112577.xml">
Technical analysis</link>&nbsp;·  <process wordnetid="105701363" confidence="0.8">
<thinking wordnetid="105770926" confidence="0.8">
<explanation wordnetid="105793000" confidence="0.8">
<theory wordnetid="105989479" confidence="0.8">
<higher_cognitive_process wordnetid="105770664" confidence="0.8">
<link xlink:type="simple" xlink:href="../434/734434.xml">
Modern portfolio theory</link></higher_cognitive_process>
</theory>
</explanation>
</thinking>
</process>
&nbsp;·  <process wordnetid="105701363" confidence="0.8">
<thinking wordnetid="105770926" confidence="0.8">
<explanation wordnetid="105793000" confidence="0.8">
<theory wordnetid="105989479" confidence="0.8">
<higher_cognitive_process wordnetid="105770664" confidence="0.8">
<link xlink:type="simple" xlink:href="../334/10494334.xml">
Post-modern portfolio theory</link></higher_cognitive_process>
</theory>
</explanation>
</thinking>
</process>
&nbsp;·  <link xlink:type="simple" xlink:href="../033/18728033.xml">
Mosaic theory</link></col>
</row>
<row style="height:2px">

</row>
<row>
<col style=";;" class="navbox-group">
Related terms</col>
<col style="text-align:left;border-left:2px solid #fdfdfd;width:100%;padding:0px;;;" class="navbox-list navbox-odd">
<link xlink:type="simple" xlink:href="../930/41930.xml">
Dividend</link>&nbsp;·  <link xlink:type="simple" xlink:href="../369/293369.xml">
Stock split</link>&nbsp;·  <link xlink:type="simple" xlink:href="../110/3519110.xml">
Reverse stock split</link>&nbsp;·  <link xlink:type="simple" xlink:href="../130/426130.xml">
Growth stock</link>&nbsp;·  <link xlink:type="simple" xlink:href="../088/63088.xml">
Speculation</link>&nbsp;·  <link xlink:type="simple" xlink:href="../575/11030575.xml">
Trade</link>&nbsp;·  <link xlink:type="simple" xlink:href="../796/228796.xml">
Day trading</link>&nbsp;·  <link xlink:type="simple" xlink:href="../879/63879.xml">
IPO</link>&nbsp;·  <market wordnetid="101097292" confidence="0.8">
<event wordnetid="100029378" confidence="0.8">
<act wordnetid="100030358" confidence="0.8">
<psychological_feature wordnetid="100023100" confidence="0.8">
<activity wordnetid="100407535" confidence="0.8">
<link xlink:type="simple" xlink:href="../082/63082.xml">
Market trends</link></activity>
</psychological_feature>
</act>
</event>
</market>
&nbsp;·  <market wordnetid="101097292" confidence="0.8">
<event wordnetid="100029378" confidence="0.8">
<act wordnetid="100030358" confidence="0.8">
<psychological_feature wordnetid="100023100" confidence="0.8">
<activity wordnetid="100407535" confidence="0.8">
<link xlink:type="simple" xlink:href="../519/113519.xml">
Short Selling</link></activity>
</psychological_feature>
</act>
</event>
</market>
&nbsp;·  <market wordnetid="101097292" confidence="0.8">
<event wordnetid="100029378" confidence="0.8">
<act wordnetid="100030358" confidence="0.8">
<psychological_feature wordnetid="100023100" confidence="0.8">
<activity wordnetid="100407535" confidence="0.8">
<link xlink:type="simple" xlink:href="../646/17764646.xml">
Momentum</link></activity>
</psychological_feature>
</act>
</event>
</market>
&nbsp;·  <link xlink:type="simple" xlink:href="../118/1537118.xml">
Swing trading</link>&nbsp;·  <link xlink:type="simple" xlink:href="../565/1324565.xml">
DuPont Model</link>&nbsp;·  <market wordnetid="101097292" confidence="0.8">
<event wordnetid="100029378" confidence="0.8">
<act wordnetid="100030358" confidence="0.8">
<psychological_feature wordnetid="100023100" confidence="0.8">
<activity wordnetid="100407535" confidence="0.8">
<link xlink:type="simple" xlink:href="../230/12825230.xml">
Dark liquidity</link></activity>
</psychological_feature>
</act>
</event>
</market>
&nbsp;·  <link xlink:type="simple" xlink:href="../108/1462108.xml">
Market depth</link></col>
</row>
</table>
</col>
</row>
</table>
</p>



</sec>
</bdy>
</higher_cognitive_process>
</science>
</discipline>
</economics>
</theory>
</explanation>
</thinking>
</knowledge_domain>
</social_science>
</process>
</article>
