<?xml version="1.0" encoding="UTF-8"?>
<!-- generated by CLiX/Wiki2XML [MPI-Inf, MMCI@UdS] $LastChangedRevision: 92 $ on 17.04.2009 00:04:52[mciao0828] -->
<!DOCTYPE article SYSTEM "../article.dtd">
<article xmlns:xlink="http://www.w3.org/1999/xlink">
<treatment  confidence="0.9511911446218017" wordnetid="100658082">
<scientist  confidence="0.9508927676800064" wordnetid="110560637">
<header>
<title>David E. Smith</title>
<id>10219719</id>
<revision>
<id>233367947</id>
<timestamp>2008-08-21T17:48:57Z</timestamp>
<contributor>
<username>ImageRemovalBot</username>
<id>4851336</id>
</contributor>
</revision>
<categories>
<category>Drug rehabilitation</category>
<category>University of California, Berkeley alumni</category>
<category>Living people</category>
<category>University of California, San Francisco alumni</category>
<category>Medical treatments</category>
<category>Drug addiction</category>
<category>University of California, San Francisco faculty</category>
<category>1939 births</category>
</categories>
</header>
<bdy>
<template>
<name>Infobox_Scientist</name>
<parameters>
<birth_date>
February 7, 1939 (1939-02-07) (age&nbsp;70)</birth_date>
<citizenship>
<body wordnetid="107965085" confidence="0.8">
<social_group wordnetid="107950920" confidence="0.8">
<political_orientation wordnetid="106212839" confidence="0.8">
<colony wordnetid="108374049" confidence="0.8">
<state wordnetid="108168978" confidence="0.8">
<political_unit wordnetid="108359949" confidence="0.8">
<group wordnetid="100031264" confidence="0.8">
<democracy wordnetid="106217103" confidence="0.8">
<link xlink:type="simple" xlink:href="../750/3434750.xml">
U.S.</link></democracy>
</group>
</political_unit>
</state>
</colony>
</political_orientation>
</social_group>
</body>
 <image width="22x20px" src="Flag_of_the_United_States.svg">
<caption>

Flag of the United States
</caption>
</image>
</citizenship>
<birth_place>
<village wordnetid="108672738" confidence="0.9508927676800064">
<link xlink:type="simple" xlink:href="../521/107521.xml">
Bakersfield, California</link></village>
, <body wordnetid="107965085" confidence="0.8">
<social_group wordnetid="107950920" confidence="0.8">
<political_orientation wordnetid="106212839" confidence="0.8">
<colony wordnetid="108374049" confidence="0.8">
<state wordnetid="108168978" confidence="0.8">
<political_unit wordnetid="108359949" confidence="0.8">
<group wordnetid="100031264" confidence="0.8">
<democracy wordnetid="106217103" confidence="0.8">
<link xlink:type="simple" xlink:href="../750/3434750.xml">
U.S.</link></democracy>
</group>
</political_unit>
</state>
</colony>
</political_orientation>
</social_group>
</body>
</birth_place>
<alma_mater>
<university wordnetid="108286163" confidence="0.9508927676800064">
<ranking wordnetid="114429484" confidence="0.9508927676800064">
<link xlink:type="simple" xlink:href="../922/31922.xml">
University of California, Berkeley</link></ranking>
</university>
<university wordnetid="108286163" confidence="0.9508927676800064">
<link xlink:type="simple" xlink:href="../920/31920.xml">
University of California, San Francisco</link></university>
</alma_mater>
<field>
<link xlink:type="simple" xlink:href="../148/5876148.xml">
Addiction Medicine</link></field>
<known_for>
<link xlink:type="simple" xlink:href="../616/13513616.xml">
Haight Ashbury Free Clinic</link>; Founder<work wordnetid="104599396" confidence="0.8">
<product wordnetid="104007894" confidence="0.8">
<creation wordnetid="103129123" confidence="0.8">
<artifact wordnetid="100021939" confidence="0.8">
<periodical wordnetid="106593296" confidence="0.8">
<publication wordnetid="106589574" confidence="0.8">
<link xlink:type="simple" xlink:href="../825/1580825.xml">
Journal of Psychoactive Drugs</link></publication>
</periodical>
</artifact>
</creation>
</product>
</work>
; Founder<financial_institution wordnetid="108054721" confidence="0.8">
<foundation wordnetid="108406486" confidence="0.8">
<charity wordnetid="108406619" confidence="0.8">
<institution wordnetid="108053576" confidence="0.8">
<link>
Free Clinic Cooperative</link></institution>
</charity>
</foundation>
</financial_institution>
; Founder<link xlink:type="simple" xlink:href="../764/8529764.xml">
Prometa</link> Treatment Protocol</known_for>
<residence>
<village wordnetid="108672738" confidence="0.9508927676800064">
<link xlink:type="simple" xlink:href="../728/49728.xml">
San Francisco, California</link></village>
, <body wordnetid="107965085" confidence="0.8">
<social_group wordnetid="107950920" confidence="0.8">
<political_orientation wordnetid="106212839" confidence="0.8">
<colony wordnetid="108374049" confidence="0.8">
<state wordnetid="108168978" confidence="0.8">
<political_unit wordnetid="108359949" confidence="0.8">
<group wordnetid="100031264" confidence="0.8">
<democracy wordnetid="106217103" confidence="0.8">
<link xlink:type="simple" xlink:href="../750/3434750.xml">
U.S.</link></democracy>
</group>
</political_unit>
</state>
</colony>
</political_orientation>
</social_group>
</body>
</residence>
<name>
Dr. David Elvin Smith</name>
<work_institution>
<link xlink:type="simple" xlink:href="../764/8529764.xml">
Hythiam</link></work_institution>
</parameters>
</template>

<p>

<b>David E. Smith</b> is recognized as a national leader in <link xlink:type="simple" xlink:href="../148/5876148.xml">
addiction medicine</link>, the psychopharmacology of drugs, new research strategies in the management of drug abuse problems, and proper prescribing practices for physicians.  He is the Founder of the <link xlink:type="simple" xlink:href="../616/13513616.xml">
Haight Ashbury Free Clinics</link> of <link xlink:type="simple" xlink:href="../728/49728.xml">
San Francisco</link> and has been honored as one of the "Best Doctors in America".</p>
<p>

Smith is a Fellow and Past President of the <link xlink:type="simple" xlink:href="../395/5437395.xml">
American Society of Addiction Medicine</link>, Past President of the <link>
California Society of Addiction Medicine</link>, Past Medical Director for the California State Department of Alcohol and Drug Programs, Past Medical Director for the California Collaborative Center for Substance Abuse Policy Research, and former advisor to the <structure wordnetid="104341686" confidence="0.8">
<building wordnetid="102913152" confidence="0.8">
<artifact wordnetid="100021939" confidence="0.8">
<medical_building wordnetid="103739518" confidence="0.8">
<hospital wordnetid="103540595" confidence="0.8">
<link xlink:type="simple" xlink:href="../507/472507.xml">
Betty Ford Center</link></hospital>
</medical_building>
</artifact>
</building>
</structure>
. Current appointments include Chair of Addiction Medicine for Bayside Marin Treatment Centers and Medical Director for Centerpoint drug rehabilitation centers. Smith is also an Adjunct Professor at the <university wordnetid="108286163" confidence="0.9508927676800064">
<link xlink:type="simple" xlink:href="../920/31920.xml">
University of California, San Francisco</link></university>
.</p>
<p>

Smith is the Founder and Publisher of the <work wordnetid="104599396" confidence="0.8">
<product wordnetid="104007894" confidence="0.8">
<creation wordnetid="103129123" confidence="0.8">
<artifact wordnetid="100021939" confidence="0.8">
<periodical wordnetid="106593296" confidence="0.8">
<publication wordnetid="106589574" confidence="0.8">
<link xlink:type="simple" xlink:href="../825/1580825.xml">
Journal of Psychoactive Drugs</link></publication>
</periodical>
</artifact>
</creation>
</product>
</work>
 and co-editor of the International Addiction Infoline newsletter. In addition, he has authored or co-authored 26 books (including the textbook "<it>Clinician's Guide to Substance Abuse</it>"), written over 340 journal articles, edited 28 journals, and been the technical consultant for 28 drug abuse-related films. </p>
<p>

In 2006, Smith founded the <financial_institution wordnetid="108054721" confidence="0.8">
<foundation wordnetid="108406486" confidence="0.8">
<charity wordnetid="108406619" confidence="0.8">
<institution wordnetid="108053576" confidence="0.8">
<link>
Free Clinic Cooperative</link></institution>
</charity>
</foundation>
</financial_institution>
, a non-profit organization, who's mission is to reach out to and support free medical clinics nationwide. He also has opened several medical clinics that use the <link xlink:type="simple" xlink:href="../764/8529764.xml">
Prometa</link> Treratment Protocol for addiction, most recently in <link xlink:type="simple" xlink:href="../208/28208.xml">
Santa Monica</link>, CA (2006) and in <link xlink:type="simple" xlink:href="../728/49728.xml">
San Francisco</link>, CA (2007). </p>

<sec>
<st>
 Haight Ashbury Free Clinic </st>

<p>

On June 7, 1967, Smith founded and opened the Haight Ashbury Free Medical Clinic in <link xlink:type="simple" xlink:href="../728/49728.xml">
San Francisco</link>, CA on <region wordnetid="108630985" confidence="0.8">
<artifact wordnetid="100021939" confidence="0.8">
<location wordnetid="100027167" confidence="0.8">
<street wordnetid="104334599" confidence="0.8">
<way wordnetid="104564698" confidence="0.8">
<thoroughfare wordnetid="104426618" confidence="0.8">
<road wordnetid="104096066" confidence="0.8">
<district wordnetid="108552138" confidence="0.8">
<link xlink:type="simple" xlink:href="../453/1577453.xml">
Haight Street</link></district>
</road>
</thoroughfare>
</way>
</street>
</location>
</artifact>
</region>
 as a response to the medical needs of thousands of young people who descended upon San Francisco for the <link xlink:type="simple" xlink:href="../204/29204.xml">
Summer of Love</link>. The Clinic still operates today in San Francisco and continues to serve those without adequate health insurance.</p>
<p>

Smith served as President of the Clinic for 39 years, since its inception. He resigned as President of the Clinic in February 2006 amid legal, medical, and business disputes with the current Clinic administration.</p>

</sec>
<sec>
<st>
 Haight Ashbury Free Clinic Benefit Concerts </st>

<p>

The Clinic was initially funded through proceeds of benefit concerts, many of which were organized by <promoter wordnetid="110482220" confidence="0.9173553029164789">
<person wordnetid="100007846" confidence="0.9508927676800064">
<link xlink:type="simple" xlink:href="../912/671912.xml">
Bill Graham (promoter)</link></person>
</promoter>
. The first of such benefit concerts took place on July 13, 1967 at the <cabaret wordnetid="102931417" confidence="0.8">
<structure wordnetid="104341686" confidence="0.8">
<building wordnetid="102913152" confidence="0.8">
<artifact wordnetid="100021939" confidence="0.8">
<place_of_business wordnetid="103953020" confidence="0.8">
<establishment wordnetid="103297735" confidence="0.8">
<spot wordnetid="104286128" confidence="0.8">
<link xlink:type="simple" xlink:href="../729/412729.xml">
Fillmore Auditorium</link></spot>
</establishment>
</place_of_business>
</artifact>
</building>
</structure>
</cabaret>
 in San Francisco, CA. Another, titled "Dr. Sunday's Medicine Show", took place on October 8, 1967 in <village wordnetid="108672738" confidence="0.9508927676800064">
<link xlink:type="simple" xlink:href="../446/53446.xml">
San Jose</link></village>
, CA. </p>
<p>

These benefit concerts, organized by Smith and Bill Graham in the early years of the Clinic, included bands such as <link xlink:type="simple" xlink:href="../704/610704.xml">
Big Brother and the Holding Company</link>, <group wordnetid="100031264" confidence="0.8">
<link xlink:type="simple" xlink:href="../995/145995.xml">
Creedence Clearwater Revival</link></group>
, <composer wordnetid="109947232" confidence="0.9173553029164789">
<person wordnetid="100007846" confidence="0.9508927676800064">
<artist wordnetid="109812338" confidence="0.9508927676800064">
<link xlink:type="simple" xlink:href="../156/100156.xml">
Ravi Shankar</link></artist>
</person>
</composer>
, <songwriter wordnetid="110624540" confidence="0.9173553029164789">
<person wordnetid="100007846" confidence="0.9508927676800064">
<manufacturer wordnetid="110292316" confidence="0.9173553029164789">
<musician wordnetid="110340312" confidence="0.9173553029164789">
<artist wordnetid="109812338" confidence="0.9508927676800064">
<link xlink:type="simple" xlink:href="../731/12731.xml">
George Harrison</link></artist>
</musician>
</manufacturer>
</person>
</songwriter>
, <link xlink:type="simple" xlink:href="../850/302850.xml">
The Charlatans</link>, <set wordnetid="107996689" confidence="0.8">
<trio wordnetid="107986198" confidence="0.8">
<collection wordnetid="107951464" confidence="0.8">
<group wordnetid="100031264" confidence="0.8">
<link xlink:type="simple" xlink:href="../078/147078.xml">
Blue Cheer</link></group>
</collection>
</trio>
</set>
, and <social_group wordnetid="107950920" confidence="0.8">
<set wordnetid="108240169" confidence="0.8">
<group wordnetid="100031264" confidence="0.8">
<link xlink:type="simple" xlink:href="../435/152435.xml">
Quicksilver Messenger Service</link></group>
</set>
</social_group>
. The concerts proved crucial in providing the funding necessary to keep the Clinic doors open during its early years, as traditional sources of funding were not immediately forthcoming.</p>

</sec>
<sec>
<st>
 Rock Medicine </st>
<p>

Through the benefit concerts organized with <officeholder wordnetid="110371450" confidence="0.9508927676800064">
<link xlink:type="simple" xlink:href="../508/12981508.xml">
Bill Graham</link></officeholder>
 in the late 1960's and early 1970's, Smith oversaw the creation of <link>
Rock Medicine</link>. In the spring of 1973, Bill Graham staged two consecutive Saturday concerts at <region wordnetid="108630985" confidence="0.8">
<area wordnetid="108497294" confidence="0.8">
<location wordnetid="100027167" confidence="0.8">
<scene wordnetid="108645963" confidence="0.8">
<venue wordnetid="108677628" confidence="0.8">
<link xlink:type="simple" xlink:href="../944/634944.xml">
Kezar Stadium</link></venue>
</scene>
</location>
</area>
</region>
 in San Francisco, CA featuring <link>
The Grateful Dead</link> and <musical_organization wordnetid="108246613" confidence="0.8">
<group wordnetid="100031264" confidence="0.8">
<link xlink:type="simple" xlink:href="../909/17909.xml">
Led Zeppelin</link></group>
</musical_organization>
. Bill Graham asked Smith to staff a "medical emergency care tent" during both concerts. These small stadium concerts, about 18,000 at the Dead and 25,000 at Led Zeppelin, evolved into Bill Graham's <fundamental_quantity wordnetid="113575869" confidence="0.8">
<time_period wordnetid="115113229" confidence="0.8">
<event wordnetid="100029378" confidence="0.8">
<festival wordnetid="115162388" confidence="0.8">
<psychological_feature wordnetid="100023100" confidence="0.8">
<link xlink:type="simple" xlink:href="../742/3469742.xml">
Days on the Green</link></psychological_feature>
</festival>
</event>
</time_period>
</fundamental_quantity>
 concert series. The "medical emergency care tent" became <link>
Rock Medicine</link>, which is a branch of the Clinic that still exists today and provides medical emergency care at various <link xlink:type="simple" xlink:href="../806/19283806.xml">
Bay Area</link> music concerts and events.</p>

</sec>
<sec>
<st>
References</st>
<p>

Davidson, Leigh. Smith, David E. 'We Built This Clinic on Rock n' Roll'. <it>DrDave.org</it>, 24 March 2007. 16:50 UTC, http://www.drdave.org/Rock-n-Roll/BuiltOnRock.htm [accessed 24 March 2007]</p>

</sec>
<sec>
<st>
 Links </st>
<p>

<list>
<entry level="1" type="bullet">

<weblink xlink:type="simple" xlink:href="http://www.drdave.org/">
Dr.David E Smith's Homepage</weblink></entry>
</list>
</p>
<p>

<list>
<entry level="1" type="bullet">

<weblink xlink:type="simple" xlink:href="http://www.freecc.org/">
Free Clinic Cooperative</weblink></entry>
</list>
</p>
<p>

<list>
<entry level="1" type="bullet">

<weblink xlink:type="simple" xlink:href="http://www.prometainfo.com/">
PROMETA Treatment Information</weblink></entry>
</list>
</p>
<p>

<list>
<entry level="1" type="bullet">

<weblink xlink:type="simple" xlink:href="http://www.prometacenter.com/">
PROMETA Centers Homepage</weblink></entry>
</list>
</p>
<p>

<list>
<entry level="1" type="bullet">

<weblink xlink:type="simple" xlink:href="http://www.hythiam.com/">
Hythiam, Inc.</weblink></entry>
</list>
</p>
<p>

<list>
<entry level="1" type="bullet">

<weblink xlink:type="simple" xlink:href="http://www.rockmedicine.org/">
Rock Medicine</weblink></entry>
</list>
</p>
<p>

<list>
<entry level="1" type="bullet">

<weblink xlink:type="simple" xlink:href="http://www.hafci.org/">
Haight Ashbury Free Clinic</weblink></entry>
</list>
</p>


</sec>
</bdy>
</scientist>
</treatment>
</article>
