<?xml version="1.0" encoding="UTF-8"?>
<!-- generated by CLiX/Wiki2XML [MPI-Inf, MMCI@UdS] $LastChangedRevision: 92 $ on 17.04.2009 00:11:47[mciao0825] -->
<!DOCTYPE article SYSTEM "../article.dtd">
<article xmlns:xlink="http://www.w3.org/1999/xlink">
<physical_entity  confidence="0.8" wordnetid="100001930">
<person  confidence="0.8" wordnetid="100007846">
<intellectual  confidence="0.8" wordnetid="109621545">
<alumnus  confidence="0.8" wordnetid="109786338">
<causal_agent  confidence="0.8" wordnetid="100007347">
<scientist  confidence="0.8" wordnetid="110560637">
<mathematician  confidence="0.8" wordnetid="110301261">
<scholar  confidence="0.8" wordnetid="110557854">
<header>
<title>Alan Weiss (mathematician)</title>
<id>10222549</id>
<revision>
<id>220873025</id>
<timestamp>2008-06-22T00:45:50Z</timestamp>
<contributor>
<username>Eubot</username>
<id>231599</id>
</contributor>
</revision>
<categories>
<category>Case Western Reserve University alumni</category>
<category>New York University alumni</category>
<category>1955 births</category>
<category>Scientists at Bell Labs</category>
<category>American mathematicians</category>
</categories>
</header>
<bdy>

For other persons named Alan Weiss, see <link xlink:type="simple" xlink:href="../274/12832274.xml">
Alan Weiss (disambiguation)</link>.
<b>Alan Weiss</b> (born <link xlink:type="simple" xlink:href="../353/8353.xml">
December 5</link>, <link xlink:type="simple" xlink:href="../851/34851.xml">
1955</link>) is an American <link xlink:type="simple" xlink:href="../902/18902.xml">
mathematician</link>, a pioneer in the usage of <link xlink:type="simple" xlink:href="../909/3772909.xml">
large deviations</link> theory in <link xlink:type="simple" xlink:href="../183/465183.xml">
performance evaluation</link> and related areas. <p>

Weiss received his <link xlink:type="simple" xlink:href="../904/124904.xml">
B.Sc.</link> in <link xlink:type="simple" xlink:href="../831/18831.xml">
mathematics</link> and <link xlink:type="simple" xlink:href="../939/22939.xml">
physics</link> from <university wordnetid="108286163" confidence="0.9508927676800064">
<link xlink:type="simple" xlink:href="../547/230547.xml">
Case Western Reserve University</link></university>
  taking courses from <link>
Lajos Takács</link> and being advised by  <physical_entity wordnetid="100001930" confidence="0.8">
<peer wordnetid="109626238" confidence="0.8">
<person wordnetid="100007846" confidence="0.8">
<colleague wordnetid="109935990" confidence="0.8">
<causal_agent wordnetid="100007347" confidence="0.8">
<scientist wordnetid="110560637" confidence="0.8">
<mathematician wordnetid="110301261" confidence="0.8">
<associate wordnetid="109816771" confidence="0.8">
<link xlink:type="simple" xlink:href="../145/14380145.xml">
Arthur J. Lohwater</link></associate>
</mathematician>
</scientist>
</causal_agent>
</colleague>
</person>
</peer>
</physical_entity>
 (1976).  He received his <link xlink:type="simple" xlink:href="../722/236722.xml">
M.Sc.</link> in mathematics from <link xlink:type="simple" xlink:href="../601/1617601.xml">
Courant Institute</link>  (1979) and <link xlink:type="simple" xlink:href="../775/8775.xml">
Ph.D.</link> from <university wordnetid="108286163" confidence="0.9508927676800064">
<link xlink:type="simple" xlink:href="../455/7954455.xml">
New York University</link></university>
 in 1981; his advisor was <link xlink:type="simple" xlink:href="../038/9638038.xml">
S. R. S. Varadhan</link>, and his dissertation was entitled <it>Invariant Measures of Diffusion Processes on Domains with Boundaries</it>.<ref xlink:type="simple" xlink:href="#xpointer(//reflist/entry[@id=%221%22])">1</ref>  He worked at <link xlink:type="simple" xlink:href="../712/3712.xml">
Bell Labs</link> (1981-2007), before joining <link xlink:type="simple" xlink:href="../696/562696.xml">
MathWorks</link> of <link xlink:type="simple" xlink:href="../853/116853.xml">
Natick</link>.  Weiss had longer appointments with <university wordnetid="108286163" confidence="0.9508927676800064">
<link xlink:type="simple" xlink:href="../315/239315.xml">
University of Maryland, College Park</link></university>
 (1986), <university wordnetid="108286163" confidence="0.9508927676800064">
<ranking wordnetid="114429484" confidence="0.9508927676800064">
<link xlink:type="simple" xlink:href="../310/6310.xml">
Columbia University</link></ranking>
</university>
 (1993) and <university wordnetid="108286163" confidence="0.9508927676800064">
<link xlink:type="simple" xlink:href="../135/295135.xml">
Drew University</link></university>
 (2005).
</p>
<sec>
<st>
Books</st>
<p>

<list>
<entry level="1" type="bullet">

<it>Large Deviations for Performance Analysis</it> (Chapman &amp; Hall, 1995).  Coauthored with <link>
Adam Shwartz</link>.<ref xlink:type="simple" xlink:href="#xpointer(//reflist/entry[@id=%222%22])">2</ref><ref xlink:type="simple" xlink:href="#xpointer(//reflist/entry[@id=%223%22])">3</ref></entry>
</list>

</p>
</sec>
<sec>
<st>
Publications</st>
<p>

<list>
<entry level="1" type="bullet">

<it>Digital Adaptive Filters: Conditions for Convergence, Rates of Convergence, Effects of Noise and Errors Arising from the Implementation</it>, in IEEE Trans. on Information Theory, 25(6):637-652, 1979.  With <physical_entity wordnetid="100001930" confidence="0.8">
<peer wordnetid="109626238" confidence="0.8">
<person wordnetid="100007846" confidence="0.8">
<theorist wordnetid="110706812" confidence="0.8">
<intellectual wordnetid="109621545" confidence="0.8">
<colleague wordnetid="109935990" confidence="0.8">
<causal_agent wordnetid="100007347" confidence="0.8">
<scientist wordnetid="110560637" confidence="0.8">
<associate wordnetid="109816771" confidence="0.8">
<link xlink:type="simple" xlink:href="../469/15946469.xml">
Debasis Mitra</link></associate>
</scientist>
</causal_agent>
</colleague>
</intellectual>
</theorist>
</person>
</peer>
</physical_entity>
</entry>
<entry level="1" type="bullet">

<it>Allocating Independent Substaks on Parallel Processors</it>, IEEE Trans. Softw. Eng., 11(10):1001-1016, 1985.  With <physical_entity wordnetid="100001930" confidence="0.8">
<person wordnetid="100007846" confidence="0.8">
<intellectual wordnetid="109621545" confidence="0.8">
<alumnus wordnetid="109786338" confidence="0.8">
<causal_agent wordnetid="100007347" confidence="0.8">
<scientist wordnetid="110560637" confidence="0.8">
<scholar wordnetid="110557854" confidence="0.8">
<link xlink:type="simple" xlink:href="../781/12748781.xml">
Clyde Kruskal</link></scholar>
</scientist>
</causal_agent>
</alumnus>
</intellectual>
</person>
</physical_entity>
.</entry>
<entry level="1" type="bullet">

<it>A Lower Bound for Probabilistic Algorithms for Finite State Machines</it>, in Jnr. Comp. and Systems Sci., 33(1):88-105, 1986.  With <link>
A. G. Greenberg</link></entry>
</list>

</p>
</sec>
<sec>
<st>
References</st>

<p>

<reflist>
<entry id="1">
<weblink xlink:type="simple" xlink:href="http://genealogy.math.ndsu.nodak.edu/html/id.phtml?id=33783">
Weiss' entry at Math Genealogy Project</weblink></entry>
<entry id="2">
<weblink xlink:type="simple" xlink:href="http://www.crcpress.com/shopping_cart/products/product_detail.asp?isbn=0412063115">
Large Deviations for Performance Analysis</weblink></entry>
<entry id="3">
<weblink xlink:type="simple" xlink:href="http://www-ee.technion.ac.il/~adam/LD/intro.pdf">
TOC and Chapter 1 of "Large Deviations for Performance Analysis"</weblink></entry>
</reflist>

</p>
</sec>
<sec>
<st>
External links</st>
<p>

<list>
<entry level="1" type="bullet">

 <weblink xlink:type="simple" xlink:href="http://cm.bell-labs.com/who/apdoo/index.html">
Professional site</weblink> at Bell Labs</entry>
<entry level="1" type="bullet">

 <weblink xlink:type="simple" xlink:href="http://www.apdoo.org/">
Apdoo.org</weblink>, Weiss's personal site</entry>
</list>
</p>


</sec>
</bdy>
</scholar>
</mathematician>
</scientist>
</causal_agent>
</alumnus>
</intellectual>
</person>
</physical_entity>
</article>
