<?xml version="1.0" encoding="UTF-8"?>
<!-- generated by CLiX/Wiki2XML [MPI-Inf, MMCI@UdS] $LastChangedRevision: 92 $ on 17.04.2009 00:05:35[mciao0828] -->
<!DOCTYPE article SYSTEM "../article.dtd">
<article xmlns:xlink="http://www.w3.org/1999/xlink">
<university  confidence="0.9508927676800064" wordnetid="108286163">
<college  confidence="0.9511911446218017" wordnetid="108278169">
<header>
<title>Mount Olive College</title>
<id>10252733</id>
<revision>
<id>243447236</id>
<timestamp>2008-10-06T15:24:38Z</timestamp>
<contributor>
<username>Rbuscher</username>
<id>6368081</id>
</contributor>
</revision>
<categories>
<category>Liberal arts colleges</category>
<category>Universities and colleges in North Carolina</category>
</categories>
</header>
<bdy>
<template>
<name>Infobox_University</name>
<parameters>
<website>
<weblink xlink:type="simple" xlink:href="http://www.moc.edu">
Official website</weblink></website>
<undergrad>
4,500</undergrad>
<state>
<region wordnetid="108630985" confidence="0.8">
<administrative_district wordnetid="108491826" confidence="0.8">
<location wordnetid="100027167" confidence="0.8">
<district wordnetid="108552138" confidence="0.8">
<country wordnetid="108544813" confidence="0.8">
<link xlink:type="simple" xlink:href="../650/21650.xml">
NC</link></country>
</district>
</location>
</administrative_district>
</region>
</state>
<established>
<link xlink:type="simple" xlink:href="../602/34602.xml">
1951</link></established>
<type>
private</type>
<country>
<body wordnetid="107965085" confidence="0.8">
<social_group wordnetid="107950920" confidence="0.8">
<political_orientation wordnetid="106212839" confidence="0.8">
<colony wordnetid="108374049" confidence="0.8">
<state wordnetid="108168978" confidence="0.8">
<political_unit wordnetid="108359949" confidence="0.8">
<group wordnetid="100031264" confidence="0.8">
<democracy wordnetid="106217103" confidence="0.8">
<link xlink:type="simple" xlink:href="../750/3434750.xml">
USA</link></democracy>
</group>
</political_unit>
</state>
</colony>
</political_orientation>
</social_group>
</body>
</country>
<city>
<village wordnetid="108672738" confidence="0.9508927676800064">
<link xlink:type="simple" xlink:href="../496/2262496.xml">
Mount Olive</link></village>
</city>
<endowment>
$7.3 million</endowment>
<name>
Mount Olive College</name>
<campus>
<region wordnetid="108630985" confidence="0.8">
<habitat wordnetid="108580583" confidence="0.8">
<environment wordnetid="108567235" confidence="0.8">
<location wordnetid="100027167" confidence="0.8">
<geographical_area wordnetid="108574314" confidence="0.8">
<link xlink:type="simple" xlink:href="../614/212614.xml">
Rural</link></geographical_area>
</location>
</environment>
</habitat>
</region>
 123 acres</campus>
</parameters>
</template>

<p>

<b>Mount Olive College</b> is a private institution rooted in the liberal arts tradition.  The College is located in the town of <village wordnetid="108672738" confidence="0.9508927676800064">
<link xlink:type="simple" xlink:href="../496/2262496.xml">
Mount Olive</link></village>
, <region wordnetid="108630985" confidence="0.8">
<administrative_district wordnetid="108491826" confidence="0.8">
<location wordnetid="100027167" confidence="0.8">
<district wordnetid="108552138" confidence="0.8">
<country wordnetid="108544813" confidence="0.8">
<link xlink:type="simple" xlink:href="../650/21650.xml">
North Carolina</link></country>
</district>
</location>
</administrative_district>
</region>
, <body wordnetid="107965085" confidence="0.8">
<social_group wordnetid="107950920" confidence="0.8">
<political_orientation wordnetid="106212839" confidence="0.8">
<colony wordnetid="108374049" confidence="0.8">
<state wordnetid="108168978" confidence="0.8">
<political_unit wordnetid="108359949" confidence="0.8">
<group wordnetid="100031264" confidence="0.8">
<democracy wordnetid="106217103" confidence="0.8">
<link xlink:type="simple" xlink:href="../750/3434750.xml">
USA</link></democracy>
</group>
</political_unit>
</state>
</colony>
</political_orientation>
</social_group>
</body>
 between <village wordnetid="108672738" confidence="0.9508927676800064">
<link xlink:type="simple" xlink:href="../845/57845.xml">
Raleigh</link></village>
 and <village wordnetid="108672738" confidence="0.9508927676800064">
<link xlink:type="simple" xlink:href="../359/128359.xml">
Goldsboro</link></village>
. The College also has additional locations in eastern North Carolina including Goldsboro, New Bern, Research Triangle Park, Washington and Wilmington. </p>
<p>

Mount Olive College was founded in 1951 by the Convention of Original Free Will Baptists. </p>
<p>

The College serves approximately 700 traditional students and 3800 working adults. The college currently offers over 40 major and 20 minor courses of study for recent high school graduates and college transfer students. Working adults have the opportunity to continue full time employment and earn a degree through several one night a week programs.  The programs for working adults include the Heritage associate degree program, criminal justice and criminology, early childhood education, health care management, management and organizational development, management of information systems and modular religion major.</p>
<p>

The average class size is 15 students. Degrees offered include <link xlink:type="simple" xlink:href="../816/12751816.xml">
associate of arts</link>, <link xlink:type="simple" xlink:href="../816/12751816.xml">
associate of science</link>, <link xlink:type="simple" xlink:href="../992/156992.xml">
bachelor of arts</link>, <link xlink:type="simple" xlink:href="../904/124904.xml">
bachelor of science</link>, and <link>
bachelor of applied science</link>. Nearly 35% of the student body participates in intercollegiate athletics (NCAA Division II). More than 90% of all undergraduate students receive some type of financial aid.</p>

<sec>
<st>
External links</st>
<p>

<list>
<entry level="1" type="bullet">

<weblink xlink:type="simple" xlink:href="http://www.moc.edu/request.cfm?Section=root&amp;PageName=MOC%20Homepage">
Official website</weblink></entry>
<entry level="1" type="bullet">

<weblink xlink:type="simple" xlink:href="http://education.yahoo.com/college/facts/7608.html">
Yahoo profile page</weblink></entry>
</list>
</p>

<p>

<table style=";" class="navbox" cellspacing="0">
<row>
<col style="padding:2px;">
<table style="width:100%;background:transparent;color:inherit;;" class="nowraplinks collapsible autocollapse " cellspacing="0">
<row>
<header colspan="2" style=";background:#DAF0FD;" class="navbox-title">
<social_group wordnetid="107950920" confidence="0.8">
<meeting wordnetid="108307589" confidence="0.8">
<gathering wordnetid="107975026" confidence="0.8">
<group wordnetid="100031264" confidence="0.8">
<conference wordnetid="108308497" confidence="0.8">
<link xlink:type="simple" xlink:href="../094/11658094.xml">
Conference Carolinas</link></conference>
</group>
</gathering>
</meeting>
</social_group>
</header>
</row>
<row style="height:2px;">

</row>
<row>
<col colspan="2" style="width:100%;padding:0px;;;" class="navbox-list navbox-odd">
<university wordnetid="108286163" confidence="0.9508927676800064">
<link xlink:type="simple" xlink:href="../018/1390018.xml">
Anderson</link></university>
 • <university wordnetid="108286163" confidence="0.9508927676800064">
<link xlink:type="simple" xlink:href="../426/3540426.xml">
Barton</link></university>
 • <university wordnetid="108286163" confidence="0.9508927676800064">
<link xlink:type="simple" xlink:href="../339/2146339.xml">
Belmont&nbsp;Abbey</link></university>
 • <university wordnetid="108286163" confidence="0.9508927676800064">
<link xlink:type="simple" xlink:href="../971/765971.xml">
Coker</link></university>
 • <university wordnetid="108286163" confidence="0.9508927676800064">
<link xlink:type="simple" xlink:href="../181/2165181.xml">
Converse</link></university>
 • <university wordnetid="108286163" confidence="0.9508927676800064">
<link xlink:type="simple" xlink:href="../942/765942.xml">
Erskine</link></university>
 • <university wordnetid="108286163" confidence="0.9508927676800064">
<link xlink:type="simple" xlink:href="../658/4580658.xml">
Lees&ndash;McRae</link></university>
 • <university wordnetid="108286163" confidence="0.9508927676800064">
<link xlink:type="simple" xlink:href="../207/2165207.xml">
Limestone</link></university>
 • <university wordnetid="108286163" confidence="0.9508927676800064">
<link xlink:type="simple" xlink:href="../733/10252733.xml">
Mount&nbsp;Olive</link></university>
 • <university wordnetid="108286163" confidence="0.9508927676800064">
<link xlink:type="simple" xlink:href="../963/2207963.xml">
Pfeiffer</link></university>
 • <university wordnetid="108286163" confidence="0.9508927676800064">
<link xlink:type="simple" xlink:href="../166/2993166.xml">
Queens</link></university>
 • <university wordnetid="108286163" confidence="0.9508927676800064">
<link xlink:type="simple" xlink:href="../885/3958885.xml">
St.&nbsp;Andrews</link></university>
</col>
</row>
</table>
</col>
</row>
</table>
</p>


</sec>
</bdy>
</college>
</university>
</article>
