<?xml version="1.0" encoding="UTF-8"?>
<!-- generated by CLiX/Wiki2XML [MPI-Inf, MMCI@UdS] $LastChangedRevision: 92 $ on 16.04.2009 18:02:58[mciao0828] -->
<!DOCTYPE article SYSTEM "../article.dtd">
<article xmlns:xlink="http://www.w3.org/1999/xlink">
<software  confidence="0.9508927676800064" wordnetid="106566077">
<header>
<title>ANts P2P</title>
<id>1026437</id>
<revision>
<id>238445369</id>
<timestamp>2008-09-14T21:43:44Z</timestamp>
<contributor>
<username>SmackBot</username>
<id>433328</id>
</contributor>
</revision>
<categories>
<category>Anonymous file sharing networks</category>
</categories>
</header>
<bdy>
<template>
<name>Infobox Software</name>
<parameters>
<genre>
<link xlink:type="simple" xlink:href="../797/18949797.xml">
File sharing</link>, <system wordnetid="108435388" confidence="0.8">
<group wordnetid="100031264" confidence="0.8">
<network wordnetid="108434259" confidence="0.8">
<link xlink:type="simple" xlink:href="../322/454322.xml">
Anonymous peer to peer</link></network>
</group>
</system>
</genre>
<website>
http://sourceforge.net/projects/antsp2p</website>
<latest_release_version>
v1.6.0 Beta - Protocol 1.0.0</latest_release_version>
<developer>
<link>
Gwren</link></developer>
<name>
ANts P2P</name>
<programming_language>
<message wordnetid="106598915" confidence="0.8">
<request wordnetid="106513366" confidence="0.8">
<link xlink:type="simple" xlink:href="../881/15881.xml">
Java</link></request>
</message>
</programming_language>
<latest_release_date>
Feb, 2008</latest_release_date>
<license>
<link xlink:type="simple" xlink:href="../683/18938683.xml">
GPL</link></license>
<operating_system>
<platform wordnetid="103961939" confidence="0.8">
<artifact wordnetid="100021939" confidence="0.8">
<surface wordnetid="104362025" confidence="0.8">
<horizontal_surface wordnetid="103536348" confidence="0.8">
<link xlink:type="simple" xlink:href="../193/81193.xml">
Cross-platform</link></horizontal_surface>
</surface>
</artifact>
</platform>
</operating_system>
</parameters>
</template>

<p>

<b>ANts P2P</b> is an <system wordnetid="108435388" confidence="0.8">
<group wordnetid="100031264" confidence="0.8">
<network wordnetid="108434259" confidence="0.8">
<link xlink:type="simple" xlink:href="../322/454322.xml">
anonymous peer-to-peer</link></network>
</group>
</system>
 <link xlink:type="simple" xlink:href="../758/18938758.xml">
open source</link> <link xlink:type="simple" xlink:href="../797/18949797.xml">
file sharing</link> software written in <message wordnetid="106598915" confidence="0.8">
<request wordnetid="106513366" confidence="0.8">
<link xlink:type="simple" xlink:href="../881/15881.xml">
Java</link></request>
</message>
. The project was launched in 2004, and the code is licensed under the <link xlink:type="simple" xlink:href="../683/18938683.xml">
GPL</link>.</p>

<sec>
<st>
 Features </st>

<p>

ANts P2P encrypts all traffic sent or received from others and proxies traffic between participants in the network to make it harder to determine the originating <link xlink:type="simple" xlink:href="../921/14921.xml">
IP address</link>es. Some of its features include:</p>
<p>

<list>
<entry level="1" type="bullet">

 Automatic update of the software.</entry>
<entry level="1" type="bullet">

 Point-to-point <link xlink:type="simple" xlink:href="../294/10294.xml">
encryption</link> (AES 128 - <link>
DH</link> 512).</entry>
<entry level="1" type="bullet">

 End to end encryption (AES 128 - <link>
DH</link> 512).</entry>
<entry level="1" type="bullet">

 Multipath routing for packets.</entry>
<entry level="1" type="bullet">

 Preferential connections to give the network a fast <link xlink:type="simple" xlink:href="../516/2853516.xml">
backbone</link>.</entry>
<entry level="1" type="bullet">

 Support for partial <link xlink:type="simple" xlink:href="../295/42295.xml">
download</link>s.</entry>
<entry level="1" type="bullet">

 Support for the <link xlink:type="simple" xlink:href="../159/297159.xml">
eDonkey</link> link format.</entry>
<entry level="1" type="bullet">

 Autosearch sources for active and interrupted downloads.</entry>
<entry level="1" type="bullet">

 Finding parts of files through normal queries or queries by hash.</entry>
<entry level="1" type="bullet">

 Full text indexing and searches over full file content and full file path location.</entry>
<entry level="1" type="bullet">

 Non-anonymous <link>
internet relay chat</link>.</entry>
<entry level="1" type="bullet">

 Queries are encrypted <link xlink:type="simple" xlink:href="../222/24222.xml">
asymmetrically</link>. This means that only the originator can read the query results.  Everyone can read the query string but this asymmetric approach reduces the potential of a node to do transit query analysis.</entry>
</list>
</p>
<p>

ANts P2P also allows users to offer <link xlink:type="simple" xlink:href="../455/33455.xml">
web server</link>s anonymously; these servers are only reachable from within the ANts P2P network. ANts P2P is however not an outproxy network which lets users reach services on the conventional internet; for this, an outproxy service such as <software wordnetid="106566077" confidence="0.9508927676800064">
<link xlink:type="simple" xlink:href="../150/18582150.xml">
Tor</link></software>
 can be used separately.</p>

</sec>
<sec>
<st>
 Security </st>
<p>

The data transfers run over indirect connections: Senders and receivers of a file do not hold a direct connection with each other, but the connection cascades over several nodes, so that neither party can trivially determine the other's identity.</p>
<p>

The traffic between nodes is encrypted with <cipher wordnetid="106254239" confidence="0.9508927676800064">
<link xlink:type="simple" xlink:href="../260/1260.xml">
AES</link></cipher>
, which prevents sniffing both from outsiders and from transit nodes. The encryption key exchange uses <link>
Diffie-Hellman</link> algorithm.</p>

</sec>
<sec>
<st>
 See also </st>

<p>

<table style="background:#f9f9f9; font-size:85%; line-height:110%; ">
<row>
<col>
 <image width="32x28px" src="Free_Software_Portal_Logo.svg">
</image>
</col>
<col style="padding:0 0.2em;">
 <b><it>
Free software&#32;portal</it></b></col>
</row>
</table>
</p>
<p>

<list>
<entry level="1" type="bullet">

 <system wordnetid="108435388" confidence="0.8">
<group wordnetid="100031264" confidence="0.8">
<network wordnetid="108434259" confidence="0.8">
<link xlink:type="simple" xlink:href="../322/454322.xml">
Anonymous P2P</link></network>
</group>
</system>
</entry>
<entry level="1" type="bullet">

 <link xlink:type="simple" xlink:href="../682/3212682.xml">
Comparison of file sharing applications</link></entry>
<entry level="1" type="bullet">

 <link xlink:type="simple" xlink:href="../342/430342.xml">
MUTE</link> (similar P2P project)</entry>
<entry level="1" type="bullet">

 <link>
I2Phex</link> (similar P2P project)</entry>
<entry level="1" type="bullet">

 <software wordnetid="106566077" confidence="0.9508927676800064">
<link xlink:type="simple" xlink:href="../124/7133124.xml">
RShare</link></software>
 (similar P2P project)</entry>
</list>
</p>

</sec>
<sec>
<st>
 External links </st>
<p>

<list>
<entry level="1" type="bullet">

 <weblink xlink:type="simple" xlink:href="http://antsp2p.sourceforge.net/">
Sourceforge ANts P2P website</weblink></entry>
<entry level="1" type="bullet">

 <weblink xlink:type="simple" xlink:href="http://sourceforge.net/projects/antsp2p/">
ANts P2P project summary</weblink> on <web_site wordnetid="106359193" confidence="0.9508927676800064">
<link xlink:type="simple" xlink:href="../227/52227.xml">
SourceForge.net</link></web_site>
</entry>
<entry level="1" type="bullet">

 <weblink xlink:type="simple" xlink:href="http://www.zeropaid.com/bbs/archive/index.php/t-26848.html">
operating instructions (German)</weblink> </entry>
<entry level="1" type="bullet">

 <weblink xlink:type="simple" xlink:href="http://antsp2p.altervista.org/">
v1.5.7/0.9.4 English ANts Guide</weblink> </entry>
<entry level="1" type="bullet">

 <weblink xlink:type="simple" xlink:href="http://www.slyck.com/news.php?story=567">
ANts P2P: A new approach to file sharing</weblink> - <link xlink:type="simple" xlink:href="../117/1983117.xml">
Slyck news</link>, Septembers 13, 2004. Detailed view of some technical and legal aspects of ANts P2P.</entry>
</list>
</p>




</sec>
</bdy>
</software>
</article>
