<?xml version="1.0" encoding="UTF-8"?>
<!-- generated by CLiX/Wiki2XML [MPI-Inf, MMCI@UdS] $LastChangedRevision: 92 $ on 16.04.2009 18:01:27[mciao0826] -->
<!DOCTYPE article SYSTEM "../article.dtd">
<article xmlns:xlink="http://www.w3.org/1999/xlink">
<entity  confidence="0.9511911446218017" wordnetid="100001740">
<artist  confidence="0.9511911446218017" wordnetid="109812338">
<actor  confidence="0.9508927676800064" wordnetid="109765278">
<header>
<title>Scott Caan</title>
<id>1026150</id>
<revision>
<id>244512706</id>
<timestamp>2008-10-11T04:45:09Z</timestamp>
<contributor>
<username>Miquonranger03</username>
<id>551747</id>
</contributor>
</revision>
<categories>
<category>American film actors</category>
<category>1976 births</category>
<category>People from Los Angeles, California</category>
<category>California actors</category>
<category>People from Beverly Hills, California</category>
<category>White hip-hop artists</category>
<category>American television actors</category>
<category>Living people</category>
<category>American Jews</category>
</categories>
</header>
<bdy>
<template>
<name>Infobox actor</name>
<parameters>

<image width="150px" src="Scott_Caan_by_David_Shankbone.jpg">
<caption>

Scott Caan, May 2007
</caption>
</image>
<birthplace>
<village wordnetid="108672738" confidence="0.9508927676800064">
<link xlink:type="simple" xlink:href="../110/18110.xml">
Los Angeles</link></village>
, <country wordnetid="108544813" confidence="0.9508927676800064">
<link xlink:type="simple" xlink:href="../407/5407.xml">
California</link></country>
, <body wordnetid="107965085" confidence="0.8">
<social_group wordnetid="107950920" confidence="0.8">
<political_orientation wordnetid="106212839" confidence="0.8">
<colony wordnetid="108374049" confidence="0.8">
<state wordnetid="108168978" confidence="0.8">
<political_unit wordnetid="108359949" confidence="0.8">
<group wordnetid="100031264" confidence="0.8">
<democracy wordnetid="106217103" confidence="0.8">
<link xlink:type="simple" xlink:href="../750/3434750.xml">
U.S.</link></democracy>
</group>
</political_unit>
</state>
</colony>
</political_orientation>
</social_group>
</body>
</birthplace>
<name>
Scott Caan</name>
<birthdate>
August 23, 1976 (1976-08-23) (age&nbsp;32)</birthdate>
<birthname>
Scott Andrew Caan</birthname>
</parameters>
</template>


<b>Scott Andrew Caan</b> (born <link xlink:type="simple" xlink:href="../628/1628.xml">
August 23</link>, <link xlink:type="simple" xlink:href="../661/34661.xml">
1976</link>) is an <body wordnetid="107965085" confidence="0.8">
<social_group wordnetid="107950920" confidence="0.8">
<political_orientation wordnetid="106212839" confidence="0.8">
<colony wordnetid="108374049" confidence="0.8">
<state wordnetid="108168978" confidence="0.8">
<political_unit wordnetid="108359949" confidence="0.8">
<group wordnetid="100031264" confidence="0.8">
<democracy wordnetid="106217103" confidence="0.8">
<link xlink:type="simple" xlink:href="../750/3434750.xml">
American</link></democracy>
</group>
</political_unit>
</state>
</colony>
</political_orientation>
</social_group>
</body>
 <link xlink:type="simple" xlink:href="../753/753.xml">
actor</link>.
<sec>
<st>
Biography</st>

<ss1>
<st>
Early life</st>
<p>

Caan was born in <village wordnetid="108672738" confidence="0.9508927676800064">
<link xlink:type="simple" xlink:href="../110/18110.xml">
Los Angeles</link></village>
, <country wordnetid="108544813" confidence="0.9508927676800064">
<link xlink:type="simple" xlink:href="../407/5407.xml">
California</link></country>
, the son of actor <actor wordnetid="109765278" confidence="0.9508927676800064">
<link xlink:type="simple" xlink:href="../085/411085.xml">
James Caan</link></actor>
 and Sheila Ryan, an actress and former model.<ref xlink:type="simple" xlink:href="#xpointer(//reflist/entry[@id=%221%22])">1</ref> His paternal grandparents were <group wordnetid="100031264" confidence="0.8">
<people wordnetid="107942152" confidence="0.8">
<link xlink:type="simple" xlink:href="../913/15913.xml">
Jew</link></people>
</group>
ish immigrants from <country wordnetid="108544813" confidence="0.9508927676800064">
<link xlink:type="simple" xlink:href="../867/11867.xml">
Germany</link></country>
.<ref xlink:type="simple" xlink:href="#xpointer(//reflist/entry[@id=%222%22])">2</ref> His parents divorced a year after his birth; he has four half-siblings from his father's other marriages. </p>
<p>

Caan was a roadie for the rap groups <musical_organization wordnetid="108246613" confidence="0.8">
<group wordnetid="100031264" confidence="0.8">
<link xlink:type="simple" xlink:href="../637/5637.xml">
Cypress Hill</link></group>
</musical_organization>
 and <artist wordnetid="109812338" confidence="0.9508927676800064">
<link xlink:type="simple" xlink:href="../453/13453.xml">
House of Pain</link></artist>
, and was a member of the <link xlink:type="simple" xlink:href="../114/2632114.xml">
hip-hop</link> group <musical_organization wordnetid="108246613" confidence="0.8">
<group wordnetid="100031264" confidence="0.8">
<link xlink:type="simple" xlink:href="../628/13379628.xml">
The Whooliganz</link></group>
</musical_organization>
 (with <link xlink:type="simple" xlink:href="../207/53207.xml">
producer</link> and fellow <link xlink:type="simple" xlink:href="../327/1217327.xml">
emcee</link>, <physical_entity wordnetid="100001930" confidence="0.8">
<person wordnetid="100007846" confidence="0.8">
<rapper wordnetid="110507482" confidence="0.8">
<manufacturer wordnetid="110292316" confidence="0.8">
<maker wordnetid="110284064" confidence="0.8">
<performer wordnetid="110415638" confidence="0.8">
<singer wordnetid="110599806" confidence="0.8">
<musician wordnetid="110340312" confidence="0.8">
<causal_agent wordnetid="100007347" confidence="0.8">
<artist wordnetid="109812338" confidence="0.8">
<entertainer wordnetid="109616922" confidence="0.8">
<creator wordnetid="109614315" confidence="0.8">
<link xlink:type="simple" xlink:href="../576/1442576.xml">
The Alchemist</link></creator>
</entertainer>
</artist>
</causal_agent>
</musician>
</singer>
</performer>
</maker>
</manufacturer>
</rapper>
</person>
</physical_entity>
), before enrolling at the Playhouse West acting school in <link xlink:type="simple" xlink:href="../110/18110.xml">
Los Angeles</link>.</p>

</ss1>
<ss1>
<st>
Career</st>
<p>

Caan began acting in the late 1990s, appearing in a number of low-budget <link xlink:type="simple" xlink:href="../695/378695.xml">
independent film</link>s and low-budget films. His first role in a major film release was that of a <physical_entity wordnetid="100001930" confidence="0.8">
<causal_agent wordnetid="100007347" confidence="0.8">
<link xlink:type="simple" xlink:href="../810/29810.xml">
Texas</link></causal_agent>
</physical_entity>
 <link xlink:type="simple" xlink:href="../435/185435.xml">
football</link> player in the financially successful 1999 film, <it><movie wordnetid="106613686" confidence="0.9508927676800064">
<link xlink:type="simple" xlink:href="../395/1693395.xml">
Varsity Blues</link></movie>
</it>. Caan subsequently appeared in several 
studio films such as <it><link xlink:type="simple" xlink:href="../322/2216322.xml">
Ready To Rumble</link></it> (2000) co-starring <actor wordnetid="109765278" confidence="0.9508927676800064">
<wrestler wordnetid="110793168" confidence="0.9508927676800064">
<link xlink:type="simple" xlink:href="../332/600332.xml">
David Arquette</link></wrestler>
</actor>
, and <it><movie wordnetid="106613686" confidence="0.9508927676800064">
<link xlink:type="simple" xlink:href="../825/4087825.xml">
American Outlaws</link></movie>
</it> (2001), co-starring <person wordnetid="100007846" confidence="0.9508927676800064">
<actor wordnetid="109765278" confidence="0.9173553029164789">
<link xlink:type="simple" xlink:href="../705/206705.xml">
Colin Farrell</link></actor>
</person>
, in which Caan played 19th century outlaw <link xlink:type="simple" xlink:href="../553/1658553.xml">
Cole Younger</link>. In 2003, Caan made his directorial debut with the film <it><movie wordnetid="106613686" confidence="0.9508927676800064">
<link xlink:type="simple" xlink:href="../255/6844255.xml">
Dallas 362</link></movie>
</it>, which won a prize at the 2003 Las Vegas Film Festival.</p>
<p>

Subsequently, Caan has appeared in other low-budget <link xlink:type="simple" xlink:href="../695/378695.xml">
independent films</link>, as well as the box office successes <it><movie wordnetid="106613686" confidence="0.9508927676800064">
<link xlink:type="simple" xlink:href="../266/2251266.xml">
Ocean's Eleven</link></movie>
</it>, <it><album wordnetid="106591815" confidence="0.9508927676800064">
<movie wordnetid="106613686" confidence="0.9508927676800064">
<link xlink:type="simple" xlink:href="../470/1046470.xml">
Ocean's Twelve</link></movie>
</album>
</it>, and <it><movie wordnetid="106613686" confidence="0.9508927676800064">
<link xlink:type="simple" xlink:href="../947/3723947.xml">
Ocean's Thirteen</link></movie>
</it>. In <fundamental_quantity wordnetid="113575869" confidence="0.8">
<time_period wordnetid="115113229" confidence="0.8">
<year wordnetid="115203791" confidence="0.8">
<link xlink:type="simple" xlink:href="../628/294628.xml">
2005</link></year>
</time_period>
</fundamental_quantity>
, Caan co-starred with actor <actor wordnetid="109765278" confidence="0.9508927676800064">
<link xlink:type="simple" xlink:href="../932/244932.xml">
Paul Walker</link></actor>
 (with whom he appeared in <it>Varsity Blues</it>) in the action film <it><movie wordnetid="106613686" confidence="0.9508927676800064">
<link xlink:type="simple" xlink:href="../642/2184642.xml">
Into the Blue</link></movie>
</it>.</p>
<p>

The 2006 comedy <it><product wordnetid="104007894" confidence="0.8">
<creation wordnetid="103129123" confidence="0.8">
<artifact wordnetid="100021939" confidence="0.8">
<event wordnetid="100029378" confidence="0.8">
<social_event wordnetid="107288639" confidence="0.8">
<movie wordnetid="106613686" confidence="0.8">
<show wordnetid="106619065" confidence="0.8">
<psychological_feature wordnetid="100023100" confidence="0.8">
<link xlink:type="simple" xlink:href="../270/7357270.xml">
The Dog Problem</link></psychological_feature>
</show>
</movie>
</social_event>
</event>
</artifact>
</creation>
</product>
</it> was written and directed by him. He also acts as one of the supporting characters in the film.</p>
<p>

In November, 2007, Caan was caught on video using homophobic language when arguing with <link xlink:type="simple" xlink:href="../950/271950.xml">
paparazzi</link> outside of a Hollywood restaurant. He issued an apology after the video was shown on the internet his remarks were denounced by gay anti-defamation group <link xlink:type="simple" xlink:href="../600/338600.xml">
GLAAD</link>. He said, "I don't ever condone the use of that word and I deeply apologize to anyone whom I may have offended".<ref xlink:type="simple" xlink:href="#xpointer(//reflist/entry[@id=%223%22])">3</ref></p>

</ss1>
</sec>
<sec>
<st>
Filmography</st>
<p>

<table class="wikitable">
<row bgcolor="#CCCCCC">
<header>
Year</header>
<header>
Title</header>
<header>
Role</header>
</row>
<row>
<col>
1995</col>
<col>
 <it><link>
A Boy Called Hate</link>''</it></col>
<col>
Hate</col>
</row>
<row>
<col>
1997</col>
<col>
 <it><movie wordnetid="106613686" confidence="0.9508927676800064">
<link xlink:type="simple" xlink:href="../386/1223386.xml">
Nowhere</link></movie>
''</it></col>
<col>
Duckey</col>
</row>
<row>
<col>
1998</col>
<col>
 <it><movie wordnetid="106613686" confidence="0.9508927676800064">
<link xlink:type="simple" xlink:href="../771/684771.xml">
Enemy of the State</link></movie>
''</it></col>
<col>
Jones</col>
</row>
<row>
<col rowspan="2">
1999</col>
<col>
 <it><movie wordnetid="106613686" confidence="0.9508927676800064">
<link xlink:type="simple" xlink:href="../395/1693395.xml">
Varsity Blues</link></movie>
''</it></col>
<col>
Charlie Tweeder</col>
</row>
<row>
<col>
<it><link xlink:type="simple" xlink:href="../508/402508.xml">
Black and White</link>''</it></col>
<col>
Scotty</col>
</row>
<row>
<col rowspan="3">
2000</col>
<col>
 <it><movie wordnetid="106613686" confidence="0.9508927676800064">
<link xlink:type="simple" xlink:href="../494/837494.xml">
Boiler Room</link></movie>
''</it></col>
<col>
Richie O'Flaherty</col>
</row>
<row>
<col>
<it><movie wordnetid="106613686" confidence="0.9508927676800064">
<link xlink:type="simple" xlink:href="../432/883432.xml">
Gone in Sixty Seconds</link></movie>
''</it></col>
<col>
Tumbler</col>
</row>
<row>
<col>
<it><movie wordnetid="106613686" confidence="0.9508927676800064">
<link xlink:type="simple" xlink:href="../322/2216322.xml">
Ready to Rumble</link></movie>
''</it></col>
<col>
Sean Dawkins</col>
</row>
<row>
<col rowspan="3">
2001</col>
<col>
 <it><movie wordnetid="106613686" confidence="0.9508927676800064">
<link xlink:type="simple" xlink:href="../825/4087825.xml">
American Outlaws</link></movie>
''</it></col>
<col>
Cole Younger</col>
</row>
<row>
<col>
<it><movie wordnetid="106613686" confidence="0.9508927676800064">
<link xlink:type="simple" xlink:href="../654/1788654.xml">
Novocaine</link></movie>
''</it></col>
<col>
Duane Ivey</col>
</row>
<row>
<col>
<it><movie wordnetid="106613686" confidence="0.9508927676800064">
<link xlink:type="simple" xlink:href="../266/2251266.xml">
Ocean's Eleven</link></movie>
''</it></col>
<col>
Turk Malloy</col>
</row>
<row>
<col>
2003</col>
<col>
<it><movie wordnetid="106613686" confidence="0.9508927676800064">
<link xlink:type="simple" xlink:href="../255/6844255.xml">
Dallas 362</link></movie>
''</it></col>
<col>
Dallas</col>
</row>
<row>
<col>
2004</col>
<col>
 <it><album wordnetid="106591815" confidence="0.9508927676800064">
<movie wordnetid="106613686" confidence="0.9508927676800064">
<link xlink:type="simple" xlink:href="../470/1046470.xml">
Ocean's Twelve</link></movie>
</album>
''</it></col>
<col>
Turk Malloy</col>
</row>
<row>
<col>
2005</col>
<col>
 <it><movie wordnetid="106613686" confidence="0.9508927676800064">
<link xlink:type="simple" xlink:href="../642/2184642.xml">
Into the Blue</link></movie>
''</it></col>
<col>
Bryce</col>
</row>
<row>
<col>
2006</col>
<col>
 <it><movie wordnetid="106613686" confidence="0.9508927676800064">
<link xlink:type="simple" xlink:href="../508/4299508.xml">
Friends with Money</link></movie>
''</it></col>
<col>
Mike</col>
</row>
<row>
<col rowspan="2">
2007</col>
<col>
 <it><movie wordnetid="106613686" confidence="0.9508927676800064">
<link xlink:type="simple" xlink:href="../947/3723947.xml">
Ocean's Thirteen</link></movie>
''</it></col>
<col>
Turk Malloy</col>
</row>
<row>
<col>
<it><movie wordnetid="106613686" confidence="0.9508927676800064">
<link xlink:type="simple" xlink:href="../494/8559494.xml">
Brooklyn Rules</link></movie>
''</it></col>
<col>
Carmine</col>
</row>
<row>
<col>
2008</col>
<col>
<it><movie wordnetid="106613686" confidence="0.9508927676800064">
<link xlink:type="simple" xlink:href="../053/7845053.xml">
Meet Dave</link></movie>
''</it></col>
<col>
Officer Dooley</col>
</row>
</table>
</p>

</sec>
<sec>
<st>
References</st>

<p>

<reflist>
<entry id="1">
<weblink xlink:type="simple" xlink:href="http://www.filmreference.com/film/44/Scott-Caan.html">
Scott Caan Biography (1976-)</weblink></entry>
<entry id="2">
Model, Betsy.&#32;"<weblink xlink:type="simple" xlink:href="http://www.cigaraficionado.com/Cigar/CA_Profiles/People_Profile/0,2540,187,00.html">
The Ultimate Caan</weblink>".&#32;  Cigar Aficionado.&#32;Retrieved on <link>
2006-12-13</link>.</entry>
<entry id="3">
<weblink xlink:type="simple" xlink:href="http://365gay.com/Newscon07/11/111607caan.htm">
Another Actor, Another Gay Slur, Another Apology</weblink>; <link xlink:type="simple" xlink:href="../080/680080.xml">
365gay.com</link>; retrieved on <link>
2007-11-16</link></entry>
</reflist>
</p>

</sec>
<sec>
<st>
External links</st>
<p>

<list>
<entry level="1" type="bullet">

<weblink xlink:type="simple" xlink:href="http://www.imdb.com/name/nm0004790/">
Scott Caan</weblink> at the <web_site wordnetid="106359193" confidence="0.9508927676800064">
<link xlink:type="simple" xlink:href="../554/2855554.xml">
Internet Movie Database</link></web_site>
</entry>
<entry level="1" type="bullet">

<weblink xlink:type="simple" xlink:href="http://www.allmovie.com/cg/avg.dll?p=avg&amp;sql=2:195366">
Scott Caan</weblink> at <web_site wordnetid="106359193" confidence="0.9508927676800064">
<link xlink:type="simple" xlink:href="../027/1135027.xml">
Allmovie</link></web_site>
</entry>
<entry level="1" type="bullet">

<weblink xlink:type="simple" xlink:href="http://www.elvis.com.au/presley/interview_sheila_ryan.shtml">
Interview with Sheila Ryan</weblink></entry>
</list>
</p>



</sec>
</bdy>
</actor>
</artist>
</entity>
</article>
