<?xml version="1.0" encoding="UTF-8"?>
<!-- generated by CLiX/Wiki2XML [MPI-Inf, MMCI@UdS] $LastChangedRevision: 92 $ on 16.04.2009 15:25:20[mciao0826] -->
<!DOCTYPE article SYSTEM "../article.dtd">
<article xmlns:xlink="http://www.w3.org/1999/xlink">
<header>
<title>Encryption</title>
<id>10294</id>
<revision>
<id>242826975</id>
<timestamp>2008-10-03T20:49:39Z</timestamp>
<contributor>
<username>MrOllie</username>
<id>6908984</id>
</contributor>
</revision>
<categories>
<category>Cryptography</category>
</categories>
</header>
<bdy>

"Encrypt" redirects here. For the film, see <product wordnetid="104007894" confidence="0.8">
<creation wordnetid="103129123" confidence="0.8">
<artifact wordnetid="100021939" confidence="0.8">
<event wordnetid="100029378" confidence="0.8">
<social_event wordnetid="107288639" confidence="0.8">
<movie wordnetid="106613686" confidence="0.8">
<show wordnetid="106619065" confidence="0.8">
<psychological_feature wordnetid="100023100" confidence="0.8">
<link xlink:type="simple" xlink:href="../611/1612611.xml">
Encrypt (film)</link></psychological_feature>
</show>
</movie>
</social_event>
</event>
</artifact>
</creation>
</product>
.
This article is about algorithms for encryption and decryption.&#32;&#32;For an overview of cryptographic technology in general, see <link xlink:type="simple" xlink:href="../432/18934432.xml">
Cryptography</link>.&#32;&#32;<p>

In <link xlink:type="simple" xlink:href="../432/18934432.xml">
cryptography</link>, <b>encryption</b> is the process of transforming <link xlink:type="simple" xlink:href="../062/18985062.xml">
information</link> (referred to as <link xlink:type="simple" xlink:href="../935/157935.xml">
plaintext</link>) using an algorithm (called <link xlink:type="simple" xlink:href="../244/5244.xml">
cipher</link>) to make it unreadable to anyone except those possessing special knowledge, usually referred to as a <link xlink:type="simple" xlink:href="../039/53039.xml">
key</link>. The result of the process is <b>encrypted</b> information (in cryptography, referred to as ciphertext). In many contexts, the word <b>encryption</b> also implicitly refers to the reverse process, <b>decryption</b> (e.g. “<link xlink:type="simple" xlink:href="../143/2285143.xml">
software for encryption</link>” can typically also perform decryption), to make the encrypted information readable again (i.e. to make it unencrypted). </p>
<p>

Encryption has long been used by militaries and governments to facilitate secret communication. Encryption is now used in protecting information within many kinds of civilian systems, such as <link xlink:type="simple" xlink:href="../457/7878457.xml">
computer</link>s, <link xlink:type="simple" xlink:href="../592/4122592.xml">
network</link>s (e.g. the <link xlink:type="simple" xlink:href="../539/14539.xml">
Internet</link> <link xlink:type="simple" xlink:href="../611/9611.xml">
e-commerce</link>), <link xlink:type="simple" xlink:href="../137/19644137.xml">
mobile telephone</link>s, <link xlink:type="simple" xlink:href="../451/4578451.xml">
wireless microphone</link>s, <link xlink:type="simple" xlink:href="../598/13232598.xml">
wireless intercom</link> systems, <computer wordnetid="103082979" confidence="0.8">
<artifact wordnetid="100021939" confidence="0.8">
<instrumentality wordnetid="103575240" confidence="0.8">
<standard wordnetid="107260623" confidence="0.8">
<device wordnetid="103183080" confidence="0.8">
<machine wordnetid="103699975" confidence="0.8">
<system_of_measurement wordnetid="113577171" confidence="0.8">
<link xlink:type="simple" xlink:href="../742/3742.xml">
Bluetooth</link></system_of_measurement>
</machine>
</device>
</standard>
</instrumentality>
</artifact>
</computer>
 devices and bank <link xlink:type="simple" xlink:href="../628/46628.xml">
automatic teller machine</link>s. Encryption is also used in <link xlink:type="simple" xlink:href="../226/18938226.xml">
digital rights management</link> to prevent unauthorized use or reproduction of copyrighted material and in software also to protect against <link xlink:type="simple" xlink:href="../488/18935488.xml">
reverse engineering</link> (see also <link xlink:type="simple" xlink:href="../210/219210.xml">
copy protection</link>).</p>
<p>

Encryption, by itself, can protect the confidentiality of messages, but other techniques are still needed to protect the integrity and authenticity of a message; for example, verification of a <link xlink:type="simple" xlink:href="../523/567523.xml">
message authentication code</link> (MAC) or a <link xlink:type="simple" xlink:href="../644/59644.xml">
digital signature</link>. Standards and <link xlink:type="simple" xlink:href="../143/2285143.xml">
cryptographic software</link> and hardware to perform encryption are widely available, but successfully using encryption to ensure security may be a challenging problem. A single slip-up in system design or execution can allow successful attacks. Sometimes an adversary can obtain unencrypted information without directly undoing the encryption. See, e.g., <link xlink:type="simple" xlink:href="../015/480015.xml">
traffic analysis</link>, <link xlink:type="simple" xlink:href="../781/184781.xml">
TEMPEST</link>, or <link>
Trojan horse</link>.</p>

<sec>
<st>
Semantics</st>
<p>

This term is somewhat a misnomer, but is very commonly used as described above.  More correctly, the term "enciphering" should be used (along with "deciphering" for decoding a cryptographically encoded message, when you know the ciphertext and key).  "Decrypt" actually means to decode a message when you do <it>not</it> know the cipher and/or key (i.e., codebreaking), and "encrypt" is meaningless, strictly speaking.  However, the common usage is so pervasive even in academic literature, that these distinctions are now generally lost.</p>
<p>

The terms "encrypt" and "decrypt" are discouraged in international documents, since they tend to be mistranslated to "inter" (bury) and "disinter". </p>

</sec>
<sec>
<st>
References</st>
<p>

<list>
<entry level="1" type="bullet">

 Helen Fouché Gaines, “Cryptanalysis”, 1939, Dover. ISBN 0-486-20097-3</entry>
<entry level="1" type="bullet">

 <physical_entity wordnetid="100001930" confidence="0.8">
<communicator wordnetid="109610660" confidence="0.8">
<person wordnetid="100007846" confidence="0.8">
<intellectual wordnetid="109621545" confidence="0.8">
<causal_agent wordnetid="100007347" confidence="0.8">
<writer wordnetid="110794014" confidence="0.8">
<historian wordnetid="110177150" confidence="0.8">
<scholar wordnetid="110557854" confidence="0.8">
<journalist wordnetid="110224578" confidence="0.8">
<link xlink:type="simple" xlink:href="../052/578052.xml">
David Kahn</link></journalist>
</scholar>
</historian>
</writer>
</causal_agent>
</intellectual>
</person>
</communicator>
</physical_entity>
, <it>The Codebreakers - The Story of Secret Writing</it> (ISBN 0-684-83130-9) (1967)</entry>
<entry level="1" type="bullet">

 <physical_entity wordnetid="100001930" confidence="0.8">
<person wordnetid="100007846" confidence="0.8">
<cryptanalyst wordnetid="109981540" confidence="0.8">
<intellectual wordnetid="109621545" confidence="0.8">
<alumnus wordnetid="109786338" confidence="0.8">
<causal_agent wordnetid="100007347" confidence="0.8">
<scholar wordnetid="110557854" confidence="0.8">
<decoder wordnetid="109995398" confidence="0.8">
<link xlink:type="simple" xlink:href="../032/477032.xml">
Abraham Sinkov</link></decoder>
</scholar>
</causal_agent>
</alumnus>
</intellectual>
</cryptanalyst>
</person>
</physical_entity>
, <it>Elementary Cryptanalysis: A Mathematical Approach</it>, Mathematical Association of America, 1966. ISBN 0-88385-622-0</entry>
</list>
</p>

</sec>
<sec>
<st>
 See also </st>

<p>

<table style="background:#f9f9f9; font-size:85%; line-height:110%; ">
<row>
<col>
 <image width="32x28px" src="Crypto_key.svg">
</image>
</col>
<col style="padding:0 0.2em;">
 <b><it>
Cryptography&#32;portal</it></b></col>
</row>
</table>
</p>
<p>

<list>
<entry level="1" type="bullet">

 <link xlink:type="simple" xlink:href="../432/18934432.xml">
Cryptography</link> - term which encompasses encryption and other concepts used for hiding information</entry>
<entry level="1" type="bullet">

 <operation wordnetid="100955060" confidence="0.8">
<event wordnetid="100029378" confidence="0.8">
<attack wordnetid="100972621" confidence="0.8">
<act wordnetid="100030358" confidence="0.8">
<psychological_feature wordnetid="100023100" confidence="0.8">
<activity wordnetid="100407535" confidence="0.8">
<link xlink:type="simple" xlink:href="../148/15893148.xml">
Cold boot attack</link></activity>
</psychological_feature>
</act>
</attack>
</event>
</operation>
</entry>
<entry level="1" type="bullet">

 <link xlink:type="simple" xlink:href="../143/2285143.xml">
Encryption software</link></entry>
<entry level="1" type="bullet">

 <link xlink:type="simple" xlink:href="../244/5244.xml">
Cipher</link> - algorithm used for encryption</entry>
<entry level="1" type="bullet">

 <link xlink:type="simple" xlink:href="../039/53039.xml">
Key</link> - special knowledge needed for successful decryption</entry>
<entry level="1" type="bullet">

 <link xlink:type="simple" xlink:href="../791/7066791.xml">
Full Disk Encryption</link></entry>
<entry level="1" type="bullet">

 <link xlink:type="simple" xlink:href="../697/18627697.xml">
Secure Network Communications</link></entry>
</list>
</p>

</sec>
<sec>
<st>
External links</st>

<p>

<image location="none" width="50px" src="Wiktionary-logo-en.svg">
<caption>

Wiktionary
</caption>
</image>

Look up  in <web_site wordnetid="106359193" confidence="0.9508927676800064">
<link xlink:type="simple" xlink:href="../658/156658.xml">
Wiktionary</link></web_site>
, the free dictionary.</p>
<p>

<list>
<entry level="1" type="bullet">

<weblink xlink:type="simple" xlink:href="http://www.securitydocs.com/Encryption">
SecurityDocs Resource for encryption whitepapers</weblink></entry>
<entry level="1" type="bullet">

<weblink xlink:type="simple" xlink:href="http://www.xml-dev.com/lurker/list/crypto.en.html">
Accumulative archive of various cryptography mailing lists.</weblink> Includes Cryptography list at metzdowd and SecurityFocus Crypto list.</entry>
</list>
</p>



<p>

<table style=";" class="navbox" cellspacing="0">
<row>
<col style="padding:2px;">
<table style="width:100%;background:transparent;color:inherit;;" class="nowraplinks  " cellspacing="0">
<row>
<col colspan="2" style="width:100%;padding:0px;;;" class="navbox-list navbox-even">
<table style="width:100%;;;;" class="nowraplinks  navbox-subgroup" cellspacing="0">
<row>
<header colspan="2" style=";background:#ccf;" class="navbox-title">
&nbsp;<link xlink:type="simple" xlink:href="../432/18934432.xml">
Cryptography</link></header>
</row>
<row style="height:2px;">

</row>
<row>
<col colspan="2" style="width:100%;padding:0px;;;" class="navbox-list navbox-odd">
<link xlink:type="simple" xlink:href="../066/520066.xml">
History of cryptography</link> | <link xlink:type="simple" xlink:href="../715/5715.xml">
Cryptanalysis</link> | 
Cryptography portal | <link xlink:type="simple" xlink:href="../585/449585.xml">
Topics in cryptography</link></col>
</row>
<row style="height:2px">

</row>
<row>
<col colspan="2" style="width:100%;padding:0px;;;" class="navbox-list navbox-even">
<event wordnetid="100029378" confidence="0.8">
<rule wordnetid="105846932" confidence="0.8">
<act wordnetid="100030358" confidence="0.8">
<psychological_feature wordnetid="100023100" confidence="0.8">
<procedure wordnetid="101023820" confidence="0.8">
<activity wordnetid="100407535" confidence="0.8">
<algorithm wordnetid="105847438" confidence="0.8">
<link xlink:type="simple" xlink:href="../042/53042.xml">
Symmetric-key algorithm</link></algorithm>
</activity>
</procedure>
</psychological_feature>
</act>
</rule>
</event>
 | <link xlink:type="simple" xlink:href="../594/4594.xml">
Block cipher</link> | <link xlink:type="simple" xlink:href="../007/49007.xml">
Stream cipher</link> | <link xlink:type="simple" xlink:href="../222/24222.xml">
Public-key cryptography</link> | <physical_entity wordnetid="100001930" confidence="0.8">
<person wordnetid="100007846" confidence="0.8">
<causal_agent wordnetid="100007347" confidence="0.8">
<primitive wordnetid="109627462" confidence="0.8">
<link xlink:type="simple" xlink:href="../526/439526.xml">
Cryptographic hash function</link></primitive>
</causal_agent>
</person>
</physical_entity>
 | <link xlink:type="simple" xlink:href="../523/567523.xml">
Message authentication code</link> | <event wordnetid="100029378" confidence="0.8">
<rule wordnetid="105846932" confidence="0.8">
<act wordnetid="100030358" confidence="0.8">
<psychological_feature wordnetid="100023100" confidence="0.8">
<procedure wordnetid="101023820" confidence="0.8">
<activity wordnetid="100407535" confidence="0.8">
<algorithm wordnetid="105847438" confidence="0.8">
<link xlink:type="simple" xlink:href="../249/182249.xml">
Random numbers</link></algorithm>
</activity>
</procedure>
</psychological_feature>
</act>
</rule>
</event>
 | <link xlink:type="simple" xlink:href="../733/28733.xml">
Steganography</link></col>
</row>
</table>
</col>
</row>
</table>
</col>
</row>
</table>
</p>



</sec>
</bdy>
</article>
