<?xml version="1.0" encoding="UTF-8"?>
<!-- generated by CLiX/Wiki2XML [MPI-Inf, MMCI@UdS] $LastChangedRevision: 92 $ on 16.04.2009 18:01:15[mciao0827] -->
<!DOCTYPE article SYSTEM "../article.dtd">
<article xmlns:xlink="http://www.w3.org/1999/xlink">
<header>
<title>Ie</title>
<id>1029426</id>
<revision>
<id>238234750</id>
<timestamp>2008-09-13T22:28:12Z</timestamp>
<contributor>
<username>Discospinster</username>
<id>82432</id>
</contributor>
</revision>
<categories>
<category>All disambiguation pages</category>
<category>Disambiguation pages</category>
</categories>
</header>
<bdy>

<image location="none" width="50px" src="Wiktionary-logo-en.svg">
<caption>

Wiktionary
</caption>
</image>

Look up <it>, </it>'<b>, </b><b><it> in <web_site wordnetid="106359193" confidence="0.9508927676800064">
<link xlink:type="simple" xlink:href="../658/156658.xml">
Wiktionary</link></web_site>
, the free dictionary.</it></b><p>

<b>Ie</b>, <b>ie</b> or <b>IE</b>  may refer to:
<list>
<entry level="1" type="bullet">

<link xlink:type="simple" xlink:href="../389/3556389.xml#xpointer(//*[./st=%22I%22])">
i.e.</link>, abbreviation for Latin <b><it>id est</it></b>, meaning "that is; in other words"</entry>
</list>
</p>

<sec>
<st>
Computing</st>
<p>

<list>
<entry level="1" type="bullet">

<link xlink:type="simple" xlink:href="../220/455220.xml">
Information Engineering</link></entry>
<entry level="1" type="bullet">

<software wordnetid="106566077" confidence="0.9508927676800064">
<link xlink:type="simple" xlink:href="../215/15215.xml">
Internet Explorer</link></software>
, the web browser by Microsoft</entry>
<entry level="1" type="bullet">

<artifact wordnetid="100021939" confidence="0.8">
<instrumentality wordnetid="103575240" confidence="0.8">
<device wordnetid="103183080" confidence="0.8">
<link xlink:type="simple" xlink:href="../363/10479363.xml">
IntelliMouse Explorer</link></device>
</instrumentality>
</artifact>
, a line of computer mice designed by Microsoft</entry>
<entry level="1" type="bullet">

<software wordnetid="106566077" confidence="0.9508927676800064">
<link xlink:type="simple" xlink:href="../471/797471.xml">
Infinity Engine</link></software>
, the game engine behind Baldur's Gate among others</entry>
<entry level="1" type="bullet">

<sphere wordnetid="114514039" confidence="0.9508927676800064">
<link xlink:type="simple" xlink:href="../050/960050.xml">
.ie</link></sphere>
 Irish top level CCtld</entry>
</list>
</p>

</sec>
<sec>
<st>
Transport</st>
<p>

<list>
<entry level="1" type="bullet">

<link>
Iarnród Éireann</link>, or Irish Rail</entry>
<entry level="1" type="bullet">

<airline wordnetid="102690081" confidence="0.9508927676800064">
<link xlink:type="simple" xlink:href="../689/169689.xml">
Solomon Airlines</link></airline>
, IATA airline designator</entry>
</list>
</p>

</sec>
<sec>
<st>
Arts/entertainment</st>
<p>

<list>
<entry level="1" type="bullet">

<musical_organization wordnetid="108246613" confidence="0.8">
<group wordnetid="100031264" confidence="0.8">
<link xlink:type="simple" xlink:href="../018/391018.xml">
Iced Earth</link></group>
</musical_organization>
, a power metal band from the United States</entry>
<entry level="1" type="bullet">

<physical_entity wordnetid="100001930" confidence="0.8">
<comedian wordnetid="109940146" confidence="0.8">
<person wordnetid="100007846" confidence="0.8">
<performer wordnetid="110415638" confidence="0.8">
<causal_agent wordnetid="100007347" confidence="0.8">
<entertainer wordnetid="109616922" confidence="0.8">
<link xlink:type="simple" xlink:href="../667/2330667.xml">
Improv Everywhere</link></entertainer>
</causal_agent>
</performer>
</person>
</comedian>
</physical_entity>
, a comedy group</entry>
</list>
</p>

</sec>
<sec>
<st>
Places</st>
<p>

<list>
<entry level="1" type="bullet">

<area wordnetid="108497294" confidence="0.9508927676800064">
<link xlink:type="simple" xlink:href="../364/220364.xml">
Inland Empire (California)</link></area>
, in the United States</entry>
<entry level="1" type="bullet">

<region wordnetid="108630985" confidence="0.8">
<village wordnetid="108672738" confidence="0.8">
<location wordnetid="100027167" confidence="0.8">
<settlement wordnetid="108672562" confidence="0.8">
<geographical_area wordnetid="108574314" confidence="0.8">
<link xlink:type="simple" xlink:href="../349/451349.xml">
Ie, Okinawa</link></geographical_area>
</settlement>
</location>
</village>
</region>
, in Japan</entry>
<entry level="1" type="bullet">

Ie, the West Frisian name of the Dutch village of <village wordnetid="108672738" confidence="0.9508927676800064">
<link xlink:type="simple" xlink:href="../368/7160368.xml">
Ee, Dongeradeel</link></village>
.</entry>
</list>
</p>

</sec>
<sec>
<st>
Science and engineering</st>
<p>

<list>
<entry level="1" type="bullet">

<link xlink:type="simple" xlink:href="../898/223898.xml">
Industrial Ecology</link>, the study of sustainable industrial systems.</entry>
<entry level="1" type="bullet">

<link xlink:type="simple" xlink:href="../701/195701.xml">
Industrial engineering</link>, the engineering discipline that concerns the development, improvement, implementation and evaluation of integrated systems of people, knowledge, equipment, energy, material and process</entry>
<entry level="1" type="bullet">

<link xlink:type="simple" xlink:href="../103/9277103.xml">
Information Element</link>, a networks abbreviation</entry>
<entry level="1" type="bullet">

<link xlink:type="simple" xlink:href="../220/455220.xml">
Information engineering</link>, an approach to designing and developing information systems</entry>
<entry level="1" type="bullet">

<link xlink:type="simple" xlink:href="../162/383162.xml">
Information extraction</link>, a type of information retrieval whose goal is to automatically extract structured or semistructured information from unstructured machine-readable documents</entry>
<entry level="1" type="bullet">

<institute wordnetid="108407330" confidence="0.8">
<association wordnetid="108049401" confidence="0.8">
<link xlink:type="simple" xlink:href="../212/7651212.xml">
Institute for Energy</link></association>
</institute>
 of the European Union</entry>
<entry level="1" type="bullet">

Ionization energy, the energy required to strip an atom or molecule of an electron; see <link xlink:type="simple" xlink:href="../613/59613.xml">
Ionization potential</link>.</entry>
</list>
</p>

</sec>
<sec>
<st>
Language and culture</st>
<p>

<list>
<entry level="1" type="bullet">

The <link xlink:type="simple" xlink:href="../235/5595235.xml">
ie (digraph)</link></entry>
<entry level="1" type="bullet">

<link xlink:type="simple" xlink:href="../996/14996.xml">
International English</link>, the concept of the English language as a global means of communication</entry>
<entry level="1" type="bullet">

<link xlink:type="simple" xlink:href="../540/14540.xml">
Indo-European (disambiguation)</link>, as in:</entry>
<entry level="2" type="bullet">

<class wordnetid="107997703" confidence="0.9508927676800064">
<link xlink:type="simple" xlink:href="../848/14848.xml">
Indo-European languages</link></class>
</entry>
<entry level="2" type="bullet">

<link xlink:type="simple" xlink:href="../540/14540.xml">
Indo-European people</link></entry>
<entry level="2" type="bullet">

<link xlink:type="simple" xlink:href="../796/931796.xml">
Indo-European studies</link></entry>
<entry level="1" type="bullet">

<link xlink:type="simple" xlink:href="../206/360206.xml">
Ie (Japanese family system)</link>, the classical Japanese family system</entry>
<entry level="1" type="bullet">

<link xlink:type="simple" xlink:href="../823/7046823.xml">
Ie (trading houses)</link>, Japanese cottage industry</entry>
<entry level="1" type="bullet">

<link xlink:type="simple" xlink:href="../892/505892.xml">
-ie</link>, an <language wordnetid="106282651" confidence="0.8">
<link xlink:type="simple" xlink:href="../916/8569916.xml">
English</link></language>
 diminutive suffix</entry>
<entry level="1" type="bullet">

<sphere wordnetid="114514039" confidence="0.9508927676800064">
<link xlink:type="simple" xlink:href="../050/960050.xml">
.ie</link></sphere>
 in <link xlink:type="simple" xlink:href="../473/228473.xml">
ISO standards</link>:</entry>
<entry level="2" type="bullet">

Interlingue, originally the <language wordnetid="106282651" confidence="0.9508927676800064">
<link xlink:type="simple" xlink:href="../761/22761.xml">
Occidental language</link></language>
 (<link xlink:type="simple" xlink:href="../835/307835.xml">
ISO 639-1</link>)</entry>
<entry level="2" type="bullet">

<country wordnetid="108544813" confidence="0.9508927676800064">
<link xlink:type="simple" xlink:href="../560/14560.xml">
Republic of Ireland</link></country>
 (<written_communication wordnetid="106349220" confidence="0.8">
<code wordnetid="106667317" confidence="0.8">
<link xlink:type="simple" xlink:href="../179/223179.xml">
ISO 3166-1 alpha-2</link></code>
</written_communication>
)</entry>
<entry level="1" type="bullet">

A spelling guideline of the English language: "<link xlink:type="simple" xlink:href="../491/838491.xml">
i before e except after c</link>"</entry>
</list>
</p>

<p>

<table style="background:none">
<row>
<col style="vertical-align:middle;">
<image width="30px" src="Disambig_gray.svg">
</image>
</col>
<col style="vertical-align:middle;">
<it>This  page lists articles associated with the same title. If an <weblink xlink:type="simple" xlink:href="http://localhost:18088/wiki/index.php?title=Special:Whatlinkshere/Ie&amp;namespace=0">
internal link</weblink>led you here, you may wish to change the link to point directly to the intended article.''</it></col>
</row>
</table>

</p>

</sec>
</bdy>
</article>
