<?xml version="1.0" encoding="UTF-8"?>
<!-- generated by CLiX/Wiki2XML [MPI-Inf, MMCI@UdS] $LastChangedRevision: 92 $ on 16.04.2009 18:01:58[mciao0826] -->
<!DOCTYPE article SYSTEM "../article.dtd">
<article xmlns:xlink="http://www.w3.org/1999/xlink">
<actor  confidence="0.9511911446218017" wordnetid="109765278">
<header>
<title>Harold Perrineau</title>
<id>1031357</id>
<revision>
<id>239495739</id>
<timestamp>2008-09-19T07:21:23Z</timestamp>
<contributor>
<username>TheTito</username>
<id>1168534</id>
</contributor>
</revision>
<categories>
<category>American film actors</category>
<category>1963 births</category>
<category>American television actors</category>
<category>Living people</category>
<category>People from Brooklyn</category>
<category>New York actors</category>
<category>African American actors</category>
</categories>
</header>
<bdy>
<template>
<name>Infobox actor</name>
<parameters>

<image width="150px" src="Harold_Perrineau,_Jr.jpg">
<caption>

Harold Perrineau, Jr., 2007
</caption>
</image>
<sagawards>
<b><link xlink:type="simple" xlink:href="../668/4722668.xml">
Best Ensemble - Drama Series</link></b>  2005 <it><series wordnetid="108457976" confidence="0.9508927676800064">
<link xlink:type="simple" xlink:href="../230/16454230.xml">
Lost</link></series>
''</it></sagawards>
<birthplace>
<link xlink:type="simple" xlink:href="../384/47384.xml">
Brooklyn</link>, <region wordnetid="108630985" confidence="0.8">
<administrative_district wordnetid="108491826" confidence="0.8">
<location wordnetid="100027167" confidence="0.8">
<district wordnetid="108552138" confidence="0.8">
<country wordnetid="108544813" confidence="0.8">
<link xlink:type="simple" xlink:href="../131/8210131.xml">
New York</link></country>
</district>
</location>
</administrative_district>
</region>
,<body wordnetid="107965085" confidence="0.8">
<social_group wordnetid="107950920" confidence="0.8">
<political_orientation wordnetid="106212839" confidence="0.8">
<colony wordnetid="108374049" confidence="0.8">
<state wordnetid="108168978" confidence="0.8">
<political_unit wordnetid="108359949" confidence="0.8">
<group wordnetid="100031264" confidence="0.8">
<democracy wordnetid="106217103" confidence="0.8">
<link xlink:type="simple" xlink:href="../750/3434750.xml">
United States</link></democracy>
</group>
</political_unit>
</state>
</colony>
</political_orientation>
</social_group>
</body>
</birthplace>
<spouse>
<physical_entity wordnetid="100001930" confidence="0.8">
<person wordnetid="100007846" confidence="0.8">
<performer wordnetid="110415638" confidence="0.8">
<causal_agent wordnetid="100007347" confidence="0.8">
<actor wordnetid="109765278" confidence="0.8">
<entertainer wordnetid="109616922" confidence="0.8">
<link xlink:type="simple" xlink:href="../855/5042855.xml">
Brittany Perrineau</link></entertainer>
</actor>
</causal_agent>
</performer>
</person>
</physical_entity>
 (2002-present)</spouse>
<name>
Harold Perrineau, Jr.</name>
<birthdate>
August 7, 1963 (1963-08-07) (age&nbsp;45)</birthdate>
<birthname>
Harold Perrineau</birthname>
</parameters>
</template>


<b>Harold Perrineau, Jr.</b> (born <link xlink:type="simple" xlink:href="../332/1332.xml">
August 7</link> <link xlink:type="simple" xlink:href="../648/34648.xml">
1963</link>) is an <body wordnetid="107965085" confidence="0.8">
<social_group wordnetid="107950920" confidence="0.8">
<political_orientation wordnetid="106212839" confidence="0.8">
<colony wordnetid="108374049" confidence="0.8">
<state wordnetid="108168978" confidence="0.8">
<political_unit wordnetid="108359949" confidence="0.8">
<group wordnetid="100031264" confidence="0.8">
<democracy wordnetid="106217103" confidence="0.8">
<link xlink:type="simple" xlink:href="../750/3434750.xml">
American</link></democracy>
</group>
</political_unit>
</state>
</colony>
</political_orientation>
</social_group>
</body>
 <link xlink:type="simple" xlink:href="../753/753.xml">
actor</link>, known for the roles of <fictional_character wordnetid="109587565" confidence="0.9508927676800064">
<link xlink:type="simple" xlink:href="../815/2667815.xml">
Michael Dawson</link></fictional_character>
 in the U.S. television series <it><series wordnetid="108457976" confidence="0.9508927676800064">
<link xlink:type="simple" xlink:href="../230/16454230.xml">
Lost</link></series>
</it>, <fictional_character wordnetid="109587565" confidence="0.8">
<imaginary_being wordnetid="109483738" confidence="0.8">
<link xlink:type="simple" xlink:href="../400/2108400.xml">
Link</link></imaginary_being>
</fictional_character>
 in <it><movie wordnetid="106613686" confidence="0.9508927676800064">
<link xlink:type="simple" xlink:href="../007/30007.xml">
The Matrix</link></movie>
</it> films and games, <fictional_character wordnetid="109587565" confidence="0.8">
<imaginary_being wordnetid="109483738" confidence="0.8">
<link xlink:type="simple" xlink:href="../726/3024726.xml">
Augustus Hill</link></imaginary_being>
</fictional_character>
 in the American television series <it><series wordnetid="108457976" confidence="0.9508927676800064">
<link xlink:type="simple" xlink:href="../362/106362.xml">
Oz</link></series>
</it> (his character also serves as the narrator for the series), and <fictional_character wordnetid="109587565" confidence="0.8">
<imaginary_being wordnetid="109483738" confidence="0.8">
<link xlink:type="simple" xlink:href="../157/843157.xml">
Mercutio</link></imaginary_being>
</fictional_character>
 in <actor wordnetid="109765278" confidence="0.9508927676800064">
<link xlink:type="simple" xlink:href="../171/152171.xml">
Baz Luhrmann</link></actor>
's <it><movie wordnetid="106613686" confidence="0.9508927676800064">
<link xlink:type="simple" xlink:href="../652/202652.xml">
Romeo + Juliet</link></movie>
</it>. 
<sec>
<st>
Biography</st>

<ss1>
<st>
Personal life</st>
<p>

Perrineau, Jr. was born <b>Harold Perrineau</b> in <link xlink:type="simple" xlink:href="../384/47384.xml">
Brooklyn, New York</link>, the son of Harold Williams, Sr.   His parents changed his name to Williams at the age of 7.  Harold later legally changed his name back to his birth name, after discovering there was already a Harold Williams in the screen actors guild union.  His French surname is actually his mother's maiden name. Perrineau and his wife, <physical_entity wordnetid="100001930" confidence="0.8">
<person wordnetid="100007846" confidence="0.8">
<performer wordnetid="110415638" confidence="0.8">
<causal_agent wordnetid="100007347" confidence="0.8">
<actor wordnetid="109765278" confidence="0.8">
<entertainer wordnetid="109616922" confidence="0.8">
<link xlink:type="simple" xlink:href="../855/5042855.xml">
Brittany</link></entertainer>
</actor>
</causal_agent>
</performer>
</person>
</physical_entity>
, have a daughter, Aurora Robinson Perrineau, born <link xlink:type="simple" xlink:href="../658/34658.xml">
1995</link>.  Their second daughter, Wynter Aria, was born on May 7, 2008.<ref xlink:type="simple" xlink:href="#xpointer(//reflist/entry[@id=%221%22])">1</ref></p>

</ss1>
<ss1>
<st>
Acting career</st>
<p>

In 1989, Perrineau was cast as the original Tyrone Jackson in the world premiere of the stage adaptation of the 1980 hit movie <it><link xlink:type="simple" xlink:href="../629/639629.xml">
Fame</link></it> (now known as ) at the Walnut Street Theatre, .<ref xlink:type="simple" xlink:href="#xpointer(//reflist/entry[@id=%222%22])">2</ref></p>
<p>

Perrineau took the role of Link in <it>The Matrix</it> series after the original operator Tank was written off the script when <actor wordnetid="109765278" confidence="0.9508927676800064">
<link xlink:type="simple" xlink:href="../269/474269.xml">
Marcus Chong</link></actor>
 was fired over money disputes.<ref xlink:type="simple" xlink:href="#xpointer(//reflist/entry[@id=%223%22])">3</ref> <it><series wordnetid="108457976" confidence="0.9508927676800064">
<link xlink:type="simple" xlink:href="../230/16454230.xml">
Lost</link></series>
</it> co-star <actor wordnetid="109765278" confidence="0.9508927676800064">
<link xlink:type="simple" xlink:href="../600/2452600.xml">
Adewale Akinnuoye-Agbaje</link></actor>
 starred with Perrineau on the HBO series <it><series wordnetid="108457976" confidence="0.9508927676800064">
<link xlink:type="simple" xlink:href="../362/106362.xml">
Oz</link></series>
</it>.</p>
<p>

Perrineau plays the character <fictional_character wordnetid="109587565" confidence="0.9508927676800064">
<link xlink:type="simple" xlink:href="../815/2667815.xml">
Michael Dawson</link></fictional_character>
 on Lost. He was temporarily written off <it>Lost</it> when his character left the island with his son at the end of season two and did not appear at all in season three; however, his return to the show for its fourth season was announced in July 2007.<ref xlink:type="simple" xlink:href="#xpointer(//reflist/entry[@id=%224%22])">4</ref> At the end of the fourth season, Perrineau's character Michael dies.
Following his "Lost" departure<ref xlink:type="simple" xlink:href="#xpointer(//reflist/entry[@id=%225%22])">5</ref>, news broke that Perrineau had been cast in the upcoming pilot for ABC dramedy "The Unusuals."<ref xlink:type="simple" xlink:href="#xpointer(//reflist/entry[@id=%226%22])">6</ref></p>


</ss1>
</sec>
<sec>
<st>
Filmography</st>
<p>

Note: He is often credited without the <link xlink:type="simple" xlink:href="../740/850740.xml">
suffix</link> "Jr."
<list>
<entry level="1" type="bullet">

 <it><movie wordnetid="106613686" confidence="0.9508927676800064">
<link xlink:type="simple" xlink:href="../103/18486103.xml">
Felon</link></movie>
</it> (2008) as Lt Jackson.</entry>
<entry level="1" type="bullet">

 <it><movie wordnetid="106613686" confidence="0.9508927676800064">
<link xlink:type="simple" xlink:href="../538/5971538.xml">
28 Weeks Later</link></movie>
</it> (2007) as Flynn</entry>
<entry level="1" type="bullet">

  (2007) as Rev. Rhodes in one episode.</entry>
<entry level="1" type="bullet">

 <it><series wordnetid="108457976" confidence="0.9508927676800064">
<link xlink:type="simple" xlink:href="../230/16454230.xml">
Lost</link></series>
</it> (2004-2006, 2008) as <fictional_character wordnetid="109587565" confidence="0.9508927676800064">
<link xlink:type="simple" xlink:href="../815/2667815.xml">
Michael Dawson</link></fictional_character>
</entry>
<entry level="1" type="bullet">

 <it><series wordnetid="108457976" confidence="0.9508927676800064">
<link xlink:type="simple" xlink:href="../652/440652.xml">
Dead Like Me</link></series>
</it> (2003) as Yoga Instructor in the episode Rest In Peace</entry>
<entry level="1" type="bullet">

 <it><movie wordnetid="106613686" confidence="0.9508927676800064">
<link xlink:type="simple" xlink:href="../998/210998.xml">
The Matrix Revolutions</link></movie>
</it> (2003) as <link xlink:type="simple" xlink:href="../400/2108400.xml">
Link</link></entry>
<entry level="1" type="bullet">

 <it><event wordnetid="100029378" confidence="0.8">
<social_event wordnetid="107288639" confidence="0.8">
<contest wordnetid="107456188" confidence="0.8">
<game wordnetid="100456199" confidence="0.8">
<psychological_feature wordnetid="100023100" confidence="0.8">
<link xlink:type="simple" xlink:href="../766/232766.xml">
Enter the Matrix</link></psychological_feature>
</game>
</contest>
</social_event>
</event>
</it> (2003) as <link xlink:type="simple" xlink:href="../400/2108400.xml">
Link</link></entry>
<entry level="1" type="bullet">

 <it><movie wordnetid="106613686" confidence="0.9508927676800064">
<link xlink:type="simple" xlink:href="../417/123417.xml">
The Matrix Reloaded</link></movie>
</it> (2003) as <link xlink:type="simple" xlink:href="../400/2108400.xml">
Link</link></entry>
<entry level="1" type="bullet">

 <it><movie wordnetid="106613686" confidence="0.9508927676800064">
<link xlink:type="simple" xlink:href="../228/3711228.xml">
On Line</link></movie>
</it> (2002) as Moe Curley</entry>
<entry level="1" type="bullet">

 <it><link xlink:type="simple" xlink:href="../143/2819143.xml">
Prison Song</link> (2001), as Uncle Steve</it></entry>
<entry level="1" type="bullet">

 <it><link xlink:type="simple" xlink:href="../404/2647404.xml">
Woman On Top</link></it> (2000) as Monica Jones</entry>
<entry level="1" type="bullet">

 <it><movie wordnetid="106613686" confidence="0.9508927676800064">
<link xlink:type="simple" xlink:href="../425/2880425.xml">
The Best Man</link></movie>
</it> (1999) as Julian Murch</entry>
<entry level="1" type="bullet">

 <it><series wordnetid="108457976" confidence="0.9508927676800064">
<link xlink:type="simple" xlink:href="../362/106362.xml">
Oz</link></series>
</it> (1997-2003), as <fictional_character wordnetid="109587565" confidence="0.8">
<imaginary_being wordnetid="109483738" confidence="0.8">
<link xlink:type="simple" xlink:href="../726/3024726.xml">
Augustus Hill</link></imaginary_being>
</fictional_character>
</entry>
<entry level="1" type="bullet">

 <it><link xlink:type="simple" xlink:href="../601/181601.xml">
The Edge</link></it> (1997) as Stephen</entry>
<entry level="1" type="bullet">

 <it><link xlink:type="simple" xlink:href="../652/202652.xml">
Romeo + Juliet</link></it> (1996), as <fictional_character wordnetid="109587565" confidence="0.8">
<imaginary_being wordnetid="109483738" confidence="0.8">
<link xlink:type="simple" xlink:href="../157/843157.xml">
Mercutio</link></imaginary_being>
</fictional_character>
</entry>
<entry level="1" type="bullet">

 <it><link xlink:type="simple" xlink:href="../421/1786421.xml">
Smoke</link></it> (1995) as Thomas "Rashid" Cole</entry>
<entry level="1" type="bullet">

 <it><series wordnetid="108457976" confidence="0.9508927676800064">
<link xlink:type="simple" xlink:href="../324/3218324.xml">
I'll Fly Away</link></series>
</it> (1991-1993), as Robert Evans</entry>
<entry level="1" type="bullet">

 <it><movie wordnetid="106613686" confidence="0.9508927676800064">
<link xlink:type="simple" xlink:href="../502/833502.xml">
King of New York</link></movie>
</it> (1990), as a thief on the subway</entry>
</list>
</p>

</sec>
<sec>
<st>
References</st>

<p>

<reflist>
<entry id="1">
http://www.eonline.com/uberblog/b140234_losts_perrineau_uncovers_child_no_2.html</entry>
<entry id="2">
http://www.famenetwork.com/productions.php History of "Fame: The Musical" Productions</entry>
<entry id="3">
"<weblink xlink:type="simple" xlink:href="http://www.rollingstone.com/news/story/9138137/the_mystery_of_larry_wachowski">
The Mystery of Larry Wachowski</weblink>".&#32;  <newspaper wordnetid="106267145" confidence="0.9508927676800064">
<link xlink:type="simple" xlink:href="../441/25441.xml">
Rolling Stone</link></newspaper>
.&#32;Retrieved on <link>
2007-10-11</link>.</entry>
<entry id="4">
"<weblink xlink:type="simple" xlink:href="http://www.mediaweek.com/mw/news/recent_display.jsp?vnu_content_id=1003616978">
TCA: ABC's McPherson Pressed Into Divulging Lost News</weblink>".&#32;  Media Week.&#32;Retrieved on <link>
2007-07-25</link>.</entry>
<entry id="5">
"<weblink xlink:type="simple" xlink:href="http://www.celebuzz.com/harold-perrineau-whiteys-keeping-me-s20741/">
Harold Perrineau Jr. - Whitey's Keeping Me Down</weblink>", Celebuzz&#32;(2008-06-03).&nbsp;</entry>
<entry id="6">
<weblink xlink:type="simple" xlink:href="http://www.headlineplanet.com/base/articles/1212450949.html">
"Lost"'s Michael Scores New Television Role :: Headline Planet</weblink></entry>
</reflist>

</p>
</sec>
<sec>
<st>
External links</st>
<p>

<list>
<entry level="1" type="bullet">

<weblink xlink:type="simple" xlink:href="http://www.imdb.com/name/nm0674782/">
Harold Perrineau Jr.</weblink> at the <web_site wordnetid="106359193" confidence="0.9508927676800064">
<link xlink:type="simple" xlink:href="../554/2855554.xml">
Internet Movie Database</link></web_site>
</entry>
</list>
</p>



</sec>
</bdy>
</actor>
</article>
