<?xml version="1.0" encoding="UTF-8"?>
<!-- generated by CLiX/Wiki2XML [MPI-Inf, MMCI@UdS] $LastChangedRevision: 92 $ on 16.04.2009 18:01:23[mciao0825] -->
<!DOCTYPE article SYSTEM "../article.dtd">
<article xmlns:xlink="http://www.w3.org/1999/xlink">
<region  confidence="0.8" wordnetid="108630985">
<administrative_district  confidence="0.8" wordnetid="108491826">
<location  confidence="0.8" wordnetid="100027167">
<municipality  confidence="0.8" wordnetid="108626283">
<geographical_area  confidence="0.8" wordnetid="108574314">
<district  confidence="0.8" wordnetid="108552138">
<urban_area  confidence="0.8" wordnetid="108675967">
<header>
<title>Ayerbe</title>
<id>1032327</id>
<revision>
<id>242181514</id>
<timestamp>2008-10-01T06:15:47Z</timestamp>
<contributor>
<username>D6</username>
<id>75561</id>
</contributor>
</revision>
<categories>
<category>Municipalities in Huesca</category>
</categories>
</header>
<bdy>

<image location="right" width="150px" src="Escudo_de_Ayerbe.png" type="thumb">
<caption>

Coat of Arms of Ayerbe
</caption>
</image>

<image location="right" width="150px" src="LocationAyerbe.png" type="thumb">
<caption>

Location of Ayerbe
</caption>
</image>

<b>Ayerbe</b> is a town in the <link xlink:type="simple" xlink:href="../495/5432495.xml">
Hoya de Huesca</link> <link xlink:type="simple" xlink:href="../834/1555834.xml">
comarca</link>, in the <subdivision wordnetid="108674251" confidence="0.8">
<region wordnetid="108630985" confidence="0.8">
<location wordnetid="100027167" confidence="0.8">
<tract wordnetid="108673395" confidence="0.8">
<geographical_area wordnetid="108574314" confidence="0.8">
<link xlink:type="simple" xlink:href="../002/55002.xml">
autonomous community</link></geographical_area>
</tract>
</location>
</region>
</subdivision>
 of <region wordnetid="108630039" confidence="0.8">
<social_group wordnetid="107950920" confidence="0.8">
<location wordnetid="100027167" confidence="0.8">
<gathering wordnetid="107975026" confidence="0.8">
<community wordnetid="108223802" confidence="0.8">
<group wordnetid="100031264" confidence="0.8">
<link xlink:type="simple" xlink:href="../443/39443.xml">
Aragon</link></group>
</community>
</gathering>
</location>
</social_group>
</region>
 in <system wordnetid="108435388" confidence="0.8">
<economy wordnetid="108366753" confidence="0.8">
<group wordnetid="100031264" confidence="0.8">
<link xlink:type="simple" xlink:href="../667/26667.xml">
Spain</link></group>
</economy>
</system>
. 
<sec>
<st>
Geography</st>
<p>

Ayerbe is located 28&nbsp;km from <site wordnetid="108651247" confidence="0.8">
<region wordnetid="108630985" confidence="0.8">
<location wordnetid="100027167" confidence="0.8">
<tract wordnetid="108673395" confidence="0.8">
<batch wordnetid="113774404" confidence="0.8">
<large_indefinite_quantity wordnetid="113757724" confidence="0.8">
<geographical_area wordnetid="108574314" confidence="0.8">
<indefinite_quantity wordnetid="113576355" confidence="0.8">
<link xlink:type="simple" xlink:href="../298/68298.xml">
Huesca</link></indefinite_quantity>
</geographical_area>
</large_indefinite_quantity>
</batch>
</tract>
</location>
</region>
</site>
 on highway <b>A 132</b> in the direction of <village wordnetid="108672738" confidence="0.9508927676800064">
<link xlink:type="simple" xlink:href="../732/59732.xml">
Pamplona</link></village>
, on the Gállego river.  It is bounded by Riglos crags and the Santo Domingo range of hills to the north; to the east by the villages of Loarre and Loscorrales; to the south by the villages of Lupiñén-Ortilla, and to the west by the villages of Biscarrues and Murillo de Gállego. It is located at <weblink xlink:type="simple" xlink:href="http://stable.toolserver.org/geohack/geohack.php?pagename=Ayerbe&amp;params=42_16_36_N_00_41_21_W_type:city_region:ES">
42°16′36″N 00°41′21″W﻿ / ﻿42.27667, -0.68917</weblink><link xlink:type="simple" xlink:href="../361/48361.xml">
Coordinates</link>: <weblink xlink:type="simple" xlink:href="http://stable.toolserver.org/geohack/geohack.php?pagename=Ayerbe&amp;params=42_16_36_N_00_41_21_W_type:city_region:ES">
42°16′36″N 00°41′21″W﻿ / ﻿42.27667, -0.68917</weblink>, with a height above  sea level of <site wordnetid="108651247" confidence="0.8">
<region wordnetid="108630985" confidence="0.8">
<administrative_district wordnetid="108491826" confidence="0.8">
<location wordnetid="100027167" confidence="0.8">
<tract wordnetid="108673395" confidence="0.8">
<municipality wordnetid="108626283" confidence="0.8">
<geographical_area wordnetid="108574314" confidence="0.8">
<district wordnetid="108552138" confidence="0.8">
<urban_area wordnetid="108675967" confidence="0.8">
<city wordnetid="108524735" confidence="0.8">
<link xlink:type="simple" xlink:href="../ury/25th_century.xml">
Alicante</link></city>
</urban_area>
</district>
</geographical_area>
</municipality>
</tract>
</location>
</administrative_district>
</region>
</site>
 of 582&nbsp;m. and an area of 63.29 square <link xlink:type="simple" xlink:href="../510/50510.xml">
kilometres</link>. It is located in an excavated erosive depression in the surface of the <link xlink:type="simple" xlink:href="../253/30253.xml">
Tertiary period</link>.</p>
<p>

The soil is dry, loose and stony, generally level with a sprinkling of small isolated hills. The land is largely covered by olive and almond trees, with vineyards making a comeback.  There are also areas of cereal production to the east and south. It is also populated by evergreen oaks, rosemary, gorse and other shrubs in addition to grass. There are occasional occurrences of rabbits, hares and partridges.</p>
<p>

The area is particularly attractive to bird watchers, who come to see the <link xlink:type="simple" xlink:href="../633/186633.xml">
lammergeier</link>, <link>
griffon vulture</link> and <link>
Egyptian vulture</link>s, as well as a wide variety of birds of prey. Hunters find plenty of wild boars and deer, as well as partridge and quail.</p>
<p>

The hill range behind Ayerbe is part of the Pre-Pyrenees and reaches over 1,600 m, although the town itself is actually on the plain at the foot of the range, which eventually leads down to the River Ebro, around 100 km away.</p>

</sec>
<sec>
<st>
Points of interest</st>
<p>

<image location="left" width="150px" src="Palacio_de_Ayerbe.JPG" type="thumb">
<caption>

The 16th-century Palacio of the Marquesses de Ayerbe is now a private building, sometimes used as a music school
</caption>
</image>

The town center features two rectangular squares either side of the <painting wordnetid="103876519" confidence="0.9508927676800064">
<link xlink:type="simple" xlink:href="../568/34568.xml">
16th-century</link></painting>
 palace of the Marquesses de Ayerbe (declared a historical monument in 1931), and in general it is the collection of domestic architecture and other architecturally distinguished buildings that make Ayerbe particularly worth visiting.</p>
<p>

Ayerbe's main claim to fame is that <link>
Santiago Ramón y Cajal</link>, winner of the 1906 <link xlink:type="simple" xlink:href="../201/21201.xml">
Nobel prize</link> in Physiology or Medicine, lived here for ten years. The town promotes his memory with a <weblink xlink:type="simple" xlink:href="http://www.aragob.es/pre/cido/cajayer1.htm#">
museum</weblink> and visitor centre; Ayerbe library holds a collection of Cajal-related books with more than 250 works and documents for public use.</p>
<p>

Ayerbe has a public library, casino, bars, municipal swimming pool and, around the town, a network of footpaths, fields and highways for walkers and cyclists. There are several restaurants, a hotel and bed and breakfast accommodation, as well as tourist information center in the summer months in one of the town squares. Other attractions include Fontaneta park (at <weblink xlink:type="simple" xlink:href="http://stable.toolserver.org/geohack/geohack.php?pagename=Ayerbe&amp;params=42_16_43_N_00_41_19_W_type:landmark_region:ES">
42°16′43″N 00°41′19″W﻿ / ﻿42.27861, -0.68861</weblink>) and the  "La Fuente de los Tres Caños" fountain.</p>
<p>

The hill directly behind the town is the location of a now renovated chapel at one end and a Moorish castle (in ruins) at the other. These can be reached on foot or by all terrain vehicle and provide excellent views of the surrounding countryside (even to the Pyrenees).</p>
<p>

The town is known by many in the region for its "Tortas de Ayerbe", which are sweet flat, round pastries, usually flavoured with aniseed. Visitors can also purchase locally-produced wine, olive oil and honey.</p>

</sec>
<sec>
<st>
Fiestas and celebrations</st>
<p>

<image location="left" width="150px" src="Ayerbe.gigantes.2005.6.18.4.jpg" type="thumb">
<caption>

Some of Ayerbe's Giants which parade every year as part of the Feast of St Leticia
</caption>
</image>

The <fundamental_quantity wordnetid="113575869" confidence="0.8">
<time_period wordnetid="115113229" confidence="0.8">
<festival wordnetid="115162388" confidence="0.8">
<link xlink:type="simple" xlink:href="../262/696262.xml">
Fiesta</link></festival>
</time_period>
</fundamental_quantity>
 of <saint wordnetid="110546850" confidence="0.9508927676800064">
<link xlink:type="simple" xlink:href="../792/7457792.xml">
Santa Leticia</link></saint>
 takes place around September 9th and lasts for four to six days. A sculpture of the Saint is carried in procession, its pedestal garlanded with grapes; figures of <link xlink:type="simple" xlink:href="../903/53903.xml">
giants</link> and "cabezudos" parade in the streets and <link xlink:type="simple" xlink:href="../493/59493.xml">
pyrotechnic</link> figures of bulls race through the town every night. </p>
<p>

In 2005 the 6th meeting of the Giants of Aragon took place in the town, bringing together 72 giant figures from all over <region wordnetid="108630039" confidence="0.8">
<social_group wordnetid="107950920" confidence="0.8">
<location wordnetid="100027167" confidence="0.8">
<gathering wordnetid="107975026" confidence="0.8">
<community wordnetid="108223802" confidence="0.8">
<group wordnetid="100031264" confidence="0.8">
<link xlink:type="simple" xlink:href="../443/39443.xml">
Aragon</link></group>
</community>
</gathering>
</location>
</social_group>
</region>
: 32 bands, 166 musicians and 140 figure-carriers took part.</p>
<p>

"The week of the mushrooms" has been celebrated in the town for years in the month of October and constitutes a social event on an international level.</p>

</sec>
<sec>
<st>
See also</st>
<p>

<list>
<entry level="1" type="bullet">

<weblink xlink:type="simple" xlink:href="http://es.wikipedia.org/wiki/Palacio_de_Ayerbe">
Palace of Ayerbe</weblink> article at Spanish Wikipedia (in Spanish)</entry>
</list>

</p>
</sec>
<sec>
<st>
 External links </st>
<p>

<list>
<entry level="1" type="bullet">

 <weblink xlink:type="simple" xlink:href="http://www.fontaneta.blogspot.com/">
fontaneta.blogspot.com</weblink></entry>
<entry level="1" type="bullet">

 <weblink xlink:type="simple" xlink:href="http://www.reinodelosmallos.com/">
Reino de los Mallos</weblink></entry>
<entry level="1" type="bullet">

 <weblink xlink:type="simple" xlink:href="http://www.ayerbe.es/">
www.ayerbe.es</weblink></entry>
<entry level="1" type="bullet">

 <weblink xlink:type="simple" xlink:href="http://www.carnicraba.com/">
Carnicraba</weblink></entry>
<entry level="1" type="bullet">

 <image width="20px" src="Speaker_Icon.svg">
</image>
 <weblink xlink:type="simple" xlink:href="http://usuarios.lycos.es/juandayerbe/casbas.html">
Himno a la Virgen de Casbas Fichero Audio (MID) </weblink></entry>
</list>
</p>



</sec>
</bdy>
</urban_area>
</district>
</geographical_area>
</municipality>
</location>
</administrative_district>
</region>
</article>
