<?xml version="1.0" encoding="UTF-8"?>
<!-- generated by CLiX/Wiki2XML [MPI-Inf, MMCI@UdS] $LastChangedRevision: 92 $ on 17.04.2009 00:19:54[mciao0827] -->
<!DOCTYPE article SYSTEM "../article.dtd">
<article xmlns:xlink="http://www.w3.org/1999/xlink">
<engine  confidence="0.9511911446218017" wordnetid="103287733">
<web_site  confidence="0.9508927676800064" wordnetid="106359193">
<header>
<title>Wikia Search</title>
<id>10346388</id>
<revision>
<id>244309711</id>
<timestamp>2008-10-10T05:29:49Z</timestamp>
<contributor>
<username>Anthere</username>
<id>1752</id>
</contributor>
</revision>
<categories>
<category>All articles with dead external links</category>
<category>Internet search engines</category>
<category>Articles with dead external links since October 2007</category>
<category>Articles with invalid date parameter in template</category>
<category>Wikipedia articles in need of updating</category>
<category>Wikia</category>
</categories>
</header>
<bdy>
<template>
<name>Infobox Website</name>
<parameters>
<logo>
<image width="200px" src="Wikia_Search.png">
</image>
</logo>
<screenshot>
<image width="200px" src="Wikia_Search_Homepage.png" type="border">
<caption>

Wikia Search homepage
</caption>
</image>
</screenshot>
<caption>
The Wikia Search homepage in <link xlink:type="simple" xlink:href="../892/210892.xml">
Firefox</link></caption>
<type>
<link xlink:type="simple" xlink:href="../023/4059023.xml">
Search Engine</link></type>
<registration>
optional</registration>
<current_status>
active</current_status>
<url>
<weblink xlink:type="simple" xlink:href="http://search.wikia.com">
search.wikia.com</weblink></url>
<launch_date>
<link xlink:type="simple" xlink:href="../987/15987.xml">
January 7</link>, <link xlink:type="simple" xlink:href="../825/35825.xml">
2008</link></launch_date>
<author>
<person wordnetid="100007846" confidence="0.9508927676800064">
<link xlink:type="simple" xlink:href="../446/3703446.xml">
Jimmy Wales</link></person>
</author>
<name>
Wikia Search</name>
<owner>
<link xlink:type="simple" xlink:href="../422/19725422.xml">
Wikia Inc.</link></owner>
<language>
<language wordnetid="106282651" confidence="0.8">
<link xlink:type="simple" xlink:href="../916/8569916.xml">
English</link></language>
 and multiple translations</language>
<commercial>
yes</commercial>
</parameters>
</template>


For the relations between Wikia and the Wikimedia Foundation (which operates Wikipedia), see .
<p>

<b>Wikia Search</b> is a <link xlink:type="simple" xlink:href="../259/16920259.xml">
free</link> and <link xlink:type="simple" xlink:href="../758/18938758.xml">
open-source</link> <artifact wordnetid="100021939" confidence="0.8">
<instrumentality wordnetid="103575240" confidence="0.8">
<engine wordnetid="103287733" confidence="0.8">
<motor wordnetid="103789946" confidence="0.8">
<device wordnetid="103183080" confidence="0.8">
<machine wordnetid="103699975" confidence="0.8">
<link xlink:type="simple" xlink:href="../023/4059023.xml">
Web search engine</link></machine>
</device>
</motor>
</engine>
</instrumentality>
</artifact>
 and a part of <company wordnetid="108058098" confidence="0.9508927676800064">
<link xlink:type="simple" xlink:href="../422/19725422.xml">
Wikia</link></company>
 (originally Wikicities) operated by Wikia, Inc., a for-profit company founded in late <link xlink:type="simple" xlink:href="../524/35524.xml">
2004</link> by <person wordnetid="100007846" confidence="0.9508927676800064">
<link xlink:type="simple" xlink:href="../446/3703446.xml">
Jimmy Wales</link></person>
 and <person wordnetid="100007846" confidence="0.9508927676800064">
<link xlink:type="simple" xlink:href="../238/14629238.xml">
Angela Beesley</link></person>
.<ref xlink:type="simple" xlink:href="#xpointer(//reflist/entry[@id=%221%22])">1</ref> The "public alpha" was launched on <link xlink:type="simple" xlink:href="../987/15987.xml">
January 7</link>, <link xlink:type="simple" xlink:href="../825/35825.xml">
2008</link>.<ref xlink:type="simple" xlink:href="#xpointer(//reflist/entry[@id=%222%22])">2</ref> This roll-out version of the search interface was widely criticized by reviewers in mainstream media.<ref xlink:type="simple" xlink:href="#xpointer(//reflist/entry[@id=%223%22])">3</ref><ref xlink:type="simple" xlink:href="#xpointer(//reflist/entry[@id=%224%22])">4</ref></p>
<p>

On June 3, 2008, an upgraded version of Wikia Search was released with additional features such as improved screen display and facilities for users to rate, edit and enhance the search results. In particular, it offered users the possibility of adding pertinent <link xlink:type="simple" xlink:href="../277/32277.xml">
URLs</link> to the results displayed and deleting any misleading results with immediate effect.<ref xlink:type="simple" xlink:href="#xpointer(//reflist/entry[@id=%225%22])">5</ref> The improvements were widely welcomed by a number of former critics.<ref xlink:type="simple" xlink:href="#xpointer(//reflist/entry[@id=%226%22])">6</ref></p>
<p>

By August 2008, Wikia Search held a 0.000079% share of the search market in the U.S., compared with <company wordnetid="108058098" confidence="0.9508927676800064">
<link xlink:type="simple" xlink:href="../923/1092923.xml">
Google</link></company>
's 70.77%.<ref xlink:type="simple" xlink:href="#xpointer(//reflist/entry[@id=%227%22])">7</ref> Google is also conducting experiments with page ranking based on user feedback, but Jimmy Wales responded that Google's random tests and a closed algorithm are different from the open community-oriented, so called <it><link xlink:type="simple" xlink:href="../585/5292585.xml">
crowdsourcing</link></it>, attempts of Wikia Search.<ref xlink:type="simple" xlink:href="#xpointer(//reflist/entry[@id=%228%22])">8</ref></p>

<sec>
<st>
The search engine</st>


<ss1>
<st>
 Features </st>

<p>

The search engine's result pages currently provide access to three major components:</p>
<p>

<list>
<entry level="1" type="bullet">

 a <link xlink:type="simple" xlink:href="../023/4059023.xml">
web search engine</link>,</entry>
<entry level="1" type="bullet">

 a <link xlink:type="simple" xlink:href="../117/2041117.xml">
social network service</link> and</entry>
<entry level="1" type="bullet">

 a <link xlink:type="simple" xlink:href="../851/32851.xml">
wiki</link>, which hosts so-called mini-articles </entry>
</list>
</p>

<ss2>
<st>
Mini-articles</st>

<p>

A prominent feature of the search engine are the human-written mini articles.
Mini articles are short articles about the topics given by their title.
They are currently hosted by a Wikia wiki.</p>
<p>

Whenever a search query is issued, the results page looks in the wiki for a mini article with a name that matches the search query. If a matching article is found, its first two lines are displayed in a box above the search results.  
If no matching article exists, the search user is given the opportunity to write a new one.</p>

</ss2>
<ss2>
<st>
Social network</st>

<p>

The user interface is tied in with a social network application, called <weblink xlink:type="simple" xlink:href="http://svn.swlabs.org/foowi/">
foowi</weblink>.
Users can create an account for the application and fill in a profile.
The system currently links the wiki login to the social network login.</p>
<p>

Profile functions include <it>Status</it>, <it>Basic profile</it>, <it>White board</it>, <it>Albums</it>, <it>Friends</it>, <it>Personal</it> and <it>Work</it>.</p>

</ss2>
<ss2>
<st>
Web search engine</st>

<p>

The web search engine consists of the following components:</p>
<p>

<list>
<entry level="1" type="bullet">

 <link xlink:type="simple" xlink:href="../120/33120.xml">
Crawler(s)</link> (<physical_entity wordnetid="100001930" confidence="0.8">
<sycophant wordnetid="110684827" confidence="0.8">
<person wordnetid="100007846" confidence="0.8">
<artifact wordnetid="100021939" confidence="0.8">
<instrumentality wordnetid="103575240" confidence="0.8">
<follower wordnetid="110099375" confidence="0.8">
<engine wordnetid="103287733" confidence="0.8">
<motor wordnetid="103789946" confidence="0.8">
<device wordnetid="103183080" confidence="0.8">
<flatterer wordnetid="110095869" confidence="0.8">
<causal_agent wordnetid="100007347" confidence="0.8">
<machine wordnetid="103699975" confidence="0.8">
<link xlink:type="simple" xlink:href="../895/216895.xml">
Grub</link></machine>
</causal_agent>
</flatterer>
</device>
</motor>
</engine>
</follower>
</instrumentality>
</artifact>
</person>
</sycophant>
</physical_entity>
),</entry>
<entry level="1" type="bullet">

 <event wordnetid="100029378" confidence="0.8">
<rule wordnetid="105846932" confidence="0.8">
<act wordnetid="100030358" confidence="0.8">
<psychological_feature wordnetid="100023100" confidence="0.8">
<procedure wordnetid="101023820" confidence="0.8">
<activity wordnetid="100407535" confidence="0.8">
<algorithm wordnetid="105847438" confidence="0.8">
<link xlink:type="simple" xlink:href="../386/7602386.xml">
Indices</link></algorithm>
</activity>
</procedure>
</psychological_feature>
</act>
</rule>
</event>
, the search engine proper (three selectable indices, by default an index that uses <structure wordnetid="104341686" confidence="0.8">
<artifact wordnetid="100021939" confidence="0.8">
<instrumentality wordnetid="103575240" confidence="0.8">
<area wordnetid="102735688" confidence="0.8">
<engine wordnetid="103287733" confidence="0.8">
<motor wordnetid="103789946" confidence="0.8">
<library wordnetid="103660909" confidence="0.8">
<device wordnetid="103183080" confidence="0.8">
<machine wordnetid="103699975" confidence="0.8">
<room wordnetid="104105893" confidence="0.8">
<link xlink:type="simple" xlink:href="../847/398847.xml">
Nutch</link></room>
</machine>
</device>
</library>
</motor>
</engine>
</area>
</instrumentality>
</artifact>
</structure>
)</entry>
<entry level="1" type="bullet">

 and browser based results presentation (written in <link xlink:type="simple" xlink:href="../845/9845.xml">
Javascript</link>).</entry>
</list>
</p>
<p>

The results presentation uses XML-formatted requests to query the index.  The XML format used is called  <weblink xlink:type="simple" xlink:href="http://search.wikia.com/wiki/Tech/Open_Index">
Open Index</weblink> and can be used to query indices other than the one at <link xlink:type="simple" xlink:href="../814/1313814.xml">
Internet Systems Consortium (ISC)</link> .
The results presentation includes an option to select a different index to be used (out of three).</p>

</ss2>
</ss1>
<ss1>
<st>
Organization</st>

<p>

The servers that implement <weblink xlink:type="simple" xlink:href="http://not-quite-ready-yet.index.swlabs.org/">
the web search engine's default index</weblink> are owned and operated by the 
ISC
<ref xlink:type="simple" xlink:href="#xpointer(//reflist/entry[@id=%229%22])">9</ref>.
Although the index servers were donated to ISC, the index server's domain name still remains the one of the Wikia Search software labs, <weblink xlink:type="simple" xlink:href="http://swlabs.org/">
swlabs.org</weblink> <ref xlink:type="simple" xlink:href="#xpointer(//reflist/entry[@id=%2210%22])">10</ref>.  The search engine's <weblink xlink:type="simple" xlink:href="http://alpha.search.wikia.com/">
main page</weblink> and <weblink xlink:type="simple" xlink:href="http://re.search.wikia.com/search#foobar">
result pages</weblink> themselves are served by Wikia (note that the result pages' content is retrieved from the index server at swlabs.org, not from wikia.com).</p>
<p>

The social network, like the results presentation, is hosted by Wikia <weblink xlink:type="simple" xlink:href="http://search1.wikia.nocookie.net/">
http://search1.wikia.nocookie.net/</weblink>.</p>


<p>

<weblink xlink:type="simple" xlink:href="http://search.wikia.com/wiki/Search_Wikia">
Search Wikia</weblink>, the wiki currently hosting the mini articles, is hosted by <company wordnetid="108058098" confidence="0.9508927676800064">
<link xlink:type="simple" xlink:href="../422/19725422.xml">
Wikia</link></company>
.  The wiki's content is licensed under the <link xlink:type="simple" xlink:href="../782/18938782.xml">
GNU Free Documentation License (GFDL)</link> <ref xlink:type="simple" xlink:href="#xpointer(//reflist/entry[@id=%2211%22])">11</ref>. 
Although formally owned by Wikia, Wikia's management have stated that they want the wiki's user community to govern the wiki<ref xlink:type="simple" xlink:href="#xpointer(//reflist/entry[@id=%2212%22])">12</ref>, as is custom with Wikia wikis in general.</p>

</ss1>
</sec>
<sec>
<st>
History</st>

<p>

<table class="metadata plainlinks ambox ">
<row>
<col>

ambox-content" style=""</col>
</row>
<row>
<col class="mbox-image"><p>

<image width="44px" src="Ambox_outdated_serious.svg">
</image>
</p>
</col>
<col style="" class="mbox-text">
<b>This article or section needs to be updated.</b>
Please update the article to reflect recent events / newly available information, and remove this template when finished.</col>
</row>
</table>


On <link xlink:type="simple" xlink:href="../344/14750344.xml">
December 23</link>, <link xlink:type="simple" xlink:href="../164/36164.xml">
2006</link>, Wales made a passing comment regarding the possibility of a wiki-based internet search.<ref xlink:type="simple" xlink:href="#xpointer(//reflist/entry[@id=%2213%22])">13</ref> The result was extensive media coverage in multiple languages, in outlets like <it><newspaper wordnetid="106267145" confidence="0.9508927676800064">
<link xlink:type="simple" xlink:href="../515/19344515.xml">
The Guardian</link></newspaper>
</it>, the <it><link xlink:type="simple" xlink:href="../082/259082.xml">
Sydney Morning Herald</link></it>, and online editions of <it><work wordnetid="104599396" confidence="0.8">
<product wordnetid="104007894" confidence="0.8">
<magazine wordnetid="106595351" confidence="0.8">
<print_media wordnetid="106263609" confidence="0.8">
<creation wordnetid="103129123" confidence="0.8">
<press wordnetid="106263369" confidence="0.8">
<artifact wordnetid="100021939" confidence="0.8">
<instrumentality wordnetid="103575240" confidence="0.8">
<medium wordnetid="106254669" confidence="0.8">
<publication wordnetid="106589574" confidence="0.8">
<link xlink:type="simple" xlink:href="../894/294894.xml">
Forbes</link></publication>
</medium>
</instrumentality>
</artifact>
</press>
</creation>
</print_media>
</magazine>
</product>
</work>
</it> and <it><link xlink:type="simple" xlink:href="../157/945157.xml">
Business Week</link></it> publishing the statement as an announcement, forcing the company to re-brand and relaunch its previous search engine proposal under the temporary name of "Search Wikia".<ref xlink:type="simple" xlink:href="#xpointer(//reflist/entry[@id=%2214%22])">14</ref></p>
<p>

In a later interview, Wales attempted to clarify several issues.  He said that funding received from <computer wordnetid="103082979" confidence="0.8">
<shop wordnetid="104202417" confidence="0.8">
<structure wordnetid="104341686" confidence="0.8">
<mercantile_establishment wordnetid="103748162" confidence="0.8">
<artifact wordnetid="100021939" confidence="0.8">
<instrumentality wordnetid="103575240" confidence="0.8">
<bookshop wordnetid="102871525" confidence="0.8">
<place_of_business wordnetid="103953020" confidence="0.8">
<establishment wordnetid="103297735" confidence="0.8">
<device wordnetid="103183080" confidence="0.8">
<machine wordnetid="103699975" confidence="0.8">
<web_site wordnetid="106359193" confidence="0.8">
<link xlink:type="simple" xlink:href="../451/90451.xml">
Amazon.com</link></web_site>
</machine>
</device>
</establishment>
</place_of_business>
</bookshop>
</instrumentality>
</artifact>
</mercantile_establishment>
</structure>
</shop>
</computer>
 was not specific to the search project and also restated that Wikia and Wikipedia have separate management, even though they shared three key stakeholders. When asked whether the project was "formally announced", he said it was partly planned and partly a response to news coverage.<ref xlink:type="simple" xlink:href="#xpointer(//reflist/entry[@id=%2215%22])">15</ref></p>
<p>

On <link xlink:type="simple" xlink:href="../793/15793.xml">
31 January</link> <link xlink:type="simple" xlink:href="../165/36165.xml">
2007</link>, at a talk given at <university wordnetid="108286163" confidence="0.9508927676800064">
<link xlink:type="simple" xlink:href="../455/7954455.xml">
New York University</link></university>
, Wales announced that Wikia plans to build a search engine rivaling those of <company wordnetid="108058098" confidence="0.9508927676800064">
<link xlink:type="simple" xlink:href="../923/1092923.xml">
Google</link></company>
 and <link xlink:type="simple" xlink:href="../213/188213.xml">
Yahoo</link> based on the kind of collaborative cooperation which has been so successful in developing <web_site wordnetid="106359193" confidence="0.9508927676800064">
<link xlink:type="simple" xlink:href="../734/5043734.xml">
Wikipedia</link></web_site>
, arguing that "search should be open, transparent, participatory, and democratic."<ref xlink:type="simple" xlink:href="#xpointer(//reflist/entry[@id=%2216%22])">16</ref> He later suggested this new approach could account for five percent of the search market.<ref xlink:type="simple" xlink:href="#xpointer(//reflist/entry[@id=%2217%22])">17</ref></p>
<p>

On <link xlink:type="simple" xlink:href="../196/20196.xml">
March 10</link>, <link xlink:type="simple" xlink:href="../165/36165.xml">
2007</link>, <link xlink:type="simple" xlink:href="../116/8410116.xml">
Gil Penchina</link>, chief executive officer of Wikia, stated in an interview that the goal for the project is to get five percent of the search market and that a release date for services was not scheduled. "We're really trying to build a movement to make search free and open and transparent," Penchina said. "We have some servers up and people are hacking away." The free and open-source approach of utilizing programmers and users around the world is different from that used by major search providers such as Google and Yahoo, who keep most of their code secret, and could provide a search engine that lets users edit and fine tune its results.<ref xlink:type="simple" xlink:href="#xpointer(//reflist/entry[@id=%2218%22])">18</ref></p>
<p>

On <link xlink:type="simple" xlink:href="../359/8359.xml">
December 24</link>, <link xlink:type="simple" xlink:href="../165/36165.xml">
2007</link>, Wales announced that Wikia Search had entered "private pre-alpha"<ref xlink:type="simple" xlink:href="#xpointer(//reflist/entry[@id=%2219%22])">19</ref><ref xlink:type="simple" xlink:href="#xpointer(//reflist/entry[@id=%2220%22])">20</ref>.</p>

</sec>
<sec>
<st>
References</st>

<p>

<reflist>
<entry id="1">
"<weblink xlink:type="simple" xlink:href="http://www.wired.com/wired/archive/13.03/wiki.html?pg=4">
The Book Stops Here</weblink>".&#32;  <web_site wordnetid="106359193" confidence="0.9508927676800064">
<link xlink:type="simple" xlink:href="../324/407324.xml">
Wired News</link></web_site>
&#32;(<link xlink:type="simple" xlink:href="../984/35984.xml">
2005</link>-<link>
03-13</link>).&#32;Retrieved on <link>
2007-08-01</link>.</entry>
<entry id="2">
<weblink xlink:type="simple" xlink:href="http://alpha.search.wikia.com/">
The "public alpha" of Wikia search project</weblink></entry>
<entry id="3">
"<weblink xlink:type="simple" xlink:href="http://machinist.salon.com/blog/2008/01/07/search_wikia/">
Wikipedia founder's search engine gets bad reviews</weblink>"&#32;(2008-01-07).&#32;Retrieved on <link>
2008-01-07</link>.</entry>
<entry id="4">
"<weblink xlink:type="simple" xlink:href="http://www.businessweek.com/technology/content/jan2008/tc2008017_308710.htm">
Critics Wallop Wikia</weblink>".&#32;  <link xlink:type="simple" xlink:href="../157/945157.xml">
Business Week</link>&#32;(2008-01-08).&#32;Retrieved on <link>
2008-01-10</link>.</entry>
<entry id="5">
<weblink xlink:type="simple" xlink:href="http://www.heise.de/english/newsticker/news/109092">
Wikia Search opens its doors, Heise Online</weblink>, 6 June 2008.</entry>
<entry id="6">
<weblink xlink:type="simple" xlink:href="http://www.computerworld.com/action/article.do?command=viewArticleBasic&amp;articleId=9093278">
Second Wikia Search version gets backing from former critics, Computer World, 4 June 2008</weblink></entry>
<entry id="7">
<weblink xlink:type="simple" xlink:href="http://www.networkworld.com/news/2008/081908-wikia-search-cuil-trailing-google.html">
Wikia Search, Cuil trailing Google by a long shot</weblink>, Network World, <link>
2008-08-19</link></entry>
<entry id="8">
Boulton, Clint&#32;(2008-08-28).&#32;"<weblink xlink:type="simple" xlink:href="http://www.eweek.com/c/a/Search-Engines/Google-Search-Ranking-Feature-Threatens-Wikia-Search/">
Google Search Ranking Feature Threatens Wikia Search</weblink>", <it><link xlink:type="simple" xlink:href="../765/2081765.xml">
eWeek</link></it>, Ziff Davis Media.&#32;Retrieved on <link>
2008-09-07</link>.&nbsp;</entry>
<entry id="9">
Jonas, Trevor&#32;(<link xlink:type="simple" xlink:href="../987/15987.xml">
January 07</link>, <link xlink:type="simple" xlink:href="../825/35825.xml">
2008</link>).&#32;"<weblink xlink:type="simple" xlink:href="http://www.businesswire.com/news/google/20080107005632/en">
Wikia, Jimmy Wales Unveil First Public Alpha of Open Source Search Project</weblink>".&#32;  BusinessWire.com.&#32;Retrieved on <link>
2008-05-10</link>.</entry>
<entry id="10">
The Javascript <weblink xlink:type="simple" xlink:href="http://re.search.wikia.com/search-a3.js">
code that fetches search results from the index server</weblink> directly refers to the <weblink xlink:type="simple" xlink:href="http://not-quite-ready-yet.index.swlabs.org/">
current index servers</weblink>.</entry>
<entry id="11">
<weblink xlink:type="simple" xlink:href="http://search.wikia.com/wiki/search:Copyrights">
The copyrights page of Search Wikia</weblink></entry>
<entry id="12">
<person wordnetid="100007846" confidence="0.9508927676800064">
<link xlink:type="simple" xlink:href="../238/14629238.xml">
Beesley, Angela</link></person>
&#32;(<link>
2008-02-04</link>).&#32;"<weblink xlink:type="simple" xlink:href="http://lists.wikia.com/pipermail/searchwiki/2008-February/000101.html">
Re: Mandate</weblink>".&#32;<it>searchwiki mailing list</it>.&#32;Retrieved on <link>
2008-05-12</link>.</entry>
<entry id="13">
Doran, James&#32;(<link xlink:type="simple" xlink:href="../344/14750344.xml">
December 23</link>, <link xlink:type="simple" xlink:href="../164/36164.xml">
2006</link>).&#32;"<weblink xlink:type="simple" xlink:href="http://business.timesonline.co.uk/article/0,,9075-2517026,00.html">
Founder of Wikipedia plans search engine to rival Google</weblink>".&#32;  The Times.&#32;Retrieved on <link>
2007-01-06</link>.</entry>
<entry id="14">
<weblink xlink:type="simple" xlink:href="http://search.wikia.com/wiki/search:About">
About search</weblink></entry>
<entry id="15">
"<weblink xlink:type="simple" xlink:href="http://searchengineland.com/061229-193718.php">
Q&amp;A With Jimmy Wales On Search Wikia</weblink>".&#32;  <link xlink:type="simple" xlink:href="../607/6240607.xml">
Search Engine Land</link>&#32;(<link>
2006-12-29</link>).&#32;Retrieved on <link>
2007-01-06</link>.</entry>
<entry id="17">
<weblink xlink:type="simple" xlink:href="http://www.reuters.com/article/internetNews/idUST34811320070308">
Wikipedia founder says to challenge Google, Yahoo</weblink>, Reuters, <link xlink:type="simple" xlink:href="../053/20053.xml">
8 March</link> <link xlink:type="simple" xlink:href="../165/36165.xml">
2007</link>. Retrieved <link xlink:type="simple" xlink:href="../054/20054.xml">
9 March</link> <link xlink:type="simple" xlink:href="../165/36165.xml">
2007</link>.</entry>
<entry id="16">
<weblink xlink:type="simple" xlink:href="http://www.informationweek.com/news/showArticle.jhtml?articleID=197003494">
Wales: Search Wikia Will Succeed Where Google Cannot</weblink>, InformationWeek, <link xlink:type="simple" xlink:href="../119/11119.xml">
5 February</link> <link xlink:type="simple" xlink:href="../165/36165.xml">
2007</link>. Retrieved <link xlink:type="simple" xlink:href="../922/15922.xml">
27 July</link> <link xlink:type="simple" xlink:href="../165/36165.xml">
2007</link>.</entry>
<entry id="19">
Wales, Jimmy&#32;(2007-12-24).&#32;"<weblink xlink:type="simple" xlink:href="http://lists.wikia.com/pipermail/search-l/2007-December/000845.html">
private pre-alpha invites available</weblink>".&#32;Retrieved on <link>
2007-12-24</link>.</entry>
<entry id="18">
Jonathan Thaw, <weblink xlink:type="simple" xlink:href="http://www.insidebayarea.com/business/ci_5406665">
Wikia plans editable Web search engine</weblink>&#91;&#93;, <it>Bloomberg News</it>, <link xlink:type="simple" xlink:href="../196/20196.xml">
March 10</link>, <link xlink:type="simple" xlink:href="../165/36165.xml">
2007</link></entry>
<entry id="20">
"<weblink xlink:type="simple" xlink:href="http://www.washingtonpost.com/wp-dyn/content/article/2007/12/24/AR2007122401567.html">
Wikia Search Project to Launch Jan. 7, Wales says</weblink>", The Washington Post&#32;(2007-12-24).&#32;Retrieved on <link>
2007-12-24</link>.&nbsp;</entry>
</reflist>
</p>
<p>

<list>
<entry level="1" type="definition">

News reports</entry>
<entry level="1" type="bullet">

<weblink xlink:type="simple" xlink:href="http://www.nytimes.com/2007/01/01/technology/01wales.html">
"Something Wiki Is Coming to the Web Search Market"</weblink>, <it><newspaper wordnetid="106267145" confidence="0.9508927676800064">
<link xlink:type="simple" xlink:href="../680/30680.xml">
The New York Times.com</link></newspaper>
</it>, <link xlink:type="simple" xlink:href="../787/15787.xml">
January 1</link>, <link xlink:type="simple" xlink:href="../165/36165.xml">
2007</link>  &mdash;  about <it>Wikiasari</it>, an upcoming search engine</entry>
<entry level="1" type="bullet">

Leap of Faith: Wikia's new search engine relies on the human touch to outsmart Google. Does it stand a chance? Martin Miller, <link xlink:type="simple" xlink:href="../319/273319.xml">
Los Angeles Times Magazine</link>, March 2, 2008, pp. 36–40.</entry>
<entry level="1" type="bullet">

Evans, W. <weblink xlink:type="simple" xlink:href="http://newsbreaks.infotoday.com/nbReader.asp?ArticleId=40606">
"We Find it All: Wikia's New Social Search Engine"</weblink>, Information Today, Inc., January 8, 2008.</entry>
</list>
</p>


</sec>
</bdy>
</web_site>
</engine>
</article>
