<?xml version="1.0" encoding="UTF-8"?>
<!-- generated by CLiX/Wiki2XML [MPI-Inf, MMCI@UdS] $LastChangedRevision: 92 $ on 17.04.2009 00:20:02[mciao0827] -->
<!DOCTYPE article SYSTEM "../article.dtd">
<article xmlns:xlink="http://www.w3.org/1999/xlink">
<physical_entity  confidence="0.8" wordnetid="100001930">
<person  confidence="0.8" wordnetid="100007846">
<player  confidence="0.8" wordnetid="110439851">
<contestant  confidence="0.8" wordnetid="109613191">
<causal_agent  confidence="0.8" wordnetid="100007347">
<header>
<title>Dushawne Simpson</title>
<id>10352756</id>
<revision>
<id>235167595</id>
<timestamp>2008-08-30T11:55:43Z</timestamp>
<contributor>
<username>Mohrflies</username>
<id>2786714</id>
</contributor>
</revision>
<categories>
<category>Connecticut Wolves players</category>
<category>New Hampshire Phantoms players</category>
<category>Living people</category>
<category>Boston Bulldogs players</category>
<category>American soccer players</category>
<category>African American sportspeople</category>
<category>Southern Connecticut Fighting Owls soccer players</category>
<category>USISL players</category>
</categories>
</header>
<bdy>

<b>Dushawne Simpson</b> is an <body wordnetid="107965085" confidence="0.8">
<social_group wordnetid="107950920" confidence="0.8">
<political_orientation wordnetid="106212839" confidence="0.8">
<colony wordnetid="108374049" confidence="0.8">
<state wordnetid="108168978" confidence="0.8">
<political_unit wordnetid="108359949" confidence="0.8">
<group wordnetid="100031264" confidence="0.8">
<democracy wordnetid="106217103" confidence="0.8">
<link xlink:type="simple" xlink:href="../750/3434750.xml">
American</link></democracy>
</group>
</political_unit>
</state>
</colony>
</political_orientation>
</social_group>
</body>
 <link xlink:type="simple" xlink:href="../568/10568.xml">
soccer</link> coach, currently coaching with the <diversion wordnetid="100426928" confidence="0.8">
<association wordnetid="108049401" confidence="0.8">
<event wordnetid="100029378" confidence="0.8">
<club wordnetid="108227214" confidence="0.8">
<sport wordnetid="100523513" confidence="0.8">
<team wordnetid="108208560" confidence="0.8">
<act wordnetid="100030358" confidence="0.8">
<psychological_feature wordnetid="100023100" confidence="0.8">
<activity wordnetid="100407535" confidence="0.8">
<link xlink:type="simple" xlink:href="../075/7769075.xml">
Boston Aztec</link></activity>
</psychological_feature>
</act>
</team>
</sport>
</club>
</event>
</association>
</diversion>
.  Simpson coaches the Aztec U14 and U17 girls teams and also serves as the Aztec youth club's Technical Director of the Girls Program.<p>

Before moving over to coaching, Simpson was himself a standout soccer player.  Simpson played his youth soccer in <symbol wordnetid="106806469" confidence="0.9508927676800064">
<link xlink:type="simple" xlink:href="../466/6466.xml">
Connecticut</link></symbol>
 and played his high school soccer at <link xlink:type="simple" xlink:href="../130/1280130.xml">
Avon Old Farms School</link> and then <link xlink:type="simple" xlink:href="../656/6281656.xml">
Avon High School</link>. At Avon High School, Simpson helped lead his team to a #2 national high school soccer ranking in 1990 and was selected to the 1990 CT All-State team in Soccer, <link xlink:type="simple" xlink:href="../921/3921.xml">
Basketball</link> and <link xlink:type="simple" xlink:href="../719/43719.xml">
Track</link>.</p>
<p>

Simpson continued to shine at the collegiate level, playing at <link xlink:type="simple" xlink:href="../423/1608423.xml">
NCAA Division II</link> powerhouse <university wordnetid="108286163" confidence="0.9508927676800064">
<link xlink:type="simple" xlink:href="../398/496398.xml">
Southern Connecticut State University</link></university>
(SCSU) as a freshman and then moving on to <university wordnetid="108286163" confidence="0.9508927676800064">
<link xlink:type="simple" xlink:href="../554/2382554.xml">
Salem State College</link></university>
.  Dushawne was an all-conference performer at Salem State College and as a freshman he was all-conference and Freshman of the Year for SCSU when he led the league in scoring. </p>
<p>

Simpson followed up his brilliant college career by playing professionally for several teams, including the <diversion wordnetid="100426928" confidence="0.8">
<association wordnetid="108049401" confidence="0.8">
<event wordnetid="100029378" confidence="0.8">
<club wordnetid="108227214" confidence="0.8">
<sport wordnetid="100523513" confidence="0.8">
<team wordnetid="108208560" confidence="0.8">
<act wordnetid="100030358" confidence="0.8">
<psychological_feature wordnetid="100023100" confidence="0.8">
<activity wordnetid="100407535" confidence="0.8">
<link xlink:type="simple" xlink:href="../214/1939214.xml">
New Hampshire Phantoms</link></activity>
</psychological_feature>
</act>
</team>
</sport>
</club>
</event>
</association>
</diversion>
, the <diversion wordnetid="100426928" confidence="0.8">
<association wordnetid="108049401" confidence="0.8">
<event wordnetid="100029378" confidence="0.8">
<club wordnetid="108227214" confidence="0.8">
<sport wordnetid="100523513" confidence="0.8">
<team wordnetid="108208560" confidence="0.8">
<act wordnetid="100030358" confidence="0.8">
<psychological_feature wordnetid="100023100" confidence="0.8">
<activity wordnetid="100407535" confidence="0.8">
<link xlink:type="simple" xlink:href="../688/3891688.xml">
Connecticut Wolves</link></activity>
</psychological_feature>
</act>
</team>
</sport>
</club>
</event>
</association>
</diversion>
 and the <diversion wordnetid="100426928" confidence="0.8">
<association wordnetid="108049401" confidence="0.8">
<event wordnetid="100029378" confidence="0.8">
<club wordnetid="108227214" confidence="0.8">
<sport wordnetid="100523513" confidence="0.8">
<team wordnetid="108208560" confidence="0.8">
<act wordnetid="100030358" confidence="0.8">
<psychological_feature wordnetid="100023100" confidence="0.8">
<activity wordnetid="100407535" confidence="0.8">
<link xlink:type="simple" xlink:href="../873/1934873.xml">
Boston Bulldogs (soccer)</link></activity>
</psychological_feature>
</act>
</team>
</sport>
</club>
</event>
</association>
</diversion>
, as well as <association wordnetid="108049401" confidence="0.8">
<club wordnetid="108227214" confidence="0.8">
<link xlink:type="simple" xlink:href="../118/2074118.xml">
U.S. Avellino</link></club>
</association>
 of <association wordnetid="108049401" confidence="0.8">
<event wordnetid="100029378" confidence="0.8">
<social_event wordnetid="107288639" confidence="0.8">
<contest wordnetid="107456188" confidence="0.8">
<league wordnetid="108231184" confidence="0.8">
<psychological_feature wordnetid="100023100" confidence="0.8">
<link xlink:type="simple" xlink:href="../140/1137140.xml">
Serie C</link></psychological_feature>
</league>
</contest>
</social_event>
</event>
</association>
 in <system wordnetid="108435388" confidence="0.8">
<economy wordnetid="108366753" confidence="0.8">
<group wordnetid="100031264" confidence="0.8">
<link xlink:type="simple" xlink:href="../532/14532.xml">
Italy</link></group>
</economy>
</system>
.<weblink xlink:type="simple" xlink:href="http://www.aztecsoccer.com/Doc_Simpson.html">
http://www.aztecsoccer.com/Doc_Simpson.html</weblink>.</p>


<sec>
<st>
External links</st>
<p>

<list>
<entry level="1" type="bullet">

<weblink xlink:type="simple" xlink:href="http://www.aztecsoccer.com/Doc_Simpson.html">
Dushawne Simpson Aztec Bio</weblink></entry>
<entry level="1" type="bullet">

<weblink xlink:type="simple" xlink:href="http://www.aztecsoccer.com/news_2007_PASL_DocResigns.html">
Simpson Steps Down as Head Coach of Boston Aztec PSAL squad 3/2/2007</weblink></entry>
<entry level="1" type="bullet">

<weblink xlink:type="simple" xlink:href="http://www.soccernewengland.com/articles/view_article.php?id=2342">
Aztecs romp, Coach Simpson ejected 1/9/2007</weblink></entry>
<entry level="1" type="bullet">

<weblink xlink:type="simple" xlink:href="http://www.aztecsoccer.com/news_menopener_dec04.html">
Simpson Trades Indoor Sneaks for Clipboard 12/1/2004</weblink></entry>
<entry level="1" type="bullet">

<weblink xlink:type="simple" xlink:href="http://prosoccer.uslsoccer.com/honors/57907.html">
New Hamsphire's Simpson Player of the Week 6/10/2003</weblink></entry>
<entry level="1" type="bullet">

<weblink xlink:type="simple" xlink:href="http://archive.southcoasttoday.com/daily/08-97/08-25-97/d04sp158.htm">
Portuguese Sports wins in O.T. 8/25/97</weblink></entry>
</list>
</p>


</sec>
</bdy>
</causal_agent>
</contestant>
</player>
</person>
</physical_entity>
</article>
