<?xml version="1.0" encoding="UTF-8"?>
<!-- generated by CLiX/Wiki2XML [MPI-Inf, MMCI@UdS] $LastChangedRevision: 92 $ on 16.04.2009 18:02:40[mciao0826] -->
<!DOCTYPE article SYSTEM "../article.dtd">
<article xmlns:xlink="http://www.w3.org/1999/xlink">
<technique  confidence="0.8" wordnetid="105665146">
<system  confidence="0.8" wordnetid="108435388">
<know-how  confidence="0.8" wordnetid="105616786">
<method  confidence="0.8" wordnetid="105660268">
<group  confidence="0.8" wordnetid="100031264">
<network  confidence="0.8" wordnetid="108434259">
<header>
<title>Network analysis</title>
<id>1039587</id>
<revision>
<id>240924008</id>
<timestamp>2008-09-25T16:01:06Z</timestamp>
<contributor>
<username>Synthebot</username>
<id>3658625</id>
</contributor>
</revision>
</header>
<bdy>

<b>Network analysis</b> can refer to: <p>

<list>
<entry level="1" type="bullet">

 Analysis of general networks: see <link xlink:type="simple" xlink:href="../409/766409.xml">
network theory</link>.</entry>
</list>
</p>
<p>

<list>
<entry level="1" type="bullet">

 Electrical network analysis see <link xlink:type="simple" xlink:href="../611/735611.xml">
Network analysis (electronics)</link>.</entry>
</list>
</p>
<p>

<list>
<entry level="1" type="bullet">

 <link xlink:type="simple" xlink:href="../726/325726.xml">
Social network analysis</link>.</entry>
</list>
</p>

</bdy>
</network>
</group>
</method>
</know-how>
</system>
</technique>
</article>
