<?xml version="1.0" encoding="UTF-8"?>
<!-- generated by CLiX/Wiki2XML [MPI-Inf, MMCI@UdS] $LastChangedRevision: 92 $ on 17.04.2009 00:16:13[mciao0825] -->
<!DOCTYPE article SYSTEM "../article.dtd">
<article xmlns:xlink="http://www.w3.org/1999/xlink">
<header>
<title>Anarchism in Ireland</title>
<id>10403320</id>
<revision>
<id>238938319</id>
<timestamp>2008-09-17T02:21:44Z</timestamp>
<contributor>
<username>Sardanaphalus</username>
<id>427947</id>
</contributor>
</revision>
<categories>
<category>Anarchism by country</category>
<category>History of anarchism</category>
</categories>
</header>
<bdy>

<table style=" margin:0 0 1.0em 1.0em; text-align:center; line-height:1.4em; font-size:88%; width:18.0em; " cellpadding="0" class="infobox  " cellspacing="0">
<row>
<col style="padding-top:0.2em; padding-bottom:0; font-size:85%; line-height:1.2em; ">
Part of 
Philosophy|the
Philosophy serieson</col>
</row>
<row>
<col style="padding:0.1em 0.4em 0.2em; line-height:1.1em; font-size:145%; font-weight:bold; border-bottom:1px solid #aaa; font-size:220%;  border:none;" class="">
<link xlink:type="simple" xlink:href="../012/12.xml">
Anarchism</link></col>
</row>
<row>
<col style="padding-top:0.4em; padding-right:0.4em; padding-left:0.4em; padding-bottom:0.4em; border-bottom:1px solid #aaa; padding-bottom:0.8em;" class="">
<image width="110px" src="Anarchy-symbol.svg">
<caption>

Circle-A anarchy symbol
</caption>
</image>
</col>
</row>
<row>
<col style=" padding-right:0.4em; padding-bottom:0.4em; padding-left:0.4em; padding-bottom:0.4em; border-bottom:solid 1px #aaa; padding-top:0.4em; "><p>

<event wordnetid="100029378" confidence="0.8">
<change wordnetid="100191142" confidence="0.8">
<issue wordnetid="105814650" confidence="0.8">
<action wordnetid="100037396" confidence="0.8">
<motion wordnetid="100331950" confidence="0.8">
<act wordnetid="100030358" confidence="0.8">
<psychological_feature wordnetid="100023100" confidence="0.8">
<link xlink:type="simple" xlink:href="../456/13550456.xml">
Schools</link></psychological_feature>
</act>
</motion>
</action>
</issue>
</change>
</event>

<school wordnetid="108276720" confidence="0.8">
<educational_institution wordnetid="108276342" confidence="0.8">
<institution wordnetid="108053576" confidence="0.8">
<link xlink:type="simple" xlink:href="../975/770975.xml">
Agorism</link></institution>
</educational_institution>
</school>
&nbsp;·  <position wordnetid="106208751" confidence="0.8">
<link xlink:type="simple" xlink:href="../171/4563171.xml">
Buddhist</link></position>
&nbsp;·  <school wordnetid="108276720" confidence="0.8">
<political_orientation wordnetid="106212839" confidence="0.8">
<educational_institution wordnetid="108276342" confidence="0.8">
<institution wordnetid="108053576" confidence="0.8">
<link xlink:type="simple" xlink:href="../023/1023.xml">
Capitalist</link></institution>
</educational_institution>
</political_orientation>
</school>
 <controversy wordnetid="107183151" confidence="0.8">
<event wordnetid="100029378" confidence="0.8">
<dispute wordnetid="107181935" confidence="0.8">
<change wordnetid="100191142" confidence="0.8">
<action wordnetid="100037396" confidence="0.8">
<disagreement wordnetid="107180787" confidence="0.8">
<motion wordnetid="100331950" confidence="0.8">
<act wordnetid="100030358" confidence="0.8">
<psychological_feature wordnetid="100023100" confidence="0.8">
<speech_act wordnetid="107160883" confidence="0.8">
<link xlink:type="simple" xlink:href="../351/371351.xml">
Christian</link></speech_act>
</psychological_feature>
</act>
</motion>
</disagreement>
</action>
</change>
</dispute>
</event>
</controversy>
&nbsp;·  <school wordnetid="108276720" confidence="0.8">
<educational_institution wordnetid="108276342" confidence="0.8">
<institution wordnetid="108053576" confidence="0.8">
<link xlink:type="simple" xlink:href="../326/4450326.xml">
Collectivist</link></institution>
</educational_institution>
</school>
&nbsp;·  <school wordnetid="108276720" confidence="0.8">
<political_orientation wordnetid="106212839" confidence="0.8">
<educational_institution wordnetid="108276342" confidence="0.8">
<institution wordnetid="108053576" confidence="0.8">
<link xlink:type="simple" xlink:href="../865/17865.xml">
Communist</link></institution>
</educational_institution>
</political_orientation>
</school>
 <software wordnetid="106566077" confidence="0.8">
<application wordnetid="106570110" confidence="0.8">
<program wordnetid="106568978" confidence="0.8">
<written_communication wordnetid="106349220" confidence="0.8">
<writing wordnetid="106359877" confidence="0.8">
<code wordnetid="106355894" confidence="0.8">
<coding_system wordnetid="106353757" confidence="0.8">
<link xlink:type="simple" xlink:href="../427/222427.xml">
Crypto-anarchism</link></coding_system>
</code>
</writing>
</written_communication>
</program>
</application>
</software>
&nbsp;·  <link xlink:type="simple" xlink:href="../074/222074.xml">
Feminist</link> <link xlink:type="simple" xlink:href="../052/470052.xml">
Free market</link>&nbsp;·  <right wordnetid="105174653" confidence="0.8">
<link xlink:type="simple" xlink:href="../514/98514.xml">
Green</link></right>
&nbsp;·  <link xlink:type="simple" xlink:href="../936/14936.xml">
Individualist</link> <event wordnetid="100029378" confidence="0.8">
<change wordnetid="100191142" confidence="0.8">
<action wordnetid="100037396" confidence="0.8">
<motion wordnetid="100331950" confidence="0.8">
<act wordnetid="100030358" confidence="0.8">
<psychological_feature wordnetid="100023100" confidence="0.8">
<link xlink:type="simple" xlink:href="../486/1113486.xml">
Infoanarchism</link></psychological_feature>
</act>
</motion>
</action>
</change>
</event>
&nbsp;·  <link xlink:type="simple" xlink:href="../779/2836779.xml">
Insurrectionary</link> <link xlink:type="simple" xlink:href="../661/1710661.xml">
Leftist</link>&nbsp;·  <school wordnetid="108276720" confidence="0.8">
<political_orientation wordnetid="106212839" confidence="0.8">
<educational_institution wordnetid="108276342" confidence="0.8">
<institution wordnetid="108053576" confidence="0.8">
<link xlink:type="simple" xlink:href="../997/1799997.xml">
Mutualist</link></institution>
</educational_institution>
</political_orientation>
</school>
&nbsp;·  <link xlink:type="simple" xlink:href="../735/179735.xml">
Pacifist</link> <link xlink:type="simple" xlink:href="../796/23796.xml">
Pananarchist</link>&nbsp;·  <political_orientation wordnetid="106212839" confidence="0.8">
<link xlink:type="simple" xlink:href="../545/8817545.xml">
Philosophical</link></political_orientation>
 <link xlink:type="simple" xlink:href="../888/2419888.xml">
Platformist</link>&nbsp;·  <link xlink:type="simple" xlink:href="../010/2557010.xml">
Post-anarchist</link> <link xlink:type="simple" xlink:href="../863/11630863.xml">
Post-colonial</link> <link xlink:type="simple" xlink:href="../266/1547266.xml">
Post-leftist</link>&nbsp;·  <political_orientation wordnetid="106212839" confidence="0.8">
<link xlink:type="simple" xlink:href="../405/98405.xml">
Primitivist</link></political_orientation>
 <link xlink:type="simple" xlink:href="../465/3535465.xml">
Social anarchism</link>&nbsp;·  <school wordnetid="108276720" confidence="0.8">
<political_orientation wordnetid="106212839" confidence="0.8">
<educational_institution wordnetid="108276342" confidence="0.8">
<institution wordnetid="108053576" confidence="0.8">
<link xlink:type="simple" xlink:href="../938/49938.xml">
Syndicalist</link></institution>
</educational_institution>
</political_orientation>
</school>
 <link xlink:type="simple" xlink:href="../697/2052697.xml">
Anarchism without adjectives</link><political_orientation wordnetid="106212839" confidence="0.8">
<link xlink:type="simple" xlink:href="../445/4716445.xml">
Zen</link></political_orientation>
</p>
</col>
</row>
<row>
<col style=" padding-right:0.4em; padding-bottom:0.4em; padding-left:0.4em; border-bottom:solid 1px #aaa; padding-top:0.4em; "><p>

Theory&nbsp;· Practice
<link xlink:type="simple" xlink:href="../784/3857784.xml">
Anarch</link>&nbsp;·   <link xlink:type="simple" xlink:href="../466/2594466.xml">
Anarchy</link> <link xlink:type="simple" xlink:href="../543/172543.xml">
Black bloc</link>&nbsp;·  <link xlink:type="simple" xlink:href="../298/13887298.xml">
Communes</link> <link xlink:type="simple" xlink:href="../903/165903.xml">
Consensus democracy</link> <link xlink:type="simple" xlink:href="../139/49139.xml">
Decentralization</link>&nbsp;·  <link xlink:type="simple" xlink:href="../109/172109.xml">
Deep ecology</link> <link xlink:type="simple" xlink:href="../976/105976.xml">
Direct action</link>&nbsp;·  <politics wordnetid="113840719" confidence="0.8">
<social_relation wordnetid="100032823" confidence="0.8">
<link xlink:type="simple" xlink:href="../816/95816.xml">
Direct democracy</link></social_relation>
</politics>
 <link xlink:type="simple" xlink:href="../163/745163.xml">
Dual power</link>&nbsp;·  <link xlink:type="simple" xlink:href="../558/6205558.xml">
Especifismo</link> <politics wordnetid="113840719" confidence="0.8">
<social_relation wordnetid="100032823" confidence="0.8">
<link xlink:type="simple" xlink:href="../097/9698097.xml">
Horizontalidad</link></social_relation>
</politics>
&nbsp;·  <event wordnetid="100029378" confidence="0.8">
<change wordnetid="100191142" confidence="0.8">
<action wordnetid="100037396" confidence="0.8">
<motion wordnetid="100331950" confidence="0.8">
<act wordnetid="100030358" confidence="0.8">
<psychological_feature wordnetid="100023100" confidence="0.8">
<link xlink:type="simple" xlink:href="../799/2616799.xml">
Illegalism</link></psychological_feature>
</act>
</motion>
</action>
</change>
</event>
 <link xlink:type="simple" xlink:href="../455/16064455.xml">
Individual reclamation</link>&nbsp;·  <issue wordnetid="105814650" confidence="0.8">
<link xlink:type="simple" xlink:href="../237/5483237.xml">
Law</link></issue>
 <link xlink:type="simple" xlink:href="../499/2450499.xml">
Participatory politics</link> <social_group wordnetid="107950920" confidence="0.8">
<gathering wordnetid="107975026" confidence="0.8">
<community wordnetid="108223802" confidence="0.8">
<group wordnetid="100031264" confidence="0.8">
<link xlink:type="simple" xlink:href="../174/1128174.xml">
Permanent Autonomous Zone</link></group>
</community>
</gathering>
</social_group>
 <link xlink:type="simple" xlink:href="../453/10796453.xml">
Prefigurative politics</link> <idea wordnetid="105833840" confidence="0.8">
<concept wordnetid="105835747" confidence="0.8">
<category wordnetid="105838765" confidence="0.8">
<type wordnetid="105840188" confidence="0.8">
<kind wordnetid="105839024" confidence="0.8">
<link xlink:type="simple" xlink:href="../130/8233130.xml">
Private defense agency</link></kind>
</type>
</category>
</concept>
</idea>
 <technique wordnetid="105665146" confidence="0.8">
<know-how wordnetid="105616786" confidence="0.8">
<method wordnetid="105660268" confidence="0.8">
<link xlink:type="simple" xlink:href="../776/400776.xml">
Propaganda of the deed</link></method>
</know-how>
</technique>
 <link xlink:type="simple" xlink:href="../646/760646.xml">
Refusal of work</link>&nbsp;·  <link xlink:type="simple" xlink:href="../858/2159858.xml">
Rewilding</link> <link xlink:type="simple" xlink:href="../286/156286.xml">
Social ecology</link>&nbsp;·  <link xlink:type="simple" xlink:href="../764/866764.xml">
Spontaneous order</link></p>
</col>
</row>
<row>
<col style=" padding-right:0.4em; padding-bottom:0.4em; padding-left:0.4em; border-bottom:solid 1px #aaa; padding-top:0.4em; "><p>

<link xlink:type="simple" xlink:href="../736/5773736.xml">
Issues</link>
<link xlink:type="simple" xlink:href="../125/1905125.xml">
Anarcho-capitalism</link>&nbsp;·  <link xlink:type="simple" xlink:href="../733/4398733.xml">
Animal rights</link> <link xlink:type="simple" xlink:href="../918/1249918.xml">
Capitalism</link>&nbsp;·  <issue wordnetid="105814650" confidence="0.8">
<link xlink:type="simple" xlink:href="../432/5349432.xml">
Criticisms</link></issue>
&nbsp;·  <link xlink:type="simple" xlink:href="../710/2112710.xml">
Islam</link> <link xlink:type="simple" xlink:href="../469/1211469.xml">
Lifestylism</link>&nbsp;·  <link xlink:type="simple" xlink:href="../804/381804.xml">
Marxism</link>&nbsp;·  <link xlink:type="simple" xlink:href="../358/2382358.xml">
Nationalism</link> <link xlink:type="simple" xlink:href="../409/8364409.xml">
Orthodox Judaism</link>&nbsp;·  <link xlink:type="simple" xlink:href="../770/1332770.xml">
Religion</link> <link xlink:type="simple" xlink:href="../859/105859.xml">
Violence</link></p>
</col>
</row>
<row>
<col style="  padding-right:0.4em; padding-bottom:0.4em; padding-left:0.4em; border-bottom:solid 1px #aaa; padding-top:0.4em; "><p>

<link xlink:type="simple" xlink:href="../286/1063286.xml">
History</link>
<link xlink:type="simple" xlink:href="../524/2590524.xml">
Amakasu Incident</link> <social_group wordnetid="107950920" confidence="0.8">
<gathering wordnetid="107975026" confidence="0.8">
<community wordnetid="108223802" confidence="0.8">
<group wordnetid="100031264" confidence="0.8">
<link xlink:type="simple" xlink:href="../391/6552391.xml">
Anarchist Catalonia</link></group>
</community>
</gathering>
</social_group>
 <link xlink:type="simple" xlink:href="../166/14602166.xml">
Anarchist Exclusion Act</link> 
<politics wordnetid="113840719" confidence="0.8">
<social_relation wordnetid="100032823" confidence="0.8">
<link xlink:type="simple" xlink:href="../209/5675209.xml">
Anarchy in Somalia</link></social_relation>
</politics>
 <link xlink:type="simple" xlink:href="../791/10995791.xml">
Australian Anarchist Centenary</link> <link xlink:type="simple" xlink:href="../834/817834.xml">
Barcelona May Days</link> <objection wordnetid="107208338" confidence="0.8">
<event wordnetid="100029378" confidence="0.8">
<protest wordnetid="107210225" confidence="0.8">
<act wordnetid="100030358" confidence="0.8">
<psychological_feature wordnetid="100023100" confidence="0.8">
<speech_act wordnetid="107160883" confidence="0.8">
<link xlink:type="simple" xlink:href="../069/5523069.xml">
Carnival Against Capitalism</link></speech_act>
</psychological_feature>
</act>
</protest>
</event>
</objection>
 <educational_institution wordnetid="108276342" confidence="0.8">
<institution wordnetid="108053576" confidence="0.8">
<link xlink:type="simple" xlink:href="../282/190282.xml">
Escuela Moderna</link></institution>
</educational_institution>
&nbsp;·  <social_group wordnetid="107950920" confidence="0.8">
<congress wordnetid="108308800" confidence="0.8">
<meeting wordnetid="108307589" confidence="0.8">
<gathering wordnetid="107975026" confidence="0.8">
<group wordnetid="100031264" confidence="0.8">
<link xlink:type="simple" xlink:href="../832/1915832.xml">
Hague Congress</link></group>
</gathering>
</meeting>
</congress>
</social_group>
 <aggression wordnetid="100964569" confidence="0.8">
<violence wordnetid="100965404" confidence="0.8">
<event wordnetid="100029378" confidence="0.8">
<action wordnetid="100037396" confidence="0.8">
<riot wordnetid="101170502" confidence="0.8">
<act wordnetid="100030358" confidence="0.8">
<psychological_feature wordnetid="100023100" confidence="0.8">
<link xlink:type="simple" xlink:href="../497/2012497.xml">
Haymarket affair</link></psychological_feature>
</act>
</riot>
</action>
</event>
</violence>
</aggression>
 <link xlink:type="simple" xlink:href="../676/3716676.xml">
High Treason Incident</link> <social_group wordnetid="107950920" confidence="0.8">
<congress wordnetid="108308800" confidence="0.8">
<meeting wordnetid="108307589" confidence="0.8">
<gathering wordnetid="107975026" confidence="0.8">
<group wordnetid="100031264" confidence="0.8">
<link xlink:type="simple" xlink:href="../117/13222117.xml">
Congress of Amsterdam</link></group>
</gathering>
</meeting>
</congress>
</social_group>
 <link xlink:type="simple" xlink:href="../916/3273916.xml">
Kate Sharpley Library</link> <conflict wordnetid="100958896" confidence="0.9508927676800064">
<link xlink:type="simple" xlink:href="../899/287899.xml">
Kronstadt rebellion</link></conflict>
 <structure wordnetid="104341686" confidence="0.8">
<artifact wordnetid="100021939" confidence="0.8">
<area wordnetid="102735688" confidence="0.8">
<facility wordnetid="103315023" confidence="0.8">
<library wordnetid="103660909" confidence="0.8">
<depository wordnetid="103177349" confidence="0.8">
<archive wordnetid="102735086" confidence="0.8">
<room wordnetid="104105893" confidence="0.8">
<link xlink:type="simple" xlink:href="../773/3832773.xml">
Labadie Collection</link></room>
</archive>
</depository>
</library>
</facility>
</area>
</artifact>
</structure>
&nbsp;·  <plant wordnetid="103956922" confidence="0.8">
<structure wordnetid="104341686" confidence="0.8">
<artifact wordnetid="100021939" confidence="0.8">
<factory wordnetid="103316406" confidence="0.8">
<building_complex wordnetid="102914991" confidence="0.8">
<link xlink:type="simple" xlink:href="../837/10793837.xml">
LIP</link></building_complex>
</factory>
</artifact>
</structure>
</plant>
&nbsp;·  <link xlink:type="simple" xlink:href="../205/311205.xml">
May 1968</link> <look wordnetid="100877127" confidence="0.8">
<time_off wordnetid="115118453" confidence="0.8">
<observation wordnetid="100879759" confidence="0.8">
<leisure wordnetid="115137676" confidence="0.8">
<sensory_activity wordnetid="100876737" confidence="0.8">
<sensing wordnetid="100876874" confidence="0.8">
<fundamental_quantity wordnetid="113575869" confidence="0.8">
<time_period wordnetid="115113229" confidence="0.8">
<vacation wordnetid="115137890" confidence="0.8">
<event wordnetid="100029378" confidence="0.8">
<act wordnetid="100030358" confidence="0.8">
<psychological_feature wordnetid="100023100" confidence="0.8">
<activity wordnetid="100407535" confidence="0.8">
<link xlink:type="simple" xlink:href="../829/19829.xml">
May Day</link></activity>
</psychological_feature>
</act>
</event>
</vacation>
</time_period>
</fundamental_quantity>
</sensing>
</sensory_activity>
</leisure>
</observation>
</time_off>
</look>
&nbsp;·  <aggression wordnetid="100964569" confidence="0.8">
<violence wordnetid="100965404" confidence="0.8">
<happening wordnetid="107283608" confidence="0.8">
<event wordnetid="100029378" confidence="0.8">
<change wordnetid="107296428" confidence="0.8">
<revolution wordnetid="107424109" confidence="0.8">
<action wordnetid="100037396" confidence="0.8">
<riot wordnetid="101170502" confidence="0.8">
<act wordnetid="100030358" confidence="0.8">
<psychological_feature wordnetid="100023100" confidence="0.8">
<link xlink:type="simple" xlink:href="../134/59134.xml">
Paris Commune</link></psychological_feature>
</act>
</riot>
</action>
</revolution>
</change>
</event>
</happening>
</violence>
</aggression>
 <politics wordnetid="113840719" confidence="0.8">
<event wordnetid="100029378" confidence="0.8">
<change wordnetid="100191142" confidence="0.8">
<social_relation wordnetid="100032823" confidence="0.8">
<action wordnetid="100037396" confidence="0.8">
<motion wordnetid="100331950" confidence="0.8">
<act wordnetid="100030358" confidence="0.8">
<psychological_feature wordnetid="100023100" confidence="0.8">
<link xlink:type="simple" xlink:href="../264/632264.xml">
Provo</link></psychological_feature>
</act>
</motion>
</action>
</social_relation>
</change>
</event>
</politics>
&nbsp;·  <link xlink:type="simple" xlink:href="../163/2747163.xml">
Red inverted triangle</link> <military_unit wordnetid="108198398" confidence="0.8">
<group_action wordnetid="101080366" confidence="0.8">
<event wordnetid="100029378" confidence="0.8">
<change wordnetid="100191142" confidence="0.8">
<action wordnetid="100037396" confidence="0.8">
<conflict wordnetid="100958896" confidence="0.8">
<rebellion wordnetid="100962129" confidence="0.8">
<motion wordnetid="100331950" confidence="0.8">
<act wordnetid="100030358" confidence="0.8">
<psychological_feature wordnetid="100023100" confidence="0.8">
<link xlink:type="simple" xlink:href="../725/4139725.xml">
Revolutionary Insurrectionary Army of Ukraine</link></psychological_feature>
</act>
</motion>
</rebellion>
</conflict>
</action>
</change>
</event>
</group_action>
</military_unit>
 <happening wordnetid="107283608" confidence="0.8">
<event wordnetid="100029378" confidence="0.8">
<change wordnetid="107296428" confidence="0.8">
<revolution wordnetid="107424109" confidence="0.8">
<psychological_feature wordnetid="100023100" confidence="0.8">
<link xlink:type="simple" xlink:href="../459/88459.xml">
Spanish Revolution</link></psychological_feature>
</revolution>
</change>
</event>
</happening>
 <group_action wordnetid="101080366" confidence="0.8">
<event wordnetid="100029378" confidence="0.8">
<conflict wordnetid="100958896" confidence="0.8">
<act wordnetid="100030358" confidence="0.8">
<psychological_feature wordnetid="100023100" confidence="0.8">
<link xlink:type="simple" xlink:href="../807/16980807.xml">
Third Russian Revolution</link></psychological_feature>
</act>
</conflict>
</event>
</group_action>
 <aggression wordnetid="100964569" confidence="0.8">
<violence wordnetid="100965404" confidence="0.8">
<event wordnetid="100029378" confidence="0.8">
<action wordnetid="100037396" confidence="0.8">
<riot wordnetid="101170502" confidence="0.8">
<act wordnetid="100030358" confidence="0.8">
<psychological_feature wordnetid="100023100" confidence="0.8">
<link xlink:type="simple" xlink:href="../521/3015521.xml">
Tragic Week</link></psychological_feature>
</act>
</riot>
</action>
</event>
</violence>
</aggression>
 <aggression wordnetid="100964569" confidence="0.8">
<violence wordnetid="100965404" confidence="0.8">
<objection wordnetid="107208338" confidence="0.8">
<event wordnetid="100029378" confidence="0.8">
<protest wordnetid="107210225" confidence="0.8">
<action wordnetid="100037396" confidence="0.8">
<riot wordnetid="101170502" confidence="0.8">
<act wordnetid="100030358" confidence="0.8">
<psychological_feature wordnetid="100023100" confidence="0.8">
<speech_act wordnetid="107160883" confidence="0.8">
<link xlink:type="simple" xlink:href="../622/312622.xml">
1999 WTO Conference protest</link></speech_act>
</psychological_feature>
</act>
</riot>
</action>
</protest>
</event>
</objection>
</violence>
</aggression>
</p>
</col>
</row>
<row>
<col style=" padding-right:0.4em; padding-bottom:0.4em; padding-left:0.4em; border-bottom:solid 1px #aaa; padding-top:0.4em; "><p>

Culture
<music_genre wordnetid="107071942" confidence="0.9508927676800064">
<link xlink:type="simple" xlink:href="../676/80676.xml">
Anarcho-punk</link></music_genre>
&nbsp;·  <link xlink:type="simple" xlink:href="../940/1325940.xml">
Arts</link> <politics wordnetid="113840719" confidence="0.8">
<event wordnetid="100029378" confidence="0.8">
<change wordnetid="100191142" confidence="0.8">
<social_relation wordnetid="100032823" confidence="0.8">
<action wordnetid="100037396" confidence="0.8">
<motion wordnetid="100331950" confidence="0.8">
<act wordnetid="100030358" confidence="0.8">
<psychological_feature wordnetid="100023100" confidence="0.8">
<link xlink:type="simple" xlink:href="../742/2287742.xml">
Black anarchism</link></psychological_feature>
</act>
</motion>
</action>
</social_relation>
</change>
</event>
</politics>
 <work wordnetid="100575741" confidence="0.8">
<examination wordnetid="100635850" confidence="0.8">
<event wordnetid="100029378" confidence="0.8">
<survey wordnetid="100644503" confidence="0.8">
<investigation wordnetid="100633864" confidence="0.8">
<act wordnetid="100030358" confidence="0.8">
<psychological_feature wordnetid="100023100" confidence="0.8">
<activity wordnetid="100407535" confidence="0.8">
<link xlink:type="simple" xlink:href="../889/15197889.xml">
Celtic anarchism</link></activity>
</psychological_feature>
</act>
</investigation>
</survey>
</event>
</examination>
</work>
&nbsp;·  <link xlink:type="simple" xlink:href="../565/162565.xml">
Culture jamming</link> <link xlink:type="simple" xlink:href="../399/2377399.xml">
DIY culture</link>&nbsp;·  <link xlink:type="simple" xlink:href="../313/185313.xml">
Freeganism</link> <link xlink:type="simple" xlink:href="../488/44488.xml">
Independent Media Center</link> <event wordnetid="100029378" confidence="0.8">
<change wordnetid="100191142" confidence="0.8">
<action wordnetid="100037396" confidence="0.8">
<motion wordnetid="100331950" confidence="0.8">
<act wordnetid="100030358" confidence="0.8">
<psychological_feature wordnetid="100023100" confidence="0.8">
<link xlink:type="simple" xlink:href="../985/1446985.xml">
Infoshop</link></psychological_feature>
</act>
</motion>
</action>
</change>
</event>
&nbsp;·  <it><anthem wordnetid="107048928" confidence="0.9508927676800064">
<link xlink:type="simple" xlink:href="../637/269637.xml">
The Internationale</link></anthem>
</it> <event wordnetid="100029378" confidence="0.8">
<change wordnetid="100191142" confidence="0.8">
<action wordnetid="100037396" confidence="0.8">
<motion wordnetid="100331950" confidence="0.8">
<act wordnetid="100030358" confidence="0.8">
<psychological_feature wordnetid="100023100" confidence="0.8">
<link xlink:type="simple" xlink:href="../867/4532867.xml">
Jewish anarchism</link></psychological_feature>
</act>
</motion>
</action>
</change>
</event>
&nbsp;·  <link xlink:type="simple" xlink:href="../469/1211469.xml">
Lifestylism</link> <link xlink:type="simple" xlink:href="../066/3859066.xml">
Popular education</link> <link xlink:type="simple" xlink:href="../640/1830640.xml">
Radical cheerleading</link> <link xlink:type="simple" xlink:href="../869/70869.xml">
Radical environmentalism</link> <link xlink:type="simple" xlink:href="../685/28685.xml">
Squatting</link> <issue wordnetid="105814650" confidence="0.8">
<link xlink:type="simple" xlink:href="../360/903360.xml">
Symbolism</link></issue>
&nbsp;·  <music wordnetid="107020895" confidence="0.8">
<song wordnetid="107048000" confidence="0.8">
<auditory_communication wordnetid="107109019" confidence="0.8">
<musical_composition wordnetid="107037465" confidence="0.8">
<link xlink:type="simple" xlink:href="../822/648822.xml">
To The Barricades</link></musical_composition>
</auditory_communication>
</song>
</music>
 <link xlink:type="simple" xlink:href="../282/18017282.xml">
Anarchist terminology</link></p>
</col>
</row>
<row>
<col style=" padding-right:0.4em; padding-bottom:0.4em; padding-left:0.4em; border-bottom:solid 1px #aaa; padding-top:0.4em; "><p>

<issue wordnetid="105814650" confidence="0.8">
<link xlink:type="simple" xlink:href="../884/1228884.xml">
Economics</link></issue>

<school wordnetid="108276720" confidence="0.8">
<educational_institution wordnetid="108276342" confidence="0.8">
<institution wordnetid="108053576" confidence="0.8">
<link xlink:type="simple" xlink:href="../975/770975.xml">
Agorism</link></institution>
</educational_institution>
</school>
&nbsp;·  <school wordnetid="108276720" confidence="0.8">
<political_orientation wordnetid="106212839" confidence="0.8">
<educational_institution wordnetid="108276342" confidence="0.8">
<institution wordnetid="108053576" confidence="0.8">
<link xlink:type="simple" xlink:href="../023/1023.xml">
Capitalism</link></institution>
</educational_institution>
</political_orientation>
</school>
&nbsp;·  <school wordnetid="108276720" confidence="0.8">
<educational_institution wordnetid="108276342" confidence="0.8">
<institution wordnetid="108053576" confidence="0.8">
<link xlink:type="simple" xlink:href="../326/4450326.xml">
Collectivism</link></institution>
</educational_institution>
</school>
 <school wordnetid="108276720" confidence="0.8">
<political_orientation wordnetid="106212839" confidence="0.8">
<educational_institution wordnetid="108276342" confidence="0.8">
<institution wordnetid="108053576" confidence="0.8">
<link xlink:type="simple" xlink:href="../865/17865.xml">
Communism</link></institution>
</educational_institution>
</political_orientation>
</school>
&nbsp;·  <link xlink:type="simple" xlink:href="../313/89313.xml">
Co-operatives</link> <link xlink:type="simple" xlink:href="../491/4821491.xml">
Counter-economics</link>&nbsp;·  <link xlink:type="simple" xlink:href="../052/470052.xml">
Free market</link> <body wordnetid="107965085" confidence="0.8">
<university wordnetid="108286163" confidence="0.8">
<social_group wordnetid="107950920" confidence="0.8">
<event wordnetid="100029378" confidence="0.8">
<change wordnetid="100191142" confidence="0.8">
<action wordnetid="100037396" confidence="0.8">
<motion wordnetid="100331950" confidence="0.8">
<group wordnetid="100031264" confidence="0.8">
<act wordnetid="100030358" confidence="0.8">
<psychological_feature wordnetid="100023100" confidence="0.8">
<link xlink:type="simple" xlink:href="../863/4913863.xml">
Free school</link></psychological_feature>
</act>
</group>
</motion>
</action>
</change>
</event>
</social_group>
</university>
</body>
&nbsp;·  <event wordnetid="100029378" confidence="0.8">
<change wordnetid="100191142" confidence="0.8">
<action wordnetid="100037396" confidence="0.8">
<motion wordnetid="100331950" confidence="0.8">
<act wordnetid="100030358" confidence="0.8">
<psychological_feature wordnetid="100023100" confidence="0.8">
<link xlink:type="simple" xlink:href="../152/1029152.xml">
Free store</link></psychological_feature>
</act>
</motion>
</action>
</change>
</event>
&nbsp;·  <link xlink:type="simple" xlink:href="../329/368329.xml">
Georgism</link> <link xlink:type="simple" xlink:href="../588/126588.xml">
Gift economy</link>&nbsp;·  <political_orientation wordnetid="106212839" confidence="0.8">
<link xlink:type="simple" xlink:href="../225/2451225.xml">
Market abolitionism</link></political_orientation>
 <link xlink:type="simple" xlink:href="../474/11419474.xml">
Mutual aid</link>&nbsp;·  <school wordnetid="108276720" confidence="0.8">
<political_orientation wordnetid="106212839" confidence="0.8">
<educational_institution wordnetid="108276342" confidence="0.8">
<institution wordnetid="108053576" confidence="0.8">
<link xlink:type="simple" xlink:href="../997/1799997.xml">
Mutualism</link></institution>
</educational_institution>
</political_orientation>
</school>
 <idea wordnetid="105833840" confidence="0.8">
<concept wordnetid="105835747" confidence="0.8">
<category wordnetid="105838765" confidence="0.8">
<school wordnetid="108276720" confidence="0.8">
<political_orientation wordnetid="106212839" confidence="0.8">
<educational_institution wordnetid="108276342" confidence="0.8">
<type wordnetid="105840188" confidence="0.8">
<kind wordnetid="105839024" confidence="0.8">
<institution wordnetid="108053576" confidence="0.8">
<link xlink:type="simple" xlink:href="../393/76393.xml">
Participatory economics</link></institution>
</kind>
</type>
</educational_institution>
</political_orientation>
</school>
</category>
</concept>
</idea>
 <school wordnetid="108276720" confidence="0.8">
<event wordnetid="100029378" confidence="0.8">
<change wordnetid="100191142" confidence="0.8">
<action wordnetid="100037396" confidence="0.8">
<educational_institution wordnetid="108276342" confidence="0.8">
<motion wordnetid="100331950" confidence="0.8">
<act wordnetid="100030358" confidence="0.8">
<psychological_feature wordnetid="100023100" confidence="0.8">
<institution wordnetid="108053576" confidence="0.8">
<link xlink:type="simple" xlink:href="../451/2946451.xml">
Really Really Free Market</link></institution>
</psychological_feature>
</act>
</motion>
</educational_institution>
</action>
</change>
</event>
</school>
 <political_orientation wordnetid="106212839" confidence="0.8">
<link xlink:type="simple" xlink:href="../834/766834.xml">
Self-ownership</link></political_orientation>
&nbsp;·  <school wordnetid="108276720" confidence="0.8">
<political_orientation wordnetid="106212839" confidence="0.8">
<educational_institution wordnetid="108276342" confidence="0.8">
<institution wordnetid="108053576" confidence="0.8">
<link xlink:type="simple" xlink:href="../938/49938.xml">
Syndicalism</link></institution>
</educational_institution>
</political_orientation>
</school>
 <practice wordnetid="100410247" confidence="0.8">
<event wordnetid="100029378" confidence="0.8">
<act wordnetid="100030358" confidence="0.8">
<psychological_feature wordnetid="100023100" confidence="0.8">
<activity wordnetid="100407535" confidence="0.8">
<link xlink:type="simple" xlink:href="../706/53706.xml">
Wage slavery</link></activity>
</psychological_feature>
</act>
</event>
</practice>
 <link xlink:type="simple" xlink:href="../690/1864690.xml">
Workers' self-management</link></p>
</col>
</row>
<row>
<col style=" padding-right:0.4em; padding-bottom:0.4em; padding-left:0.4em; border-bottom:solid 1px #aaa; padding-top:0.4em; "><p>

<link xlink:type="simple" xlink:href="../696/6205696.xml">
By region</link>
<link xlink:type="simple" xlink:href="../310/1433310.xml">
Africa</link>&nbsp;·  <politics wordnetid="113840719" confidence="0.8">
<social_relation wordnetid="100032823" confidence="0.8">
<link xlink:type="simple" xlink:href="../653/7195653.xml">
Austria-Hungary</link></social_relation>
</politics>
&nbsp;·  <politics wordnetid="113840719" confidence="0.8">
<social_relation wordnetid="100032823" confidence="0.8">
<link xlink:type="simple" xlink:href="../671/8874671.xml">
Brazil</link></social_relation>
</politics>
 <event wordnetid="100029378" confidence="0.8">
<change wordnetid="100191142" confidence="0.8">
<action wordnetid="100037396" confidence="0.8">
<motion wordnetid="100331950" confidence="0.8">
<act wordnetid="100030358" confidence="0.8">
<psychological_feature wordnetid="100023100" confidence="0.8">
<link xlink:type="simple" xlink:href="../019/14603019.xml">
Canada</link></psychological_feature>
</act>
</motion>
</action>
</change>
</event>
&nbsp;·  <physical_entity wordnetid="100001930" confidence="0.8">
<person wordnetid="100007846" confidence="0.8">
<worker wordnetid="109632518" confidence="0.8">
<causal_agent wordnetid="100007347" confidence="0.8">
<anarchist wordnetid="109791816" confidence="0.8">
<radical wordnetid="110503452" confidence="0.8">
<link xlink:type="simple" xlink:href="../561/4977561.xml">
China</link></radical>
</anarchist>
</causal_agent>
</worker>
</person>
</physical_entity>
&nbsp;·  <link xlink:type="simple" xlink:href="../176/8784176.xml">
Cuba</link>&nbsp;·  <politics wordnetid="113840719" confidence="0.8">
<social_relation wordnetid="100032823" confidence="0.8">
<link xlink:type="simple" xlink:href="../063/673063.xml">
England</link></social_relation>
</politics>
 <link xlink:type="simple" xlink:href="../365/5658365.xml">
France</link>&nbsp;·  <link xlink:type="simple" xlink:href="../745/6244745.xml">
Greece</link>&nbsp;·  <politics wordnetid="113840719" confidence="0.8">
<social_relation wordnetid="100032823" confidence="0.8">
<link xlink:type="simple" xlink:href="../954/14526954.xml">
India</link></social_relation>
</politics>
&nbsp;·  <link xlink:type="simple" xlink:href="../320/10403320.xml">
Ireland</link> <link xlink:type="simple" xlink:href="../302/8360302.xml">
Israel</link>&nbsp;·  <link xlink:type="simple" xlink:href="../567/10304567.xml">
Italy</link>&nbsp;·  <politics wordnetid="113840719" confidence="0.8">
<social_relation wordnetid="100032823" confidence="0.8">
<link xlink:type="simple" xlink:href="../723/15481723.xml">
Japan</link></social_relation>
</politics>
&nbsp;·  <politics wordnetid="113840719" confidence="0.8">
<social_relation wordnetid="100032823" confidence="0.8">
<link xlink:type="simple" xlink:href="../159/15475159.xml">
Korea</link></social_relation>
</politics>
 <physical_entity wordnetid="100001930" confidence="0.8">
<politics wordnetid="113840719" confidence="0.8">
<person wordnetid="100007846" confidence="0.8">
<social_relation wordnetid="100032823" confidence="0.8">
<causal_agent wordnetid="100007347" confidence="0.8">
<anarchist wordnetid="109791816" confidence="0.8">
<radical wordnetid="110503452" confidence="0.8">
<link xlink:type="simple" xlink:href="../528/4117528.xml">
Mexico</link></radical>
</anarchist>
</causal_agent>
</social_relation>
</person>
</politics>
</physical_entity>
&nbsp;·  <politics wordnetid="113840719" confidence="0.8">
<social_relation wordnetid="100032823" confidence="0.8">
<link xlink:type="simple" xlink:href="../386/15499386.xml">
Poland</link></social_relation>
</politics>
&nbsp;·  <link xlink:type="simple" xlink:href="../769/7475769.xml">
Russia</link>&nbsp;·  <link xlink:type="simple" xlink:href="../586/805586.xml">
Spain</link> <politics wordnetid="113840719" confidence="0.8">
<social_relation wordnetid="100032823" confidence="0.8">
<link xlink:type="simple" xlink:href="../268/7080268.xml">
Sweden</link></social_relation>
</politics>
&nbsp;·  <politics wordnetid="113840719" confidence="0.8">
<social_relation wordnetid="100032823" confidence="0.8">
<link xlink:type="simple" xlink:href="../912/15484912.xml">
Turkey</link></social_relation>
</politics>
&nbsp;·  <link xlink:type="simple" xlink:href="../267/7066267.xml">
Ukraine</link> <link xlink:type="simple" xlink:href="../182/2274182.xml">
United States</link>&nbsp;·  <physical_entity wordnetid="100001930" confidence="0.8">
<person wordnetid="100007846" confidence="0.8">
<worker wordnetid="109632518" confidence="0.8">
<causal_agent wordnetid="100007347" confidence="0.8">
<link xlink:type="simple" xlink:href="../615/16032615.xml">
Vietnam</link></causal_agent>
</worker>
</person>
</physical_entity>
</p>
</col>
</row>
<row>
<col style=" padding-right:0.4em; padding-bottom:0.4em; padding-left:0.4em; border-bottom:solid 1px #aaa; padding-top:0.4em; "><p>

<link xlink:type="simple" xlink:href="../461/14946461.xml">
Lists</link>
<link xlink:type="simple" xlink:href="../086/1121086.xml">
Anarcho-punk bands</link>&nbsp;·  <link xlink:type="simple" xlink:href="../104/3786104.xml">
Books</link> <link xlink:type="simple" xlink:href="../185/218185.xml">
Communities</link>&nbsp;·  <link xlink:type="simple" xlink:href="../843/4507843.xml">
Fictional characters</link> <link xlink:type="simple" xlink:href="../009/9465009.xml">
Jewish anarchists</link>&nbsp;·  <link xlink:type="simple" xlink:href="../081/1548081.xml">
Musicians</link> <link xlink:type="simple" xlink:href="../960/773960.xml">
Organizations</link>&nbsp;·  <link xlink:type="simple" xlink:href="../080/11836080.xml">
Periodicals</link>&nbsp;·  <link xlink:type="simple" xlink:href="../989/4758989.xml">
Poets</link> <link xlink:type="simple" xlink:href="../706/5225706.xml">
Russian anarchists</link></p>
</col>
</row>
<row>
<col style=" padding-right:0.4em; padding-bottom:0.4em; padding-left:0.4em; border-bottom:solid 1px #aaa; padding-top:0.4em; "><p>

Related topics
<link xlink:type="simple" xlink:href="../443/44443.xml">
Anti-capitalism</link>&nbsp;·  <link xlink:type="simple" xlink:href="../658/18940658.xml#xpointer(//*[./st=%22Anarchist+anti-communism%22])">
Anti-communism</link> <link xlink:type="simple" xlink:href="../109/3942109.xml">
Anti-consumerism</link>&nbsp;·  <link xlink:type="simple" xlink:href="../803/715803.xml">
Anti-corporatism</link> <information wordnetid="105816287" confidence="0.8">
<political_orientation wordnetid="106212839" confidence="0.8">
<example wordnetid="105820620" confidence="0.8">
<link xlink:type="simple" xlink:href="../816/93816.xml">
Anti-globalization</link></example>
</political_orientation>
</information>
&nbsp;·  <link xlink:type="simple" xlink:href="../698/3483698.xml">
Antimilitarism</link> <link xlink:type="simple" xlink:href="../771/2029771.xml">
Anti-statism</link>&nbsp;·  <link xlink:type="simple" xlink:href="../091/214091.xml">
Anti-war</link>&nbsp;·  <school wordnetid="108276720" confidence="0.8">
<political_orientation wordnetid="106212839" confidence="0.8">
<educational_institution wordnetid="108276342" confidence="0.8">
<institution wordnetid="108053576" confidence="0.8">
<link xlink:type="simple" xlink:href="../659/5170659.xml">
Autarchism</link></institution>
</educational_institution>
</political_orientation>
</school>
 <link xlink:type="simple" xlink:href="../264/4685264.xml">
Autonomism</link>&nbsp;·  <link xlink:type="simple" xlink:href="../687/19287687.xml">
Labour movement</link> <link xlink:type="simple" xlink:href="../162/408162.xml">
Left communism</link>&nbsp;·  <link xlink:type="simple" xlink:href="../498/3225498.xml">
Libertarianism</link> <link xlink:type="simple" xlink:href="../358/19134358.xml">
Libertarian perspectives on revolution</link><political_orientation wordnetid="106212839" confidence="0.8">
<link xlink:type="simple" xlink:href="../048/18048.xml">
Libertarian socialism</link></political_orientation>
 <group wordnetid="100031264" confidence="0.8">
<link xlink:type="simple" xlink:href="../521/57521.xml">
Situationist International</link></group>
</p>
</col>
</row>
<row>
<col style=" padding-right:0.4em; padding-bottom:0.4em; padding-left:0.4em; border-bottom:solid 1px #aaa; padding-top:0.4em; ">
<b>
Anarchism portal</b>

Philosophy portal 
Politics portal</col>
</row>
<row>
<col style=""></col>
</row>
</table>
<p>

<b>Irish <link xlink:type="simple" xlink:href="../012/12.xml">
anarchism</link></b> has little historical tradition before the 1970s, and as a movement it only really developed from the late 1990s - although one organisation, the <link xlink:type="simple" xlink:href="../208/973208.xml">
Workers Solidarity Movement</link> has had a continuous existence since 1984.  Anarchists have been active in <island wordnetid="109316454" confidence="0.9508927676800064">
<link xlink:type="simple" xlink:href="../575/147575.xml">
Ireland</link></island>
 as far back as 1886, but these were short-lived groups or isolated individuals with large gaps between activity.</p>

<sec>
<st>
 Origins </st>
<p>

The first mention of an Irish connection was the <link xlink:type="simple" xlink:href="../775/3775.xml">
Boston</link>-based <link xlink:type="simple" xlink:href="../434/334434.xml">
Irish nationalist</link> <link>
WGH Smart</link> who wrote articles for a magazine called <it><link>
The Anarchist</link></it> in 1880/81.<ref xlink:type="simple" xlink:href="#xpointer(//reflist/entry[@id=%221%22])">1</ref> In 1886 the <politics wordnetid="113840719" confidence="0.8">
<social_relation wordnetid="100032823" confidence="0.8">
<link xlink:type="simple" xlink:href="../063/673063.xml">
English anarchist</link></social_relation>
</politics>
, <link>
Michael Gabriel</link>, arrived in <site wordnetid="108651247" confidence="0.9508927676800064">
<link xlink:type="simple" xlink:href="../504/8504.xml">
Dublin</link></site>
 and moved to Bayview Avenue in the <region wordnetid="108630985" confidence="0.8">
<administrative_district wordnetid="108491826" confidence="0.8">
<location wordnetid="100027167" confidence="0.8">
<municipality wordnetid="108626283" confidence="0.8">
<geographical_area wordnetid="108574314" confidence="0.8">
<town wordnetid="108665504" confidence="0.8">
<district wordnetid="108552138" confidence="0.8">
<urban_area wordnetid="108675967" confidence="0.8">
<link xlink:type="simple" xlink:href="../245/5310245.xml">
North Strand</link></urban_area>
</district>
</town>
</geographical_area>
</municipality>
</location>
</administrative_district>
</region>
. He was a member of the <party wordnetid="108256968" confidence="0.8">
<group wordnetid="100031264" confidence="0.8">
<link xlink:type="simple" xlink:href="../796/8170796.xml">
Socialist League</link></group>
</party>
 - an organisation whose best-known members were the <link xlink:type="simple" xlink:href="../758/3661758.xml">
libertarian Marxist</link> <person wordnetid="100007846" confidence="0.9508927676800064">
<writer wordnetid="110794014" confidence="0.9173553029164789">
<link xlink:type="simple" xlink:href="../277/33277.xml">
William Morris</link></writer>
</person>
 and the <link xlink:type="simple" xlink:href="../012/12.xml">
anarchist</link> <link>
Joseph Lane</link>. A branch of the League was formed and it is known that anarchist publications were among those distributed by them. Around the same time, <person wordnetid="100007846" confidence="0.9508927676800064">
<militant wordnetid="110315837" confidence="0.9173553029164789">
<writer wordnetid="110794014" confidence="0.9508927676800064">
<link xlink:type="simple" xlink:href="../855/12855.xml">
George Bernard Shaw</link></writer>
</militant>
</person>
 (1856-1950) wrote the article "What's in a name (how an anarchist might put it)" at the request of <physical_entity wordnetid="100001930" confidence="0.8">
<person wordnetid="100007846" confidence="0.8">
<causal_agent wordnetid="100007347" confidence="0.8">
<anarchist wordnetid="109791816" confidence="0.8">
<radical wordnetid="110503452" confidence="0.8">
<link xlink:type="simple" xlink:href="../942/3442942.xml">
Charlotte Wilson</link></radical>
</anarchist>
</causal_agent>
</person>
</physical_entity>
 for issue no.1 of 'The Anarchist' in 1885. Shaw had been taught <language wordnetid="106282651" confidence="0.8">
<link xlink:type="simple" xlink:href="../597/10597.xml">
French</link></language>
 by the <aggression wordnetid="100964569" confidence="0.8">
<violence wordnetid="100965404" confidence="0.8">
<happening wordnetid="107283608" confidence="0.8">
<event wordnetid="100029378" confidence="0.8">
<change wordnetid="107296428" confidence="0.8">
<revolution wordnetid="107424109" confidence="0.8">
<action wordnetid="100037396" confidence="0.8">
<riot wordnetid="101170502" confidence="0.8">
<act wordnetid="100030358" confidence="0.8">
<psychological_feature wordnetid="100023100" confidence="0.8">
<link xlink:type="simple" xlink:href="../134/59134.xml">
Communard</link></psychological_feature>
</act>
</riot>
</action>
</revolution>
</change>
</event>
</happening>
</violence>
</aggression>
 <link>
Richard Deck</link>, who introduced him to <link xlink:type="simple" xlink:href="../944/49944.xml">
Proudhon</link>. Later he was embarrassed by unauthorised reprints. Shaw was never an anarchist, but a <link xlink:type="simple" xlink:href="../877/19283877.xml">
Fabian socialist</link>.</p>
<p>

Around 1890 <physical_entity wordnetid="100001930" confidence="0.8">
<politics wordnetid="113840719" confidence="0.8">
<person wordnetid="100007846" confidence="0.8">
<social_relation wordnetid="100032823" confidence="0.8">
<causal_agent wordnetid="100007347" confidence="0.8">
<anarchist wordnetid="109791816" confidence="0.8">
<radical wordnetid="110503452" confidence="0.8">
<link xlink:type="simple" xlink:href="../354/15070354.xml">
John Creaghe</link></radical>
</anarchist>
</causal_agent>
</social_relation>
</person>
</politics>
</physical_entity>
, an Irish doctor who was joint founder (with Fred Charles), of <it><link>
The Sheffield Anarchist</link></it>, took part in the "<link>
no rent</link>" <link xlink:type="simple" xlink:href="../947/1165947.xml">
agitation</link> before leaving <village wordnetid="108672738" confidence="0.9508927676800064">
<link xlink:type="simple" xlink:href="../885/88885.xml">
Sheffield</link></village>
 in 1891. He went on to become the founding editor in <city wordnetid="108524735" confidence="0.9508927676800064">
<country wordnetid="108544813" confidence="0.9508927676800064">
<link xlink:type="simple" xlink:href="../905/18951905.xml">
Argentina</link></country>
</city>
 of the anarchist paper, <it><link>
El Oprimido</link></it>, which was one of the first to support the 'organisers' current (as opposed to refusal to organise large scale organisations). In 1892 English anarchists visited <person wordnetid="100007846" confidence="0.9508927676800064">
<presenter wordnetid="110466387" confidence="0.9508927676800064">
<link xlink:type="simple" xlink:href="../712/248712.xml">
Fred Allen</link></presenter>
</person>
 at the Dublin independent offices to see if his "<link>
Fair Trial Fund</link>" could be used for anarchist as well as <physical_entity wordnetid="100001930" confidence="0.8">
<group_action wordnetid="101080366" confidence="0.8">
<person wordnetid="100007846" confidence="0.8">
<event wordnetid="100029378" confidence="0.8">
<resistance wordnetid="101169317" confidence="0.8">
<causal_agent wordnetid="100007347" confidence="0.8">
<rebellion wordnetid="101177327" confidence="0.8">
<act wordnetid="100030358" confidence="0.8">
<revolutionist wordnetid="110527334" confidence="0.8">
<radical wordnetid="110503452" confidence="0.8">
<psychological_feature wordnetid="100023100" confidence="0.8">
<link xlink:type="simple" xlink:href="../213/366213.xml">
Irish Republican Brotherhood</link></psychological_feature>
</radical>
</revolutionist>
</act>
</rebellion>
</causal_agent>
</resistance>
</event>
</person>
</group_action>
</physical_entity>
 prisoners<ref xlink:type="simple" xlink:href="#xpointer(//reflist/entry[@id=%222%22])">2</ref>.  In 1894 at <link xlink:type="simple" xlink:href="../298/142298.xml">
Trinity College Dublin</link>'s Fabian Society "over 200 students listened sympathetically" to a lecture on "Anarchism and <process wordnetid="105701363" confidence="0.8">
<thinking wordnetid="105770926" confidence="0.8">
<explanation wordnetid="105793000" confidence="0.8">
<theory wordnetid="105989479" confidence="0.8">
<higher_cognitive_process wordnetid="105770664" confidence="0.8">
<link xlink:type="simple" xlink:href="../411/8411.xml">
Darwinism</link></higher_cognitive_process>
</theory>
</explanation>
</thinking>
</process>
"<ref xlink:type="simple" xlink:href="#xpointer(//reflist/entry[@id=%223%22])">3</ref></p>
<p>

In the 20th century Captain <link xlink:type="simple" xlink:href="../860/1763860.xml">
Jack White</link>, was active as an anarchist in the 1930s after returning from the <happening wordnetid="107283608" confidence="0.8">
<event wordnetid="100029378" confidence="0.8">
<change wordnetid="107296428" confidence="0.8">
<revolution wordnetid="107424109" confidence="0.8">
<psychological_feature wordnetid="100023100" confidence="0.8">
<link xlink:type="simple" xlink:href="../459/88459.xml">
Spanish Revolution</link></psychological_feature>
</revolution>
</change>
</event>
</happening>
.<ref xlink:type="simple" xlink:href="#xpointer(//reflist/entry[@id=%224%22])">4</ref></p>

</sec>
<sec>
<st>
 Modern development </st>

<p>

In the late 1960s, as the civil rights campaign took off, <link xlink:type="simple" xlink:href="../236/2498236.xml">
People's Democracy</link>, before it became a small <link xlink:type="simple" xlink:href="../092/62092.xml">
Trotskyist</link> group, included some self-described anarchists such as <link>
John McGuffin</link> and <link>
Jackie Crawford</link>. Crawford was one of the group who had sold <it><newspaper wordnetid="106267145" confidence="0.9508927676800064">
<link xlink:type="simple" xlink:href="../846/81846.xml">
Freedom</link></newspaper>
</it> in <site wordnetid="108651247" confidence="0.9508927676800064">
<link xlink:type="simple" xlink:href="../046/5046.xml">
Belfast</link></site>
's Castle Street in the late 1960s. There was an anarchist banner on the Belfast-<site wordnetid="108651247" confidence="0.9508927676800064">
<link xlink:type="simple" xlink:href="../055/9055.xml">
Derry</link></site>
 <link xlink:type="simple" xlink:href="../576/19615576.xml">
civil rights</link> march. PD members, including <link xlink:type="simple" xlink:href="../202/3733202.xml">
John Grey</link> who went to become librarian at the <link xlink:type="simple" xlink:href="../163/1909163.xml">
Linenhall Library</link> in Belfast, contributed to a special issue of the British <it><newspaper wordnetid="106267145" confidence="0.9508927676800064">
<link xlink:type="simple" xlink:href="../520/1619520.xml">
Anarchy Magazine</link></newspaper>
</it> about <country wordnetid="108544813" confidence="0.9508927676800064">
<link xlink:type="simple" xlink:href="../265/21265.xml">
Northern Ireland</link></country>
 in 1971.</p>
<p>

In the early 1970s some ex-members of the <link xlink:type="simple" xlink:href="../032/146032.xml">
Official IRA</link> became interested in anarchism and developed contact with <it><newspaper wordnetid="106267145" confidence="0.9508927676800064">
<link xlink:type="simple" xlink:href="../358/103358.xml">
Black Flag</link></newspaper>
</it> magazine in <village wordnetid="108672738" confidence="0.9508927676800064">
<link xlink:type="simple" xlink:href="../867/17867.xml">
London</link></village>
. Among names used were Dublin Anarchist Group and 'New Earth'. Their existence was brief and not widely known. A number of jailings for 'armed actions' saw the group disappear. Two members, Noel and Marie Murray, were later sentenced to death for the killing of an off-duty <link>
Garda</link> during a bank raid. Reprieved after an international <link>
protest campaign</link>, they were released a few years ago. In 1970 there existed a <link xlink:type="simple" xlink:href="../646/47646.xml">
hippy</link> commune in a squatted house on Dublin's exclusive <artifact wordnetid="100021939" confidence="0.8">
<street wordnetid="104334599" confidence="0.8">
<way wordnetid="104564698" confidence="0.8">
<thoroughfare wordnetid="104426618" confidence="0.8">
<road wordnetid="104096066" confidence="0.8">
<link xlink:type="simple" xlink:href="../621/382621.xml">
Merrion Road</link></road>
</thoroughfare>
</way>
</street>
</artifact>
 known as the <link>
Island Commune</link>, which ended when one mentally disturbed participant tried to poison others. Some inhabitants, including <link>
Ubi Dwyer</link> of <link>
Windsor Free Festival</link> fame, sold <it>Freedom</it> outside the <structure wordnetid="104341686" confidence="0.8">
<building wordnetid="102913152" confidence="0.8">
<artifact wordnetid="100021939" confidence="0.8">
<link xlink:type="simple" xlink:href="../607/169607.xml">
GPO</link></artifact>
</building>
</structure>
 on Saturdays.</p>

<ss1>
<st>
 Origins of the movement </st>

<p>

The first steps towards building a movement came in the late-1970s when a number of young Irish people who had been living and working in Britain returned home, bringing their new found anarchist politics with them. Local groups were set up in Belfast, Dublin, <link xlink:type="simple" xlink:href="../885/56885.xml">
Limerick</link> and <site wordnetid="108651247" confidence="0.9508927676800064">
<link xlink:type="simple" xlink:href="../073/208073.xml">
Dundalk</link></site>
. Over the next decade anarchist papers appeared, some for just one or two editions, others with a much longer life. Titles included <it>Outta Control</it> (Belfast), <it>Anarchist Worker</it> (Dublin), <it>Antrim Alternative</it> (<site wordnetid="108651247" confidence="0.9508927676800064">
<link xlink:type="simple" xlink:href="../733/1418733.xml">
Ballymena</link></site>
), <it>Black Star</it> (Ballymena), <it>Resistance</it> (Dublin) and <it>Organise!</it> (Ballymena). Bookshops were opened in Belfast (Just Books in Winetavern Street) and Dublin (ABC in Marlborough Street). All of these groups attracted people who identified themselves as anarchists but had little in the way of agreed politics or activities, and no organised discussions or education about anarchism. This imposed limits to what they could achieve and even to their continued existence - all groups were short-lived, had little impact and left no lasting legacy.</p>
<p>

In 1978, ex-members of the <link>
Belfast Anarchist Collective</link> and the <link>
Dublin Anarchist Group</link> decided that a more politically united, class based and public organisation was necessary. Their discussions led to the <link>
Anarchist Workers Alliance</link>, which existed from 1978-81, although only to any substantial extent in Dublin. It produced <it><link>
Anarchist Worker</link></it> nos. 1-7; documents on the <politics wordnetid="113840719" confidence="0.8">
<event wordnetid="100029378" confidence="0.8">
<change wordnetid="100191142" confidence="0.8">
<social_relation wordnetid="100032823" confidence="0.8">
<action wordnetid="100037396" confidence="0.8">
<motion wordnetid="100331950" confidence="0.8">
<act wordnetid="100030358" confidence="0.8">
<psychological_feature wordnetid="100023100" confidence="0.8">
<link xlink:type="simple" xlink:href="../434/334434.xml">
national question</link></psychological_feature>
</act>
</motion>
</action>
</social_relation>
</change>
</event>
</politics>
, <link xlink:type="simple" xlink:href="../975/713975.xml">
women's liberation</link>, <link xlink:type="simple" xlink:href="../626/17626.xml">
trade union</link>s, and a <link xlink:type="simple" xlink:href="../253/5253.xml">
constitution</link>.</p>

</ss1>
</sec>
<sec>
<st>
 Today </st>

<p>

There are several anarchist organisations operating in Ireland at the moment:</p>
<p>

<list>
<entry level="1" type="bullet">

The <link xlink:type="simple" xlink:href="../208/973208.xml">
Workers Solidarity Movement</link> is a <link xlink:type="simple" xlink:href="../888/2419888.xml">
platformist</link> anarchist group with members in Dublin, Cork, Limerick, Belfast and Derry, formed in 1984.</entry>
</list>
</p>
<p>

<list>
<entry level="1" type="bullet">

<link xlink:type="simple" xlink:href="../080/11358080.xml">
Organise!</link>, a small class struggle anarchist organisation based in Northern Ireland was formed in 2003 from a merger of the Anarcho-Syndicalist Federation, Anarchist Federation, Anarchist Prisoner Support and a number of individuals.</entry>
</list>
</p>
<p>

<list>
<entry level="1" type="bullet">

The Dublin-based <link>
Revolutionary Anarcha-Feminist Group</link> (RAG), a group for female anarchists was formed in 2005 and has published two issues of a magazine, <it><artifact wordnetid="100021939" confidence="0.8">
<instrumentality wordnetid="103575240" confidence="0.8">
<medium wordnetid="106254669" confidence="0.8">
<link xlink:type="simple" xlink:href="../270/15905270.xml">
The Rag</link></medium>
</instrumentality>
</artifact>
</it>.<weblink xlink:type="simple" xlink:href="http://www.ragdublin.org">
http://www.ragdublin.org</weblink></entry>
</list>
</p>
<p>

<list>
<entry level="1" type="bullet">

There are also a number of organisations which, while not explicitly anarchist, share much in common with the anarchist movement. These include the <link>
Grassroots Gatherings</link> (2001—present), the <link>
Dublin Grassroots Network</link> (2003-2004), <link>
Grassroots Dissent</link> (2004—), <objection wordnetid="107208338" confidence="0.8">
<event wordnetid="100029378" confidence="0.8">
<protest wordnetid="107210225" confidence="0.8">
<act wordnetid="100030358" confidence="0.8">
<psychological_feature wordnetid="100023100" confidence="0.8">
<speech_act wordnetid="107160883" confidence="0.8">
<link xlink:type="simple" xlink:href="../313/6555313.xml">
Rossport Solidarity Camp</link></speech_act>
</psychological_feature>
</act>
</protest>
</event>
</objection>
 (2005—present) and <region wordnetid="108630985" confidence="0.8">
<center wordnetid="108523483" confidence="0.8">
<area wordnetid="108497294" confidence="0.8">
<location wordnetid="100027167" confidence="0.8">
<link xlink:type="simple" xlink:href="../692/13603692.xml">
Seomra Spraoi</link></location>
</area>
</center>
</region>
 (2005—2007).</entry>
</list>
</p>

</sec>
<sec>
<st>
 References </st>

<p>

<reflist>
<entry id="1">
 source:'The Raven' no.6</entry>
<entry id="2">
 source: Owen McGee in The IRB, page 216 based on <administrative_unit wordnetid="108077292" confidence="0.8">
<law_enforcement_agency wordnetid="108348815" confidence="0.8">
<power wordnetid="105190804" confidence="0.8">
<influence wordnetid="105194151" confidence="0.8">
<agency wordnetid="108337324" confidence="0.8">
<force wordnetid="105194578" confidence="0.8">
<link xlink:type="simple" xlink:href="../970/645970.xml">
Dublin Metropolitan Police</link></force>
</agency>
</influence>
</power>
</law_enforcement_agency>
</administrative_unit>
 report</entry>
<entry id="3">
 source: Owen McGee in The IRB, page 218 based on Dublin police report</entry>
<entry id="4">
<weblink xlink:type="simple" xlink:href="http://struggle.ws/ws/ws50_jack.html">
Jack White : Irish Anarchist who organised <link xlink:type="simple" xlink:href="../051/611051.xml">
Irish Citizens Army</link></weblink></entry>
</reflist>
</p>

</sec>
<sec>
<st>
 Further reading </st>

<p>

<list>
<entry level="1" type="bullet">

 Fintan Lane, <weblink xlink:type="simple" xlink:href="http://www.wsm.ie/story/1778">
 <it>The Emergence Of Modern Irish Socialism 1885-87''</it></weblink></entry>
</list>
</p>
<p>

<list>
<entry level="1" type="bullet">

 Fintan Lane, '"Practical anarchists, we": social revolutionaries in Dublin, 1885-87', History Ireland, March/April 2008.</entry>
</list>
</p>

<p>

<table style=";" class="navbox" cellspacing="0">
<row>
<col style="padding:2px;">
<table style="width:100%;background:transparent;color:inherit;;" class="nowraplinks collapsible autocollapse " cellspacing="0">
<row>
<header colspan="2" style=";" class="navbox-title">
<link>
Anarchism in Europe</link></header>
</row>
<row style="height:2px;">

</row>
<row>
<col style=";padding:0.35em 1.0em; line-height:1.1em;;" class="navbox-group">
<link xlink:type="simple" xlink:href="../253/68253.xml">
Sovereign
states</link></col>
<col style="text-align:left;border-left:2px solid #fdfdfd;width:100%;padding:0px;;;" class="navbox-list navbox-odd">
<p>

<link>
Albania</link>&nbsp;· 
<link>
Andorra</link>&nbsp;· 
<link>
Armenia</link>1&nbsp;· 
<link xlink:type="simple" xlink:href="../653/7195653.xml">
Austria</link>&nbsp;· 
<link>
Azerbaijan</link>2&nbsp;· 
<link>
Belarus</link>&nbsp;· 
<link>
Belgium</link>&nbsp;· 
<link>
Bosnia and Herzegovina</link>&nbsp;· 
<link>
Bulgaria</link>&nbsp;· 
<link>
Croatia</link>&nbsp;· 
<link>
Cyprus</link>1&nbsp;· 
<link>
Czech Republic</link>&nbsp;· 
<link>
Denmark</link>4&nbsp;· 
<link>
Estonia</link>&nbsp;· 
<link>
Finland</link>&nbsp;· 
<link xlink:type="simple" xlink:href="../365/5658365.xml">
France</link>4, 5, 6&nbsp;· 
<link>
Georgia</link>2&nbsp;· 
<link>
Germany</link>&nbsp;· 
<link xlink:type="simple" xlink:href="../745/6244745.xml">
Greece</link>&nbsp;· 
<link xlink:type="simple" xlink:href="../653/7195653.xml">
Hungary</link>&nbsp;· 
<link>
Iceland</link>&nbsp;· 
<link xlink:type="simple" xlink:href="../320/10403320.xml">
Republic of Ireland</link>&nbsp;· 
<link xlink:type="simple" xlink:href="../567/10304567.xml">
Italy</link>&nbsp;· 
<link>
Kazakhstan</link>3&nbsp;· 
<link>
Latvia</link>&nbsp;· 
<link>
Liechtenstein</link>&nbsp;· 
<link>
Lithuania</link>&nbsp;· 
<link>
Luxembourg</link>&nbsp;· 
<link>
Republic of Macedonia</link>&nbsp;· 
<link>
Malta</link>&nbsp;· 
<link>
Moldova</link>&nbsp;· 
<link>
Monaco</link>&nbsp;· 
<link>
Montenegro</link>&nbsp;· 
<link>
Netherlands</link>4&nbsp;· 
<link>
Norway</link>&nbsp;· 
<politics wordnetid="113840719" confidence="0.8">
<social_relation wordnetid="100032823" confidence="0.8">
<link xlink:type="simple" xlink:href="../386/15499386.xml">
Poland</link></social_relation>
</politics>
&nbsp;· 
<link>
Portugal</link>6&nbsp;· 
<link>
Romania</link>&nbsp;· 
<link xlink:type="simple" xlink:href="../769/7475769.xml">
Russia</link>3&nbsp;· 
<link>
San Marino</link>&nbsp;· 
<link>
Serbia</link>&nbsp;· 
<link>
Slovakia</link>&nbsp;· 
<link>
Slovenia</link>&nbsp;· 
<link xlink:type="simple" xlink:href="../586/805586.xml">
Spain</link>6&nbsp;· 
<politics wordnetid="113840719" confidence="0.8">
<social_relation wordnetid="100032823" confidence="0.8">
<link xlink:type="simple" xlink:href="../268/7080268.xml">
Sweden</link></social_relation>
</politics>
&nbsp;· 
<link>
Switzerland</link>&nbsp;· 
<politics wordnetid="113840719" confidence="0.8">
<social_relation wordnetid="100032823" confidence="0.8">
<link xlink:type="simple" xlink:href="../912/15484912.xml">
Turkey</link></social_relation>
</politics>
3&nbsp;· 
<link xlink:type="simple" xlink:href="../267/7066267.xml">
Ukraine</link>&nbsp;· 
<link xlink:type="simple" xlink:href="../063/673063.xml">
United Kingdom</link>&nbsp;(<politics wordnetid="113840719" confidence="0.8">
<social_relation wordnetid="100032823" confidence="0.8">
<link xlink:type="simple" xlink:href="../063/673063.xml">
England</link></social_relation>
</politics>
&nbsp;• <link>
Northern Ireland</link>&nbsp;• <link>
Scotland</link>&nbsp;• <link>
Wales</link>)</p>
</col>
</row>
<row style="height:2px">

</row>
<row>
<col style=";padding:0.35em 1.0em; line-height:1.1em;;" class="navbox-group">
<region wordnetid="108630985" confidence="0.8">
<administrative_district wordnetid="108491826" confidence="0.8">
<location wordnetid="100027167" confidence="0.8">
<district wordnetid="108552138" confidence="0.8">
<country wordnetid="108544813" confidence="0.8">
<link xlink:type="simple" xlink:href="../529/214529.xml">
Dependencies</link></country>
</district>
</location>
</administrative_district>
</region>
,
<link xlink:type="simple" xlink:href="../026/1636026.xml">
autonomies</link>,other <link xlink:type="simple" xlink:href="../815/6450815.xml">
territories</link></col>
<col style="text-align:left;border-left:2px solid #fdfdfd;width:100%;padding:0px;;;" class="navbox-list navbox-even">
<p>

<it><link>
Abkhazia</link></it>&nbsp;2&nbsp;· 
<link>
Adjara</link>1&nbsp;· 
<link>
Adygea</link>&nbsp;· 
<link>
Akrotiri and Dhekelia</link>&nbsp;· 
<link>
Åland</link>&nbsp;· 
<link>
Azores</link>&nbsp;· 
<link>
Bashkortostan</link>&nbsp;· 
<link>
Chechnya</link>&nbsp;· 
<link>
Chuvashia</link>&nbsp;· 
<link>
Crimea</link>&nbsp;· 
<link>
Dagestan</link>&nbsp;· 
<link>
Faroe Islands</link>&nbsp;· 
<link>
Gagauzia</link>&nbsp;· 
<link>
Gibraltar</link>&nbsp;· 
<link>
Guernsey</link>&nbsp;· 
<link>
Ingushetia</link>&nbsp;· 
<link>
Jan Mayen</link>&nbsp;· 
<link>
Jersey</link>&nbsp;· 
<link>
Kabardino-Balkaria</link>&nbsp;· 
<link>
Kalmykia</link>&nbsp;· 
<link>
Karachay-Cherkessia</link>&nbsp;· 
<link>
Republic of Karelia</link>&nbsp;· 
<link>
Komi Republic</link>&nbsp;· 
<it><link>
Kosovo</link></it>&nbsp;· 
<link>
Madeira</link>7&nbsp;· 
<link>
Isle of Man</link>&nbsp;· 
<link>
Mari El</link>&nbsp;· 
<link>
Mordovia</link>&nbsp;· 
<it><link>
Nagorno-Karabakh</link></it>1&nbsp;· 
<link>
Nakhchivan</link>1&nbsp;· 
<link>
North Ossetia-Alania</link>&nbsp;· 
<it><link>
Northern Cyprus</link></it>1&nbsp;· 
<it><link>
South Ossetia</link></it>&nbsp;2&nbsp;· 
<link>
Svalbard</link>&nbsp;· 
<link>
Tatarstan</link>&nbsp;· 
<it><link>
Transnistria</link></it>&nbsp;· 
<link>
Udmurtia</link>&nbsp;· 
<link>
Vojvodina</link></p>
</col>
</row>
<row style="height:2px;">

</row>
<row>
<col colspan="2" style=";padding:0.4em 0.2em 0.2em; line-height:1.4em; font-size:95%;" class="navbox-abovebelow">
<it>Italics</it> indicates an <link xlink:type="simple" xlink:href="../670/523670.xml">
unrecognised or partially recognised country</link>.&nbsp; 
1&nbsp;/ 7 Entirely in <system wordnetid="108435388" confidence="0.8">
<economy wordnetid="108366753" confidence="0.8">
<group wordnetid="100031264" confidence="0.8">
<link xlink:type="simple" xlink:href="../689/689.xml">
Asia</link></group>
</economy>
</system>
&nbsp;/ on the <artifact wordnetid="100021939" confidence="0.8">
<sports_equipment wordnetid="104285146" confidence="0.8">
<instrumentality wordnetid="103575240" confidence="0.8">
<home_plate wordnetid="103528901" confidence="0.8">
<base wordnetid="102797881" confidence="0.8">
<equipment wordnetid="103294048" confidence="0.8">
<baseball_equipment wordnetid="102799897" confidence="0.8">
<link xlink:type="simple" xlink:href="../081/521081.xml">
African Plate</link></baseball_equipment>
</equipment>
</base>
</home_plate>
</instrumentality>
</sports_equipment>
</artifact>
, but historically considered European.&nbsp; 2 Partially or entirely in Asia, depending on the <link xlink:type="simple" xlink:href="../661/13973661.xml#xpointer(//*[./st=%22Europe+and+Asia%22])">
border definitions</link>.&nbsp; 3 / 4 / 5 / 6 Has part of its territory in <system wordnetid="108435388" confidence="0.8">
<economy wordnetid="108366753" confidence="0.8">
<group wordnetid="100031264" confidence="0.8">
<link xlink:type="simple" xlink:href="../689/689.xml">
Asia</link></group>
</economy>
</system>
 / <system wordnetid="108435388" confidence="0.8">
<economy wordnetid="108366753" confidence="0.8">
<group wordnetid="100031264" confidence="0.8">
<link xlink:type="simple" xlink:href="../139/21139.xml">
North America</link></group>
</economy>
</system>
 / <system wordnetid="108435388" confidence="0.8">
<economy wordnetid="108366753" confidence="0.8">
<group wordnetid="100031264" confidence="0.8">
<link xlink:type="simple" xlink:href="../769/26769.xml">
South America</link></group>
</economy>
</system>
 / <region wordnetid="108630985" confidence="0.8">
<center wordnetid="108523483" confidence="0.8">
<area wordnetid="108497294" confidence="0.8">
<see wordnetid="108586825" confidence="0.8">
<seat wordnetid="108647945" confidence="0.8">
<location wordnetid="100027167" confidence="0.8">
<link xlink:type="simple" xlink:href="../607/5334607.xml">
Africa</link></location>
</seat>
</see>
</area>
</center>
</region>
.</col>
</row>
</table>
</col>
</row>
</table>
</p>



</sec>
</bdy>
</article>
