<?xml version="1.0" encoding="UTF-8"?>
<!-- generated by CLiX/Wiki2XML [MPI-Inf, MMCI@UdS] $LastChangedRevision: 92 $ on 17.04.2009 00:22:28[mciao0827] -->
<!DOCTYPE article SYSTEM "../article.dtd">
<article xmlns:xlink="http://www.w3.org/1999/xlink">
<poet  confidence="0.9511911446218017" wordnetid="110444194">
<entity  confidence="0.9511911446218017" wordnetid="100001740">
<actor  confidence="0.9508927676800064" wordnetid="109765278">
<writer  confidence="0.9511911446218017" wordnetid="110794014">
<novelist  confidence="0.9511911446218017" wordnetid="110363573">
<commanding_officer  confidence="0.9511911446218017" wordnetid="109941964">
<diarist  confidence="0.9511911446218017" wordnetid="110011486">
<header>
<title>Nancy Price</title>
<id>10448735</id>
<revision>
<id>228353300</id>
<timestamp>2008-07-28T08:48:44Z</timestamp>
<contributor>
<username>SkierRMH</username>
<id>2618808</id>
</contributor>
</revision>
<categories>
<category>English television actors</category>
<category>English poets</category>
<category>Commanders of the Order of the British Empire</category>
<category>English women writers</category>
<category>English diarists</category>
<category>English stage actors</category>
<category>1880 births</category>
<category>English memoirists</category>
<category>English film actors</category>
<category>English novelists</category>
<category>1970 deaths</category>
</categories>
</header>
<bdy>
<template>
<name>Infobox Actor</name>
<parameters>

<image width="150px" src="replace_this_image_female.svg">
</image>
<location>
<site wordnetid="108651247" confidence="0.9508927676800064">
<link xlink:type="simple" xlink:href="../362/2628362.xml">
Kinver</link></site>
,<county wordnetid="108546183" confidence="0.9508927676800064">
<link xlink:type="simple" xlink:href="../733/58733.xml">
Staffordshire</link></county>
,<country wordnetid="108544813" confidence="0.9508927676800064">
<link xlink:type="simple" xlink:href="../316/9316.xml">
England</link></country>
</location>
<spouse>
Charles Maude</spouse>
<name>
Nancy Price</name>
<bgcolour>
silver</bgcolour>
<birthdate>
<link xlink:type="simple" xlink:href="../323/11323.xml">
February 03</link>, <link xlink:type="simple" xlink:href="../773/34773.xml">
1880</link></birthdate>
<children>
<physical_entity wordnetid="100001930" confidence="0.8">
<person wordnetid="100007846" confidence="0.8">
<performer wordnetid="110415638" confidence="0.8">
<causal_agent wordnetid="100007347" confidence="0.8">
<actor wordnetid="109765278" confidence="0.8">
<entertainer wordnetid="109616922" confidence="0.8">
<link xlink:type="simple" xlink:href="../270/12447270.xml">
Joan Maude</link></entertainer>
</actor>
</causal_agent>
</performer>
</person>
</physical_entity>
</children>
<birthname>
Lilian Nancy Bache Price</birthname>
<deathdate>
<link xlink:type="simple" xlink:href="../587/20587.xml">
March 31</link>, <link xlink:type="simple" xlink:href="../726/34726.xml">
1970</link></deathdate>
<deathplace>
<village wordnetid="108672738" confidence="0.9508927676800064">
<link xlink:type="simple" xlink:href="../224/350224.xml">
Worthing</link></village>
,<country wordnetid="108544813" confidence="0.9508927676800064">
<link xlink:type="simple" xlink:href="../316/9316.xml">
England</link></country>
</deathplace>
</parameters>
</template>


<b>Nancy Price</b>, <link xlink:type="simple" xlink:href="../632/9426632.xml">
CBE</link> (<link xlink:type="simple" xlink:href="../323/11323.xml">
February 03</link>, <link xlink:type="simple" xlink:href="../773/34773.xml">
1880</link> &ndash; <link xlink:type="simple" xlink:href="../587/20587.xml">
March 31</link>, <link xlink:type="simple" xlink:href="../726/34726.xml">
1970</link>), born Lilian Nancy Bache Price in <site wordnetid="108651247" confidence="0.9508927676800064">
<link xlink:type="simple" xlink:href="../362/2628362.xml">
Kinver</link></site>
, <county wordnetid="108546183" confidence="0.9508927676800064">
<link xlink:type="simple" xlink:href="../733/58733.xml">
Staffordshire</link></county>
, <country wordnetid="108544813" confidence="0.9508927676800064">
<link xlink:type="simple" xlink:href="../316/9316.xml">
England</link></country>
, was an actress, authoress and manageress of Little Theatre in <theater wordnetid="104417809" confidence="0.9508927676800064">
<link xlink:type="simple" xlink:href="../493/751493.xml">
the Adelphi</link></theater>
, a <event wordnetid="100029378" confidence="0.8">
<social_event wordnetid="107288639" confidence="0.8">
<show wordnetid="106619065" confidence="0.8">
<psychological_feature wordnetid="100023100" confidence="0.8">
<attraction wordnetid="106615561" confidence="0.8">
<link xlink:type="simple" xlink:href="../952/1154952.xml">
West End theatre</link></attraction>
</psychological_feature>
</show>
</social_event>
</event>
 on the <site wordnetid="108651247" confidence="0.9508927676800064">
<link xlink:type="simple" xlink:href="../644/314644.xml">
Strand</link></site>
 in <village wordnetid="108672738" confidence="0.9508927676800064">
<link xlink:type="simple" xlink:href="../867/17867.xml">
London</link></village>
.<p>

Before acting in films, Nancy was an established stage actress. Her roles included <it>"India"</it> in <link xlink:type="simple" xlink:href="../085/10085.xml">
Elgar</link>'s Imperial Masque <it><link xlink:type="simple" xlink:href="../415/13068415.xml">
The Crown of India</link></it> at the <link xlink:type="simple" xlink:href="../674/625674.xml">
London Coliseum</link> in March 1912.</p>
<p>

Nancy was married to the actor Charles Maude until his death in 1943 and together they had a daughter, the actress <physical_entity wordnetid="100001930" confidence="0.8">
<person wordnetid="100007846" confidence="0.8">
<performer wordnetid="110415638" confidence="0.8">
<causal_agent wordnetid="100007347" confidence="0.8">
<actor wordnetid="109765278" confidence="0.8">
<entertainer wordnetid="109616922" confidence="0.8">
<link xlink:type="simple" xlink:href="../270/12447270.xml">
Joan Maude</link></entertainer>
</actor>
</causal_agent>
</performer>
</person>
</physical_entity>
. In her full and varied career Price appeared in over thirty films and published twenty four books of anecdotes, essays, novels, plays, autobiography and poems. </p>

<sec>
<st>
 Filmography </st>

<p>

<table style="margin: 1em 1em 1em 0; background: #f9f9f9; border: 1px #aaa solid; border-collapse: collapse; font-size: 95%;" cellpadding="4" border="2" cellspacing="0">
<row align="center" bgcolor="#CCCCCC">
<header>
Year</header>
<header>
Film</header>
<header>
Role</header>
<header>
Other notes</header>
</row>
<row>
<col rowspan="1">
1921</col>
<col>
<it>Belphegor the Mountebank''</it></col>
<col>
Countess de Blangy</col>

</row>
<row>
<col rowspan="4">
1923</col>
<col>
<it>Bonnie Prince Charlie''</it></col>
<col>
Lady Kingsburgh</col>

</row>
<row>
<col>
<it>The Woman Who Obeyed''</it></col>
<col>
Governess</col>

</row>
<row>
<col>
<it>Comin' Thro' the Rye''</it></col>
<col>
Mrs. Titmouse</col>

</row>
<row>
<col>
<it><link xlink:type="simple" xlink:href="../030/7036030.xml">
Love, Life and Laughter</link>''</it></col>
<col>
Balloon blowers wife's friend</col>

</row>
<row>
<col rowspan="1">
1927</col>
<col>
<it>Huntingtower''</it></col>
<col>
Mrs. Moran</col>

</row>
<row>
<col rowspan="3">
1928</col>
<col>
<it>The Broken Mask''</it></col>
<col>
Caricia, as a girl</col>

</row>
<row>
<col>
<it>His House in Order''</it></col>
<col>
Lady Ridgeley</col>

</row>
<row>
<col>
<it>The Price of Divorce''</it></col>


</row>
<row>
<col rowspan="2">
1929</col>
<col>
<it>Three Live Ghosts''</it></col>
<col>
Alice</col>

</row>
<row>
<col>
 <it><product wordnetid="104007894" confidence="0.8">
<creation wordnetid="103129123" confidence="0.8">
<artifact wordnetid="100021939" confidence="0.8">
<event wordnetid="100029378" confidence="0.8">
<social_event wordnetid="107288639" confidence="0.8">
<movie wordnetid="106613686" confidence="0.8">
<show wordnetid="106619065" confidence="0.8">
<psychological_feature wordnetid="100023100" confidence="0.8">
<link xlink:type="simple" xlink:href="../734/9734.xml">
The American Prisoner</link></psychological_feature>
</show>
</movie>
</social_event>
</event>
</artifact>
</creation>
</product>
''</it></col>
<col>
Lovey Lee</col>

</row>
<row>
<col rowspan="2">
1930</col>
<col>
<it>The Doctor's Secret''</it></col>
<col>
Susie</col>
<col>
 Based on a play by <link xlink:type="simple" xlink:href="../931/141931.xml">
J.M.Barrie</link></col>
</row>
<row>
<col>
<it>The Loves of Robert Burns''</it></col>
<col>
Posie Nancy</col>

</row>
<row>
<col rowspan="2">
1932</col>
<col>
<it>Down Our Street''</it></col>
<col>
Annie Collins</col>

</row>
<row>
<col>
 <it><link xlink:type="simple" xlink:href="../844/1016844.xml">
The Speckled Band</link>''</it></col>
<col>
Mrs. Staunton</col>
<col>
Early <detective wordnetid="110009276" confidence="0.9173553029164789">
<link xlink:type="simple" xlink:href="../159/27159.xml">
Sherlock Holmes</link></detective>
film</col>
</row>
<row>
<col rowspan="1">
1934</col>
<col>
<it>The Crucifix''</it></col>


</row>
<row>
<col rowspan="2">
1939</col>
<col>
 <it><link xlink:type="simple" xlink:href="../170/12619170.xml">
The Stars Look Down</link>''</it></col>
<col>
Martha Fenwick</col>

</row>
<row>
<col>
<it>Dead Man's Shoes''</it></col>
<col>
Madame Pelletier</col>

</row>
<row>
<col rowspan="1">
1942</col>
<col>
<it>Secret Mission''</it></col>
<col>
Violette, housekeeper</col>

</row>
<row>
<col rowspan="1">
1944</col>
<col>
 <it><movie wordnetid="106613686" confidence="0.9508927676800064">
<link xlink:type="simple" xlink:href="../618/14123618.xml">
Madonna of the Seven Moons</link></movie>
''</it></col>
<col>
Mama Barucci</col>
<col>
Produced by <company wordnetid="108058098" confidence="0.8">
<institution wordnetid="108053576" confidence="0.8">
<link xlink:type="simple" xlink:href="../142/822142.xml">
Gainsborough Pictures</link></institution>
</company>
</col>
</row>
<row>
<col rowspan="2">
1945</col>
<col>
 <it><movie wordnetid="106613686" confidence="0.9508927676800064">
<link xlink:type="simple" xlink:href="../857/949857.xml">
I Know Where I'm Going!</link></movie>
''</it></col>
<col>
Mrs. Crozier</col>

</row>
<row>
<col>
<it>I Live in Grosvenor Square''</it></col>
<col>
Mrs. Wilson</col>

</row>
<row>
<col rowspan="1">
1946</col>
<col>
<it>Carnival''</it></col>
<col>
Mrs. Trewhella</col>

</row>
<row>
<col rowspan="1">
1947</col>
<col>
<it>Master of Bankdam''</it></col>
<col>
Lydia Crowther</col>
<col>
<person wordnetid="100007846" confidence="0.9508927676800064">
<link xlink:type="simple" xlink:href="../526/497526.xml">
Nicholas Parsons</link></person>
in a minor role</col>
</row>
<row>
<col rowspan="1">
1948</col>
<col>
<it>The Three Weird Sisters''</it></col>
<col>
Gertrude Morgan-Vaughan</col>
<col>
Screenplay co-written by <poet wordnetid="110444194" confidence="0.9173553029164789">
<writer wordnetid="110794014" confidence="0.9508927676800064">
<link xlink:type="simple" xlink:href="../783/8783.xml">
Dylan Thomas</link></writer>
</poet>
</col>
</row>
<row>
<col rowspan="1">
1950</col>
<col>
<it>The Naked Heart''</it></col>
<col>
Theresa Suprenant</col>
<col>
Film also known as <it><literary_composition wordnetid="106364329" confidence="0.8">
<written_communication wordnetid="106349220" confidence="0.8">
<writing wordnetid="106362953" confidence="0.8">
<fiction wordnetid="106367107" confidence="0.8">
<novel wordnetid="106367879" confidence="0.8">
<link xlink:type="simple" xlink:href="../032/8589032.xml">
Maria Chapdelaine</link></novel>
</fiction>
</writing>
</written_communication>
</literary_composition>
''</it></col>
</row>
<row>
<col rowspan="1">
1952</col>
<col>
 <it><movie wordnetid="106613686" confidence="0.9508927676800064">
<link xlink:type="simple" xlink:href="../153/9167153.xml">
Mandy (film)</link></movie>
''</it></col>
<col>
Jane Ellis</col>
<col>
Distributed by <product wordnetid="104007894" confidence="0.8">
<creation wordnetid="103129123" confidence="0.8">
<artifact wordnetid="100021939" confidence="0.8">
<event wordnetid="100029378" confidence="0.8">
<social_event wordnetid="107288639" confidence="0.8">
<movie wordnetid="106613686" confidence="0.8">
<show wordnetid="106619065" confidence="0.8">
<psychological_feature wordnetid="100023100" confidence="0.8">
<link xlink:type="simple" xlink:href="../395/166395.xml">
Ealing Studios</link></psychological_feature>
</show>
</movie>
</social_event>
</event>
</artifact>
</creation>
</product>
</col>
</row>
</table>
</p>


</sec>
<sec>
<st>
 Film Directors </st>
<p>

Nancy worked with many of the leading British and American film directors of her day including: 
Herbert Wilcox, Bert Wynne, <actor wordnetid="109765278" confidence="0.9508927676800064">
<link xlink:type="simple" xlink:href="../063/163063.xml">
Carol Reed</link></actor>
, Thomas Bentley, Thornton Freeland, <link xlink:type="simple" xlink:href="../984/1711984.xml">
Marc Allegret</link>, Sidney Morgan, Charles F. Reisner, William C. De Mille, <link xlink:type="simple" xlink:href="../275/17441275.xml">
George Pearson</link>, Walter Forde, <physical_entity wordnetid="100001930" confidence="0.8">
<cameraman wordnetid="109889539" confidence="0.8">
<person wordnetid="100007846" confidence="0.8">
<leader wordnetid="109623038" confidence="0.8">
<administrator wordnetid="109770949" confidence="0.8">
<photographer wordnetid="110426749" confidence="0.8">
<causal_agent wordnetid="100007347" confidence="0.8">
<artist wordnetid="109812338" confidence="0.8">
<head wordnetid="110162991" confidence="0.8">
<director wordnetid="110014939" confidence="0.8">
<creator wordnetid="109614315" confidence="0.8">
<link xlink:type="simple" xlink:href="../734/8312734.xml">
Arthur Crabtree</link></creator>
</director>
</head>
</artist>
</causal_agent>
</photographer>
</administrator>
</leader>
</person>
</cameraman>
</physical_entity>
, <physical_entity wordnetid="100001930" confidence="0.8">
<person wordnetid="100007846" confidence="0.8">
<leader wordnetid="109623038" confidence="0.8">
<administrator wordnetid="109770949" confidence="0.8">
<causal_agent wordnetid="100007347" confidence="0.8">
<head wordnetid="110162991" confidence="0.8">
<director wordnetid="110014939" confidence="0.8">
<link xlink:type="simple" xlink:href="../842/1148842.xml">
James Patrick Hogan</link></director>
</head>
</causal_agent>
</administrator>
</leader>
</person>
</physical_entity>
, Charles Calvert, Jack Raymond, Stanley Haynes, Sinclair Hill, Daniel Birt, Harold French, <person wordnetid="100007846" confidence="0.9508927676800064">
<actor wordnetid="109765278" confidence="0.9508927676800064">
<link xlink:type="simple" xlink:href="../288/167288.xml">
Michael Powell</link></actor>
</person>
, Herbert Wilcox, <physical_entity wordnetid="100001930" confidence="0.8">
<person wordnetid="100007846" confidence="0.8">
<pioneer wordnetid="110434725" confidence="0.8">
<maker wordnetid="110284064" confidence="0.8">
<scriptwriter wordnetid="110564905" confidence="0.8">
<director wordnetid="110014939" confidence="0.8">
<creator wordnetid="109614315" confidence="0.8">
<communicator wordnetid="109610660" confidence="0.8">
<manufacturer wordnetid="110292316" confidence="0.8">
<administrator wordnetid="109770949" confidence="0.8">
<leader wordnetid="109623038" confidence="0.8">
<screenwriter wordnetid="110564400" confidence="0.8">
<causal_agent wordnetid="100007347" confidence="0.8">
<writer wordnetid="110794014" confidence="0.8">
<head wordnetid="110162991" confidence="0.8">
<originator wordnetid="110383816" confidence="0.8">
<link xlink:type="simple" xlink:href="../762/1729762.xml">
Cecil Hepworth</link></originator>
</head>
</writer>
</causal_agent>
</screenwriter>
</leader>
</administrator>
</manufacturer>
</communicator>
</creator>
</director>
</scriptwriter>
</maker>
</pioneer>
</person>
</physical_entity>
, Randle Ayrton, <physical_entity wordnetid="100001930" confidence="0.8">
<person wordnetid="100007846" confidence="0.8">
<causal_agent wordnetid="100007347" confidence="0.8">
<painter wordnetid="110391653" confidence="0.8">
<artist wordnetid="109812338" confidence="0.8">
<creator wordnetid="109614315" confidence="0.8">
<link xlink:type="simple" xlink:href="../550/1633550.xml">
Harry Lachman</link></creator>
</artist>
</painter>
</causal_agent>
</person>
</physical_entity>
, <person wordnetid="100007846" confidence="0.9638700866880419">
<link xlink:type="simple" xlink:href="../079/7112079.xml">
G. B. Samuelson</link></person>
, Alexander MacKendrick, Edgar Selwyn, and Fred Paul.</p>

</sec>
<sec>
<st>
 Television Filmography </st>

<p>

<table style="margin: 1em 1em 1em 0; background: #f9f9f9; border: 1px #aaa solid; border-collapse: collapse; font-size: 95%;" cellpadding="4" border="2" cellspacing="0">
<row align="center" bgcolor="#CCCCCC">
<header>
Year</header>
<header>
Film</header>
<header>
Role</header>
<header>
Other notes</header>
</row>
<row>
<col rowspan="1">
1938</col>
<col>
<it>Will Shakespeare''</it></col>
<col>
Queen Victoria</col>
<col>
 <link xlink:type="simple" xlink:href="../654/19344654.xml">
British Broadcasting Corporation</link>production</col>
</row>
</table>
</p>


</sec>
<sec>
<st>
Bibliography</st>

<ss1>
<st>
Plays</st>
<p>

<list>
<entry level="1" type="bullet">

<it>Whiteoaks: A Play</it> (With <person wordnetid="100007846" confidence="0.9508927676800064">
<link xlink:type="simple" xlink:href="../119/2103119.xml">
Mazo de la Roche</link></person>
, Macmillan, 1936)</entry>
<entry level="1" type="bullet">

<it>The Orange Orchard</it> (With <physical_entity wordnetid="100001930" confidence="0.8">
<communicator wordnetid="109610660" confidence="0.8">
<person wordnetid="100007846" confidence="0.8">
<poet wordnetid="110444194" confidence="0.8">
<causal_agent wordnetid="100007347" confidence="0.8">
<writer wordnetid="110794014" confidence="0.8">
<novelist wordnetid="110363573" confidence="0.8">
<link xlink:type="simple" xlink:href="../724/9724.xml">
Eden Phillpotts</link></novelist>
</writer>
</causal_agent>
</poet>
</person>
</communicator>
</physical_entity>
, London: Samuel French, 1951) </entry>
</list>
</p>

</ss1>
<ss1>
<st>
Poetry</st>
<p>

<list>
<entry level="1" type="bullet">

<it>Hurdy-Gurdy</it> (London : Frederick Muller, 1944)</entry>
</list>
</p>

</ss1>
<ss1>
<st>
Novels</st>
<p>

<list>
<entry level="1" type="bullet">

<it>Ta-mera</it> (London : Hutchinson &amp; Co., 1950)</entry>
</list>
</p>

</ss1>
<ss1>
<st>
Essays, Memoires and Diaries</st>

<p>

<list>
<entry level="1" type="bullet">

<it>Behind the Night-Light: the by-world of a child of three. Described by <physical_entity wordnetid="100001930" confidence="0.8">
<person wordnetid="100007846" confidence="0.8">
<performer wordnetid="110415638" confidence="0.8">
<causal_agent wordnetid="100007347" confidence="0.8">
<actor wordnetid="109765278" confidence="0.8">
<entertainer wordnetid="109616922" confidence="0.8">
<link xlink:type="simple" xlink:href="../270/12447270.xml">
Joan Maude</link></entertainer>
</actor>
</causal_agent>
</performer>
</person>
</physical_entity>
 and faithfully recorded by Nancy Price</it> (London : John Murray, 1912)</entry>
</list>
</p>
<p>

<list>
<entry level="1" type="bullet">

<it>Vagabond’s Way. Haphazard wanderings on the fells ... With illustrations by A. S. Hartrick</it> (London : John Murray, 1914)</entry>
</list>
</p>
<p>

<list>
<entry level="1" type="bullet">

<it>Shadows on the Hills, etc. On the English Lake District. With plates</it> (London : Victor Gollancz, 1935)</entry>
</list>
</p>
<p>

<list>
<entry level="1" type="bullet">

<it>The Gull’s Way. An account of a cruise along the East Coast of England</it> (London : Victor Gollancz, 1937)</entry>
</list>
</p>
<p>

<list>
<entry level="1" type="bullet">

<it>Nettles and Docks, etc. Essays</it> (London : G. Allen &amp; Unwin, 1940)</entry>
</list>
</p>
<p>

<list>
<entry level="1" type="bullet">

<it>Jack by the Hedge, etc. Sketches of country life</it> (London : Frederick Muller, 1942)</entry>
</list>
</p>
<p>

<list>
<entry level="1" type="bullet">

<it>I had a Comrade “Buddy” On the author’s dog</it> (London : G. Allen &amp; Unwin, 1944)</entry>
</list>
</p>
<p>

<list>
<entry level="1" type="bullet">

<it>Tails and Tales. On dogs</it> (London : Victor Gollancz, 1945)</entry>
</list>
</p>
<p>

<list>
<entry level="1" type="bullet">

<it>Where the Skies Unfold, etc. Essays</it> (Birmingham : George Ronald, 1947)</entry>
</list>
</p>
<p>

<list>
<entry level="1" type="bullet">

<it>Wonder of Wings. A book about birds</it> (London : Victor Gollancz, 1947)</entry>
</list>
</p>
<p>

<list>
<entry level="1" type="bullet">

<it>Acquainted with the Night. A book of dreams</it>(Illustrated by <physical_entity wordnetid="100001930" confidence="0.8">
<person wordnetid="100007846" confidence="0.8">
<causal_agent wordnetid="100007347" confidence="0.8">
<painter wordnetid="110391653" confidence="0.8">
<artist wordnetid="109812338" confidence="0.8">
<creator wordnetid="109614315" confidence="0.8">
<link xlink:type="simple" xlink:href="../708/9374708.xml">
Michael Rothenstein</link></creator>
</artist>
</painter>
</causal_agent>
</person>
</physical_entity>
, Oxford : George Ronald, 1949)</entry>
</list>
</p>
<p>

<list>
<entry level="1" type="bullet">

<it>Bright Pinions. On parrots</it> (Oxford : George Ronald, 1952)</entry>
</list>
</p>
<p>

<list>
<entry level="1" type="bullet">

<it>Feathered Outlaws</it> (London &amp; Worthing : Henry E. Walter, 1953)</entry>
</list>
</p>
<p>

<list>
<entry level="1" type="bullet">

<it>In Praise of Trees. An anthology for friends</it> (London : Frederick Muller, 1953)</entry>
</list>
</p>
<p>

<list>
<entry level="1" type="bullet">

<it>Into an Hour-Glass. An autobiography</it> (London : Museum Press, 1953)</entry>
</list>
</p>
<p>

<list>
<entry level="1" type="bullet">

<it>Pagan’s Progress. High days and holy days</it> (London : Museum Press, 1954)</entry>
</list>
</p>
<p>

<list>
<entry level="1" type="bullet">

<it>The Heart of a Vagabond. On country life in Sussex</it> (London : Museum Press, 1955)</entry>
</list>
</p>
<p>

<list>
<entry level="1" type="bullet">

<it>I watch and listen. A book mainly concerned with the courtship and song of birds</it> (London : Bodley Head, 1957)</entry>
</list>
</p>
<p>

<list>
<entry level="1" type="bullet">

<it>Winged Builders. A book of bird lore, chiefly concerned with the nesting, building and family habits of British birds</it> (London : George Ronald, 1959)</entry>
</list>
</p>
<p>

<list>
<entry level="1" type="bullet">

<it>Each in his own way! Personalities I have valued, selected from my album of memories ... Woodcuts by William Wood</it> (London : Frederick Muller, 1960)</entry>
</list>
</p>

</ss1>
</sec>
<sec>
<st>
External links</st>
<p>

<list>
<entry level="1" type="bullet">

 <weblink xlink:type="simple" xlink:href="http://www.imdb.com/name/nm0697066/bio">
Internet Movie Database entry for Nancy Price</weblink></entry>
<entry level="1" type="bullet">

 <weblink xlink:type="simple" xlink:href="http://www.youtube.com/watch?v=VIclsig_SAc">
Nancy Price in trailer for Three Weird Sisters</weblink></entry>
<entry level="1" type="bullet">

 <weblink xlink:type="simple" xlink:href="http://www.findonvillage.com/0361_margot_and_nancy.htm">
Photos of Nancy Price</weblink></entry>
<entry level="1" type="bullet">

 <weblink xlink:type="simple" xlink:href="http://www.arthurlloyd.co.uk/Adelphi.htm">
Adelphi Theatre History</weblink></entry>
</list>
</p>

</sec>
<sec>
<st>
See also</st>
<p>

<list>
<entry level="1" type="bullet">

<it>Raising the Flag: Constructing a National Cinema in Britain</it>, Andrew Higson.  Oxford: Clarendon Press, 1995, ISBN 0-19-812369-8.  Chapter on <it>Comin' Thro' The Rye</it>: pp. 26-97.</entry>
</list>
</p>


</sec>
</bdy>
</diarist>
</commanding_officer>
</novelist>
</writer>
</actor>
</entity>
</poet>
</article>
