<?xml version="1.0" encoding="UTF-8"?>
<!-- generated by CLiX/Wiki2XML [MPI-Inf, MMCI@UdS] $LastChangedRevision: 92 $ on 16.04.2009 18:03:22[mciao0826] -->
<!DOCTYPE article SYSTEM "../article.dtd">
<article xmlns:xlink="http://www.w3.org/1999/xlink">
<header>
<title>War cry</title>
<id>1047013</id>
<revision>
<id>240783881</id>
<timestamp>2008-09-24T23:51:53Z</timestamp>
<contributor>
<username>Rockk3r</username>
<id>6068163</id>
</contributor>
</revision>
<categories>
<category>All disambiguation pages</category>
<category>Disambiguation pages</category>
</categories>
</header>
<bdy>

<b>War Cry</b> or <b>Warcry</b> may refer to:<p>

<list>
<entry level="1" type="bullet">

 A <link xlink:type="simple" xlink:href="../788/1202788.xml">
battle cry</link> — yell or chant taken up in battle, usually by members of the same military unit.</entry>
<entry level="1" type="bullet">

 <musical_organization wordnetid="108246613" confidence="0.8">
<group wordnetid="100031264" confidence="0.8">
<link xlink:type="simple" xlink:href="../384/4189384.xml">
WarCry (band)</link></group>
</musical_organization>
, a Spanish power metal band </entry>
<entry level="2" type="bullet">

 <album wordnetid="106591815" confidence="0.9508927676800064">
<link xlink:type="simple" xlink:href="../427/11769427.xml">
<it>WarCry</it> (album)</link></album>
, their debut self-titled album </entry>
<entry level="1" type="bullet">

 <work wordnetid="104599396" confidence="0.8">
<product wordnetid="104007894" confidence="0.8">
<magazine wordnetid="106595351" confidence="0.8">
<print_media wordnetid="106263609" confidence="0.8">
<creation wordnetid="103129123" confidence="0.8">
<press wordnetid="106263369" confidence="0.8">
<artifact wordnetid="100021939" confidence="0.8">
<instrumentality wordnetid="103575240" confidence="0.8">
<medium wordnetid="106254669" confidence="0.8">
<publication wordnetid="106589574" confidence="0.8">
<newspaper wordnetid="106267145" confidence="0.8">
<link xlink:type="simple" xlink:href="../038/6584038.xml">
The War Cry</link></newspaper>
</publication>
</medium>
</instrumentality>
</artifact>
</press>
</creation>
</print_media>
</magazine>
</product>
</work>
, official newspaper of the Salvation Army</entry>
<entry level="1" type="bullet">

 <physical_entity wordnetid="100001930" confidence="0.8">
<disputant wordnetid="109615465" confidence="0.8">
<person wordnetid="100007846" confidence="0.8">
<reformer wordnetid="110515194" confidence="0.8">
<militant wordnetid="110315837" confidence="0.8">
<causal_agent wordnetid="100007347" confidence="0.8">
<anarchist wordnetid="109791816" confidence="0.8">
<radical wordnetid="110503452" confidence="0.8">
<link xlink:type="simple" xlink:href="../195/16452195.xml">
Priya Reddy</link></radical>
</anarchist>
</causal_agent>
</militant>
</reformer>
</person>
</disputant>
</physical_entity>
, an American anarchist known by the sobriquet <it>Warcry''</it></entry>
<entry level="1" type="bullet">

 <game wordnetid="100456199" confidence="0.9508927676800064">
<link xlink:type="simple" xlink:href="../057/901057.xml">
WarCry (game)</link></game>
, a collectible card game set in the world of Warhammer Fantasy</entry>
<entry level="1" type="bullet">

 <web_site wordnetid="106359193" confidence="0.9508927676800064">
<link xlink:type="simple" xlink:href="../846/9312846.xml">
WarCry Network</link></web_site>
, a fan-based web site network centered around MMOGs</entry>
</list>
</p>

<p>

<table style="background:none">
<row>
<col style="vertical-align:middle;">
<image width="30px" src="Disambig_gray.svg">
</image>
</col>
<col style="vertical-align:middle;">
<it>This  page lists articles associated with the same title. If an <weblink xlink:type="simple" xlink:href="http://localhost:18088/wiki/index.php?title=Special:Whatlinkshere/War_cry&amp;namespace=0">
internal link</weblink>led you here, you may wish to change the link to point directly to the intended article.''</it></col>
</row>
</table>

</p>
</bdy>
</article>
