<?xml version="1.0" encoding="UTF-8"?>
<!-- generated by CLiX/Wiki2XML [MPI-Inf, MMCI@UdS] $LastChangedRevision: 92 $ on 17.04.2009 00:13:50[mciao0828] -->
<!DOCTYPE article SYSTEM "../article.dtd">
<article xmlns:xlink="http://www.w3.org/1999/xlink">
<entity  confidence="0.9511911446218017" wordnetid="100001740">
<header>
<title>Biological network inference</title>
<id>10571004</id>
<revision>
<id>237903264</id>
<timestamp>2008-09-12T09:55:03Z</timestamp>
<contributor>
<username>Hobbes78</username>
<id>3010265</id>
</contributor>
</revision>
<categories>
<category>Wikipedia articles needing style editing from December 2007</category>
<category>All articles needing style editing</category>
<category>Cleanup from January 2008</category>
<category>Wikipedia articles needing style editing from January 2008</category>
<category>Bioinformatics</category>
</categories>
</header>
<bdy>

<table class="metadata plainlinks ambox ">
<row>
<col>

ambox-style" style=""</col>
</row>
<row>
<col class="mbox-image"><p>

<image width="40x40px" src="Ambox_style.png">
</image>
</p>
</col>
<col style="" class="mbox-text">
 <b>This article or section is written like  and may require .</b>
Please <weblink xlink:type="simple" xlink:href="http://localhost:18088/wiki/index.php?title=Biological_network_inference&amp;action=edit">
help improve it</weblink> by rewriting it in an . <it>(December 2007)''</it></col>
</row>
</table>

<p>

Many types of biological networks exist. Few such networks are known in anything approaching their complete structure, even in the simplest <link xlink:type="simple" xlink:href="../799/9028799.xml">
bacteria</link>. Still less is known on the parameters governing the behavior of such networks over time, how the networks at different levels in a cell interact, and how to predict the complete state description of a <link xlink:type="simple" xlink:href="../475/19172475.xml">
eukaryotic</link> cell or bacterial organism at a given point in the future. <link xlink:type="simple" xlink:href="../899/467899.xml">
Systems biology</link>, in this sense, is still in its infancy. Prediction is the subject of <link xlink:type="simple" xlink:href="../618/13690618.xml">
dynamic modeling</link>. This article focuses on a necessary prerequisite to dynamic modeling of a network: inference of the <link xlink:type="simple" xlink:href="../954/29954.xml">
topology</link>, that is, prediction of the "wiring diagram" of the network. More specifically, we focus here on inference of biological network structure using the growing sets of high-throughput expression data for <link xlink:type="simple" xlink:href="../553/4250553.xml">
gene</link>s, <link xlink:type="simple" xlink:href="../634/23634.xml">
protein</link>s, and <link xlink:type="simple" xlink:href="../374/20374.xml">
metabolites</link>.</p>
<p>

Briefly, methods using high-throughput data for inference of regulatory networks rely on searching for patterns of partial correlation or conditional probabilities that indicate causal influence <ref xlink:type="simple" xlink:href="#xpointer(//reflist/entry[@id=%221%22])">1</ref>. Such patterns of partial correlations found in the high-throughput data, possibly combined with other supplemental data on the genes or proteins in the proposed networks, or combined with other information on the organism, form the basis upon which such <link xlink:type="simple" xlink:href="../775/775.xml">
algorithm</link>s work.
Such algorithms can be of use in inferring the topology of any network where the change in state of one <link xlink:type="simple" xlink:href="../707/21707.xml">
node</link> can affect the state of other nodes.</p>

<sec>
<st>
Computational inference methods</st>
<p>

In a topological sense, a network is a set of nodes and a set of directed or undirected edges between the nodes. Biological networks currently under study using such computational inference methods include:</p>
<p>

1) Transcriptional regulatory networks. Genes are the nodes and the edges are directed. A gene serves as the source of a direct regulatory edge to a target gene by producing an <link xlink:type="simple" xlink:href="../758/25758.xml">
RNA</link> or protein molecule that functions as a transcriptional activator or inhibitor of the target gene. If the gene is an activator, then it is the source of a positive regulatory connection; if an inhibitor, then it is the source of a negative regulatory connection. Computational algorithms used to infer the topology take as primary input the data from a set of <link xlink:type="simple" xlink:href="../570/167570.xml">
microarray</link> runs measuring the <link xlink:type="simple" xlink:href="../232/20232.xml">
mRNA</link> expression levels of the genes under consideration for inclusion in the network. </p>
<p>

As of 2007, the great bulk of high-throughput data being fed into correlation-based algorithms comes from microarray experiments, and such analysis is the most fruitful point of biological application for such algorithms. (This is reflected in the reference list at bottom, where almost all bioinformatic algorithm references are directed toward use of microarray data.) Clustering or some form of statistical classification is typically employed to perform an initial organization of the high-throughput mRNA expression values derived from microarray experiments. The question then arises: how can the clustering or classification results be connected to the underlying biology? Such results can be useful for pattern classification – for example, to classify subtypes of <link xlink:type="simple" xlink:href="../219/105219.xml">
cancer</link>, or to predict differential responses to a <link xlink:type="simple" xlink:href="../172/9311172.xml">
drug</link> (pharmacogenomics). But to understand the relationships between the genes, that is, to more precisely define the influence of each gene on the others, the scientist typically attempts to reconstruct the transcriptional regulatory network. This can be done by using background literature, or information in public <link xlink:type="simple" xlink:href="../377/8377.xml">
database</link>s, combined with the clustering results. It can also be done by the application of a correlation-based inference algorithm, as will be discussed below, an approach which is having increased success as the size of the available microarray sets keeps increasing <ref xlink:type="simple" xlink:href="#xpointer(//reflist/entry[@id=%222%22])">2</ref><ref xlink:type="simple" xlink:href="#xpointer(//reflist/entry[@id=%223%22])">3</ref></p>
<p>

2) <link xlink:type="simple" xlink:href="../857/28857.xml">
Signal transduction</link> networks (very important in the biology of cancer). Proteins are the nodes and the edges are directed. Primary input into the inference algorithm would be data from a set of experiments measuring protein activation / inactivation (e.g., <link xlink:type="simple" xlink:href="../894/58894.xml">
phosphorylation</link> / dephosphorylation) across a set of proteins.</p>
<p>

3) <link xlink:type="simple" xlink:href="../493/477493.xml">
Metabolite</link> networks. Metabolites are the nodes and the edges are directed. Primary input into an algorithm would be data from a set of experiments measuring metabolite levels.</p>
<p>

4) Intraspecies or interspecies communication networks in microbial communities. Nodes are <link xlink:type="simple" xlink:href="../468/255468.xml">
excreted</link> organic compounds and the edges are directed. Input into an inference algorithm is data from a set of experiments measuring levels of excreted molecules.</p>
<p>

Protein-protein interaction networks are also under very active study. However, reconstruction of these networks does not use correlation-based inference in the sense discussed for the networks already described (interaction does not necessarily imply a change in protein state), and a description of such interaction network reconstruction is left to other articles.</p>

</sec>
<sec>
<st>
Co-relation-based inference algorithms</st>

<p>

<table class="metadata plainlinks ambox ">
<row>
<col>

ambox-style" style=""</col>
</row>
<row>
<col class="mbox-image"><p>

<image width="40x40px" src="Ambox_style.png">
</image>
</p>
</col>
<col style="" class="mbox-text">
 <b>This section or article contains too much  and may need simplification or further explanation.</b><p>

Please discuss this issue on the , and/or remove or explain jargon terms used in the article. is available. <it>(January 2008)''</it></p>
</col>
</row>
</table>

</p>
<p>

1) from classical statistics - STUB
- baseline: <link>
Pearson correlation</link></p>
<p>

2) from information theory - STUB
concept of mutual information
- ARACNE algorithm
- CLR algorithm
- MRNET algorithm</p>
<p>

3) from graphical probabilistic models - STUB
- <link xlink:type="simple" xlink:href="../526/38526.xml">
Bayesian</link> network structure learning
- K2 alg - needs a node ordering
- BANJO toolkit</p>
<p>

DREAM project - stub</p>
<p>

Platforms for network inference - STUB
- geWorkbench, Columbia
- SEBINI</p>
<p>

Visualization of inferred network - STUB
- <software wordnetid="106566077" confidence="0.9508927676800064">
<link xlink:type="simple" xlink:href="../962/10921962.xml">
Cytoscape</link></software>
 tool</p>
<p>

Expansion of inferred network using public databases - data integration - STUB
- CABIN tool</p>

</sec>
<sec>
<st>
References</st>

<p>

<reflist>
<entry id="1">
 <cite style="font-style:normal" class="book">Sprites, P., Glymour, C. &amp; Scheines, R.&#32;(2000). Causation, prediction, and search: Adaptive computation and machine learning. 2nd ed..&#32;Cambridge, MA:&#32;MIT Press.</cite>&nbsp;</entry>
<entry id="2">
 <cite style="font-style:normal">Faith, J.J., et al.&#32;(2007).&#32;"Large-Scale Mapping and Validation of Escherichia coli Transcriptional Regulation from a Compendium of Expression Profiles". <it>PLoS Biology</it>&#32;<b>5</b>&#32;(1): 54–66. <document wordnetid="106470073" confidence="0.8">
<written_communication wordnetid="106349220" confidence="0.8">
<writing wordnetid="106362953" confidence="0.8">
<link xlink:type="simple" xlink:href="../994/422994.xml">
doi</link></writing>
</written_communication>
</document>
:<weblink xlink:type="simple" xlink:href="http://dx.doi.org/10.1371%2Fjournal.pbio.0050008">
10.1371/journal.pbio.0050008</weblink>.</cite>&nbsp;</entry>
<entry id="3">
 <cite style="font-style:normal">Hayete, B., T.S. Gardner, and J.J. Collins&#32;(2007).&#32;"Size matters: network inference tackles the genome scale". <it>Molecular Systems Biology</it>&#32;<b>3</b>: 77. <document wordnetid="106470073" confidence="0.8">
<written_communication wordnetid="106349220" confidence="0.8">
<writing wordnetid="106362953" confidence="0.8">
<link xlink:type="simple" xlink:href="../994/422994.xml">
doi</link></writing>
</written_communication>
</document>
:<weblink xlink:type="simple" xlink:href="http://dx.doi.org/10.1038%2Fmsb4100118">
10.1038/msb4100118</weblink>.</cite>&nbsp;</entry>
</reflist>

<list>
<entry level="1" type="bullet">

Bansal, M., et al., How to infer gene networks from expression profiles. Molecular Systems Biology, 2007. 3(78).</entry>
<entry level="1" type="bullet">

Bansal, M., G.D. Gatta, and D. di Bernardo, Inference of gene regulatory networks and compound mode of action from time course gene expression profiles. Bioinformatics, 2006. 22(7): p. 815-822.</entry>
<entry level="1" type="bullet">

Faith, J.J., et al., Large-Scale Mapping and Validation of Escherichia coli Transcriptional Regulation from a Compendium of Expression Profiles. PLoS Biology, 2007. 5(1): p. 54-66.</entry>
<entry level="1" type="bullet">

Barrett, C.L. and B.O. Palsson, Iterative Reconstruction of Transcriptional Regulatory Networks: An Algorithmic Approach. PLoS Comput. Biol., 2006. 2(5): p. e52.</entry>
<entry level="1" type="bullet">

Basso, K., et al., Reverse engineering of regulatory networks in human B cells. Nat. Genet., 2005. 37(4): p. 382-390. (uses ARACNE algorithm)</entry>
<entry level="1" type="bullet">

Bonneau, R., et al., The Inferelator: an algorithm for learning parsimonious regulatory networks from systems-biology data sets de novo. Genome Biology, 2006. 7(5, Article R36).</entry>
<entry level="1" type="bullet">

Gardner lab. Context Likelihood or Relatedness (CLR) algorithm. 2006 [CLR algorithm web site at Boston University]. Available from: http://gardnerlab.bu.edu.</entry>
<entry level="1" type="bullet">

Chen, X.-W., G. Anantha, and X. Wang, An effective structure learning method for constructing gene networks. Bioinformatics, 2006. 22(11): p. 1367-1374.</entry>
<entry level="1" type="bullet">

Chu, T., et al., A statistical problem for inference to regulatory structure from associations of gene expression measurements with microarrays. Bioinformatics, 2003. 19(9): p. 1147-1152.</entry>
<entry level="1" type="bullet">

Cover, T.M. and J.A. Thomas, Elements of Information Theory. 1st ed. 1991, New York: John Wiley &amp; Sons.</entry>
<entry level="1" type="bullet">

Daub, C.O., et al. (2004) Estimating mutual information using B-spline functions - an improved similarity measure for analysing gene expression data. BMC Bioinformatics Volume,  DOI: 10.1186/1471-2105-5-118</entry>
<entry level="1" type="bullet">

de Jong, H., Modeling and simulation of genetic regulatory systems: a literature review. J Comput Biol, 2002. 9(1): p. 67-103.</entry>
<entry level="1" type="bullet">

de la Fuente, A., et al., Discovery of meaningful associations in genomic data using partial correlation coefficients. Bioinformatics, 2004. 20(18): p. 3565-3574.</entry>
<entry level="1" type="bullet">

Filkov, V., Identifying Gene Regulatory Networks from Gene Expression Data (chapter 27), in Handbook of Computational Molecular Biology. 2005, Chapman &amp; Hall / CRC.</entry>
<entry level="1" type="bullet">

Hartemink, A.J. Bayesian Network Inference with Java Objects (BANJO).  2005  [BANJO algorithm web site at Duke University]. Available from: http://www.cs.duke.edu/~amink/software/banjo/ </entry>
<entry level="1" type="bullet">

Hartemink, A.J., Reverse engineering gene regulatory networks. Nat. Biotech., 2005. 23(5): p. 554-5.</entry>
</list>
</p>
<p>

<list>
<entry level="1" type="bullet">

Husmeier, D., Sensitivity and specificity of inferring genetic regulatory interactions from microarray experiments with dynamic Bayesian networks. Bioinformatics, 2003. 19(17): p. 2271-2282.</entry>
<entry level="1" type="bullet">

Ideker, T., V. Thorsson, and R.M. Karp. Discovery of regulatory interactions through perturbation: inference and experimental design. in Pacific Symposium on Biocomputing 2000. Hawaii.</entry>
<entry level="1" type="bullet">

Liang, S., S. Fuhrman, and R. Somogyi, REVEAL: a general reverse engineering algorithm for inference of genetic network architectures. Pac. Symp. Biocomput., 1998. 3: p. 18-29.</entry>
<entry level="1" type="bullet">

Margolin, A.A., et al., Reverse engineering cellular networks. Nature Protocols, 2006. 1(2): p. 663-672. (full description of ARACNE algorithm)</entry>
<entry level="1" type="bullet">

Margolin, A.A., et al., ARACNE: an algorithm for the reconstruction of gene regulatory networks in a mammalian cellular context. BMC Bioinformatics, 2006. 7(Suppl1): p. S1-7.</entry>
<entry level="1" type="bullet">

Markowetz, F. A bibliography on learning causal networks of gene interactions (July 31, 2006).[available from: http://www.molgen.mpg.de/~markowet/doc/network-bib.pdf; http://genomics.princeton.edu/~florian/docs/network-bib.pdf]</entry>
<entry level="1" type="bullet">

 Meyer P.E., Kontos K., Lafitte F., Bontempi G. Information-Theoretic Inference of Large Transcriptional Regulatory Networks [available from: http://www.hindawi.com/GetArticle.aspx?doi=10.1155/2007/79879]</entry>
<entry level="1" type="bullet">

Papin, J.A., et al., Reconstruction of cellular signalling networks and analysis of their properties. Nat. Rev. Mol. Cell Biol., 2005. 6(2): p. 99-111.</entry>
<entry level="1" type="bullet">

Pe'er, D., et al., Inferring subnetworks from perturbed expression profiles. Bioinformatics, 2001. 17: p. 215S-224S.</entry>
<entry level="1" type="bullet">

Pe'er, D. Bayesian Network Analysis of Signaling Networks: A Primer. Science STKE 2005 [on-line primer]. Available from: www.stke.org/content/full/sigtrans.</entry>
<entry level="1" type="bullet">

Perrin, B.E., et al., Gene networks inference using dynamic Bayesian networks. Bioinformatics, 2003. 19(S2): p. ii138-ii148.</entry>
<entry level="1" type="bullet">

Sachs, K., et al., Causal protein-signaling networks derived from multiparameter single-cell data. Science, 2005. 308: p. 523-529.</entry>
<entry level="1" type="bullet">

Schadt, E.E., et al., An integrative genomics approach to infer causal associations between gene expressiona and disease. Nat. Genet., 2005. 37(7): p. 710-717.</entry>
<entry level="1" type="bullet">

Segal, E., R. Yelensky, and D. Koller, Genome-wide discovery of transcriptional modules from DNA sequence and gene expression. Bioinformatics, 2003. 19(Suppl1): p. i264-272.</entry>
<entry level="1" type="bullet">

Segal, E., et al., Rich probabilistic models for gene expression. Bioinformatics, 2001. 17(Suppl1): p. S243-252.</entry>
<entry level="1" type="bullet">

Shannon, P., et al., Cytoscape: a software environment for integrated models of biomolecular interaction networks. Genome Res., 2003. 13(11): p. 2498-504.</entry>
<entry level="1" type="bullet">

Singhal, M. and K. Domico, CABIN: Collective Analysis of Biological Interaction Networks. Journal of Computational Biology and Chemistry, (accepted for publication in 2007)</entry>
</list>
</p>
<p>

<list>
<entry level="1" type="bullet">

Taylor, R.C., et al., SEBINI: Software Environment for BIological Network Inference. Bioinformatics, 2006. 21: p. 2706-2708.</entry>
<entry level="1" type="bullet">

Troyanskaya, O.G., et al., A Bayesian framework for combining heterogeneous data sources for gene function prediction (in Saccharomyces cerevisiae). Proc. Natl. Acad. Sci. USA, 2003. 100: p. 8348-8353.</entry>
<entry level="1" type="bullet">

van Someren, E.P., et al., Genetic network modeling. Pharmacogenomics, 2002. 3(4): p. 507-25.</entry>
<entry level="1" type="bullet">

Weaver, D.C., C.T. Workman, and G.D. Stromo, Modeling regulatory networks with weight matrices. Pac. Symp. Biocomput., 1999.</entry>
<entry level="1" type="bullet">

Werhli, A.V., M. Grezegorczyk, and D. Husmeier, Comparative evaluation of reverse engineering gene regulatory networks with relevance networks, graphical gaussian models and bayesian networks. Bioinformatics, 2006. 22(20): p. 2523-2531.</entry>
<entry level="1" type="bullet">

Wessels, L.F., E.P. van Someren, and M.J. Reinders, A comparison of genetic network models. Pac. Symp. Biocomput., 2001.</entry>
<entry level="1" type="bullet">

Yu, H., et al., Advances to bayesian network inference for generating causal networks form observational biological data. Bioinformatics, 2004. 20: p. 3594-3603.</entry>
<entry level="1" type="bullet">

Zhao, W., E. Serpedin, and E.R. Dougherty, Inferring gene regulatory networks from time series data using the minimum description length principle. Bioinformatics, 2006. 22(17): p. 2129-35.</entry>
<entry level="1" type="bullet">

Zhou, X., et al., A Bayesian connectivity-based approach to constructing probabilistic gene regulatory networks. Bioinformatics, 2004. 20(17): p. 2918-27.</entry>
<entry level="1" type="bullet">

Zou, M. and S.D. Conzen, A new dynamic Bayesian network (DBN) approach for identifying gene regulatory networks from time course data. Bioinformatics, 2005. 21(1): p. 71-79.</entry>
</list>
</p>

</sec>
</bdy>
</entity>
</article>
