<?xml version="1.0" encoding="UTF-8"?>
<!-- generated by CLiX/Wiki2XML [MPI-Inf, MMCI@UdS] $LastChangedRevision: 92 $ on 17.04.2009 00:21:21[mciao0825] -->
<!DOCTYPE article SYSTEM "../article.dtd">
<article xmlns:xlink="http://www.w3.org/1999/xlink">
<hospital  confidence="0.9508927676800064" wordnetid="103540595">
<header>
<title>Harbor-UCLA Medical Center</title>
<id>10588771</id>
<revision>
<id>221921906</id>
<timestamp>2008-06-26T18:19:53Z</timestamp>
<contributor>
<username>SmackBot</username>
<id>433328</id>
</contributor>
</revision>
<categories>
<category>Hospitals in California</category>
<category>University of California, Los Angeles</category>
</categories>
</header>
<bdy>
<template>
<name>Infobox Hospital</name>
<parameters>
<Beds>
570</Beds>
<Website>
http://harbor-ucla.org/</Website>
<Logo>
Harbor-UCLA Medical Center logo.gif</Logo>
<HealthCare>
County, Public</HealthCare>
<Type>
Teaching</Type>
<Country>
US</Country>
<Affiliation>
University of California, Los Angeles</Affiliation>
<Name>
Harbor-UCLA Medical Center</Name>
<Emergency>
I</Emergency>
<Region>
<village wordnetid="108672738" confidence="0.9508927676800064">
<link xlink:type="simple" xlink:href="../690/107690.xml">
Torrance</link></village>
</Region>
<State>
California</State>
<Founded>
1946</Founded>
</parameters>
</template>

<p>

<b>Harbor-UCLA Medical Center</b> is a <link xlink:type="simple" xlink:href="../221/18994221.xml">
hospital</link> located within the city of <village wordnetid="108672738" confidence="0.9508927676800064">
<link xlink:type="simple" xlink:href="../690/107690.xml">
Torrance</link></village>
, <country wordnetid="108544813" confidence="0.9508927676800064">
<link xlink:type="simple" xlink:href="../407/5407.xml">
California</link></country>
, <body wordnetid="107965085" confidence="0.8">
<social_group wordnetid="107950920" confidence="0.8">
<political_orientation wordnetid="106212839" confidence="0.8">
<colony wordnetid="108374049" confidence="0.8">
<state wordnetid="108168978" confidence="0.8">
<political_unit wordnetid="108359949" confidence="0.8">
<group wordnetid="100031264" confidence="0.8">
<democracy wordnetid="106217103" confidence="0.8">
<link xlink:type="simple" xlink:href="../750/3434750.xml">
USA</link></democracy>
</group>
</political_unit>
</state>
</colony>
</political_orientation>
</social_group>
</body>
.  The hospital was founded in 1946, and is funded by <county wordnetid="108546183" confidence="0.9508927676800064">
<link xlink:type="simple" xlink:href="../734/79734.xml">
Los Angeles County</link></county>
.</p>
<p>

Harbor-UCLA serves as the <link xlink:type="simple" xlink:href="../790/286790.xml">
Level I Trauma Center</link> for the South Bay area.
<list>
<entry level="1" type="bullet">

 <b>Mission</b> – "The mission of Harbor-UCLA Medical Center is to provide high quality, cost-effective, patient-centered care through leadership in medical practice, education, and research.  Services are provided through an integrated health care system to residents of Los Angeles County regardless of ability to pay."</entry>
</list>
</p>
<p>

In the 1970s, Harbor-UCLA portrayed <it>Rampart General Hospital</it> in the popular TV series <it><series wordnetid="108457976" confidence="0.9508927676800064">
<link xlink:type="simple" xlink:href="../103/191103.xml">
Emergency!</link></series>
</it>.</p>

<sec>
<st>
History</st>
<p>

Started as an Army medical facility for the Pacific front during World War II, the County of Los Angeles acquired the facility at the end of the war. The present building was constructed in 1962 to replace some of the barracks and cottages that were used to house the hospital.  <link xlink:type="simple" xlink:href="../443/4793443.xml">
UCLA School of Medicine</link> began its affiliation in 1951 and the <link xlink:type="simple" xlink:href="../291/2742291.xml">
School of Dentistry </link> followed in 1971.
It also was Rampart General is the 70's hit TV show "Emergency!"</p>

</sec>
<sec>
<st>
See also</st>
<p>

<list>
<entry level="1" type="bullet">

<hospital wordnetid="103540595" confidence="0.9508927676800064">
<link xlink:type="simple" xlink:href="../986/10588986.xml">
Olive View-UCLA Medical Center</link></hospital>
</entry>
<entry level="1" type="bullet">

<hospital wordnetid="103540595" confidence="0.9508927676800064">
<link xlink:type="simple" xlink:href="../011/10072011.xml">
Santa Monica-UCLA Medical Center</link></hospital>
</entry>
<entry level="1" type="bullet">

<link xlink:type="simple" xlink:href="../738/1185738.xml">
UCLA Medical Center</link></entry>
</list>
</p>

</sec>
<sec>
<st>
External links</st>
<p>

<list>
<entry level="1" type="bullet">

<weblink xlink:type="simple" xlink:href="http://harbor-ucla.org/">
LADHS Harbor-UCLA Medical Center Website</weblink></entry>
<entry level="1" type="bullet">

<weblink xlink:type="simple" xlink:href="http://harbor-ucla.org/">
Harbor-UCLA Medical Center Residency Training Programs</weblink></entry>
</list>
</p>


</sec>
<sec>
<st>
References</st>
<p>


</p>





<p>

<table style=";" class="navbox" cellspacing="0">
<row>
<col style="padding:2px;">
<table style="width:100%;background:transparent;color:inherit;;" class="nowraplinks collapsible expanded " cellspacing="0">
<row>
<header colspan="3" style=";background:#536895;color:#FFB300;" class="navbox-title">
<university wordnetid="108286163" confidence="0.9508927676800064">
<ranking wordnetid="114429484" confidence="0.9508927676800064">
<link xlink:type="simple" xlink:href="../765/37765.xml">
University of California, Los Angeles</link></ranking>
</university>
<village wordnetid="108672738" confidence="0.9508927676800064">
<link xlink:type="simple" xlink:href="../110/18110.xml">
Los Angeles, California</link></village>
</header>
</row>
<row style="height:2px;">

</row>
<row>
<col style="width:0%;padding:0px 2px 0px 0px;" rowspan="7">
<image width="65px" src="Powell_cropped.JPG">
</image>
</col>
<col style=";text-align:center;background:transparent;color:#AAAAAA;;" class="navbox-group">
Academics</col>
<col style="text-align:left;border-left:2px solid #fdfdfd;width:100%;padding:0px;text-align:center;;;" class="navbox-list navbox-odd">
<link xlink:type="simple" xlink:href="../610/13336610.xml">
UCLA College of Letters and Science</link>&nbsp;· <link xlink:type="simple" xlink:href="../052/17321052.xml">
Henry Samueli School of Engineering and Applied Science</link>&nbsp;· <university wordnetid="108286163" confidence="0.9508927676800064">
<link xlink:type="simple" xlink:href="../246/2976246.xml">
Anderson School of Management</link></university>
&nbsp;· <link xlink:type="simple" xlink:href="../443/4793443.xml">
David Geffen School of Medicine</link>&nbsp;· <link xlink:type="simple" xlink:href="../844/1370844.xml">
Graduate School of Education and Information Studies</link>&nbsp;· <link xlink:type="simple" xlink:href="../291/2742291.xml">
School of Dentistry</link>&nbsp;· <law_school wordnetid="108283051" confidence="0.9508927676800064">
<link xlink:type="simple" xlink:href="../104/1975104.xml">
School of Law</link></law_school>
&nbsp;· <university wordnetid="108286163" confidence="0.9508927676800064">
<link xlink:type="simple" xlink:href="../518/10135518.xml">
School of Nursing</link></university>
&nbsp;· <university wordnetid="108286163" confidence="0.9508927676800064">
<link xlink:type="simple" xlink:href="../068/10137068.xml">
School of Public Affairs</link></university>
&nbsp;· <university wordnetid="108286163" confidence="0.9508927676800064">
<link xlink:type="simple" xlink:href="../909/10120909.xml">
School of Public Health</link></university>
&nbsp;· <link xlink:type="simple" xlink:href="../190/19185190.xml">
UCLA School of the Arts and Architecture (UCLA Arts)</link>&nbsp;· <link xlink:type="simple" xlink:href="../786/1846786.xml">
School of Theater, Film &amp; Television</link></col>
</row>
<row style="height:2px">

</row>
<row>
<col style=";text-align:center;background:transparent;color:#AAAAAA;;" class="navbox-group">
Knowledge</col>
<col style="text-align:left;border-left:2px solid #fdfdfd;width:100%;padding:0px;text-align:center;;;" class="navbox-list navbox-even">
<library wordnetid="103660909" confidence="0.9508927676800064">
<link xlink:type="simple" xlink:href="../501/8405501.xml">
Library</link></library>
&nbsp;· <artifact wordnetid="100021939" confidence="0.8">
<facility wordnetid="103315023" confidence="0.8">
<depository wordnetid="103177349" confidence="0.8">
<museum wordnetid="103800563" confidence="0.8">
<link xlink:type="simple" xlink:href="../281/6060281.xml">
Fowler Museum of Cultural History</link></museum>
</depository>
</facility>
</artifact>
&nbsp;· <museum wordnetid="103800563" confidence="0.9508927676800064">
<link xlink:type="simple" xlink:href="../275/733275.xml">
Hammer Museum</link></museum>
&nbsp;· <library wordnetid="103660909" confidence="0.9508927676800064">
<link xlink:type="simple" xlink:href="../669/3971669.xml">
William Andrews Clark Memorial Library</link></library>
&nbsp;· <link xlink:type="simple" xlink:href="../459/2162459.xml">
Phonological Segment Inventory Database</link>&nbsp;· <link xlink:type="simple" xlink:href="../065/6789065.xml">
Chicano Studies Research Center</link>&nbsp;· <institution wordnetid="108053576" confidence="0.8">
<link xlink:type="simple" xlink:href="../307/799307.xml">
Center for Embedded Network Sensing</link></institution>
&nbsp;· <link xlink:type="simple" xlink:href="../206/7156206.xml">
Language Materials Project</link>&nbsp;· <link xlink:type="simple" xlink:href="../828/5042828.xml">
Film and Television Archive</link>&nbsp;· <link xlink:type="simple" xlink:href="../738/1185738.xml">
UCLA Medical Center</link></col>
</row>
<row style="height:2px">

</row>
<row>
<col style=";text-align:center;background:transparent;color:#AAAAAA;;" class="navbox-group">
Athletics</col>
<col style="text-align:left;border-left:2px solid #fdfdfd;width:100%;padding:0px;text-align:center;;;" class="navbox-list navbox-odd">
<sport wordnetid="100523513" confidence="0.9508927676800064">
<link xlink:type="simple" xlink:href="../075/3213075.xml">
UCLA Bruins</link></sport>
&nbsp;· <region wordnetid="108630985" confidence="0.8">
<area wordnetid="108497294" confidence="0.8">
<location wordnetid="100027167" confidence="0.8">
<scene wordnetid="108645963" confidence="0.8">
<venue wordnetid="108677628" confidence="0.8">
<link xlink:type="simple" xlink:href="../139/7557139.xml">
Drake Stadium</link></venue>
</scene>
</location>
</area>
</region>
&nbsp;· <region wordnetid="108630985" confidence="0.8">
<area wordnetid="108497294" confidence="0.8">
<location wordnetid="100027167" confidence="0.8">
<scene wordnetid="108645963" confidence="0.8">
<venue wordnetid="108677628" confidence="0.8">
<link xlink:type="simple" xlink:href="../992/753992.xml">
Pauley Pavilion</link></venue>
</scene>
</location>
</area>
</region>
&nbsp;· <region wordnetid="108630985" confidence="0.8">
<position wordnetid="108621598" confidence="0.8">
<point wordnetid="108620061" confidence="0.8">
<landmark wordnetid="108624891" confidence="0.8">
<area wordnetid="108497294" confidence="0.8">
<location wordnetid="100027167" confidence="0.8">
<scene wordnetid="108645963" confidence="0.8">
<venue wordnetid="108677628" confidence="0.8">
<link xlink:type="simple" xlink:href="../500/1217500.xml">
Rose Bowl</link></venue>
</scene>
</location>
</area>
</landmark>
</point>
</position>
</region>
&nbsp;· <region wordnetid="108630985" confidence="0.8">
<area wordnetid="108497294" confidence="0.8">
<location wordnetid="100027167" confidence="0.8">
<scene wordnetid="108645963" confidence="0.8">
<venue wordnetid="108677628" confidence="0.8">
<link xlink:type="simple" xlink:href="../161/15924161.xml">
LA Tennis Center</link></venue>
</scene>
</location>
</area>
</region>
&nbsp;· <link xlink:type="simple" xlink:href="../763/1205763.xml">
UCLA Band</link>&nbsp;· <group_action wordnetid="101080366" confidence="0.8">
<diversion wordnetid="100426928" confidence="0.8">
<event wordnetid="100029378" confidence="0.8">
<sport wordnetid="100523513" confidence="0.8">
<act wordnetid="100030358" confidence="0.8">
<psychological_feature wordnetid="100023100" confidence="0.8">
<activity wordnetid="100407535" confidence="0.8">
<competition wordnetid="101168569" confidence="0.8">
<link xlink:type="simple" xlink:href="../597/7970597.xml">
UCLA-USC rivalry</link></competition>
</activity>
</psychological_feature>
</act>
</sport>
</event>
</diversion>
</group_action>
&nbsp;· <link xlink:type="simple" xlink:href="../238/5885238.xml">
Football</link>&nbsp;· <team wordnetid="108208560" confidence="0.9508927676800064">
<link xlink:type="simple" xlink:href="../093/9728093.xml">
Men's Basketball</link></team>
&nbsp;· <region wordnetid="108630985" confidence="0.8">
<area wordnetid="108497294" confidence="0.8">
<location wordnetid="100027167" confidence="0.8">
<scene wordnetid="108645963" confidence="0.8">
<venue wordnetid="108677628" confidence="0.8">
<link xlink:type="simple" xlink:href="../959/8482959.xml">
Baseball</link></venue>
</scene>
</location>
</area>
</region>
&nbsp;· <physical_entity wordnetid="100001930" confidence="0.8">
<person wordnetid="100007846" confidence="0.8">
<player wordnetid="110439851" confidence="0.8">
<contestant wordnetid="109613191" confidence="0.8">
<coach wordnetid="109931640" confidence="0.8">
<intellectual wordnetid="109621545" confidence="0.8">
<trainer wordnetid="110722575" confidence="0.8">
<communicator wordnetid="109610660" confidence="0.8">
<leader wordnetid="109623038" confidence="0.8">
<alumnus wordnetid="109786338" confidence="0.8">
<causal_agent wordnetid="100007347" confidence="0.8">
<writer wordnetid="110794014" confidence="0.8">
<scholar wordnetid="110557854" confidence="0.8">
<link xlink:type="simple" xlink:href="../605/505605.xml">
John Wooden</link></scholar>
</writer>
</causal_agent>
</alumnus>
</leader>
</communicator>
</trainer>
</intellectual>
</coach>
</contestant>
</player>
</person>
</physical_entity>
&nbsp;· <music wordnetid="107020895" confidence="0.8">
<song wordnetid="107048000" confidence="0.8">
<auditory_communication wordnetid="107109019" confidence="0.8">
<musical_composition wordnetid="107037465" confidence="0.8">
<link xlink:type="simple" xlink:href="../934/4451934.xml">
Hail to the Hills of Westwood</link></musical_composition>
</auditory_communication>
</song>
</music>
&nbsp;· <music wordnetid="107020895" confidence="0.8">
<song wordnetid="107048000" confidence="0.8">
<auditory_communication wordnetid="107109019" confidence="0.8">
<musical_composition wordnetid="107037465" confidence="0.8">
<link xlink:type="simple" xlink:href="../383/2659383.xml">
Sons of Westwood</link></musical_composition>
</auditory_communication>
</song>
</music>
&nbsp;· <music wordnetid="107020895" confidence="0.8">
<song wordnetid="107048000" confidence="0.8">
<auditory_communication wordnetid="107109019" confidence="0.8">
<musical_composition wordnetid="107037465" confidence="0.8">
<link xlink:type="simple" xlink:href="../530/2204530.xml">
Mighty Bruins</link></musical_composition>
</auditory_communication>
</song>
</music>
</col>
</row>
<row style="height:2px">

</row>
<row>
<col style=";text-align:center;background:transparent;color:#AAAAAA;;" class="navbox-group">
Life</col>
<col style="text-align:left;border-left:2px solid #fdfdfd;width:100%;padding:0px;text-align:center;;;" class="navbox-list navbox-even">
<link xlink:type="simple" xlink:href="../281/11286281.xml">
Housing</link>&nbsp;· <newspaper wordnetid="106267145" confidence="0.9508927676800064">
<link xlink:type="simple" xlink:href="../894/2777894.xml">
Daily Bruin</link></newspaper>
&nbsp;· <region wordnetid="108630985" confidence="0.8">
<vicinity wordnetid="108641113" confidence="0.8">
<area wordnetid="108497294" confidence="0.8">
<location wordnetid="100027167" confidence="0.8">
<section wordnetid="108648322" confidence="0.8">
<link xlink:type="simple" xlink:href="../370/8002370.xml">
Westwood Village</link></section>
</location>
</area>
</vicinity>
</region>
&nbsp;· <link xlink:type="simple" xlink:href="../174/15549174.xml">
Dance Marathon at UCLA</link>&nbsp;· <link xlink:type="simple" xlink:href="../759/8611759.xml">
Spring Sing</link></col>
</row>
</table>
</col>
</row>
</table>
</p>


<p>

<table style=";" class="navbox" cellspacing="0">
<row>
<col style="padding:2px;">
<table style="width:100%;background:transparent;color:inherit;;" class="nowraplinks collapsible autocollapse " cellspacing="0">
<row>
<header colspan="3" style=";background:Green;color:#F2d1d3;" class="navbox-title">
<county wordnetid="108546183" confidence="0.9508927676800064">
<link xlink:type="simple" xlink:href="../734/79734.xml">
 County of Los Angeles</link></county>
</header>
</row>
<row style="height:2px;">

</row>
<row>
<col style=";text-align:center;background:#AAAAAA;;" class="navbox-group">
<link xlink:type="simple" xlink:href="../427/1007427.xml">
Board of Supervisors</link></col>
<col style="text-align:left;border-left:2px solid #fdfdfd;width:100%;padding:0px;text-align:center;;;" class="navbox-list navbox-odd">
<politician wordnetid="110451263" confidence="0.9508927676800064">
<link xlink:type="simple" xlink:href="../884/1007884.xml">
Gloria Molina, 1st Dist.</link></politician>
&nbsp;· <person wordnetid="100007846" confidence="0.9508927676800064">
<link xlink:type="simple" xlink:href="../804/1259804.xml">
Yvonne Brathwaite Burke, 2nd Dist.</link></person>
&nbsp;· <politician wordnetid="110451263" confidence="0.9508927676800064">
<link xlink:type="simple" xlink:href="../173/3047173.xml">
Zev Yaroslavsky, 3rd Dist.</link></politician>
&nbsp;· <physical_entity wordnetid="100001930" confidence="0.8">
<politician wordnetid="110451263" confidence="0.8">
<person wordnetid="100007846" confidence="0.8">
<leader wordnetid="109623038" confidence="0.8">
<causal_agent wordnetid="100007347" confidence="0.8">
<link xlink:type="simple" xlink:href="../087/5610087.xml">
Don Knabe, 4th Dist.</link></causal_agent>
</leader>
</person>
</politician>
</physical_entity>
&nbsp;· <politician wordnetid="110451263" confidence="0.9508927676800064">
<link xlink:type="simple" xlink:href="../708/5609708.xml">
Michael D. Antonovich, 5th Dist.</link></politician>
</col>
<col style="width:0%;padding:0px 0px 0px 2px;" rowspan="5">
<image width="100px" src="California_County_of_Los_Angeles.png">
<caption>

A very basic map of Los Angeles County
</caption>
</image>
</col>
</row>
<row style="height:2px">

</row>
<row>
<col style=";text-align:center;background:#AAAAAA;;" class="navbox-group">
Departments</col>
<col style="text-align:left;border-left:2px solid #fdfdfd;width:100%;padding:0px;text-align:center;;;" class="navbox-list navbox-even">
<physical_entity wordnetid="100001930" confidence="0.8">
<executive wordnetid="110069645" confidence="0.8">
<person wordnetid="100007846" confidence="0.8">
<leader wordnetid="109623038" confidence="0.8">
<administrator wordnetid="109770949" confidence="0.8">
<causal_agent wordnetid="100007347" confidence="0.8">
<head wordnetid="110162991" confidence="0.8">
<link xlink:type="simple" xlink:href="../757/14458757.xml">
CEO</link></head>
</causal_agent>
</administrator>
</leader>
</person>
</executive>
</physical_entity>
&nbsp;· <link xlink:type="simple" xlink:href="../091/3999091.xml">
Coroner</link>&nbsp;· <link xlink:type="simple" xlink:href="../685/2209685.xml">
District Attorney</link>&nbsp;· <division wordnetid="108220714" confidence="0.8">
<administrative_unit wordnetid="108077292" confidence="0.8">
<government_department wordnetid="108119821" confidence="0.8">
<department wordnetid="108114861" confidence="0.8">
<fire_department wordnetid="108121117" confidence="0.8">
<local_department wordnetid="108120384" confidence="0.8">
<link xlink:type="simple" xlink:href="../063/2202063.xml">
Fire</link></local_department>
</fire_department>
</department>
</government_department>
</administrative_unit>
</division>
&nbsp;· <system wordnetid="108435388" confidence="0.8">
<group wordnetid="100031264" confidence="0.8">
<network wordnetid="108434259" confidence="0.8">
<link xlink:type="simple" xlink:href="../495/4339495.xml">
Health Services</link></network>
</group>
</system>
&nbsp;· <division wordnetid="108220714" confidence="0.8">
<administrative_unit wordnetid="108077292" confidence="0.8">
<department wordnetid="108114861" confidence="0.8">
<link xlink:type="simple" xlink:href="../290/10576290.xml">
Probation</link></department>
</administrative_unit>
</division>
&nbsp;· <library wordnetid="103660909" confidence="0.9508927676800064">
<link xlink:type="simple" xlink:href="../557/2101557.xml">
Public Library</link></library>
&nbsp;· <division wordnetid="108220714" confidence="0.8">
<administrative_unit wordnetid="108077292" confidence="0.8">
<department wordnetid="108114861" confidence="0.8">
<link xlink:type="simple" xlink:href="../592/5105592.xml">
Public Safety</link></department>
</administrative_unit>
</division>
&nbsp;· <link xlink:type="simple" xlink:href="../492/2582492.xml">
Public Works</link>&nbsp;· <law_enforcement_agency wordnetid="108348815" confidence="0.9508927676800064">
<link xlink:type="simple" xlink:href="../083/359083.xml">
Sheriff's</link></law_enforcement_agency>
</col>
</row>
<row style="height:2px">

</row>
<row>
<col style=";text-align:center;background:#AAAAAA;;" class="navbox-group">
Others</col>
<col style="text-align:left;border-left:2px solid #fdfdfd;width:100%;padding:0px;text-align:center;;;" class="navbox-list navbox-odd">
<link>
Arboretum and Botanic Garden</link>&nbsp;· <artifact wordnetid="100021939" confidence="0.8">
<facility wordnetid="103315023" confidence="0.8">
<arboretum wordnetid="102733075" confidence="0.8">
<link xlink:type="simple" xlink:href="../014/747014.xml">
Descanso Gardens</link></arboretum>
</facility>
</artifact>
&nbsp;· <hospital wordnetid="103540595" confidence="0.9508927676800064">
<link xlink:type="simple" xlink:href="../771/10588771.xml">
Harbor-UCLA Medical Center</link></hospital>
&nbsp;· <site wordnetid="108651247" confidence="0.8">
<region wordnetid="108630985" confidence="0.8">
<position wordnetid="108621598" confidence="0.8">
<point wordnetid="108620061" confidence="0.8">
<landmark wordnetid="108624891" confidence="0.8">
<location wordnetid="100027167" confidence="0.8">
<tract wordnetid="108673395" confidence="0.8">
<geographical_area wordnetid="108574314" confidence="0.8">
<link xlink:type="simple" xlink:href="../509/298509.xml">
La Brea Tar Pits</link></geographical_area>
</tract>
</location>
</landmark>
</point>
</position>
</region>
</site>
 &nbsp;· <hospital wordnetid="103540595" confidence="0.9508927676800064">
<link xlink:type="simple" xlink:href="../390/1338390.xml">
LAC-USC General Hospital</link></hospital>
&nbsp;· <link>
LAC Sheriff's Air Rescue 5</link>&nbsp;· <public_transit wordnetid="104018951" confidence="0.9508927676800064">
<link xlink:type="simple" xlink:href="../028/359028.xml">
LACMTA</link></public_transit>
&nbsp;· <link>
Martin L. King Jr.-Harbor Hospital</link>&nbsp;· <link>
Museum of Art</link>&nbsp;· <region wordnetid="108630985" confidence="0.8">
<position wordnetid="108621598" confidence="0.8">
<center wordnetid="108523483" confidence="0.8">
<point wordnetid="108620061" confidence="0.8">
<landmark wordnetid="108624891" confidence="0.8">
<area wordnetid="108497294" confidence="0.8">
<location wordnetid="100027167" confidence="0.8">
<link xlink:type="simple" xlink:href="../584/481584.xml">
Music Center</link></location>
</area>
</landmark>
</point>
</center>
</position>
</region>
&nbsp;· <museum wordnetid="103800563" confidence="0.9508927676800064">
<link xlink:type="simple" xlink:href="../864/2171864.xml">
Natural History Museum</link></museum>
&nbsp;· <hospital wordnetid="103540595" confidence="0.9508927676800064">
<link xlink:type="simple" xlink:href="../986/10588986.xml">
Olive View-UCLA Medical Center</link></hospital>
&nbsp;· <link xlink:type="simple" xlink:href="../206/3556206.xml">
Seal</link>&nbsp;· <artifact wordnetid="100021939" confidence="0.8">
<facility wordnetid="103315023" confidence="0.8">
<arboretum wordnetid="102733075" confidence="0.8">
<link xlink:type="simple" xlink:href="../727/1672727.xml">
South Coast Botanic Garden</link></arboretum>
</facility>
</artifact>
&nbsp;· <link>
Sheriff's Dept. Officers Killed in Line of Duty</link>&nbsp;· <link xlink:type="simple" xlink:href="../729/2909729.xml">
Whittier Narrows</link></col>
</row>
</table>
</col>
</row>
</table>
</p>

</sec>
</bdy>
</hospital>
</article>
