<?xml version="1.0" encoding="UTF-8"?>
<!-- generated by CLiX/Wiki2XML [MPI-Inf, MMCI@UdS] $LastChangedRevision: 92 $ on 16.04.2009 15:59:10[mciao0826] -->
<!DOCTYPE article SYSTEM "../article.dtd">
<article xmlns:xlink="http://www.w3.org/1999/xlink">
<service  confidence="0.9511911446218017" wordnetid="100577525">
<header>
<title>Index fund</title>
<id>106012</id>
<revision>
<id>244441212</id>
<timestamp>2008-10-10T20:35:45Z</timestamp>
<contributor>
<username>Keithbob</username>
<id>7730353</id>
</contributor>
</revision>
<categories>
<category>Funds</category>
<category>Financial services</category>
<category>Investment</category>
</categories>
</header>
<bdy>

An <b>index fund</b> or index tracker is a <link xlink:type="simple" xlink:href="../066/3061066.xml">
collective investment scheme</link> (usually a <link xlink:type="simple" xlink:href="../597/226597.xml">
mutual fund</link> or <link xlink:type="simple" xlink:href="../170/538170.xml">
exchange-traded fund</link>) that aims to replicate the movements of an <link xlink:type="simple" xlink:href="../423/47423.xml">
index</link> of a specific financial market, or a set of rules of ownership that are held constant, regardless of market conditions.<p>

Tracking can be achieved by trying to hold all of the <link xlink:type="simple" xlink:href="../162/42162.xml">
securities</link> in the index, in the same proportions as the index.  Other methods include statistically sampling the market and holding "representative" securities.  Many index funds rely on a computer model with little or no human input in the decision as to which securities are purchased or sold and is therefore a form of <link xlink:type="simple" xlink:href="../118/24118.xml">
passive management</link>.  </p>
<p>

The lack of <link xlink:type="simple" xlink:href="../570/1645570.xml">
active management</link> (stock picking and market timing) usually gives the advantage of lower fees and lower taxes in taxable accounts. However, the fees will generally reduce the return to the investor relative to the index.  In addition it is usually impossible to precisely mirror the index as the models for sampling and mirroring, by their nature, cannot be 100% accurate.  The difference between the index performance and the fund performance is known as the 'tracking error' or informally 'jitter'.</p>
<p>

Index funds are available from many <link xlink:type="simple" xlink:href="../851/1557851.xml">
investment manager</link>s.  Some common indices include the <message wordnetid="106598915" confidence="0.8">
<information wordnetid="106634376" confidence="0.8">
<index wordnetid="106639674" confidence="0.8">
<fact wordnetid="106636259" confidence="0.8">
<stock_index wordnetid="106641924" confidence="0.8">
<link xlink:type="simple" xlink:href="../992/170992.xml">
S&amp;P 500</link></stock_index>
</fact>
</index>
</information>
</message>
, the <message wordnetid="106598915" confidence="0.8">
<information wordnetid="106634376" confidence="0.8">
<index wordnetid="106639674" confidence="0.8">
<fact wordnetid="106636259" confidence="0.8">
<stock_index wordnetid="106641924" confidence="0.8">
<link xlink:type="simple" xlink:href="../646/1039646.xml">
Wilshire 5000</link></stock_index>
</fact>
</index>
</information>
</message>
, the <link xlink:type="simple" xlink:href="../717/497717.xml">
FTSE 100</link> and the <message wordnetid="106598915" confidence="0.8">
<information wordnetid="106634376" confidence="0.8">
<index wordnetid="106639674" confidence="0.8">
<fact wordnetid="106636259" confidence="0.8">
<stock_index wordnetid="106641924" confidence="0.8">
<link xlink:type="simple" xlink:href="../859/3266859.xml">
FTSE All-Share Index</link></stock_index>
</fact>
</index>
</information>
</message>
.  Less common indexes come from academics like <scientist wordnetid="110560637" confidence="0.9508927676800064">
<link xlink:type="simple" xlink:href="../227/301227.xml">
Eugene Fama</link></scientist>
 and <physical_entity wordnetid="100001930" confidence="0.8">
<economist wordnetid="110043643" confidence="0.8">
<person wordnetid="100007846" confidence="0.8">
<intellectual wordnetid="109621545" confidence="0.8">
<alumnus wordnetid="109786338" confidence="0.8">
<social_scientist wordnetid="110619642" confidence="0.8">
<causal_agent wordnetid="100007347" confidence="0.8">
<scientist wordnetid="110560637" confidence="0.8">
<scholar wordnetid="110557854" confidence="0.8">
<link xlink:type="simple" xlink:href="../877/2667877.xml">
Kenneth French</link></scholar>
</scientist>
</causal_agent>
</social_scientist>
</alumnus>
</intellectual>
</person>
</economist>
</physical_entity>
, who created "research indexes" in order to develop asset pricing models, such as their Three Factor Model. The <scientist wordnetid="110560637" confidence="0.9508927676800064">
<link xlink:type="simple" xlink:href="../227/301227.xml#xpointer(//*[./st=%22Fama+and+French+Three+Factor+Model%22])">
Fama French Three Factor model</link></scientist>
 is used by <company wordnetid="108058098" confidence="0.9508927676800064">
<link xlink:type="simple" xlink:href="../780/10753780.xml">
Dimensional Fund Advisors</link></company>
 to design their index funds. <link xlink:type="simple" xlink:href="../899/8841899.xml">
Robert Arnott</link> and Professor <physical_entity wordnetid="100001930" confidence="0.8">
<economist wordnetid="110043643" confidence="0.8">
<person wordnetid="100007846" confidence="0.8">
<social_scientist wordnetid="110619642" confidence="0.8">
<causal_agent wordnetid="100007347" confidence="0.8">
<scientist wordnetid="110560637" confidence="0.8">
<link xlink:type="simple" xlink:href="../270/2409270.xml">
Jeremy Siegel</link></scientist>
</causal_agent>
</social_scientist>
</person>
</economist>
</physical_entity>
 have also created new competing <link xlink:type="simple" xlink:href="../700/8842700.xml">
fundamentally based indexes</link> based on such criteria as <link xlink:type="simple" xlink:href="../930/41930.xml">
dividends</link>, <link xlink:type="simple" xlink:href="../037/15037.xml">
earnings</link>, <link xlink:type="simple" xlink:href="../292/265292.xml">
book value</link>, and <link xlink:type="simple" xlink:href="../698/155698.xml">
sales</link>. Companies such as the Dow Jones publish a variety of global indexes as well, with index data online <weblink xlink:type="simple" xlink:href="http://www.djindexes.com">
http://www.djindexes.com</weblink>.</p>

<sec>
<st>
Origins of the index fund</st>
<p>

In 1973, <physical_entity wordnetid="100001930" confidence="0.8">
<economist wordnetid="110043643" confidence="0.8">
<person wordnetid="100007846" confidence="0.8">
<intellectual wordnetid="109621545" confidence="0.8">
<alumnus wordnetid="109786338" confidence="0.8">
<social_scientist wordnetid="110619642" confidence="0.8">
<causal_agent wordnetid="100007347" confidence="0.8">
<scientist wordnetid="110560637" confidence="0.8">
<scholar wordnetid="110557854" confidence="0.8">
<link xlink:type="simple" xlink:href="../839/695839.xml">
Burton Malkiel</link></scholar>
</scientist>
</causal_agent>
</social_scientist>
</alumnus>
</intellectual>
</person>
</economist>
</physical_entity>
 published his book <it><book wordnetid="106410904" confidence="0.9508927676800064">
<link xlink:type="simple" xlink:href="../408/5715408.xml">
A Random Walk Down Wall Street</link></book>
</it>, which presented academic findings for the lay public. It was becoming well-known in the lay financial press that most mutual funds were not beating the market indices, to which the standard reply was made "of course, you can't buy an index." Malkiel said, "It's time the public can."</p>
<p>

<physical_entity wordnetid="100001930" confidence="0.8">
<person wordnetid="100007846" confidence="0.8">
<intellectual wordnetid="109621545" confidence="0.8">
<alumnus wordnetid="109786338" confidence="0.8">
<causal_agent wordnetid="100007347" confidence="0.8">
<scholar wordnetid="110557854" confidence="0.8">
<link xlink:type="simple" xlink:href="../795/1542795.xml">
John Bogle</link></scholar>
</causal_agent>
</alumnus>
</intellectual>
</person>
</physical_entity>
 graduated from <university wordnetid="108286163" confidence="0.9508927676800064">
<link xlink:type="simple" xlink:href="../922/23922.xml">
Princeton University</link></university>
 in 1951, where his senior thesis was titled: "Mutual Funds can make no claims to superiority over the Market Averages." Bogle wrote that his inspiration for starting an index fund came from three sources, all of which confirmed his 1951 research: <person wordnetid="100007846" confidence="0.9508927676800064">
<scientist wordnetid="110560637" confidence="0.9508927676800064">
<link xlink:type="simple" xlink:href="../669/216669.xml">
Paul Samuelson</link></scientist>
</person>
's 1974 paper, "Challenge to Judgment", <physical_entity wordnetid="100001930" confidence="0.8">
<person wordnetid="100007846" confidence="0.8">
<player wordnetid="110439851" confidence="0.8">
<contestant wordnetid="109613191" confidence="0.8">
<causal_agent wordnetid="100007347" confidence="0.8">
<link xlink:type="simple" xlink:href="../791/11940791.xml">
Charles Ellis</link></causal_agent>
</contestant>
</player>
</person>
</physical_entity>
' 1975 study, "<link>
The Loser's Game</link>," and Al Ehrbar's 1975 <it>Fortune</it> magazine article on indexing. Bogle founded <company wordnetid="108058098" confidence="0.9508927676800064">
<link xlink:type="simple" xlink:href="../374/692374.xml">
The Vanguard Group</link></company>
 in 1974; it is now the second-largest mutual fund company in the United States as of 2005.</p>
<p>

Bogle started the <it>First Index Investment Trust</it> on <link xlink:type="simple" xlink:href="../204/8204.xml">
December 31</link> <link xlink:type="simple" xlink:href="../752/34752.xml">
1975</link>.  At the time, it was heavily derided by competitors as being "un-American" and the fund itself was seen as "Bogle's folly"<ref xlink:type="simple" xlink:href="#xpointer(//reflist/entry[@id=%221%22])">1</ref>.  <company wordnetid="108058098" confidence="0.9508927676800064">
<link xlink:type="simple" xlink:href="../738/439738.xml">
Fidelity Investments</link></company>
 Chairman Edward Johnson was quoted as saying that he "[couldn't] believe that the great mass of investors are going to be satisfied with receiving just average returns<ref xlink:type="simple" xlink:href="#xpointer(//reflist/entry[@id=%222%22])">2</ref>".  Bogle's fund was later renamed the Vanguard 500 Index Fund, which tracks the <message wordnetid="106598915" confidence="0.8">
<information wordnetid="106634376" confidence="0.8">
<index wordnetid="106639674" confidence="0.8">
<fact wordnetid="106636259" confidence="0.8">
<stock_index wordnetid="106641924" confidence="0.8">
<link xlink:type="simple" xlink:href="../992/170992.xml">
Standard and Poor's 500 Index</link></stock_index>
</fact>
</index>
</information>
</message>
. It started with comparatively meager assets of $11 million but crossed the $100 billion milestone in November 1999; this astonishing increase was funded by the market's increasing willingness to invest in such a product. Bogle predicted in January 1992 that it would very likely surpass the <link xlink:type="simple" xlink:href="../813/3030813.xml">
Magellan Fund</link> before 2001, which it did in 2000.</p>
<p>

<link>
John McQuown</link> and David Booth at <company wordnetid="108058098" confidence="0.9508927676800064">
<link xlink:type="simple" xlink:href="../487/16597487.xml">
Wells Fargo</link></company>
 and <person wordnetid="100007846" confidence="0.9508927676800064">
<link xlink:type="simple" xlink:href="../008/7841008.xml">
Rex Sinquefield</link></person>
 at <link xlink:type="simple" xlink:href="../100/1919100.xml">
American National Bank</link> in Chicago both established the first Standard and Poor's Composite Index Funds in 1973. Both of these funds were established for institutional clients; individual investors were excluded. Wells Fargo started with $5 million from their own pension fund, while Illinois Bell put in $5 million of their pension funds at American National Bank.</p>
<p>

In 1981, David Booth and Rex Sinquefield started <company wordnetid="108058098" confidence="0.9508927676800064">
<link xlink:type="simple" xlink:href="../780/10753780.xml">
Dimensional Fund Advisors</link></company>
 (DFA), many years later McQuown joined its Board of Directors. DFA further developed indexed based investment strategies and currently has $150 billion under management (as of Oct. 2007).</p>
<p>

Wells Fargo sold its indexing operation to Barclay's Bank of London, and it now operates as <company wordnetid="108058098" confidence="0.8">
<institution wordnetid="108053576" confidence="0.8">
<link xlink:type="simple" xlink:href="../255/2178255.xml">
Barclays Global Investors</link></institution>
</company>
; it is one of the world's largest money managers with over $1.5 trillion under management <link xlink:type="simple" xlink:href="../251/891251.xml">
as of 2005</link>.</p>

</sec>
<sec>
<st>
Economic theory</st>
<p>

Economist <scientist wordnetid="110560637" confidence="0.9508927676800064">
<link xlink:type="simple" xlink:href="../227/301227.xml">
Eugene Fama</link></scientist>
 said, "I take the market efficiency hypothesis to be the simple statement that security prices fully reflect all available information." A precondition for this strong version of the hypothesis is that information and trading costs, the costs of getting prices to reflect information, are always 0 (Grossman and Stiglitz (1980))." A weaker and economically more sensible version of the efficiency hypothesis says that prices reflect information to the point where the marginal benefits of acting on information (the profits to be made) do not exceed marginal costs (Jensen (1978)). Economists cite the <link xlink:type="simple" xlink:href="../602/164602.xml">
efficient market hypothesis</link> as the fundamental premise that justifies the creation of the index funds.  The hypothesis implies that <link xlink:type="simple" xlink:href="../851/1557851.xml">
fund manager</link>s and stock analysts are constantly looking for securities that may out-perform the market; and that this competition is so effective that any new information about the fortune of a company will rapidly be incorporated into stock prices.  It is postulated therefore that it is very difficult to tell ahead of time which stocks will out-perform the market.<ref xlink:type="simple" xlink:href="#xpointer(//reflist/entry[@id=%223%22])">3</ref> By creating an index fund that mirrors the whole market the inefficiencies of stock selection are avoided.</p>
<p>

In particular the EMH says that economic profits cannot be wrung from stock picking. This is not to say that a stock picker cannot achieve a superior return, just that the excess return will not exceed the costs of winning it (including salaries, information costs, and trading costs). The conclusion is that most investors would be better off buying a cheap index fund.</p>

</sec>
<sec>
<st>
Indexing methods</st>

<ss1>
<st>
Traditional indexing</st>
<p>

Indexing is traditionally known as the practice of owning a representative collection of <link xlink:type="simple" xlink:href="../162/42162.xml">
securities</link>, in the same ratios as the target index.  Modification of security holdings happens only when companies periodically enter or leave the target index.</p>

</ss1>
<ss1>
<st>
Synthetic indexing</st>
<p>

Synthetic indexing is a modern technique of using a combination of equity index futures contracts and investments in low risk bonds to replicate the performance of a similar overall investment in the equities making up the index.  Although maintaining the future position has a slightly higher cost structure than traditional passive sampling, synthetic indexing can result in more favourable tax treatment, particularly  for international investors who are subject to U.S. dividend withholding taxes. The bond portion can hold higher yielding instruments, with a trade-off of corresponding higher risk, a technique referred to as enhanced indexing.</p>

</ss1>
<ss1>
<st>
Enhanced indexing</st>
<p>

<link xlink:type="simple" xlink:href="../913/4956913.xml">
Enhanced indexing</link> is a catch-all term referring to improvements to index fund management that emphasize performance, possibly using <link xlink:type="simple" xlink:href="../570/1645570.xml">
active management</link>.  Enhanced index funds employ a variety of enhancement techniques, including customized indexes (instead of relying on commercial indexes), trading strategies, exclusion rules, and timing strategies.  The cost advantage of indexing could be reduced or eliminated by employing <link xlink:type="simple" xlink:href="../570/1645570.xml">
active management</link>.</p>


</ss1>
</sec>
<sec>
<st>
Advantages</st>

<ss1>
<st>
Low costs</st>
<p>

Because the composition of a target index is a known quantity, it costs less to run an index fund.  No highly paid stock pickers or analysts are needed.  Typically expense ratios of an index fund ranges from 0.15% for U.S. Large Company Indexes to 0.97% for Emerging Market Indexes. The expense ratio of the average large cap actively managed mutual fund as of 2005 is 1.36%. If a mutual fund produces 10% return before expenses, taking account of the expense ratio difference would result in an after expense return of 9.85% for the large cap index fund versus 8.64% for the actively managed large cap fund.</p>

</ss1>
<ss1>
<st>
Simplicity</st>
<p>

The investment objectives of index funds are easy to understand.  Once an investor knows the target index of an index fund, what securities the index fund will hold can be determined directly.  Managing one's index fund holdings may be as easy as rebalancing every six months or every year.</p>

</ss1>
<ss1>
<st>
Lower turnovers</st>
<p>

<link>
Turnover</link> refers to the selling and buying of securities by the fund manager.  Selling securities in some jurisdictions may result in <link xlink:type="simple" xlink:href="../878/505878.xml">
capital gains tax</link> charges, which are sometimes passed on to fund investors.  Because index funds are passive investments, the turnovers are lower than actively managed funds. According to a study conducted by <physical_entity wordnetid="100001930" confidence="0.8">
<person wordnetid="100007846" confidence="0.8">
<intellectual wordnetid="109621545" confidence="0.8">
<alumnus wordnetid="109786338" confidence="0.8">
<causal_agent wordnetid="100007347" confidence="0.8">
<scholar wordnetid="110557854" confidence="0.8">
<link xlink:type="simple" xlink:href="../795/1542795.xml">
John Bogle</link></scholar>
</causal_agent>
</alumnus>
</intellectual>
</person>
</physical_entity>
 over a sixteen-year period, investors get to keep only 47% of the cumulative return of the average actively managed mutual fund, but they keep 87% in a market index fund. This means $10,000 invested in the index fund grew to $90,000 vs. $49,000 in the average actively managed stock mutual fund. That is a 40% gain from the reduction of silent partners.</p>

</ss1>
<ss1>
<st>
No style drift</st>
<p>

Style drift occurs when actively managed mutual funds go outside of their described style (ie. mid-cap value, large cap income, etc) to increase returns.  Such drift hurts portfolios that are built with diversification as a high priority.  Drifting into other styles could reduce the overall portfolio's diversity and subsequently increase risk.  With an index fund, this drift is not possible and accurate diversification of a portfolio is increased.</p>

</ss1>
</sec>
<sec>
<st>
Disadvantages</st>

<ss1>
<st>
Possible tracking error from index</st>
<p>

Since index funds aim to match market returns, both under- and over-performance compared to the market is considered a "tracking error". For example, an inefficient index fund may generate a positive tracking error in a falling market by holding too much cash, which holds its value compared to the market.  </p>
<p>

According to <company wordnetid="108058098" confidence="0.9508927676800064">
<link xlink:type="simple" xlink:href="../374/692374.xml">
The Vanguard Group</link></company>
, a well run S&amp;P 500 index fund should have a tracking error of 5 <link xlink:type="simple" xlink:href="../963/1289963.xml">
basis point</link>s or less, but a Morningstar survey found an average of 38 basis points across all index funds.<ref xlink:type="simple" xlink:href="#xpointer(//reflist/entry[@id=%224%22])">4</ref></p>

</ss1>
<ss1>
<st>
Cannot outperform the target index</st>
<p>

By design, an index fund seeks to match rather than outperform the target index.  Therefore, a good index fund with low tracking error will not generally outperform the index, but rather produces a <link xlink:type="simple" xlink:href="../956/3440956.xml">
rate of return</link> similar to the index minus fund costs.</p>

</ss1>
<ss1>
<st>
Not immune to market bubbles</st>
<p>

Owning a <link xlink:type="simple" xlink:href="../683/4706683.xml">
diversified</link> stock index fund does not make an investor immune to  <link xlink:type="simple" xlink:href="../769/1013769.xml">
systematic risk</link> (e.g., a <link xlink:type="simple" xlink:href="../077/63077.xml">
stock market bubble</link>).<ref xlink:type="simple" xlink:href="#xpointer(//reflist/entry[@id=%225%22])">5</ref> When the U.S. technology sector bubble burst in 2000, the <message wordnetid="106598915" confidence="0.8">
<information wordnetid="106634376" confidence="0.8">
<index wordnetid="106639674" confidence="0.8">
<fact wordnetid="106636259" confidence="0.8">
<stock_index wordnetid="106641924" confidence="0.8">
<link xlink:type="simple" xlink:href="../992/170992.xml">
S&amp;P 500</link></stock_index>
</fact>
</index>
</information>
</message>
 dropped significantly.</p>

</ss1>
<ss1>
<st>
Index composition changes reduce return</st>
<p>

Whenever an index changes, the fund is faced with the prospect of selling all the stock that has been removed from the index, and purchasing the stock that was added to the index. The S&amp;P 500 index has a typical turnover of between 1% and 9% per year.<ref xlink:type="simple" xlink:href="#xpointer(//reflist/entry[@id=%226%22])">6</ref></p>
<p>

In effect, the index, and consequently all funds tracking the index, are announcing ahead of time the trades that they are planning to make. As a result, the price of the stock that has been removed from the index tends to be driven down.  The price of stock that has been added to the index tends to be driven up. The index fund, however, has suffered <link xlink:type="simple" xlink:href="../527/321527.xml">
market impact</link> costs because they had to sell stock whose price was depressed, and buy stock whose price was inflated.  These losses are small, however, relative to an index fund's overall advantage gained by low costs.</p>



</ss1>
</sec>
<sec>
<st>
Diversification</st>

<p>

<indent level="1">

<it>Main article: <link xlink:type="simple" xlink:href="../683/4706683.xml">
Diversification (finance)</link></it>
</indent>

<link xlink:type="simple" xlink:href="../683/4706683.xml">
Diversification</link> refers to the number of different securities in a fund.  A fund with more securities is said to be better diversified than a fund with smaller number of securities.  Owning many securities reduces volatility by decreasing the impact of large price swings above or below the average return in a single security.  A <message wordnetid="106598915" confidence="0.8">
<information wordnetid="106634376" confidence="0.8">
<index wordnetid="106639674" confidence="0.8">
<fact wordnetid="106636259" confidence="0.8">
<stock_index wordnetid="106641924" confidence="0.8">
<link xlink:type="simple" xlink:href="../646/1039646.xml">
Wilshire 5000</link></stock_index>
</fact>
</index>
</information>
</message>
 index would be considered diversified, but a bio-tech <work wordnetid="100575741" confidence="0.8">
<event wordnetid="100029378" confidence="0.8">
<service wordnetid="100577525" confidence="0.8">
<act wordnetid="100030358" confidence="0.8">
<psychological_feature wordnetid="100023100" confidence="0.8">
<activity wordnetid="100407535" confidence="0.8">
<link xlink:type="simple" xlink:href="../170/538170.xml">
ETF</link></activity>
</psychological_feature>
</act>
</service>
</event>
</work>
 would not.<ref xlink:type="simple" xlink:href="#xpointer(//reflist/entry[@id=%227%22])">7</ref></p>
<p>

Since some indices, such as the <message wordnetid="106598915" confidence="0.8">
<information wordnetid="106634376" confidence="0.8">
<index wordnetid="106639674" confidence="0.8">
<fact wordnetid="106636259" confidence="0.8">
<stock_index wordnetid="106641924" confidence="0.8">
<link xlink:type="simple" xlink:href="../992/170992.xml">
S&amp;P 500</link></stock_index>
</fact>
</index>
</information>
</message>
 and <link xlink:type="simple" xlink:href="../717/497717.xml">
FTSE 100</link>, are dominated by large company stocks, an index fund may have a high percentage of the fund concentrated in a few large companies.  This position represents a reduction of diversity and can lead to increased <link xlink:type="simple" xlink:href="../108/11930108.xml">
volatility</link> and <link xlink:type="simple" xlink:href="../365/3711365.xml">
investment risk</link> for an investor who seeks a diversified fund.</p>
<p>

Some advocate adopting a strategy of investing in every security in the world in proportion to its market capitalization, generally by investing in a collection of ETFs in proportion to their home country market capitalization <ref xlink:type="simple" xlink:href="#xpointer(//reflist/entry[@id=%228%22])">8</ref>. A global indexing strategy may outperform one based only on home market indexes because there may be less correlation between the returns of companies operating in different markets than between companies operating in the same market.</p>

</sec>
<sec>
<st>
Asset allocation and achieving balance</st>

<p>

<indent level="1">

<it>Main article: <link xlink:type="simple" xlink:href="../889/2168889.xml">
Asset allocation</link></it>
</indent>

<link xlink:type="simple" xlink:href="../889/2168889.xml">
Asset allocation</link> is the process of determining the mix of <link xlink:type="simple" xlink:href="../096/294096.xml">
stocks</link>, <link xlink:type="simple" xlink:href="../737/60737.xml">
bonds</link> and other classes of investable assets to match the investor's risk capacity, which includes attitude towards risk, net income, net worth, knowledge about investing concepts, and time horizon.  Index funds capture asset classes in a low cost and tax efficient manner and are used to design balanced portfolios.</p>
<p>

A combination of various index mutual funds or <work wordnetid="100575741" confidence="0.8">
<event wordnetid="100029378" confidence="0.8">
<service wordnetid="100577525" confidence="0.8">
<act wordnetid="100030358" confidence="0.8">
<psychological_feature wordnetid="100023100" confidence="0.8">
<activity wordnetid="100407535" confidence="0.8">
<link xlink:type="simple" xlink:href="../170/538170.xml">
ETF</link></activity>
</psychological_feature>
</act>
</service>
</event>
</work>
's could be used to implement a full range of investment policies from low risk to high risk.</p>

</sec>
<sec>
<st>
Comparison of index funds with index ETFs</st>
<p>

Mutual funds are priced at end of day (4:00 pm), while index <work wordnetid="100575741" confidence="0.8">
<event wordnetid="100029378" confidence="0.8">
<service wordnetid="100577525" confidence="0.8">
<act wordnetid="100030358" confidence="0.8">
<psychological_feature wordnetid="100023100" confidence="0.8">
<activity wordnetid="100407535" confidence="0.8">
<link xlink:type="simple" xlink:href="../170/538170.xml">
ETF</link></activity>
</psychological_feature>
</act>
</service>
</event>
</work>
s have intra-day pricing (9:30 am - 4:00 pm).  </p>
<p>

Some index <work wordnetid="100575741" confidence="0.8">
<event wordnetid="100029378" confidence="0.8">
<service wordnetid="100577525" confidence="0.8">
<act wordnetid="100030358" confidence="0.8">
<psychological_feature wordnetid="100023100" confidence="0.8">
<activity wordnetid="100407535" confidence="0.8">
<link xlink:type="simple" xlink:href="../170/538170.xml">
ETF</link></activity>
</psychological_feature>
</act>
</service>
</event>
</work>
s have lower expense ratio as compared to regular index funds.  Historically, however, ETFs have been subject to high brokerage fees.  Recently though, online brokers have begun to reduce or eliminate these fees. <weblink xlink:type="simple" xlink:href="http://www.marketwatch.com/news/story/lower-etf-fees-seen-boon/story.aspx?guid=%7B845DCAA9-D455-4FC3-A697-D41154722403%7D">
http://www.marketwatch.com/news/story/lower-etf-fees-seen-boon/story.aspx?guid=%7B845DCAA9-D455-4FC3-A697-D41154722403%7D</weblink>.</p>
<p>

Many investors outside the US are able to purchase US based ETFs, but not US based mutual funds. If mutual funds in their home market are more expensive than US based ETFs, then purchasing ETFs may be the cheaper option. This is currently the case for Canadian investors <weblink xlink:type="simple" xlink:href="http://www.efficientmarket.ca/article/ETF_Investing">
http://www.efficientmarket.ca/article/ETF_Investing</weblink>, for example.</p>

</sec>
<sec>
<st>
U.S. capital gains tax considerations</st>
<p>

U.S. mutual funds are required by law to distribute realized capital gains to their shareholders.  If a mutual fund sells a security for a gain, the capital gain is taxable for that year; similarly a realized capital loss can offset any other realized capital gains. </p>
<p>

Scenario: An investor entered a mutual fund during the middle of the year and experienced an overall loss for the next 6 months.  The mutual fund itself sold securities for a gain for the year, therefore must declare a capital gains distribution.  The <agency wordnetid="108337324" confidence="0.9508927676800064">
<link xlink:type="simple" xlink:href="../375/15375.xml">
IRS</link></agency>
 would require the investor to pay tax on the capital gains distribution, regardless of the overall loss. </p>
<p>

A small investor selling an <work wordnetid="100575741" confidence="0.8">
<event wordnetid="100029378" confidence="0.8">
<service wordnetid="100577525" confidence="0.8">
<act wordnetid="100030358" confidence="0.8">
<psychological_feature wordnetid="100023100" confidence="0.8">
<activity wordnetid="100407535" confidence="0.8">
<link xlink:type="simple" xlink:href="../170/538170.xml">
ETF</link></activity>
</psychological_feature>
</act>
</service>
</event>
</work>
 to another investor does not cause a redemption on <work wordnetid="100575741" confidence="0.8">
<event wordnetid="100029378" confidence="0.8">
<service wordnetid="100577525" confidence="0.8">
<act wordnetid="100030358" confidence="0.8">
<psychological_feature wordnetid="100023100" confidence="0.8">
<activity wordnetid="100407535" confidence="0.8">
<link xlink:type="simple" xlink:href="../170/538170.xml">
ETF</link></activity>
</psychological_feature>
</act>
</service>
</event>
</work>
 itself; therefore, <work wordnetid="100575741" confidence="0.8">
<event wordnetid="100029378" confidence="0.8">
<service wordnetid="100577525" confidence="0.8">
<act wordnetid="100030358" confidence="0.8">
<psychological_feature wordnetid="100023100" confidence="0.8">
<activity wordnetid="100407535" confidence="0.8">
<link xlink:type="simple" xlink:href="../170/538170.xml">
ETF</link></activity>
</psychological_feature>
</act>
</service>
</event>
</work>
s are more immune to the effect of forced redemptions causing realized capital gains.</p>

</sec>
<sec>
<st>
See also</st>
<p>

<list>
<entry level="1" type="bullet">

 <work wordnetid="100575741" confidence="0.8">
<event wordnetid="100029378" confidence="0.8">
<service wordnetid="100577525" confidence="0.8">
<act wordnetid="100030358" confidence="0.8">
<psychological_feature wordnetid="100023100" confidence="0.8">
<activity wordnetid="100407535" confidence="0.8">
<link xlink:type="simple" xlink:href="../570/1645570.xml">
Active management</link></activity>
</psychological_feature>
</act>
</service>
</event>
</work>
</entry>
<entry level="1" type="bullet">

 <work wordnetid="100575741" confidence="0.8">
<event wordnetid="100029378" confidence="0.8">
<service wordnetid="100577525" confidence="0.8">
<act wordnetid="100030358" confidence="0.8">
<psychological_feature wordnetid="100023100" confidence="0.8">
<activity wordnetid="100407535" confidence="0.8">
<link xlink:type="simple" xlink:href="../170/538170.xml">
Exchange-traded fund</link></activity>
</psychological_feature>
</act>
</service>
</event>
</work>
</entry>
<entry level="1" type="bullet">

 <link xlink:type="simple" xlink:href="../845/253845.xml">
List of finance topics</link></entry>
<entry level="1" type="bullet">

 <work wordnetid="100575741" confidence="0.8">
<event wordnetid="100029378" confidence="0.8">
<service wordnetid="100577525" confidence="0.8">
<act wordnetid="100030358" confidence="0.8">
<psychological_feature wordnetid="100023100" confidence="0.8">
<activity wordnetid="100407535" confidence="0.8">
<link xlink:type="simple" xlink:href="../118/24118.xml">
Passive management</link></activity>
</psychological_feature>
</act>
</service>
</event>
</work>
</entry>
<entry level="1" type="bullet">

 <link xlink:type="simple" xlink:href="../423/47423.xml">
Stock market index</link></entry>
<entry level="1" type="bullet">

 <link xlink:type="simple" xlink:href="../913/4956913.xml">
Enhanced indexing</link></entry>
<entry level="1" type="bullet">

 <process wordnetid="105701363" confidence="0.8">
<market wordnetid="101097292" confidence="0.8">
<thinking wordnetid="105770926" confidence="0.8">
<event wordnetid="100029378" confidence="0.8">
<explanation wordnetid="105793000" confidence="0.8">
<theory wordnetid="105989479" confidence="0.8">
<act wordnetid="100030358" confidence="0.8">
<psychological_feature wordnetid="100023100" confidence="0.8">
<activity wordnetid="100407535" confidence="0.8">
<higher_cognitive_process wordnetid="105770664" confidence="0.8">
<link xlink:type="simple" xlink:href="../242/1011242.xml">
Value investing</link></higher_cognitive_process>
</activity>
</psychological_feature>
</act>
</theory>
</explanation>
</event>
</thinking>
</market>
</process>
</entry>
</list>
</p>

</sec>
<sec>
<st>
References</st>

<p>

<reflist>
<entry id="1">
Bogle, John.&#32;"<weblink xlink:type="simple" xlink:href="http://www.vanguard.com/bogle_site/lib/sp19970401.html">
The First Index Mutual Fund: A History of Vanguard Index Trust and the Vanguard Index Strategy</weblink>", <link>
Bogle Financial Center</link>.&nbsp;</entry>
<entry id="2">
Ferri, Richard&#32;(<link>
2006-12-22</link>).&#32;"<weblink xlink:type="simple" xlink:href="http://books.google.com/books?id=wuTWFNXuNw8C&amp;pg=PA38&amp;lpg=PA38&amp;dq=index+fund+unamerican&amp;source=web&amp;ots=9JuonIA0u4&amp;sig=_ni97KfBlBoyPjhyLBiQh--9RxE#PPA37,M1">
All About Index Funds</weblink>", <company wordnetid="108058098" confidence="0.9508927676800064">
<link xlink:type="simple" xlink:href="../269/651269.xml">
McGraw-Hill</link></company>
.&nbsp;</entry>
<entry id="3">
Burton G. Malkiel, <it>A Random Walk Down Wall Street</it>, W. W. Norton, 1996, ISBN 0-393-03888-2</entry>
<entry id="4">
Tergesen, Anne&#59;&#32;Young, Lauren&#32;(<link>
2004-04-19</link>).&#32;"<weblink xlink:type="simple" xlink:href="http://www.businessweek.com/magazine/content/04_16/b3879125_mz070.htm">
Index Funds Aren't All Equal</weblink>", <it><newspaper wordnetid="106267145" confidence="0.9508927676800064">
<link xlink:type="simple" xlink:href="../157/945157.xml">
BusinessWeek</link></newspaper>
</it>, <link xlink:type="simple" xlink:href="../269/651269.xml">
McGraw-Hill Companies</link>.&#32;Retrieved on <link>
2007-02-20</link>.&nbsp;</entry>
<entry id="5">
Wolper, Gregg&#32;(<link>
2006-02-21</link>).&#32;"<weblink xlink:type="simple" xlink:href="http://news.morningstar.com/article/article.asp?id=156794">
The Hidden Drawback of Indexing</weblink>", <company wordnetid="108058098" confidence="0.9508927676800064">
<link xlink:type="simple" xlink:href="../542/1373542.xml">
Morningstar, Inc.</link></company>
.&#32;Retrieved on <link>
2007-02-20</link>.&nbsp;</entry>
<entry id="6">
"<weblink xlink:type="simple" xlink:href="http://www2.standardandpoors.com/portal/site/sp/en/au/page.topic/indices_500/2,3,2,2,0,0,0,0,0,5,13,0,0,0,0,0.html">
S&amp;P 500 Turnover Data</weblink>".&#32;<it><company wordnetid="108058098" confidence="0.9508927676800064">
<link xlink:type="simple" xlink:href="../386/164386.xml">
Standard &amp; Poor's</link></company>
</it>.&#32;  <link xlink:type="simple" xlink:href="../269/651269.xml">
The McGraw-Hill Companies, Inc.</link>.&#32;Retrieved on <link>
2007-02-20</link>.</entry>
<entry id="7">
<physical_entity wordnetid="100001930" confidence="0.8">
<person wordnetid="100007846" confidence="0.8">
<intellectual wordnetid="109621545" confidence="0.8">
<alumnus wordnetid="109786338" confidence="0.8">
<causal_agent wordnetid="100007347" confidence="0.8">
<scholar wordnetid="110557854" confidence="0.8">
<link xlink:type="simple" xlink:href="../795/1542795.xml">
Bogle, John C.</link></scholar>
</causal_agent>
</alumnus>
</intellectual>
</person>
</physical_entity>
&#32;(<link>
2004-04-13</link>).&#32;"<weblink xlink:type="simple" xlink:href="http://www.vanguard.com/bogle_site/sp20040413.html">
As The Index Fund Moves from Heresy to Dogma . . . What More Do We Need To Know?</weblink>".&#32;<it>The Gary M. Brinson Distinguished Lecture</it>.&#32;  Bogle Financial Center.&#32;Retrieved on <link>
2007-02-20</link>.</entry>
<entry id="8">
<link>
Gale, Martin.</link>.&#32;"<weblink xlink:type="simple" xlink:href="http://www.efficientmarket.ca/article/Globally_Efficient_Equity_Portfolio">
Building a Globally Efficient Equity Portfolio with Exchange Traded Funds</weblink>".&#32;Retrieved on <link>
2008-01-08</link>.</entry>
</reflist>
</p>
<p>

<list>
<entry level="1" type="bullet">

 John Bogle, <it>Bogle on Mutual Funds: New Perspectives for the Intelligent Investor</it>, Dell, 1994, ISBN 0-440-50682-4</entry>
<entry level="1" type="bullet">

 Mark T. Hebner, <it>Index Funds: The 12-Step Program for Active Investors</it>, IFA Publishing, 2007, ISBN 0-976-80230-9 </entry>
<entry level="1" type="bullet">

 Taylor Larimore, Mel Lindauer, Michael LeBoeuf, <it>The Bogleheads' Guide to Investing</it>, Wiley, 2006, ISBN 0-471-73033-5</entry>
<entry level="1" type="bullet">

 From <company wordnetid="108058098" confidence="0.9508927676800064">
<link xlink:type="simple" xlink:href="../333/314333.xml">
Berkshire Hathaway</link></company>
 2004 Annual Report; see <weblink xlink:type="simple" xlink:href="http://en.wikiquote.org/wiki/Warren_Buffett">
Wikiquotes</weblink> for text.</entry>
</list>
</p>


</sec>
<sec>
<st>
External links</st>
<p>

<list>
<entry level="1" type="bullet">

<weblink xlink:type="simple" xlink:href="http://www.sanfranmag.com/story/best-investment-advice-youll-never-get">
The best investment advice you'll never get</weblink> <it>San Francisco Magazine</it> article about the history and practice of Index funds, with commentary on <link xlink:type="simple" xlink:href="../597/226597.xml">
mutual funds</link></entry>
<entry level="1" type="bullet">

<weblink xlink:type="simple" xlink:href="http://papers.ssrn.com/sol3/papers.cfm?abstract_id=849627">
Is Stock Picking Declining Around the World?</weblink> The article argues that there is a move towards indexing.</entry>
<entry level="1" type="bullet">

<weblink xlink:type="simple" xlink:href="http://www.fool.com/60second/indexfund.htm?terms=index+funds&amp;vstest=search_042607_linkdefault">
Fool.com 60 Second Guide to Index Fund Investing</weblink> The Fool's take on Index Investing</entry>
<entry level="1" type="bullet">

<weblink xlink:type="simple" xlink:href="http://www.investopedia.com/articles/basics/03/032803.asp">
The Lowdown on Index Funds</weblink> Investopedia's introduction to Index Funds</entry>
</list>
</p>



<p>

<table style=";" class="navbox" cellspacing="0">
<row>
<col style="padding:2px;">
<table style="width:100%;background:transparent;color:inherit;;" class="nowraplinks collapsible autocollapse " cellspacing="0">
<row>
<header colspan="2" style=";" class="navbox-title">
<work wordnetid="100575741" confidence="0.8">
<event wordnetid="100029378" confidence="0.8">
<service wordnetid="100577525" confidence="0.8">
<act wordnetid="100030358" confidence="0.8">
<psychological_feature wordnetid="100023100" confidence="0.8">
<activity wordnetid="100407535" confidence="0.8">
<link xlink:type="simple" xlink:href="../851/1557851.xml">
Investment management</link></activity>
</psychological_feature>
</act>
</service>
</event>
</work>
</header>
</row>
<row style="height:2px;">

</row>
<row>
<col style=";;" class="navbox-group">
<work wordnetid="100575741" confidence="0.8">
<event wordnetid="100029378" confidence="0.8">
<service wordnetid="100577525" confidence="0.8">
<act wordnetid="100030358" confidence="0.8">
<psychological_feature wordnetid="100023100" confidence="0.8">
<activity wordnetid="100407535" confidence="0.8">
<link xlink:type="simple" xlink:href="../066/3061066.xml">
Collective investment scheme structures</link></activity>
</psychological_feature>
</act>
</service>
</event>
</work>
</col>
<col style="text-align:left;border-left:2px solid #fdfdfd;width:100%;padding:0px;;;" class="navbox-list navbox-odd">
<work wordnetid="100575741" confidence="0.8">
<event wordnetid="100029378" confidence="0.8">
<service wordnetid="100577525" confidence="0.8">
<act wordnetid="100030358" confidence="0.8">
<psychological_feature wordnetid="100023100" confidence="0.8">
<activity wordnetid="100407535" confidence="0.8">
<link xlink:type="simple" xlink:href="../571/3490571.xml">
Common contractual fund</link></activity>
</psychological_feature>
</act>
</service>
</event>
</work>
&nbsp;• <work wordnetid="100575741" confidence="0.8">
<event wordnetid="100029378" confidence="0.8">
<service wordnetid="100577525" confidence="0.8">
<act wordnetid="100030358" confidence="0.8">
<psychological_feature wordnetid="100023100" confidence="0.8">
<activity wordnetid="100407535" confidence="0.8">
<link xlink:type="simple" xlink:href="../909/4019909.xml">
Fond commun de placement</link></activity>
</psychological_feature>
</act>
</service>
</event>
</work>
&nbsp;• <link xlink:type="simple" xlink:href="../675/851675.xml">
Investment trust</link>&nbsp;•  <link xlink:type="simple" xlink:href="../907/2286907.xml">
Unit trust</link>&nbsp;• <link xlink:type="simple" xlink:href="../597/226597.xml">
Mutual fund</link>&nbsp;• <work wordnetid="100575741" confidence="0.8">
<event wordnetid="100029378" confidence="0.8">
<service wordnetid="100577525" confidence="0.8">
<act wordnetid="100030358" confidence="0.8">
<psychological_feature wordnetid="100023100" confidence="0.8">
<activity wordnetid="100407535" confidence="0.8">
<link xlink:type="simple" xlink:href="../649/3049649.xml">
ICVC</link></activity>
</psychological_feature>
</act>
</service>
</event>
</work>
&nbsp;• <work wordnetid="100575741" confidence="0.8">
<event wordnetid="100029378" confidence="0.8">
<service wordnetid="100577525" confidence="0.8">
<act wordnetid="100030358" confidence="0.8">
<psychological_feature wordnetid="100023100" confidence="0.8">
<activity wordnetid="100407535" confidence="0.8">
<link xlink:type="simple" xlink:href="../888/3133888.xml">
SICAV</link></activity>
</psychological_feature>
</act>
</service>
</event>
</work>
&nbsp;• <link xlink:type="simple" xlink:href="../889/3052889.xml">
Unit Investment Trust</link>&nbsp;• <work wordnetid="100575741" confidence="0.8">
<event wordnetid="100029378" confidence="0.8">
<service wordnetid="100577525" confidence="0.8">
<act wordnetid="100030358" confidence="0.8">
<psychological_feature wordnetid="100023100" confidence="0.8">
<activity wordnetid="100407535" confidence="0.8">
<link xlink:type="simple" xlink:href="../170/538170.xml">
Exchange-traded fund</link></activity>
</psychological_feature>
</act>
</service>
</event>
</work>
&nbsp;• <work wordnetid="100575741" confidence="0.8">
<event wordnetid="100029378" confidence="0.8">
<service wordnetid="100577525" confidence="0.8">
<act wordnetid="100030358" confidence="0.8">
<psychological_feature wordnetid="100023100" confidence="0.8">
<activity wordnetid="100407535" confidence="0.8">
<link xlink:type="simple" xlink:href="../744/2529744.xml">
Offshore fund</link></activity>
</psychological_feature>
</act>
</service>
</event>
</work>
&nbsp;• <work wordnetid="100575741" confidence="0.8">
<event wordnetid="100029378" confidence="0.8">
<service wordnetid="100577525" confidence="0.8">
<act wordnetid="100030358" confidence="0.8">
<psychological_feature wordnetid="100023100" confidence="0.8">
<activity wordnetid="100407535" confidence="0.8">
<link xlink:type="simple" xlink:href="../863/3104863.xml">
Unitised insurance fund</link></activity>
</psychological_feature>
</act>
</service>
</event>
</work>
</col>
</row>
<row style="height:2px">

</row>
<row>
<col style=";;" class="navbox-group">
Investment Styles</col>
<col style="text-align:left;border-left:2px solid #fdfdfd;width:100%;padding:0px;;;" class="navbox-list navbox-even">
<work wordnetid="100575741" confidence="0.8">
<event wordnetid="100029378" confidence="0.8">
<service wordnetid="100577525" confidence="0.8">
<act wordnetid="100030358" confidence="0.8">
<psychological_feature wordnetid="100023100" confidence="0.8">
<activity wordnetid="100407535" confidence="0.8">
<link xlink:type="simple" xlink:href="../570/1645570.xml">
Active</link></activity>
</psychological_feature>
</act>
</service>
</event>
</work>
 or <work wordnetid="100575741" confidence="0.8">
<event wordnetid="100029378" confidence="0.8">
<service wordnetid="100577525" confidence="0.8">
<act wordnetid="100030358" confidence="0.8">
<psychological_feature wordnetid="100023100" confidence="0.8">
<activity wordnetid="100407535" confidence="0.8">
<link xlink:type="simple" xlink:href="../118/24118.xml">
Passive management</link></activity>
</psychological_feature>
</act>
</service>
</event>
</work>
&nbsp;• <process wordnetid="105701363" confidence="0.8">
<market wordnetid="101097292" confidence="0.8">
<thinking wordnetid="105770926" confidence="0.8">
<event wordnetid="100029378" confidence="0.8">
<explanation wordnetid="105793000" confidence="0.8">
<theory wordnetid="105989479" confidence="0.8">
<act wordnetid="100030358" confidence="0.8">
<psychological_feature wordnetid="100023100" confidence="0.8">
<activity wordnetid="100407535" confidence="0.8">
<higher_cognitive_process wordnetid="105770664" confidence="0.8">
<link xlink:type="simple" xlink:href="../242/1011242.xml">
Value</link></higher_cognitive_process>
</activity>
</psychological_feature>
</act>
</theory>
</explanation>
</event>
</thinking>
</market>
</process>
 or <link xlink:type="simple" xlink:href="../834/3304834.xml">
Growth investing</link>&nbsp;• <link xlink:type="simple" xlink:href="../412/14412.xml">
Hedge fund</link>&nbsp;• <work wordnetid="100575741" confidence="0.8">
<event wordnetid="100029378" confidence="0.8">
<service wordnetid="100577525" confidence="0.8">
<act wordnetid="100030358" confidence="0.8">
<psychological_feature wordnetid="100023100" confidence="0.8">
<activity wordnetid="100407535" confidence="0.8">
<link xlink:type="simple" xlink:href="../490/9547490.xml">
Socially responsible investing</link></activity>
</psychological_feature>
</act>
</service>
</event>
</work>
&nbsp;• <work wordnetid="100575741" confidence="0.8">
<event wordnetid="100029378" confidence="0.8">
<service wordnetid="100577525" confidence="0.8">
<act wordnetid="100030358" confidence="0.8">
<psychological_feature wordnetid="100023100" confidence="0.8">
<activity wordnetid="100407535" confidence="0.8">
<link xlink:type="simple" xlink:href="../620/2107620.xml">
Fund of funds</link></activity>
</psychological_feature>
</act>
</service>
</event>
</work>
&nbsp;• <link xlink:type="simple" xlink:href="../187/5466187.xml">
Manager of managers</link>&nbsp;• <link xlink:type="simple" xlink:href="../012/106012.xml">
Index fund</link></col>
</row>
<row style="height:2px">

</row>
<row>
<col style=";;" class="navbox-group">
Theory &amp; Terminology</col>
<col style="text-align:left;border-left:2px solid #fdfdfd;width:100%;padding:0px;;;" class="navbox-list navbox-odd">
<market wordnetid="101097292" confidence="0.8">
<event wordnetid="100029378" confidence="0.8">
<act wordnetid="100030358" confidence="0.8">
<psychological_feature wordnetid="100023100" confidence="0.8">
<activity wordnetid="100407535" confidence="0.8">
<link xlink:type="simple" xlink:href="../602/164602.xml">
Efficient market hypothesis</link></activity>
</psychological_feature>
</act>
</event>
</market>
&nbsp;•  <work wordnetid="100575741" confidence="0.8">
<event wordnetid="100029378" confidence="0.8">
<service wordnetid="100577525" confidence="0.8">
<act wordnetid="100030358" confidence="0.8">
<psychological_feature wordnetid="100023100" confidence="0.8">
<activity wordnetid="100407535" confidence="0.8">
<link xlink:type="simple" xlink:href="../368/1259368.xml">
Net asset value</link></activity>
</psychological_feature>
</act>
</service>
</event>
</work>
&nbsp;• <link xlink:type="simple" xlink:href="../069/163069.xml">
Open-end(ed) fund</link>&nbsp;• <link xlink:type="simple" xlink:href="../072/163072.xml">
Closed-end(ed) fund</link></col>
</row>
<row style="height:2px">

</row>
<row>
<col style=";;" class="navbox-group">
Related Topics</col>
<col style="text-align:left;border-left:2px solid #fdfdfd;width:100%;padding:0px;;;" class="navbox-list navbox-even">
<link xlink:type="simple" xlink:href="../436/2152436.xml">
List of asset management firms</link>&nbsp;• <work wordnetid="100575741" confidence="0.8">
<event wordnetid="100029378" confidence="0.8">
<service wordnetid="100577525" confidence="0.8">
<act wordnetid="100030358" confidence="0.8">
<psychological_feature wordnetid="100023100" confidence="0.8">
<activity wordnetid="100407535" confidence="0.8">
<link xlink:type="simple" xlink:href="../224/5073224.xml">
Umbrella fund</link></activity>
</psychological_feature>
</act>
</service>
</event>
</work>
&nbsp;• <link xlink:type="simple" xlink:href="../504/3371504.xml">
UCITS</link></col>
</row>
</table>
</col>
</row>
</table>
</p>



</sec>
</bdy>
</service>
</article>
