<?xml version="1.0" encoding="UTF-8"?>
<!-- generated by CLiX/Wiki2XML [MPI-Inf, MMCI@UdS] $LastChangedRevision: 92 $ on 17.04.2009 00:21:51[mciao0825] -->
<!DOCTYPE article SYSTEM "../article.dtd">
<article xmlns:xlink="http://www.w3.org/1999/xlink">
<company  confidence="0.9508927676800064" wordnetid="108058098">
<header>
<title>Proxicom</title>
<id>10612259</id>
<revision>
<id>242878833</id>
<timestamp>2008-10-04T01:52:08Z</timestamp>
<contributor>
<username>Rossrs</username>
<id>39836</id>
</contributor>
</revision>
<categories>
<category>Companies established in 1991</category>
<category>Dot-com consulting firms</category>
<category>Northern Virginia</category>
<category>Companies based in Reston, Virginia</category>
</categories>
</header>
<bdy>
<template>
<name>Infobox_Company</name>
<parameters>
<location>
<image width="20px" src="Flag_of_the_United_States.svg">
</image>
 <village wordnetid="108672738" confidence="0.9508927676800064">
<link xlink:type="simple" xlink:href="../589/137589.xml">
Reston, Virginia</link></village>
, <body wordnetid="107965085" confidence="0.8">
<social_group wordnetid="107950920" confidence="0.8">
<political_orientation wordnetid="106212839" confidence="0.8">
<colony wordnetid="108374049" confidence="0.8">
<state wordnetid="108168978" confidence="0.8">
<political_unit wordnetid="108359949" confidence="0.8">
<group wordnetid="100031264" confidence="0.8">
<democracy wordnetid="106217103" confidence="0.8">
<link xlink:type="simple" xlink:href="../750/3434750.xml">
United States</link></democracy>
</group>
</political_unit>
</state>
</colony>
</political_orientation>
</social_group>
</body>
</location>
<company_logo>
<image width="147px" src="Proxicom-logo.JPG‎">
<caption>

Proxicom
</caption>
</image>
</company_logo>
<company_name>
Proxicom</company_name>
<company_type>
Private</company_type>
<foundation>
<link xlink:type="simple" xlink:href="../703/34703.xml">
1991</link></foundation>
<industry>
Automotive, Financial Services, Retail &amp; Consumer Goods, Healthcare, Technology &amp; Media, Government, Energy &amp; Utilities, and Industrial Materials &amp; Goods</industry>
<products>
Interactive Strategy &amp; Optimization; Creative Design &amp; User Experience;
Marketing Services; Technology, Development &amp; Systems Integration</products>
<homepage>
<weblink xlink:type="simple" xlink:href="http://www.proxicom.com/">
www.proxicom.com</weblink></homepage>
<key_people>
Paul Cooley, CEOPaul Murray, CFOBlue Van Dyke, EVP, Sales and MarketingAnn Gaglioti, EVP, OperationsTim Warder, SVP, Corp. Strategy</key_people>
</parameters>
</template>

<p>

<b>Proxicom, Inc.</b> is an <link xlink:type="simple" xlink:href="../607/7306607.xml">
interactive agency</link> that develops custom-tailored interactive and web-enabled solutions for Global 1000 organizations.  Founded in 1991 by <body wordnetid="107965085" confidence="0.8">
<social_group wordnetid="107950920" confidence="0.8">
<political_orientation wordnetid="106212839" confidence="0.8">
<colony wordnetid="108374049" confidence="0.8">
<state wordnetid="108168978" confidence="0.8">
<political_unit wordnetid="108359949" confidence="0.8">
<group wordnetid="100031264" confidence="0.8">
<democracy wordnetid="106217103" confidence="0.8">
<link xlink:type="simple" xlink:href="../750/3434750.xml">
American</link></democracy>
</group>
</political_unit>
</state>
</colony>
</political_orientation>
</social_group>
</body>
 <link xlink:type="simple" xlink:href="../862/39862.xml">
entreprenuer</link> and philanthrophist <physical_entity wordnetid="100001930" confidence="0.8">
<mystic wordnetid="110343554" confidence="0.8">
<expert wordnetid="109617867" confidence="0.8">
<executive wordnetid="110069645" confidence="0.8">
<person wordnetid="100007846" confidence="0.8">
<leader wordnetid="109623038" confidence="0.8">
<administrator wordnetid="109770949" confidence="0.8">
<causal_agent wordnetid="100007347" confidence="0.8">
<religious_person wordnetid="109628382" confidence="0.8">
<head wordnetid="110162991" confidence="0.8">
<believer wordnetid="109847727" confidence="0.8">
<ace wordnetid="109762509" confidence="0.8">
<link xlink:type="simple" xlink:href="../958/10206958.xml">
Raul Fernandez (entrepreneur)</link></ace>
</believer>
</head>
</religious_person>
</causal_agent>
</administrator>
</leader>
</person>
</executive>
</expert>
</mystic>
</physical_entity>
, Proxicom is considered one of the original interactive professional services organizations from the <link xlink:type="simple" xlink:href="../045/4796045.xml">
dot com</link> era. Proxicom provides creative, strategic, technical, analytical and marketing solutions across a number of select industries including: <link xlink:type="simple" xlink:href="../352/337352.xml">
Automotive</link>, <link xlink:type="simple" xlink:href="../425/433425.xml">
Financial Services</link>, Retail &amp; Consumer Goods (<link xlink:type="simple" xlink:href="../708/1614708.xml">
CPG</link>), <link xlink:type="simple" xlink:href="../925/261925.xml">
Healthcare</link>, <link xlink:type="simple" xlink:href="../816/29816.xml">
Technology</link> &amp; <link xlink:type="simple" xlink:href="../641/19641.xml">
Media</link>, <link xlink:type="simple" xlink:href="../229/12229.xml">
Government</link>, <link xlink:type="simple" xlink:href="../649/9649.xml">
Energy</link> &amp; <link xlink:type="simple" xlink:href="../136/171136.xml">
Utilities</link>, and Industrial Materials &amp; Goods.</p>

<sec>
<st>
History of Proxicom</st>

<ss1>
<st>
Overview</st>
<p>

Proxicom, originally known as Proxima, was conceived as a systems integrator based in <village wordnetid="108672738" confidence="0.9508927676800064">
<link xlink:type="simple" xlink:href="../589/137589.xml">
Reston, Virginia</link></village>
.  During the mid- and late nineties, Proxicom grew dramatically as it focused on the design and development of websites for companies including <company wordnetid="108058098" confidence="0.8">
<institution wordnetid="108053576" confidence="0.8">
<link xlink:type="simple" xlink:href="../482/187482.xml">
MCI</link></institution>
</company>
, <link xlink:type="simple" xlink:href="../397/1397.xml">
America Online</link>, <link xlink:type="simple" xlink:href="../992/1352992.xml">
Marriott</link>, <link xlink:type="simple" xlink:href="../937/1211937.xml">
Prudential</link>, <company wordnetid="108058098" confidence="0.9508927676800064">
<link xlink:type="simple" xlink:href="../384/74384.xml">
Morgan Stanley</link></company>
, and <company wordnetid="108058098" confidence="0.9508927676800064">
<link xlink:type="simple" xlink:href="../197/18848197.xml">
ExxonMobil</link></company>
.  </p>
<p>

In 1998, Proxicom expanded rapidly, purchasing two organizations based on the west coast of the United States. The first acquisition was a technical integration firm located in <village wordnetid="108672738" confidence="0.9508927676800064">
<link xlink:type="simple" xlink:href="../728/49728.xml">
San Francisco, California</link></village>
 named Ibis Consulting.  The second purchase was a user experience and creative design boutique entitled Ad Hoc based in <village wordnetid="108672738" confidence="0.9508927676800064">
<link xlink:type="simple" xlink:href="../735/107735.xml">
Sausalito, California</link></village>
. With these additions, Proxicom established a nationwide presence with 7 office locations and greater than 1,500 staff personnel.</p>
<p>

On April 14, 1999, Proxicom became a publicly traded organization listed on the <company wordnetid="108058098" confidence="0.8">
<institution wordnetid="108053576" confidence="0.8">
<link xlink:type="simple" xlink:href="../559/21559.xml">
NASDAQ</link></institution>
</company>
 stock exchange under the trading symbol PXCM.  This IPO netted Proxicom investors $58.5 million and Proxicom became known as one of the “little five”—competing against the likes of <company wordnetid="108058098" confidence="0.9508927676800064">
<link xlink:type="simple" xlink:href="../245/10391245.xml">
MarchFirst</link></company>
/CKS-Web, <company wordnetid="108058098" confidence="0.9508927676800064">
<link xlink:type="simple" xlink:href="../573/538573.xml">
Sapient</link></company>
, <company wordnetid="108058098" confidence="0.8">
<institution wordnetid="108053576" confidence="0.8">
<link xlink:type="simple" xlink:href="../517/7848517.xml">
Scient</link></institution>
</company>
, and <company wordnetid="108058098" confidence="0.9508927676800064">
<link xlink:type="simple" xlink:href="../090/9492090.xml">
Viant</link></company>
—within the interactive consulting arena.</p>
<p>

At the conclusion of 2000, Proxicom generated more than $200 million in revenue across approximately 1,700 consultants.</p>

</ss1>
<ss1>
<st>
The Dot Com Bubble</st>

<p>

In April 2001, Proxicom was purchased by Dimension Data, a South African based networking services company.  Dimension Data focused on the design, development, and construction of networking systems for global organizations.  The goal of the Proxicom purchase was to quickly establish a services practice and brand presence within the <body wordnetid="107965085" confidence="0.8">
<social_group wordnetid="107950920" confidence="0.8">
<political_orientation wordnetid="106212839" confidence="0.8">
<colony wordnetid="108374049" confidence="0.8">
<state wordnetid="108168978" confidence="0.8">
<political_unit wordnetid="108359949" confidence="0.8">
<group wordnetid="100031264" confidence="0.8">
<democracy wordnetid="106217103" confidence="0.8">
<link xlink:type="simple" xlink:href="../750/3434750.xml">
United States</link></democracy>
</group>
</political_unit>
</state>
</colony>
</political_orientation>
</social_group>
</body>
.</p>

</ss1>
<ss1>
<st>
The Rebirth</st>

<p>

The year 2004 brought new life to Proxicom as The Gores Group LLC (<weblink xlink:type="simple" xlink:href="http://www.gores.com">
Gores' Web Site</weblink>), a privately held investment firm based in <village wordnetid="108672738" confidence="0.9508927676800064">
<link xlink:type="simple" xlink:href="../110/18110.xml">
Los Angeles, California</link></village>
, purchased Proxicom from Dimension Data.  In 2005, Proxicom expanded its industry offerings through the purchase of a healthcare services firm,  Daou Systems, Inc.  Through diligent management and financial oversight, Proxicom leadership and the Gores Group successfully navigated the hurdles of the .com era to reestablish Proxicom within the interactive agency space.</p>

</ss1>
<ss1>
<st>
Today</st>

<p>

Proxicom was acquired by iCrossing in mid-2007<ref xlink:type="simple" xlink:href="#xpointer(//reflist/entry[@id=%221%22])">1</ref>.  The Proxicom brand has been once again retired.</p>

</ss1>
</sec>
<sec>
<st>
Services</st>

<ss2>
<st>
Interactive Strategy &amp; Optimization</st>
<p>

Proxicom provides a comprehensive suite of strategic services designed to maximize online business results.  Using a combination of <link xlink:type="simple" xlink:href="../252/59252.xml">
marketing</link> and industry insights, end-user scenarios and testing, prioritized business requirements, and measurable <link xlink:type="simple" xlink:href="../132/487132.xml">
analytics</link>, Proxicom partners with clients to create achievable roadmaps which meet specific business objectives, optimizes results,and further deepens customer engagement.</p>

</ss2>
<ss2>
<st>
Creative Design &amp; User Experience</st>
<p>

Proxicom offers a number of creative and user experience services focused around brand strategy, brand <link xlink:type="simple" xlink:href="../560/8560.xml">
design</link> and development, creative/interface/<link xlink:type="simple" xlink:href="../035/34035.xml">
web design</link>, <link xlink:type="simple" xlink:href="../591/1141591.xml">
rich internet application</link>/<software wordnetid="106566077" confidence="0.9508927676800064">
<link xlink:type="simple" xlink:href="../947/20947.xml">
Flash</link></software>
 design, <link xlink:type="simple" xlink:href="../945/185945.xml">
information architecture</link>, interface <link xlink:type="simple" xlink:href="../276/288276.xml">
usability</link> analysis and testing, online ad design, and marketing integration.</p>

</ss2>
<ss2>
<st>
Marketing Services</st>
<p>

Proxicom enhances brand power through services like <link xlink:type="simple" xlink:href="../946/187946.xml">
search engine optimization</link> (SEO), <link xlink:type="simple" xlink:href="../074/2111074.xml">
search engine marketing</link> (SEM), online media, planning and buying, emerging technologies development and execution, <link xlink:type="simple" xlink:href="../758/703758.xml">
affiliate program</link> development, and <link xlink:type="simple" xlink:href="../738/9738.xml">
e-mail</link> campaign creation/management.</p>

</ss2>
<ss2>
<st>
Technology, Development &amp; Systems Integration</st>
<p>

Proxicom designs, builds, integrates and maintains robust internet and business-focused applications.  These solutions are developed through the use of cutting edge technologies encompassing the latest <link xlink:type="simple" xlink:href="../669/1669669.xml">
technical architecture</link>(s), coding techniques, <link xlink:type="simple" xlink:href="../885/75885.xml">
content management systems</link> (CMS), <link xlink:type="simple" xlink:href="../377/8377.xml">
databases</link>, security protocols, <link xlink:type="simple" xlink:href="../615/13615.xml">
hardware</link>, and third party tools.</p>

</ss2>
</sec>
<sec>
<st>
Sample of Clients</st>
<p>

<table>
<row>
<col>
<list>
<entry level="1" type="definition">

Automotive</entry>
<entry level="1" type="bullet">

<company wordnetid="108058098" confidence="0.9508927676800064">
<link xlink:type="simple" xlink:href="../370/19370.xml">
Mazda</link></company>
  - <weblink xlink:type="simple" xlink:href="http://www.mazdausa.com">
Mazda USA Web Site</weblink></entry>
<entry level="1" type="bullet">

<company wordnetid="108058098" confidence="0.9508927676800064">
<link xlink:type="simple" xlink:href="../984/30984.xml">
Toyota</link></company>
 - <weblink xlink:type="simple" xlink:href="http://www.toyota.com">
Toyota Motor Sales, U.S.A. Web Site</weblink></entry>
<entry level="1" type="bullet">

<company wordnetid="108058098" confidence="0.9508927676800064">
<link xlink:type="simple" xlink:href="../413/32413.xml">
Volkswagen</link></company>
 - <weblink xlink:type="simple" xlink:href="http://www.vw.com">
Volkswagen of America, Inc. Web Site</weblink></entry>
<entry level="1" type="bullet">

<link>
Volkswagen Canada</link> - <weblink xlink:type="simple" xlink:href="http://www.vw.ca">
Volkswagen Canada Inc. Web Site</weblink></entry>
<entry level="1" type="bullet">

<link xlink:type="simple" xlink:href="../240/21240.xml">
Nissan</link> - <weblink xlink:type="simple" xlink:href="http://www.nissanusa.com">
Nissan North America, Inc. Web Site</weblink></entry>
<entry level="1" type="bullet">

<company wordnetid="108058098" confidence="0.9508927676800064">
<link xlink:type="simple" xlink:href="../149/241149.xml">
Subaru</link></company>
</entry>
<entry level="1" type="bullet">

<link xlink:type="simple" xlink:href="../912/203912.xml">
Kia</link></entry>
<entry level="1" type="definition">

Financial Services</entry>
<entry level="1" type="bullet">

<company wordnetid="108058098" confidence="0.9508927676800064">
<link xlink:type="simple" xlink:href="../001/231001.xml">
JPMorgan Chase</link></company>
 </entry>
<entry level="1" type="bullet">

<company wordnetid="108058098" confidence="0.9508927676800064">
<link xlink:type="simple" xlink:href="../806/2007806.xml">
GMAC</link></company>
 - <weblink xlink:type="simple" xlink:href="http://www.gmacfs.com">
GMAC's Web Site</weblink></entry>
<entry level="1" type="bullet">

<company wordnetid="108058098" confidence="0.9508927676800064">
<link xlink:type="simple" xlink:href="../928/3915928.xml">
First American Corporation</link></company>
</entry>
<entry level="1" type="definition">

Retail &amp; Consumer Goods</entry>
<entry level="1" type="bullet">

<company wordnetid="108058098" confidence="0.9508927676800064">
<link xlink:type="simple" xlink:href="../784/1082784.xml">
Seiko Epson</link></company>
 </entry>
<entry level="1" type="bullet">

<company wordnetid="108058098" confidence="0.8">
<advertising_agency wordnetid="108353912" confidence="0.8">
<enterprise wordnetid="108056231" confidence="0.8">
<agency wordnetid="108057206" confidence="0.8">
<business wordnetid="108061042" confidence="0.8">
<institution wordnetid="108053576" confidence="0.8">
<link xlink:type="simple" xlink:href="../370/1011370.xml">
Leo Burnett Worldwide</link></institution>
</business>
</agency>
</enterprise>
</advertising_agency>
</company>
 </entry>
<entry level="1" type="bullet">

<link>
Davidandgoliath Advertising</link> </entry>
<entry level="1" type="bullet">

<link>
The Designory</link> </entry>
<entry level="1" type="definition">

Healthcare</entry>
<entry level="1" type="bullet">

<link xlink:type="simple" xlink:href="../395/3462395.xml">
Blue Cross and Blue Shield Association</link> (Kansas City) </entry>
<entry level="1" type="bullet">

<link>
HealthPlus of Michigan</link></entry>
</list>
</col>
<col>
<list>
<entry level="1" type="definition">

Technology &amp; Media</entry>
<entry level="1" type="bullet">

<company wordnetid="108058098" confidence="0.9508927676800064">
<link xlink:type="simple" xlink:href="../955/1955.xml">
Adobe Systems</link></company>
 </entry>
<entry level="1" type="bullet">

<company wordnetid="108058098" confidence="0.8">
<institution wordnetid="108053576" confidence="0.8">
<link xlink:type="simple" xlink:href="../313/140313.xml">
Hachette Filipacchi Media U.S.</link></institution>
</company>
 (Car &amp; Driver) </entry>
<entry level="1" type="definition">

Government</entry>
<entry level="1" type="bullet">

<village wordnetid="108672738" confidence="0.9508927676800064">
<link xlink:type="simple" xlink:href="../042/645042.xml">
New York City</link></village>
 – Department of Health </entry>
<entry level="1" type="bullet">

<link xlink:type="simple" xlink:href="../716/16716.xml">
State of Kansas</link> - Department of Health and Environment]] </entry>
<entry level="1" type="bullet">

<link xlink:type="simple" xlink:href="../716/31716.xml">
State of Utah</link> </entry>
<entry level="1" type="bullet">

<link xlink:type="simple" xlink:href="../651/21651.xml">
State of North Dakota</link> </entry>
<entry level="1" type="bullet">

<link xlink:type="simple" xlink:href="../861/16949861.xml">
State of Mississippi</link> </entry>
<entry level="1" type="bullet">

<link xlink:type="simple" xlink:href="../956/27956.xml">
State of South Carolina</link> </entry>
<entry level="1" type="definition">

Energy &amp; Utilities</entry>
<entry level="1" type="bullet">

<company wordnetid="108058098" confidence="0.9508927676800064">
<link xlink:type="simple" xlink:href="../749/284749.xml">
Chevron Corporation</link></company>
 </entry>
<entry level="1" type="bullet">

<link xlink:type="simple" xlink:href="../722/692722.xml">
Pacific Gas &amp; Electric</link></entry>
<entry level="1" type="bullet">

<company wordnetid="108058098" confidence="0.9508927676800064">
<link xlink:type="simple" xlink:href="../197/18848197.xml">
ExxonMobil</link></company>
</entry>
<entry level="1" type="definition">

Industrial Materials &amp; Goods</entry>
<entry level="1" type="bullet">

<company wordnetid="108058098" confidence="0.9508927676800064">
<link xlink:type="simple" xlink:href="../829/201829.xml">
DuPont</link></company>
 - <weblink xlink:type="simple" xlink:href="http://www.dupont.com">
DuPont's Web Site</weblink></entry>
<entry level="1" type="bullet">

<link>
Saint Gobain Group</link> - <weblink xlink:type="simple" xlink:href="http://www.Saint-Gobain.com">
Saint Gobain's Web Site</weblink></entry>
</list>
</col>
</row>
</table>
</p>

</sec>
<sec>
<st>
Recent Developments</st>
<p>

<b><it>iCrossing acquires Proxicom 7/30/2007</it></b>
<weblink xlink:type="simple" xlink:href="http://www.icrossing.com/">
iCrossing</weblink></p>
<p>

<b><it>Proxicom Puts the "Zoom Zoom in Mazda's New Mobile Web Site 3/8/2007</it></b></p>
<p>

Interactive Agency Overcomes Interoperability Hurdle, Delivers New Marketing Channel. <weblink xlink:type="simple" xlink:href="http://www.proxicom.com/index.aspx?pageId=news">
Full Story</weblink>.</p>
<p>

<weblink xlink:type="simple" xlink:href="http://www.proxicom.com/index.aspx?pageId=news">
More Proxicom, Inc. Press Releases</weblink></p>

</sec>
<sec>
<st>
External links</st>
<p>

<list>
<entry level="1" type="bullet">

 <weblink xlink:type="simple" xlink:href="http://www.daou.com">
Daou</weblink> - <it>Daou's Home Page''</it></entry>
<entry level="1" type="bullet">

 <weblink xlink:type="simple" xlink:href="http://www.gores.com">
The Gores Group</weblink> - <it>The Gores Group Home Page''</it></entry>
</list>
</p>

</sec>
<sec>
<st>
References</st>
<p>

<list>
<entry level="1" type="bullet">

Mazda North America Operations (MNAO), <weblink xlink:type="simple" xlink:href="http://mazdanews.com/node/view/421">
<it>Mazda Chooses Proxicom To Put Zoom Zoom In Its New Mobile Web Site''</it></weblink>, March 2007</entry>
<entry level="1" type="bullet">

Philadelphia Business Journal, <weblink xlink:type="simple" xlink:href="http://philadelphia.bizjournals.com/philadelphia/stories/2005/08/08/daily30.html">
<it>Proxicom Will Buy Daou''</it></weblink>, August 2005</entry>
<entry level="1" type="bullet">

EContent Digital Content Strategy &amp; Resources, <weblink xlink:type="simple" xlink:href="http://www.econtentmag.com/Articles/ArticleReader.aspx?ArticleID=6907">
<it>Verity and Proxicom Partner on Health Plan Provider Portal''</it></weblink>, July 2004</entry>
<entry level="1" type="bullet">

ClickZ Network, <weblink xlink:type="simple" xlink:href="http://www.clickz.com/showPage.html?page=1440461">
<it>Proxicom Company Profile''</it></weblink>, August 2002</entry>
<entry level="1" type="bullet">

Microsoft News, <weblink xlink:type="simple" xlink:href="http://www.microsoft.com/Presspass/press/2000/feb00/proxicompr.mspx">
<it>Proxicom and Microsoft Form Strategic Alliance''</it></weblink>, February 2000</entry>
<entry level="1" type="bullet">

NASDAQ, <weblink xlink:type="simple" xlink:href="http://ipo.nasdaq.com/Fundamentals.asp?cikid=8156&amp;fnid=5415&amp;coname=PROXICOM+INC&amp;selected=PXCM&amp;market=Nasdaq+National+Market">
<it>NASDAQ Company Profile''</it></weblink>, April 1999</entry>
<entry level="1" type="bullet">

Smartmoney,<weblink xlink:type="simple" xlink:href="http://www.smartmoney.com/stockscreen/index.cfm?story=19990901intro">
<it>A Better Internet Neighborhood?''</it></weblink>, September 1999</entry>
</list>
</p>
<p>

<list>
<entry level="1" type="definition">

Footnotes</entry>
</list>
</p>
<p>

<reflist>
<entry id="1">
iCrossing Press Release <weblink xlink:type="simple" xlink:href="http://news.icrossing.com/press_releases_2007.php?press_release=icrossing-acquires-web-development-leader-proxicom">
iCrossing Inc. Acquires Web Development Leader Proxicom </weblink></entry>
</reflist>
</p>

</sec>
</bdy>
</company>
</article>
