<?xml version="1.0" encoding="UTF-8"?>
<!-- generated by CLiX/Wiki2XML [MPI-Inf, MMCI@UdS] $LastChangedRevision: 92 $ on 17.04.2009 00:23:16[mciao0826] -->
<!DOCTYPE article SYSTEM "../article.dtd">
<article xmlns:xlink="http://www.w3.org/1999/xlink">
<header>
<title>Lazy Dog</title>
<id>10628590</id>
<revision>
<id>213282836</id>
<timestamp>2008-05-18T17:37:28Z</timestamp>
<contributor>
<username>AuntieFeezle</username>
<id>7132807</id>
</contributor>
</revision>
<categories>
<category>All disambiguation pages</category>
<category>Disambiguation pages</category>
</categories>
</header>
<bdy>

<b>Lazy Dog</b> may refer to:<p>

<list>
<entry level="1" type="bullet">

 <physical_entity wordnetid="100001930" confidence="0.8">
<person wordnetid="100007846" confidence="0.8">
<maker wordnetid="110284064" confidence="0.8">
<broadcaster wordnetid="109875786" confidence="0.8">
<singer wordnetid="110599806" confidence="0.8">
<creator wordnetid="109614315" confidence="0.8">
<communicator wordnetid="109610660" confidence="0.8">
<disk_jockey wordnetid="110017272" confidence="0.8">
<manufacturer wordnetid="110292316" confidence="0.8">
<performer wordnetid="110415638" confidence="0.8">
<causal_agent wordnetid="100007347" confidence="0.8">
<musician wordnetid="110340312" confidence="0.8">
<entertainer wordnetid="109616922" confidence="0.8">
<link xlink:type="simple" xlink:href="../912/4127912.xml#xpointer(//*[./st=%22Lazy+Dog%22])">
Lazy Dog (night club)</link></entertainer>
</musician>
</causal_agent>
</performer>
</manufacturer>
</disk_jockey>
</communicator>
</creator>
</singer>
</broadcaster>
</maker>
</person>
</physical_entity>
, a popular night club at Notting Hill Arts Club in west London</entry>
<entry level="1" type="bullet">

 <artifact wordnetid="100021939" confidence="0.8">
<instrumentality wordnetid="103575240" confidence="0.8">
<bomb wordnetid="102866578" confidence="0.8">
<device wordnetid="103183080" confidence="0.8">
<weaponry wordnetid="104566257" confidence="0.8">
<explosive_device wordnetid="103305522" confidence="0.8">
<link xlink:type="simple" xlink:href="../898/10628898.xml">
Lazy Dog (bomb)</link></explosive_device>
</weaponry>
</device>
</bomb>
</instrumentality>
</artifact>
, a cluster bomb used in WWII and in the Vietnam War</entry>
</list>
</p>

<p>

<table style="background:none">
<row>
<col style="vertical-align:middle;">
<image width="30px" src="Disambig_gray.svg">
</image>
</col>
<col style="vertical-align:middle;">
<it>This  page lists articles associated with the same title. If an <weblink xlink:type="simple" xlink:href="http://localhost:18088/wiki/index.php?title=Special:Whatlinkshere/Lazy_Dog&amp;namespace=0">
internal link</weblink>led you here, you may wish to change the link to point directly to the intended article.''</it></col>
</row>
</table>

</p>
</bdy>
</article>
