<?xml version="1.0" encoding="UTF-8"?>
<!-- generated by CLiX/Wiki2XML [MPI-Inf, MMCI@UdS] $LastChangedRevision: 92 $ on 17.04.2009 00:22:23[mciao0825] -->
<!DOCTYPE article SYSTEM "../article.dtd">
<article xmlns:xlink="http://www.w3.org/1999/xlink">
<header>
<title>Synchronized</title>
<id>10633850</id>
<revision>
<id>232868786</id>
<timestamp>2008-08-19T09:10:56Z</timestamp>
<contributor>
<username>Marty Rockatansky</username>
<id>2671301</id>
</contributor>
</revision>
<categories>
<category>All disambiguation pages</category>
<category>Disambiguation pages</category>
</categories>
</header>
<bdy>

<b>Synchronized</b> can refer to the following meanings:<p>

<list>
<entry level="1" type="bullet">

<link xlink:type="simple" xlink:href="../738/28738.xml">
synchronization</link>, the coordination of events to operate a system in unison.</entry>
<entry level="1" type="bullet">

<album wordnetid="106591815" confidence="0.9508927676800064">
<link xlink:type="simple" xlink:href="../515/10633515.xml">
<it>Synchronized</it> (album)</link></album>
, a 2002 album by <link xlink:type="simple" xlink:href="../458/5580458.xml">
sHeavy</link>.</entry>
<entry level="1" type="bullet">

synchronized is an <programming_language wordnetid="106898352" confidence="0.9508927676800064">
<link xlink:type="simple" xlink:href="../802/22802.xml">
Objective-C</link></programming_language>
, <programming_language wordnetid="106898352" confidence="0.9508927676800064">
<link xlink:type="simple" xlink:href="../881/243881.xml">
D</link></programming_language>
 and <link xlink:type="simple" xlink:href="../136/1131136.xml">
Java keyword</link> denoting a block of code subject to a <link xlink:type="simple" xlink:href="../827/36827.xml">
mutual exclusion</link> algorithm.</entry>
</list>
</p>

<sec>
<st>
See also</st>
<p>

<list>
<entry level="1" type="bullet">

<link xlink:type="simple" xlink:href="../350/921350.xml">
synchronizer</link> (disambiguation)</entry>
</list>
</p>

<p>

<table style="background:none">
<row>
<col style="vertical-align:middle;">
<image width="30px" src="Disambig_gray.svg">
</image>
</col>
<col style="vertical-align:middle;">
<it>This  page lists articles associated with the same title. If an <weblink xlink:type="simple" xlink:href="http://localhost:18088/wiki/index.php?title=Special:Whatlinkshere/Synchronized&amp;namespace=0">
internal link</weblink>led you here, you may wish to change the link to point directly to the intended article.''</it></col>
</row>
</table>

</p>
</sec>
</bdy>
</article>
