<?xml version="1.0" encoding="UTF-8"?>
<!-- generated by CLiX/Wiki2XML [MPI-Inf, MMCI@UdS] $LastChangedRevision: 92 $ on 16.04.2009 15:25:31[mciao0826] -->
<!DOCTYPE article SYSTEM "../article.dtd">
<article xmlns:xlink="http://www.w3.org/1999/xlink">
<header>
<title>Food</title>
<id>10646</id>
<revision>
<id>243462400</id>
<timestamp>2008-10-06T16:44:10Z</timestamp>
<contributor>
<username>JAnDbot</username>
<id>1725149</id>
</contributor>
</revision>
<categories>
<category>Food and drink</category>
</categories>
</header>
<bdy>

For the Jan Švankmajer short film, see <movie wordnetid="106613686" confidence="0.9508927676800064">
<link xlink:type="simple" xlink:href="../981/6459981.xml">
Food (film)</link></movie>
.
<image location="right" width="250px" src="Foods.jpg" type="thumbnail">
<caption>

Foods from plant sources
</caption>
</image>
<p>

<table style="background:#f9f9f9; font-size:85%; line-height:110%; ">
<row>
<col>
 <image width="32x28px" src="Portal.svg">
</image>
</col>
<col style="padding:0 0.2em;">
 <b><it>
Food&#32;portal</it></b></col>
</row>
</table>
</p>

<p>

<b>Food</b> is any substance, usually composed primarily of <link xlink:type="simple" xlink:href="../932/5932.xml">
carbohydrate</link>s, <link xlink:type="simple" xlink:href="../042/11042.xml">
fat</link>s, water and/or <link xlink:type="simple" xlink:href="../634/23634.xml">
protein</link>s, that can be <link xlink:type="simple" xlink:href="../818/212818.xml">
eaten</link> or <link xlink:type="simple" xlink:href="../254/66254.xml">
drunk</link> by an animal or <link xlink:type="simple" xlink:href="../482/682482.xml">
human</link> for <link xlink:type="simple" xlink:href="../525/21525.xml">
nutrition</link> or pleasure. Items considered food may be sourced from plants, animals or other categories such as <link xlink:type="simple" xlink:href="../965/19178965.xml">
fungus</link> or fermented products like <link xlink:type="simple" xlink:href="../014/1014.xml">
alcohol</link>. Although many human cultures sought food items through <link xlink:type="simple" xlink:href="../098/210098.xml">
hunting and gathering</link>, today most cultures use <link xlink:type="simple" xlink:href="../627/627.xml">
farming</link>, <link xlink:type="simple" xlink:href="../641/3160641.xml">
ranching</link>, and <link xlink:type="simple" xlink:href="../581/36581.xml">
fishing</link>, with <link xlink:type="simple" xlink:href="../791/38791.xml">
hunting</link>, <link xlink:type="simple" xlink:href="../986/447986.xml">
foraging</link> and other methods of a local nature included but playing a minor role.</p>
<p>

Most <link xlink:type="simple" xlink:href="../067/30067.xml">
traditions</link> have a recognizable <link xlink:type="simple" xlink:href="../656/6656.xml">
cuisine</link>, a specific set of cooking traditions, preferences, and practices, the study of which is known as <link xlink:type="simple" xlink:href="../756/1071756.xml">
gastronomy</link>. Many cultures have diversified their foods by means of preparation, cooking methods and manufacturing.  This also includes a complex food trade which helps the cultures to economically survive by-way-of food, not just by consumption. </p>
<p>

Many cultures study the dietary analysis of food <link xlink:type="simple" xlink:href="../599/13149599.xml">
habits</link>. While humans are <link xlink:type="simple" xlink:href="../403/159403.xml">
omnivore</link>s, religion and social constructs such as morality often affect which foods they will consume.  Food safety is also a concern with <link xlink:type="simple" xlink:href="../611/531611.xml">
foodborne illness</link> claiming many lives each year. In many languages, food is often used <link xlink:type="simple" xlink:href="../518/20518.xml">
metaphor</link>ically or figuratively, as in "food for thought".</p>

<sec>
<st>
Food sources</st>
<p>

Almost all foods are of plant or <link xlink:type="simple" xlink:href="../790/11039790.xml">
animal</link> origin, although there are some exceptions.  Foods not coming from animal or <link xlink:type="simple" xlink:href="../208/23208.xml">
plant</link> sources include various edible <link xlink:type="simple" xlink:href="../965/19178965.xml">
fungi</link>, such <link xlink:type="simple" xlink:href="../264/20264.xml">
mushroom</link>s. <link xlink:type="simple" xlink:href="../965/19178965.xml">
Fungi</link> and ambient <link xlink:type="simple" xlink:href="../799/9028799.xml">
bacteria</link> are used in the preparation of <event wordnetid="100029378" confidence="0.8">
<act wordnetid="100030358" confidence="0.8">
<psychological_feature wordnetid="100023100" confidence="0.8">
<procedure wordnetid="101023820" confidence="0.8">
<activity wordnetid="100407535" confidence="0.8">
<link xlink:type="simple" xlink:href="../980/6073980.xml">
fermented</link></activity>
</procedure>
</psychological_feature>
</act>
</event>
 and <link xlink:type="simple" xlink:href="../607/2259607.xml">
pickled foods</link> such as leavened <link xlink:type="simple" xlink:href="../969/36969.xml">
bread</link>, <link xlink:type="simple" xlink:href="../043/18948043.xml">
alcoholic drinks</link>, <link xlink:type="simple" xlink:href="../910/11749910.xml">
cheese</link>, <link xlink:type="simple" xlink:href="../668/18978668.xml">
pickles</link>, and <link xlink:type="simple" xlink:href="../754/156754.xml">
yogurt</link>. Many cultures eat <link xlink:type="simple" xlink:href="../983/18597983.xml">
seaweed</link>, a <link xlink:type="simple" xlink:href="../886/19178886.xml">
protist</link>, or <link xlink:type="simple" xlink:href="../618/129618.xml">
blue-green algae (cyanobacteria)</link> such as <link xlink:type="simple" xlink:href="../626/460626.xml">
Spirulina</link>.<ref xlink:type="simple" xlink:href="#xpointer(//reflist/entry[@id=%221%22])">1</ref> Additionally, <link xlink:type="simple" xlink:href="../200/1605200.xml">
salt</link> is often eaten as a flavoring or preservative, and <link xlink:type="simple" xlink:href="../725/155725.xml">
baking soda</link> is used in food preparation. Both of these are <link xlink:type="simple" xlink:href="../442/363442.xml">
inorganic</link> substances, as is <link xlink:type="simple" xlink:href="../306/33306.xml">
water</link>, an important part of human diet.</p>

<ss1>
<st>
Plants</st>
<p>

<image location="right" width="150px" src="Vegetarian_diet.jpg" type="thumb">
<caption>

A variety of foods from plant sources
</caption>
</image>

Many <link xlink:type="simple" xlink:href="../208/23208.xml">
plant</link>s or plant parts are eaten as food. There are around 2,000 plant species which are cultivated for food, and many have several distinct <link xlink:type="simple" xlink:href="../906/167906.xml">
cultivar</link>s.<ref xlink:type="simple" xlink:href="#xpointer(//reflist/entry[@id=%222%22])">2</ref> </p>
<p>

Seeds of plants are a good source of food for animals, including humans because they contain nutrients necessary for the plant's initial growth. In fact, the majority of food consumed by human beings are seed-based foods. Edible seeds include <link xlink:type="simple" xlink:href="../700/6700.xml">
cereal</link>s (such as maize, <link xlink:type="simple" xlink:href="../858/36858.xml">
wheat</link>, and <link xlink:type="simple" xlink:href="../979/36979.xml">
rice</link>), <link xlink:type="simple" xlink:href="../286/305286.xml">
legume</link>s (such as <link xlink:type="simple" xlink:href="../487/4487.xml">
bean</link>s, <link xlink:type="simple" xlink:href="../407/59407.xml">
pea</link>s, and <link xlink:type="simple" xlink:href="../455/174455.xml">
lentil</link>s), and <fruit wordnetid="113134947" confidence="0.8">
<natural_object wordnetid="100019128" confidence="0.8">
<reproductive_structure wordnetid="111675842" confidence="0.8">
<seed wordnetid="113135832" confidence="0.8">
<plant_organ wordnetid="113087625" confidence="0.8">
<plant_part wordnetid="113086908" confidence="0.8">
<substance wordnetid="100020090" confidence="0.8">
<bite wordnetid="107577374" confidence="0.8">
<edible_nut wordnetid="107737081" confidence="0.8">
<food wordnetid="100021265" confidence="0.8">
<nut wordnetid="113136556" confidence="0.8">
<nutriment wordnetid="107570720" confidence="0.8">
<meal wordnetid="107573696" confidence="0.8">
<link xlink:type="simple" xlink:href="../647/251647.xml">
nut</link></meal>
</nutriment>
</nut>
</food>
</edible_nut>
</bite>
</substance>
</plant_part>
</plant_organ>
</seed>
</reproductive_structure>
</natural_object>
</fruit>
s. <link xlink:type="simple" xlink:href="../331/192331.xml">
Oilseed</link>s are often pressed to produce rich oils, such as <link xlink:type="simple" xlink:href="../622/57622.xml">
sunflower</link>, <link xlink:type="simple" xlink:href="../545/219545.xml">
rapeseed</link> (including <link xlink:type="simple" xlink:href="../190/86190.xml">
canola oil</link>), and <link xlink:type="simple" xlink:href="../420/82420.xml">
sesame</link>.<ref xlink:type="simple" xlink:href="#xpointer(//reflist/entry[@id=%223%22])">3</ref> One of the earliest food <link xlink:type="simple" xlink:href="../845/97845.xml">
recipes</link> made from ground chickpeas is called <link xlink:type="simple" xlink:href="../065/75065.xml">
hummus</link>, which can be traced back to <region wordnetid="108630985" confidence="0.8">
<administrative_district wordnetid="108491826" confidence="0.8">
<location wordnetid="100027167" confidence="0.8">
<empire wordnetid="108557482" confidence="0.8">
<domain wordnetid="108556491" confidence="0.8">
<district wordnetid="108552138" confidence="0.8">
<country wordnetid="108544813" confidence="0.8">
<link xlink:type="simple" xlink:href="../874/874.xml">
Ancient Egypt</link></country>
</district>
</domain>
</empire>
</location>
</administrative_district>
</region>
 times.</p>
<p>

<link xlink:type="simple" xlink:href="../843/10843.xml">
Fruits</link> are the ripened ovaries of plants, including the seeds within. Many plants have evolved fruits that are attractive as a food source to animals, so that animals will eat the fruits and excrete the seeds some distance away. Fruits, therefore, make up a significant part of the diets of most cultures. Some botanical fruits, such as <link xlink:type="simple" xlink:href="../234/9940234.xml">
tomato</link>es, <link xlink:type="simple" xlink:href="../150/18581150.xml">
pumpkin</link>s and <link xlink:type="simple" xlink:href="../712/45712.xml">
eggplant</link>s, are eaten as vegetables.<ref xlink:type="simple" xlink:href="#xpointer(//reflist/entry[@id=%224%22])">4</ref> (For more information, see <link xlink:type="simple" xlink:href="../013/18952013.xml">
list of fruits</link>.)</p>
<p>

<link xlink:type="simple" xlink:href="../492/5791492.xml">
Vegetable</link>s are a second type of plant matter that is commonly eaten as food. These include <link xlink:type="simple" xlink:href="../695/236695.xml">
root vegetable</link>s (such as <link xlink:type="simple" xlink:href="../501/23501.xml">
potato</link>es and <link xlink:type="simple" xlink:href="../739/5985739.xml">
carrot</link>s), <link xlink:type="simple" xlink:href="../759/1594759.xml">
leaf vegetable</link>s (such as <link xlink:type="simple" xlink:href="../734/169734.xml">
spinach</link> and <link xlink:type="simple" xlink:href="../079/57079.xml">
lettuce</link>), 
Stem vegetables|stem vegetables (such as <link xlink:type="simple" xlink:href="../029/39029.xml">
bamboo</link> shoots and <link xlink:type="simple" xlink:href="../319/46319.xml">
asparagus</link>), and 
Inflorescence vegetables|inflorescence vegetables (such as <link xlink:type="simple" xlink:href="../742/1120742.xml">
globe artichoke</link>s and <link xlink:type="simple" xlink:href="../556/66556.xml">
broccoli</link>). Many <link xlink:type="simple" xlink:href="../296/13296.xml">
herb</link>s and spices are highly-flavorful vegetables.<ref xlink:type="simple" xlink:href="#xpointer(//reflist/entry[@id=%225%22])">5</ref></p>

</ss1>
<ss1>
<st>
Animals</st>
<p>

<image location="left" width="200px" src="Meatfoodgroup.jpg" type="thumb">
<caption>

Various raw meats
</caption>
</image>
</p>
<p>

<indent level="1">

<it>Main article: <link xlink:type="simple" xlink:href="../444/16077444.xml">
Animal source foods</link></it>
</indent>
Animals can be used as food either directly, or indirectly by the products they produce. <link xlink:type="simple" xlink:href="../940/18940.xml">
Meat</link> is an example of a direct product taken from an <link xlink:type="simple" xlink:href="../790/11039790.xml">
animal</link>, which comes from either <link xlink:type="simple" xlink:href="../734/19723734.xml">
muscle</link> systems or from <link xlink:type="simple" xlink:href="../776/152776.xml">
organs</link>.  Food products produced by animals include <link xlink:type="simple" xlink:href="../714/19714.xml">
milk</link> produced by <link xlink:type="simple" xlink:href="../838/18838.xml">
mammal</link>s, which in many cultures is drunk or processed into <link xlink:type="simple" xlink:href="../097/8097.xml">
dairy product</link>s such as <link xlink:type="simple" xlink:href="../910/11749910.xml">
cheese</link> or <link xlink:type="simple" xlink:href="../183/46183.xml">
butter</link>. In addition birds and other animals lay <link xlink:type="simple" xlink:href="../010/19196010.xml">
eggs</link>, which are often eaten, and <link xlink:type="simple" xlink:href="../654/4654.xml">
bee</link>s produce <link xlink:type="simple" xlink:href="../361/14361.xml">
honey</link>, a popular sweetener in many cultures. Some cultures <link xlink:type="simple" xlink:href="../366/11633366.xml">
consume blood</link>, some in the form of <link xlink:type="simple" xlink:href="../722/215722.xml">
blood sausage</link>, as a thickener for sauces, a <link xlink:type="simple" xlink:href="../435/6494435.xml">
cured</link> salted form for times of food scarcity, and others use <link xlink:type="simple" xlink:href="../997/3997.xml">
blood</link> in stews such as <link xlink:type="simple" xlink:href="../675/10071675.xml">
civet</link>.<ref xlink:type="simple" xlink:href="#xpointer(//reflist/entry[@id=%226%22])">6</ref></p>


</ss1>
</sec>
<sec>
<st>
Production</st>
<p>

<image width="250px" src="Ueberladewagen.jpg" type="thumb">
</image>
</p>
<p>

<indent level="1">

<it>Main article: <link xlink:type="simple" xlink:href="../627/627.xml">
Agriculture</link></it>
</indent>
Food is traditionally obtained through <link xlink:type="simple" xlink:href="../627/627.xml">
farming</link>, <link xlink:type="simple" xlink:href="../641/3160641.xml">
ranching</link>, and <link xlink:type="simple" xlink:href="../581/36581.xml">
fishing</link>, with <link xlink:type="simple" xlink:href="../791/38791.xml">
hunting</link>, <link xlink:type="simple" xlink:href="../986/447986.xml">
foraging</link> and other <link xlink:type="simple" xlink:href="../319/38319.xml">
methods of subsistence</link> locally important. More recently, there has been a growing trend towards more <link xlink:type="simple" xlink:href="../143/216143.xml">
sustainable agricultural</link> practices. This approach, which is partly fueled by <link xlink:type="simple" xlink:href="../818/7818.xml">
consumer</link> <link xlink:type="simple" xlink:href="../978/920978.xml">
demand</link>, encourages <link xlink:type="simple" xlink:href="../086/45086.xml">
biodiversity</link>, local self-reliance and <link xlink:type="simple" xlink:href="../754/72754.xml">
organic farming</link> methods.<ref xlink:type="simple" xlink:href="#xpointer(//reflist/entry[@id=%227%22])">7</ref> Major influences on food production are international organizations, (e.g. the <organization wordnetid="108008335" confidence="0.9508927676800064">
<link xlink:type="simple" xlink:href="../873/33873.xml">
World Trade Organization</link></organization>
 and <idea wordnetid="105833840" confidence="0.8">
<plan wordnetid="105898568" confidence="0.8">
<plan_of_action wordnetid="105902545" confidence="0.8">
<policy wordnetid="105901508" confidence="0.8">
<link xlink:type="simple" xlink:href="../924/141924.xml">
Common Agricultural Policy</link></policy>
</plan_of_action>
</plan>
</idea>
), national government policy (or <link xlink:type="simple" xlink:href="../668/18949668.xml">
law</link>), and <link xlink:type="simple" xlink:href="../158/33158.xml">
war</link>.<ref xlink:type="simple" xlink:href="#xpointer(//reflist/entry[@id=%228%22])">8</ref></p>

</sec>
<sec>
<st>
Preparation</st>
<p>

While some food can be eaten raw, many foods undergo some form of preparation for reasons of safety, palatability, or <link xlink:type="simple" xlink:href="../591/10591.xml">
flavor</link>. At the simplest level this may involve <link xlink:type="simple" xlink:href="../830/253830.xml">
washing</link>, <link xlink:type="simple" xlink:href="../961/387961.xml">
cutting</link>, trimming or adding other foods or ingredients, such as <link xlink:type="simple" xlink:href="../897/26897.xml">
spice</link>s. It may also involve mixing, heating or cooling, <link xlink:type="simple" xlink:href="../991/52991.xml">
pressure cooking</link>, fermentation, or combination with other food. In a home, most food preparation takes place in a <link xlink:type="simple" xlink:href="../404/49404.xml">
kitchen</link>. Some preparation is done to enhance the <link xlink:type="simple" xlink:href="../205/47205.xml">
taste</link> or <link xlink:type="simple" xlink:href="../ury/22nd_century.xml">
aesthetic</link> appeal; other preparation may help to <link xlink:type="simple" xlink:href="../834/10834.xml">
preserve</link> the food; and others may be involved in cultural identity. A <link xlink:type="simple" xlink:href="../018/80018.xml">
meal</link> is made up of food which is prepared to be eaten at a specific time and place.<ref xlink:type="simple" xlink:href="#xpointer(//reflist/entry[@id=%229%22])">9</ref></p>

<ss1>
<st>
Animal slaughter and butchering</st>
<p>

<image location="left" width="150px" src="Slaughterhouse.jpg" type="frame">
<caption>

Workers and cattle in a slaughterhouse.
</caption>
</image>

The preparation of animal-based food will usually involve <link xlink:type="simple" xlink:href="../510/9585510.xml">
slaughter</link>, <link xlink:type="simple" xlink:href="../206/179206.xml">
evisceration</link>, hanging, portioning and <technique wordnetid="105665146" confidence="0.8">
<know-how wordnetid="105616786" confidence="0.8">
<method wordnetid="105660268" confidence="0.8">
<link xlink:type="simple" xlink:href="../462/885462.xml">
rendering</link></method>
</know-how>
</technique>
. In developed countries, this is usually done outside the home in <link xlink:type="simple" xlink:href="../076/55076.xml">
slaughterhouses</link> which are used to process animals en mass for meat production. Many countries regulate their slaughterhouses by law.  For example the <body wordnetid="107965085" confidence="0.8">
<social_group wordnetid="107950920" confidence="0.8">
<political_orientation wordnetid="106212839" confidence="0.8">
<colony wordnetid="108374049" confidence="0.8">
<state wordnetid="108168978" confidence="0.8">
<political_unit wordnetid="108359949" confidence="0.8">
<group wordnetid="100031264" confidence="0.8">
<democracy wordnetid="106217103" confidence="0.8">
<link xlink:type="simple" xlink:href="../750/3434750.xml">
United States</link></democracy>
</group>
</political_unit>
</state>
</colony>
</political_orientation>
</social_group>
</body>
 has established the Humane Slaughter Act of 1958, which requires that an animal be stunned before killing. This act, like those in many countries, exempts slaughter in accordance to religious law, such as <link xlink:type="simple" xlink:href="../881/16881.xml">
kosher</link> <link xlink:type="simple" xlink:href="../658/1232658.xml">
shechita</link> and dhabiĥa halal. Strict interpretations of <link xlink:type="simple" xlink:href="../881/16881.xml">
kashrut</link> require the animal to be fully aware when its carotid artery is cut.<ref xlink:type="simple" xlink:href="#xpointer(//reflist/entry[@id=%2210%22])">10</ref></p>
<p>

On the local level a butcher may commonly break down larger animal meat into smaller manageable cuts and pre-wrapped for commercial sale or wrapped to order in <link xlink:type="simple" xlink:href="../067/843067.xml">
butcher paper</link>. In addition fish and <link xlink:type="simple" xlink:href="../866/26866.xml">
seafood</link> may be fabricated into smaller cuts by a <link xlink:type="simple" xlink:href="../043/2543043.xml">
fish monger</link> at the local level.  However fish butchery may be done on board a fishing vessel and quick-frozen for preservation of quality.<ref xlink:type="simple" xlink:href="#xpointer(//reflist/entry[@id=%2211%22])">11</ref></p>


</ss1>
<ss1>
<st>
Cooking</st>

<p>

<indent level="1">

<it>Main article: <link xlink:type="simple" xlink:href="../355/5355.xml">
Cooking</link></it>
</indent>
<image location="right" width="200px" src="Wok_cooking_and_the_heat_source_by_The_Pocket_in_Nanjing.jpg" type="thumb">
<caption>

Cooking with a <link xlink:type="simple" xlink:href="../693/33693.xml">
Wok</link> in China
</caption>
</image>

The term "cooking" encompasses a vast range of methods, tools and combinations of <link xlink:type="simple" xlink:href="../622/2679622.xml">
ingredient</link>s to improve the flavor or <link xlink:type="simple" xlink:href="../423/165423.xml">
digestibility of food</link>. Cooking technique, known as <link xlink:type="simple" xlink:href="../318/2597318.xml">
culinary art</link>, generally requires the selection, measurement and combining of ingredients in an ordered procedure in an effort to achieve the desired result. Constraints on success include the variability of ingredients, ambient conditions, <link xlink:type="simple" xlink:href="../677/30677.xml">
tool</link>s, and the skill of the individual cooking.<ref xlink:type="simple" xlink:href="#xpointer(//reflist/entry[@id=%2212%22])">12</ref>  The diversity of cooking worldwide is a reflection of the myriad nutritional, aesthetic, agricultural, economic, cultural and religious considerations that impact upon it.<ref xlink:type="simple" xlink:href="#xpointer(//reflist/entry[@id=%2213%22])">13</ref></p>
<p>

Cooking requires applying heat to a food which usually, though not always, <link xlink:type="simple" xlink:href="../180/5180.xml">
chemically</link> transforms it, thus changing its flavor, <link xlink:type="simple" xlink:href="../132/3874132.xml">
texture</link>, appearance, and nutritional properties.<ref xlink:type="simple" xlink:href="#xpointer(//reflist/entry[@id=%2214%22])">14</ref> Cooking proper, as opposed to roasting, requires the boiling of water in a container, and was practiced at least since the 10th millennium BC with the introduction of <link xlink:type="simple" xlink:href="../619/24619.xml">
pottery</link>.<ref xlink:type="simple" xlink:href="#xpointer(//reflist/entry[@id=%2215%22])">15</ref> There is archaeological evidence of roasted foodstuffs at <chordate wordnetid="101466257" confidence="0.8">
<hominid wordnetid="102471762" confidence="0.8">
<vertebrate wordnetid="101471682" confidence="0.8">
<placental wordnetid="101886756" confidence="0.8">
<primate wordnetid="102469914" confidence="0.8">
<mammal wordnetid="101861778" confidence="0.8">
<animal wordnetid="100015388" confidence="0.8">
<link xlink:type="simple" xlink:href="../533/19554533.xml">
Homo erectus</link></animal>
</mammal>
</primate>
</placental>
</vertebrate>
</hominid>
</chordate>
 campsites dating from 420,000 years ago.<ref xlink:type="simple" xlink:href="#xpointer(//reflist/entry[@id=%2216%22])">16</ref></p>

<ss2>
<st>
Cooking equipment and methods</st>
<p>

There are many types of cooking equipment used for cooking.  <link xlink:type="simple" xlink:href="../536/445536.xml">
Oven</link>s are one type of cooking equipment which can be used for baking or roasting and offer a dry-heat cooking method.  Different cuisines will use different types of <link xlink:type="simple" xlink:href="../536/445536.xml">
oven</link>s, for example Indian culture uses a <link xlink:type="simple" xlink:href="../405/398405.xml">
Tandoor</link> oven is a cylindrical clay oven which operates at a single high temperature,<ref xlink:type="simple" xlink:href="#xpointer(//reflist/entry[@id=%2217%22])">17</ref> while western <link xlink:type="simple" xlink:href="../404/49404.xml">
kitchen</link>s will use variable temperature <link xlink:type="simple" xlink:href="../035/636035.xml">
convection oven</link>s, conventional ovens, <link xlink:type="simple" xlink:href="../672/242672.xml">
toaster oven</link>s in addition to non-radiant heat ovens like the <link xlink:type="simple" xlink:href="../017/58017.xml">
microwave oven</link>.  Ovens may be wood-fired, coal-fired, gas, electric, or oil-fired.<ref xlink:type="simple" xlink:href="#xpointer(//reflist/entry[@id=%2218%22])">18</ref></p>
<p>

<image location="left" width="150px" src="Pfanne_(Edelstahl).jpg" type="thumb">
<caption>

A stainless steel frying pan.
</caption>
</image>

Various types of cook-tops are used as well.  They carry the same variations of fuel types as the ovens mentioned above.  cook-tops are used to heat vessels placed on top of the heat source, such as a <link>
sauté pan</link>, sauce pot, <link xlink:type="simple" xlink:href="../468/1342468.xml">
frying pan</link>, <link xlink:type="simple" xlink:href="../991/52991.xml">
pressure cooker</link>, etc.  These pieces of equipment can use either a moist or dry cooking method and include methods such as <link xlink:type="simple" xlink:href="../693/27693.xml">
steam</link>ing, <link xlink:type="simple" xlink:href="../886/180886.xml">
simmer</link>ing, <link xlink:type="simple" xlink:href="../668/995668.xml">
boil</link>ing, and <technique wordnetid="105665146" confidence="0.8">
<know-how wordnetid="105616786" confidence="0.8">
<method wordnetid="105660268" confidence="0.8">
<link xlink:type="simple" xlink:href="../988/52988.xml">
poaching</link></method>
</know-how>
</technique>
 for moist methods; while the dry methods include <link>
sauté</link>ing, <link xlink:type="simple" xlink:href="../985/52985.xml">
pan fry</link>ing, or <link xlink:type="simple" xlink:href="../982/52982.xml">
deep-fry</link>ing.<ref xlink:type="simple" xlink:href="#xpointer(//reflist/entry[@id=%2219%22])">19</ref></p>
<p>

<image width="240px" src="TraditionalAsado.jpg" type="thumb">
<caption>

Traditional asado
</caption>
</image>

In addition, many cultures use grills for <link xlink:type="simple" xlink:href="../355/5355.xml">
cooking</link>.  A <artifact wordnetid="100021939" confidence="0.8">
<instrumentality wordnetid="103575240" confidence="0.8">
<device wordnetid="103183080" confidence="0.8">
<appliance wordnetid="102729965" confidence="0.8">
<link xlink:type="simple" xlink:href="../812/294812.xml">
grill</link></appliance>
</device>
</instrumentality>
</artifact>
 operates with a radiant heat source from below, usually covered with a metal grid and sometimes a cover. An open bit barbecue in the American south is one example along with the American style outdoor grill fueled by <link xlink:type="simple" xlink:href="../550/33550.xml">
wood</link>, liquid <link xlink:type="simple" xlink:href="../643/23643.xml">
propane</link> or <link xlink:type="simple" xlink:href="../500/44500.xml">
charcoal</link> along with soaked wood chips for smoking.<ref xlink:type="simple" xlink:href="#xpointer(//reflist/entry[@id=%2220%22])">20</ref>  A <link xlink:type="simple" xlink:href="../054/3966054.xml">
Mexican</link> style of barbecue is called <link xlink:type="simple" xlink:href="../095/1951095.xml">
barbacoa</link>, which involves the cooking of meats and whole sheep over open fire.  In <city wordnetid="108524735" confidence="0.9508927676800064">
<country wordnetid="108544813" confidence="0.9508927676800064">
<link xlink:type="simple" xlink:href="../905/18951905.xml">
Argentina</link></country>
</city>
, <link xlink:type="simple" xlink:href="../809/599809.xml">
asado</link> is prepared on a grill held over an open pit or fire made upon the ground, on which a whole animal is grilled or in other cases smaller cuts of the animal.<ref xlink:type="simple" xlink:href="#xpointer(//reflist/entry[@id=%2221%22])">21</ref></p>

</ss2>
<ss2>
<st>
Raw food</st>
<p>

<image location="left" width="200px" src="2007feb-sushi-odaiba-manytypes.jpg" type="thumb">
<caption>

Many types of sushi ready to be eaten.
</caption>
</image>

Certain cultures highlight animal and vegetable foods in their raw state.  <link xlink:type="simple" xlink:href="../271/28271.xml">
Sushi</link> in <link xlink:type="simple" xlink:href="../573/15573.xml">
Japan</link> is one such <link xlink:type="simple" xlink:href="../656/6656.xml">
cuisine</link> that features raw sliced <link xlink:type="simple" xlink:href="../587/4699587.xml">
fish</link>, either in <link xlink:type="simple" xlink:href="../360/46360.xml">
sashimi</link>, nigiri, or maki styles.<ref xlink:type="simple" xlink:href="#xpointer(//reflist/entry[@id=%2222%22])">22</ref> <link xlink:type="simple" xlink:href="../613/825613.xml">
Steak tartare</link> and salmon tartare are dishes made from diced or ground raw beef or salmon respectively, mixed with various ingredients and served with <link xlink:type="simple" xlink:href="../848/299848.xml">
baguette</link>, <link xlink:type="simple" xlink:href="../827/330827.xml">
brioche</link> or <link xlink:type="simple" xlink:href="../885/10885.xml">
frites</link>.<ref xlink:type="simple" xlink:href="#xpointer(//reflist/entry[@id=%2223%22])">23</ref>  In Italy, <link xlink:type="simple" xlink:href="../320/214320.xml">
carpaccio</link> is a dish of very thin sliced raw <link xlink:type="simple" xlink:href="../968/36968.xml">
beef</link>, drizzled with a <link xlink:type="simple" xlink:href="../705/12635705.xml">
vinaigrette</link> made with olive oil.<ref xlink:type="simple" xlink:href="#xpointer(//reflist/entry[@id=%2224%22])">24</ref>  A popular health food movement known as <link xlink:type="simple" xlink:href="../274/641274.xml">
raw foodism</link> promotes a mostly <link xlink:type="simple" xlink:href="../587/32587.xml">
vegan</link> diet of raw <link xlink:type="simple" xlink:href="../843/10843.xml">
fruit</link>s, <link xlink:type="simple" xlink:href="../492/5791492.xml">
vegetable</link>s and <link xlink:type="simple" xlink:href="../700/6700.xml">
grain</link>s prepared in various ways, including juicing, food dehydration, not passing the 118 degree mark, and sprouting.<ref xlink:type="simple" xlink:href="#xpointer(//reflist/entry[@id=%2225%22])">25</ref></p>

</ss2>
</ss1>
<ss1>
<st>
Restaurants</st>
<p>

<image width="300px" src="restaurant.jpg" type="thumb">
</image>

Many cultures produce food for sale in restaurants for paying customers. These restaurants often have trained <link xlink:type="simple" xlink:href="../684/279684.xml">
chef</link>s who prepare the food, while trained waitstaff serve the customers.  The term <link xlink:type="simple" xlink:href="../437/26437.xml">
restaurant</link> is credited to the <country wordnetid="108544813" confidence="0.9508927676800064">
<link xlink:type="simple" xlink:href="../419/5843419.xml">
French</link></country>
 from the 19th century, as it relates to the restorative nature of the <link xlink:type="simple" xlink:href="../208/176208.xml">
bouillon</link>s that were once served in them.  However, the concept pre-dates the naming of these establishments, as evidence suggests commercial food preparation may have existed during the age of the city of <site wordnetid="108651247" confidence="0.9508927676800064">
<link xlink:type="simple" xlink:href="../405/24405.xml">
Pompeii</link></site>
, as well as an urban sales of prepared foods in <link xlink:type="simple" xlink:href="../862/5042862.xml">
China</link> during the <country wordnetid="108544813" confidence="0.9508927676800064">
<link xlink:type="simple" xlink:href="../978/56978.xml">
Song Dynasty</link></country>
.  The <link xlink:type="simple" xlink:href="../168/306168.xml">
coffee shop</link>s or <link xlink:type="simple" xlink:href="../893/211893.xml">
cafe</link>s of 17th century <link xlink:type="simple" xlink:href="../239/9239.xml">
Europe</link> may also be considered an early version of the restaurant.<ref xlink:type="simple" xlink:href="#xpointer(//reflist/entry[@id=%2226%22])">26</ref> In 2005 the United States spent $496 billion annually for out-of-home dining.  Expenditures by type of out-of-home dining was as follows, 40% in full-service restaurants, 37.2% in limited service restaurants (<link xlink:type="simple" xlink:href="../101/360101.xml">
fast food</link>), 6.6% in <link xlink:type="simple" xlink:href="../022/28022.xml">
school</link>s or <link xlink:type="simple" xlink:href="../689/5689.xml">
college</link>s, 5.4% in bars and <link xlink:type="simple" xlink:href="../339/266339.xml">
vending machine</link>s, 4.7% in <link xlink:type="simple" xlink:href="../276/14276.xml">
hotel</link>s and <link xlink:type="simple" xlink:href="../058/21058.xml">
motel</link>s, 4.0% in recreational places, and 2.2% in other which includes <link xlink:type="simple" xlink:href="../566/843566.xml">
military base</link>s.<ref xlink:type="simple" xlink:href="#xpointer(//reflist/entry[@id=%2227%22])">27</ref></p>

</ss1>
<ss1>
<st>
Food manufacture</st>
<p>

<image location="right" width="280px" src="Packages.jpg" type="thumb">
<caption>

Packaged household food items
</caption>
</image>
</p>
<p>

<indent level="1">

<it>Main article: <link xlink:type="simple" xlink:href="../804/7005804.xml">
Food manufacture</link></it>
</indent>
Packaged foods are manufactured outside the home for purchase. This can be as simple as a <link xlink:type="simple" xlink:href="../814/495814.xml">
butcher</link> preparing meat, or as complex as a modern international <link xlink:type="simple" xlink:href="../974/2437974.xml">
food industry</link>. Early food processing techniques were limited by available food preservation, packaging and <link xlink:type="simple" xlink:href="../879/18580879.xml">
transport</link>ation. This mainly involved <link xlink:type="simple" xlink:href="../498/143498.xml">
salting</link>, <link xlink:type="simple" xlink:href="../435/6494435.xml">
curing</link>, curdling, <link xlink:type="simple" xlink:href="../573/158573.xml">
drying</link>, <link xlink:type="simple" xlink:href="../607/2259607.xml">
pickling</link>, <link xlink:type="simple" xlink:href="../980/6073980.xml">
fermentation</link> and <link xlink:type="simple" xlink:href="../995/52995.xml">
smoking</link>.<ref xlink:type="simple" xlink:href="#xpointer(//reflist/entry[@id=%2228%22])">28</ref>  During the <link xlink:type="simple" xlink:href="../914/14914.xml">
industrialization era</link> in the 19th century, food manufacturing arose.<ref xlink:type="simple" xlink:href="#xpointer(//reflist/entry[@id=%2229%22])">29</ref>  This development took advantage of new <link xlink:type="simple" xlink:href="../378/616378.xml">
mass markets</link> and emerging new technology, such as <equipment wordnetid="103294048" confidence="0.9508927676800064">
<link xlink:type="simple" xlink:href="../698/1095698.xml">
milling</link></equipment>
, preservation, <link>
packaging</link> and <link xlink:type="simple" xlink:href="../965/4984965.xml">
labeling</link> and transportation. It brought the advantages of pre-prepared time saving food to the bulk of ordinary people who did not employ <link xlink:type="simple" xlink:href="../781/636781.xml">
domestic servant</link>s.<ref xlink:type="simple" xlink:href="#xpointer(//reflist/entry[@id=%2230%22])">30</ref> </p>
<p>

At the start of the 21st century, a two-tier structure has arisen, with a few international food processing giants controlling a wide range of well-known food <link xlink:type="simple" xlink:href="../900/18950900.xml">
brand</link>s. There also exists a wide array of small local or national food processing companies.<ref xlink:type="simple" xlink:href="#xpointer(//reflist/entry[@id=%2231%22])">31</ref> Advanced <link xlink:type="simple" xlink:href="../816/29816.xml">
technologies</link> have also come to change food manufacture. <link xlink:type="simple" xlink:href="../457/7878457.xml">
Computer</link>-based <link xlink:type="simple" xlink:href="../473/275473.xml">
control systems</link>, sophisticated <link xlink:type="simple" xlink:href="../960/602960.xml">
processing</link> and <link>
packaging</link> methods, and <link xlink:type="simple" xlink:href="../547/77547.xml">
logistics</link> and <link xlink:type="simple" xlink:href="../257/508257.xml">
distribution</link> advances, can enhance product <link xlink:type="simple" xlink:href="../455/12115455.xml">
quality</link>, improve <link xlink:type="simple" xlink:href="../588/8053588.xml">
food safety</link>, and reduce costs.<ref xlink:type="simple" xlink:href="#xpointer(//reflist/entry[@id=%2230%22])">30</ref></p>

</ss1>
</sec>
<sec>
<st>
Commercial trade</st>

<ss1>
<st>
International exports and imports</st>
<p>

<image location="left" width="150px" src="2005food_import.PNG" type="thumb">
<caption>

Food imports in 2005
</caption>
</image>

<institute wordnetid="108407330" confidence="0.8">
<association wordnetid="108049401" confidence="0.8">
<link xlink:type="simple" xlink:href="../309/33309.xml">
World Bank</link></association>
</institute>
 reported that the EU was the top food importer in 2005 followed at a distance by the USA and Japan. Food is now <link xlink:type="simple" xlink:href="../678/29678.xml">
trade</link>d and marketed on a global basis.  The variety and availability of food is no longer restricted by the diversity of locally grown food or the limitations of the local growing <link xlink:type="simple" xlink:href="../919/28919.xml">
season</link>.<ref xlink:type="simple" xlink:href="#xpointer(//reflist/entry[@id=%2232%22])">32</ref>  Between 1961 and 1999 there has been a 400% increase in worldwide food <link xlink:type="simple" xlink:href="../592/307592.xml">
export</link>s.<ref xlink:type="simple" xlink:href="#xpointer(//reflist/entry[@id=%2233%22])">33</ref> Some countries are now economically dependent on food exports, which in some cases account for over 80% of all exports.<ref xlink:type="simple" xlink:href="#xpointer(//reflist/entry[@id=%2234%22])">34</ref></p>
<p>

In 1994 over 100 countries became signatories to the <social_group wordnetid="107950920" confidence="0.8">
<meeting wordnetid="108307589" confidence="0.8">
<gathering wordnetid="107975026" confidence="0.8">
<group wordnetid="100031264" confidence="0.8">
<conference wordnetid="108308497" confidence="0.8">
<link xlink:type="simple" xlink:href="../103/513103.xml">
Uruguay Round</link></conference>
</group>
</gathering>
</meeting>
</social_group>
 of the <link xlink:type="simple" xlink:href="../831/12831.xml">
General Agreement on Tariffs and Trade</link> in a dramatic increase in <link xlink:type="simple" xlink:href="../212/59212.xml">
trade liberalization</link>. This included an agreement to reduce subsidies paid to farmers, underpinned by the <organization wordnetid="108008335" confidence="0.9508927676800064">
<link xlink:type="simple" xlink:href="../873/33873.xml">
WTO</link></organization>
 enforcement of <link xlink:type="simple" xlink:href="../865/171865.xml">
agricultural subsidy</link>, <link xlink:type="simple" xlink:href="../845/171845.xml">
tariffs</link>, import <link xlink:type="simple" xlink:href="../684/8393684.xml">
quota</link>s and settlement of trade disputes that cannot be bilaterally resolved.<ref xlink:type="simple" xlink:href="#xpointer(//reflist/entry[@id=%2235%22])">35</ref> Where trade barriers are raised on the disputed grounds of public health and safety, the WTO refer the dispute to the <link xlink:type="simple" xlink:href="../939/1151939.xml">
Codex Alimentarius</link> Commission, which was founded in 1962 by the <link xlink:type="simple" xlink:href="../769/31769.xml">
United Nations</link> <link xlink:type="simple" xlink:href="../107/11107.xml">
Food and Agriculture Organization</link> and the World Health Organization. Trade liberalization has greatly affected world food trade.<ref xlink:type="simple" xlink:href="#xpointer(//reflist/entry[@id=%2236%22])">36</ref></p>

</ss1>
<ss1>
<st>
Marketing and retailing</st>
<p>

<image width="350px" src="Fredmeyer_edit_1.jpg" type="thumb">
<caption>

Packaged food aisles of supermarket in <village wordnetid="108672738" confidence="0.9508927676800064">
<link xlink:type="simple" xlink:href="../503/23503.xml">
Portland, Oregon</link></village>

</caption>
</image>
 </p>
<p>

<link xlink:type="simple" xlink:href="../317/8788317.xml">
Food marketing</link> brings together the producer and the consumer. It is the chain of activities that brings food from "farm gate to plate."<ref xlink:type="simple" xlink:href="#xpointer(//reflist/entry[@id=%2237%22])">37</ref> The marketing of even a single food product can be a complicated process involving many producers and companies. For example, fifty-six companies are involved in making one <link xlink:type="simple" xlink:href="../153/198153.xml">
can</link> of chicken noodle soup. These businesses include not only chicken and vegetable processors but also the companies that transport the ingredients and those who print labels and manufacture cans.<ref xlink:type="simple" xlink:href="#xpointer(//reflist/entry[@id=%2238%22])">38</ref> The food marketing system is the largest direct and indirect non-government employer in the United States.</p>
<p>

In the pre-modern era, the sale of surplus food took place once a week when farmers took their wares on market day, into the local <link xlink:type="simple" xlink:href="../509/53509.xml">
village</link> <link xlink:type="simple" xlink:href="../385/507385.xml">
market place</link>. Here food was sold to <link xlink:type="simple" xlink:href="../468/343468.xml">
grocer</link>s for sale in their local shops for purchase by local consumers.<ref xlink:type="simple" xlink:href="#xpointer(//reflist/entry[@id=%2213%22])">13</ref><ref xlink:type="simple" xlink:href="#xpointer(//reflist/entry[@id=%2230%22])">30</ref> With the onset of industrialization, and the development of the food processing industry, a wider range of food could be sold and distributed in distant locations. Typically early grocery shops would be <link xlink:type="simple" xlink:href="../647/7647.xml">
counter</link>-based shops, in which purchasers told the shop-keeper what they wanted, so that the shop-keeper could get it for them.<ref xlink:type="simple" xlink:href="#xpointer(//reflist/entry[@id=%2213%22])">13</ref><ref xlink:type="simple" xlink:href="#xpointer(//reflist/entry[@id=%2239%22])">39</ref></p>
<p>

In the 20th century <link xlink:type="simple" xlink:href="../862/51862.xml">
supermarket</link>s were born. Supermarkets brought with them a <link xlink:type="simple" xlink:href="../247/2378247.xml">
self service</link> approach to shopping using <link xlink:type="simple" xlink:href="../801/187801.xml">
shopping cart</link>s, and were able to offer quality food at lower cost through <link xlink:type="simple" xlink:href="../517/10517.xml">
economies of scale</link> and reduced staffing costs. In the latter part of the 20th century, this has been further revolutionized by the development of vast <link xlink:type="simple" xlink:href="../146/549146.xml">
warehouse</link>-sized out-of-town supermarkets, selling a wide range of food from around the world.<ref xlink:type="simple" xlink:href="#xpointer(//reflist/entry[@id=%2240%22])">40</ref></p>
<p>

Unlike food processors, food retailing is a two-tier market in which a small number of very large <link xlink:type="simple" xlink:href="../485/7485.xml">
companies</link> control a large proportion of supermarkets. The supermarket giants wield great purchasing power over farmers and processors, and strong influence over consumers.  Nevertheless, less than ten percent of consumer spending on food goes to farmers, with larger percentages going to <link xlink:type="simple" xlink:href="../861/2861.xml">
advertising</link>, <link xlink:type="simple" xlink:href="../879/18580879.xml">
transportation</link>, and intermediate corporations.<ref xlink:type="simple" xlink:href="#xpointer(//reflist/entry[@id=%2241%22])">41</ref></p>

</ss1>
<ss1>
<st>
Prices</st>
<p>

Consumers worldwide faced rising food prices, it was reported on <link xlink:type="simple" xlink:href="../209/20209.xml">
March 24</link> <link xlink:type="simple" xlink:href="../825/35825.xml">
2008</link>. Reasons for this development are freak weather, dramatic changes in the <link xlink:type="simple" xlink:href="../265/1628265.xml">
global economy</link>, including higher <link xlink:type="simple" xlink:href="../675/5137675.xml">
oil price</link>s, lower food reserves and growing consumer demand in <link xlink:type="simple" xlink:href="../862/5042862.xml">
China</link> and <country wordnetid="108544813" confidence="0.9508927676800064">
<link xlink:type="simple" xlink:href="../533/14533.xml">
India</link></country>
. In the long term, prices are expected to stabilize. Farmers will grow more <link xlink:type="simple" xlink:href="../700/6700.xml">
grain</link> for both <link xlink:type="simple" xlink:href="../973/10973.xml">
fuel</link> and food and eventually bring prices down. Already this is happening with <link xlink:type="simple" xlink:href="../858/36858.xml">
wheat</link>, with more <link xlink:type="simple" xlink:href="../259/7500259.xml">
crops</link> to be planted in the <body wordnetid="107965085" confidence="0.8">
<social_group wordnetid="107950920" confidence="0.8">
<political_orientation wordnetid="106212839" confidence="0.8">
<colony wordnetid="108374049" confidence="0.8">
<state wordnetid="108168978" confidence="0.8">
<political_unit wordnetid="108359949" confidence="0.8">
<group wordnetid="100031264" confidence="0.8">
<democracy wordnetid="106217103" confidence="0.8">
<link xlink:type="simple" xlink:href="../750/3434750.xml">
United States</link></democracy>
</group>
</political_unit>
</state>
</colony>
</political_orientation>
</social_group>
</body>
, <region wordnetid="108630039" confidence="0.9508927676800064">
<link xlink:type="simple" xlink:href="../916/5042916.xml">
Canada</link></region>
 and <link xlink:type="simple" xlink:href="../239/9239.xml">
Europe</link> in 2009. However, the <link xlink:type="simple" xlink:href="../107/11107.xml">
Food and Agriculture Organization</link> projects that consumers still face at least until 2018 more expensive food. It is rare that the spikes are hitting all major foods in most countries at once. Food prices rose 4 percent in the United States 2007, the highest rise since 1990, and are expected to climb as much again 2008. As of December 2007, 37 countries faced food crises, and 20 had imposed some sort of food-price controls. In China, the price of <link xlink:type="simple" xlink:href="../929/19719929.xml">
pork</link> has jumped 58 percent in 2007. In the 1990s and 1980s, farm subsidies and support programs allowed major grain exporting countries to hold large surpluses, which could be tapped during food shortages to keep prices down. But new trade policies have made agricultural production much more responsive to market demands -- putting global food reserves at their lowest since 1983.<ref xlink:type="simple" xlink:href="#xpointer(//reflist/entry[@id=%2242%22])">42</ref></p>
<p>

Food prices are rising, wealthier Asian consumers are westernizing their diets, and farmers and nations of the third world are struggling to keep up the pace. The past five years have seen rapid growth in the contribution of Asian nations to the Global Fluid and Powdered Milk Manufacturing industry, which in 2008 accounts for more than 30% of production, while China alone accounts for more than 10% of both production and consumption in the Global Fruit and Vegetable Processing and Preserving industry. The trend is similarly evident in industries such as Soft Drink and Bottled Water Manufacturing, as well as Global Cocoa, Chocolate and sugar Confectionery Manufacturing, forecast to grow by 5.7% and 10.0% respectively during 2008 in response to soaring demand in China and Southeast Asian markets <ref xlink:type="simple" xlink:href="#xpointer(//reflist/entry[@id=%2243%22])">43</ref>.</p>

</ss1>
</sec>
<sec>
<st>
Famine and hunger</st>
<p>

<image width="150px" src="€2_commemorative_coin_Italy_2004.jpg" type="thumb">
</image>

Food deprivation leads to malnutrition and ultimately <link xlink:type="simple" xlink:href="../891/215891.xml">
starvation</link>. This is often connected with <link xlink:type="simple" xlink:href="../329/51329.xml">
famine</link>, which involves the absence of food in entire communities. This can have a devastating and widespread effect on human health and mortality. <link xlink:type="simple" xlink:href="../130/250130.xml">
Rationing</link> is sometimes used to distribute food in times of shortage, most notably during times of war.<ref xlink:type="simple" xlink:href="#xpointer(//reflist/entry[@id=%228%22])">8</ref> </p>
<p>

Starvation is a significant international problem. Approximately 815 million people are undernourished, and over 16,000 children die per day from hunger-related causes.<ref xlink:type="simple" xlink:href="#xpointer(//reflist/entry[@id=%2244%22])">44</ref> Food deprivation is regarded as a deficit need in <work wordnetid="100575741" confidence="0.8">
<examination wordnetid="100635850" confidence="0.8">
<explanation wordnetid="105793000" confidence="0.8">
<theory wordnetid="105989479" confidence="0.8">
<process wordnetid="105701363" confidence="0.8">
<relationship wordnetid="113780719" confidence="0.8">
<thinking wordnetid="105770926" confidence="0.8">
<event wordnetid="100029378" confidence="0.8">
<survey wordnetid="100644503" confidence="0.8">
<investigation wordnetid="100633864" confidence="0.8">
<act wordnetid="100030358" confidence="0.8">
<psychological_feature wordnetid="100023100" confidence="0.8">
<activity wordnetid="100407535" confidence="0.8">
<higher_cognitive_process wordnetid="105770664" confidence="0.8">
<link xlink:type="simple" xlink:href="../131/163131.xml">
Maslow's hierarchy of needs</link></higher_cognitive_process>
</activity>
</psychological_feature>
</act>
</investigation>
</survey>
</event>
</thinking>
</relationship>
</process>
</theory>
</explanation>
</examination>
</work>
 and is measured using <link xlink:type="simple" xlink:href="../611/2359611.xml">
famine scales</link>.<ref xlink:type="simple" xlink:href="#xpointer(//reflist/entry[@id=%2245%22])">45</ref></p>

<ss1>
<st>
Food aid</st>
<p>

<link xlink:type="simple" xlink:href="../551/1908551.xml">
Food aid</link> can benefit people suffering from a shortage of food. It can be used to improve peoples' lives in the short term, so that a society can increase its standard of living to the point that food aid is no longer required.<ref xlink:type="simple" xlink:href="#xpointer(//reflist/entry[@id=%2246%22])">46</ref> Conversely, badly managed food aid can create problems by disrupting local markets, depressing crop prices, and discouraging food production. Sometimes a cycle of food aid dependence can develop.<ref xlink:type="simple" xlink:href="#xpointer(//reflist/entry[@id=%2247%22])">47</ref> Its provision, or threatened withdrawal, is sometimes used as a political tool to influence the policies of the destination country, a strategy known as <link xlink:type="simple" xlink:href="../443/3867443.xml">
food politics</link>. Sometimes, food aid provisions will require certain types of food be purchased from certain sellers, and food aid can be misused to enhance the markets of donor countries.<ref xlink:type="simple" xlink:href="#xpointer(//reflist/entry[@id=%2248%22])">48</ref> International efforts to distribute food to the neediest countries are often co-ordinated by the <administrative_unit wordnetid="108077292" confidence="0.8">
<agency wordnetid="108337324" confidence="0.8">
<link xlink:type="simple" xlink:href="../582/33582.xml">
World Food Programme</link></agency>
</administrative_unit>
.<ref xlink:type="simple" xlink:href="#xpointer(//reflist/entry[@id=%2249%22])">49</ref></p>

</ss1>
</sec>
<sec>
<st>
Safety</st>

<p>

<indent level="1">

<it>Main article: <link xlink:type="simple" xlink:href="../588/8053588.xml">
Food safety</link></it>
</indent>
<image location="right" width="150px" src="SalmonellaNIAID.jpg" type="thumbnail">
<caption>

Salmonella bacteria is a common cause of foodborne illness, particularly in undercooked chicken and chicken eggs
</caption>
</image>

<link xlink:type="simple" xlink:href="../611/531611.xml">
Foodborne illness</link>, commonly called "food poisoning," is caused by <link xlink:type="simple" xlink:href="../799/9028799.xml">
bacteria</link>, <link xlink:type="simple" xlink:href="../740/23740.xml">
toxin</link>s, <link xlink:type="simple" xlink:href="../679/19167679.xml">
virus</link>es, <link xlink:type="simple" xlink:href="../937/43937.xml">
parasite</link>s, and <link xlink:type="simple" xlink:href="../048/23048.xml">
prion</link>s. Roughly 7 million people die of food poisoning each year, with about 10 times as many suffering from a non-fatal version.<ref xlink:type="simple" xlink:href="#xpointer(//reflist/entry[@id=%2250%22])">50</ref>  The two most common factors leading to cases of bacterial foodborne illness are cross-contamination of ready-to-eat food from other uncooked foods and improper temperature control. Less commonly, acute adverse reactions can also occur if chemical contamination of food occurs, for example from improper storage, or use of non-food grade soaps and disinfectants. Food can also be adulterated by a very wide range of articles (known as 'foreign bodies') during farming, manufacture, cooking, packaging, distribution or sale. These foreign bodies can include pests or their droppings, hairs, cigarette butts, wood chips, and all manner of other contaminants. It is possible for certain types of food to become contaminated if stored or presented in an unsafe container, such as a ceramic pot with lead-based glaze.<ref xlink:type="simple" xlink:href="#xpointer(//reflist/entry[@id=%2250%22])">50</ref>
<image location="left" width="150px" src="HACCP_Seven_Principles.png" type="thumbnail">
<caption>

Hazard Analysis and Critical Control Points (HACCP) Flowchart
</caption>
</image>
</p>
<p>

<link xlink:type="simple" xlink:href="../611/531611.xml">
Food poisoning</link> has been recognized as a disease of man since as early as Hippocrates.<ref xlink:type="simple" xlink:href="#xpointer(//reflist/entry[@id=%2251%22])">51</ref> The sale of <link xlink:type="simple" xlink:href="../711/198711.xml">
rancid</link>, contaminated or adulterated food was commonplace until introduction of <link xlink:type="simple" xlink:href="../020/147020.xml">
hygiene</link>, refrigeration, and <link xlink:type="simple" xlink:href="../439/450439.xml">
vermin</link> controls in the 19th century. Discovery of techniques for killing <link xlink:type="simple" xlink:href="../799/9028799.xml">
bacteria</link> using <link xlink:type="simple" xlink:href="../167/19593167.xml">
heat</link> and other <link xlink:type="simple" xlink:href="../909/19909.xml">
microbiological</link> studies by scientists such as <link xlink:type="simple" xlink:href="../740/17740.xml">
Louis Pasteur</link> contributed to the modern sanitation standards that are ubiquitous in developed nations today. This was further underpinned by the work of <person wordnetid="100007846" confidence="0.9508927676800064">
<scientist wordnetid="110560637" confidence="0.9508927676800064">
<link xlink:type="simple" xlink:href="../024/16024.xml">
Justus von Liebig</link></scientist>
</person>
, which led to the development of modern <link xlink:type="simple" xlink:href="../032/292032.xml">
food storage</link> and <link xlink:type="simple" xlink:href="../834/10834.xml">
food preservation</link> methods.<ref xlink:type="simple" xlink:href="#xpointer(//reflist/entry[@id=%2252%22])">52</ref> In more recent years, a greater understanding of the causes of food-borne illnesses has led to the development of more systematic approaches such as the <link xlink:type="simple" xlink:href="../849/316849.xml">
Hazard Analysis and Critical Control Points</link> (<link xlink:type="simple" xlink:href="../849/316849.xml">
HACCP</link>), which can identify and eliminate many risks.<ref xlink:type="simple" xlink:href="#xpointer(//reflist/entry[@id=%2253%22])">53</ref></p>

<ss1>
<st>
Allergies</st>

<p>

<indent level="1">

<it>Main article: <link xlink:type="simple" xlink:href="../350/679350.xml">
food allergy</link></it>
</indent>

Some people have <link xlink:type="simple" xlink:href="../313/55313.xml">
allergies</link> or sensitivities to foods which are not problematic to most people. This occurs when a person's <link xlink:type="simple" xlink:href="../958/14958.xml">
immune system</link> mistakes a certain food protein for a harmful foreign agent and attacks it. About 2% of adults and 8% of children have a food allergy.<ref xlink:type="simple" xlink:href="#xpointer(//reflist/entry[@id=%2254%22])">54</ref> The amount of the food substance required to provoke a reaction in a particularly susceptible individual can be quite small. In some instances, traces of food in the air, too minute to be perceived through smell, have been known to provoke lethal reactions in extremely sensitive individuals. Common food allergens are <link xlink:type="simple" xlink:href="../152/13152.xml">
gluten</link>, <link xlink:type="simple" xlink:href="../397/20397.xml">
corn</link>, <link xlink:type="simple" xlink:href="../037/55037.xml">
shellfish</link> (mollusks), <link xlink:type="simple" xlink:href="../602/55602.xml">
peanut</link>s, and <link xlink:type="simple" xlink:href="../784/62784.xml">
soy</link>.<ref xlink:type="simple" xlink:href="#xpointer(//reflist/entry[@id=%2254%22])">54</ref> Allergens frequently produce symptoms such as <link xlink:type="simple" xlink:href="../951/53951.xml">
diarrhea</link>, <link xlink:type="simple" xlink:href="../023/643023.xml">
rash</link>es, bloating, <link xlink:type="simple" xlink:href="../183/8507183.xml">
vomit</link>ing, and <link xlink:type="simple" xlink:href="../183/8507183.xml">
regurgitation</link>. The digestive complaints usually develop within half an hour of ingesting the <link xlink:type="simple" xlink:href="../859/58859.xml">
allergen</link>.<ref xlink:type="simple" xlink:href="#xpointer(//reflist/entry[@id=%2254%22])">54</ref></p>
<p>

Rarely, food allergies can lead to a <link xlink:type="simple" xlink:href="../290/146290.xml">
medical emergency</link>, such as <link xlink:type="simple" xlink:href="../240/74240.xml">
anaphylactic shock</link>, <link xlink:type="simple" xlink:href="../475/500475.xml">
hypotension</link> (low blood pressure), and loss of consciousness. An allergen associated with this type of reaction is <link xlink:type="simple" xlink:href="../602/55602.xml">
peanut</link>, although <link xlink:type="simple" xlink:href="../702/19159702.xml">
latex</link> products can induce similar reactions.<ref xlink:type="simple" xlink:href="#xpointer(//reflist/entry[@id=%2254%22])">54</ref> Initial treatment is with <link xlink:type="simple" xlink:href="../250/10250.xml">
epinephrine</link> (adrenaline), often carried by known patients in the form of an <link xlink:type="simple" xlink:href="../897/285897.xml">
Epi-pen</link>.<ref xlink:type="simple" xlink:href="#xpointer(//reflist/entry[@id=%2255%22])">55</ref></p>

</ss1>
</sec>
<sec>
<st>
Diet</st>
<p>

<image location="right" width="150px" src="Baozi-Halal-label-2570.jpg" type="thumb">
<caption>

A package of halal-certified frozen food (<link xlink:type="simple" xlink:href="../296/1907296.xml">
steamed cabbage buns</link>) from <state wordnetid="108654360" confidence="0.9508927676800064">
<link xlink:type="simple" xlink:href="../412/166412.xml">
Jiangsu</link></state>
 province, China
</caption>
</image>
</p>
<p>

<indent level="1">

<it>Main article: <link xlink:type="simple" xlink:href="../924/639924.xml">
Diet (nutrition)</link></it>
</indent>

</p>
<ss1>
<st>
Cultural and religious diets</st>
<p>

Dietary habits are the habitual decisions a person or culture makes when choosing what foods to eat.<ref xlink:type="simple" xlink:href="#xpointer(//reflist/entry[@id=%2256%22])">56</ref> Although humans are omnivores, many cultures hold some food preferences and some food <link xlink:type="simple" xlink:href="../117/61117.xml">
taboo</link>s. Dietary choices can also define cultures and play a role in religion. For example, only <substance wordnetid="100020090" confidence="0.8">
<diet wordnetid="107561112" confidence="0.8">
<food wordnetid="100021265" confidence="0.8">
<fare wordnetid="107560652" confidence="0.8">
<link xlink:type="simple" xlink:href="../881/16881.xml">
kosher foods</link></fare>
</food>
</diet>
</substance>
 are permitted by <link xlink:type="simple" xlink:href="../624/15624.xml">
Judaism</link>, and <link xlink:type="simple" xlink:href="../855/414855.xml">
halal</link>/<link xlink:type="simple" xlink:href="../945/83945.xml">
haram foods</link> by <link xlink:type="simple" xlink:href="../917/6037917.xml">
Islam</link>, in the diet of believers.<ref xlink:type="simple" xlink:href="#xpointer(//reflist/entry[@id=%2257%22])">57</ref> In addition, the dietary choices of different countries or regions have different characteristics. This is highly related to a culture's <link xlink:type="simple" xlink:href="../656/6656.xml">
cuisine</link>.</p>
<p>

<image location="left" width="150px" src="Kwashiorkor_6903.jpg" type="thumb">
<caption>

Children in this photograph from a Nigerian orphanage show symptoms of malnutrition, with four illustrating the gray-blond hair symptomatic of kwashiorkor.
</caption>
</image>
</p>

</ss1>
<ss1>
<st>
Diet deficiencies </st>
<p>

Dietary habits play a significant role in the <link xlink:type="simple" xlink:href="../381/80381.xml">
health</link> and <link xlink:type="simple" xlink:href="../221/8221.xml">
mortality</link> of all humans. Imbalances between the consumed fuels and expended energy results in either starvation or excessive reserves of <link xlink:type="simple" xlink:href="../094/419094.xml">
adipose</link> tissue, known as body fat.<ref xlink:type="simple" xlink:href="#xpointer(//reflist/entry[@id=%2258%22])">58</ref> Poor intake of various vitamins and minerals can lead to <link xlink:type="simple" xlink:href="../072/8072.xml">
diseases</link> which can have far-reaching effects on health. For instance, 30% of the world's population either has, or is at risk for developing, <disease wordnetid="114070360" confidence="0.9508927676800064">
<link xlink:type="simple" xlink:href="../028/2025028.xml">
Iodine deficiency</link></disease>
.<ref xlink:type="simple" xlink:href="#xpointer(//reflist/entry[@id=%2259%22])">59</ref> It is estimated that at least 3 million children are blind due to <link xlink:type="simple" xlink:href="../114/54114.xml">
vitamin A</link> deficiency.<ref xlink:type="simple" xlink:href="#xpointer(//reflist/entry[@id=%2260%22])">60</ref> <link xlink:type="simple" xlink:href="../509/32509.xml">
Vitamin C</link> deficiency results in <link xlink:type="simple" xlink:href="../266/28266.xml">
scurvy</link>.<ref xlink:type="simple" xlink:href="#xpointer(//reflist/entry[@id=%2261%22])">61</ref> <link xlink:type="simple" xlink:href="../668/5668.xml">
Calcium</link>, <link xlink:type="simple" xlink:href="../106/54106.xml">
Vitamin D</link> and <link xlink:type="simple" xlink:href="../318/23318.xml">
phosphorus</link> are inter-related; the consumption of each may affect the absorption of the others. <link xlink:type="simple" xlink:href="../994/16994.xml">
Kwashiorkor</link> and <link xlink:type="simple" xlink:href="../521/556521.xml">
marasmus</link> are childhood disorders caused by lack of dietary protein.<ref xlink:type="simple" xlink:href="#xpointer(//reflist/entry[@id=%2262%22])">62</ref></p>

</ss1>
<ss1>
<st>
Moral, ethical, and health conscious diet</st>
<p>

Many individuals limit what foods they eat for reasons of  morality, or other habit.  For instance <link xlink:type="simple" xlink:href="../591/32591.xml">
vegetarian</link>s choose to forgo food from animal sources to varying degrees. Others choose a healthier diet, avoiding sugars or animal fats and increasing consumption of dietary fiber and <link xlink:type="simple" xlink:href="../277/3277.xml">
antioxidant</link>s.<ref xlink:type="simple" xlink:href="#xpointer(//reflist/entry[@id=%2263%22])">63</ref> <link xlink:type="simple" xlink:href="../435/56435.xml">
Obesity</link>, a serious problem in the western world, leads to higher chances of developing <link xlink:type="simple" xlink:href="../276/69276.xml">
heart disease</link>, <link xlink:type="simple" xlink:href="../677/44677.xml">
diabetes</link>, and many other diseases.<ref xlink:type="simple" xlink:href="#xpointer(//reflist/entry[@id=%2264%22])">64</ref> More recently, dietary habits have been influenced by the concerns that some people have about possible impacts on health or the environment from <link xlink:type="simple" xlink:href="../102/216102.xml">
genetically modified food</link>.<ref xlink:type="simple" xlink:href="#xpointer(//reflist/entry[@id=%2265%22])">65</ref>  Further concerns about the impact of industrial farming (<link xlink:type="simple" xlink:href="../862/766862.xml">
grains</link>) on <link xlink:type="simple" xlink:href="../438/174438.xml">
animal welfare</link>, human health and the <link xlink:type="simple" xlink:href="../630/9630.xml">
environment</link> are also having an effect on contemporary human dietary habits. This has led to the emergence of a <link xlink:type="simple" xlink:href="../633/144633.xml">
counterculture</link> with a preference for <link xlink:type="simple" xlink:href="../999/17345999.xml">
organic</link> and <link xlink:type="simple" xlink:href="../373/233373.xml">
local food</link>.<ref xlink:type="simple" xlink:href="#xpointer(//reflist/entry[@id=%2266%22])">66</ref></p>

</ss1>
</sec>
<sec>
<st>
 Nutrition </st>
<p>

<image width="250px" src="MyPyramid1.png" type="thumb">
</image>

Between the extremes of optimal health and death from <link xlink:type="simple" xlink:href="../891/215891.xml">
starvation</link> or <link xlink:type="simple" xlink:href="../979/258979.xml">
malnutrition</link>, there is an array of disease states that can be caused or alleviated by changes in diet. Deficiencies, excesses and imbalances in diet can produce negative impacts on health, which may lead to diseases such as <link xlink:type="simple" xlink:href="../266/28266.xml">
scurvy</link>, <link xlink:type="simple" xlink:href="../435/56435.xml">
obesity</link> or <link xlink:type="simple" xlink:href="../461/22461.xml">
osteoporosis</link>, as well as psychological and behavioral problems. The science of nutrition attempts to understand how and why specific dietary aspects influence health.</p>
<p>

Nutrients in food are grouped into several categories.  Macronutrients means fat, protein, and carbohydrates. Micronutrients are the <link xlink:type="simple" xlink:href="../195/235195.xml">
minerals</link> and <link xlink:type="simple" xlink:href="../512/32512.xml">
vitamins</link>.  Additionally food contains water and <link xlink:type="simple" xlink:href="../554/66554.xml">
dietary fiber</link>.</p>

</sec>
<sec>
<st>
Legal definition</st>
<p>

Some countries list a legal definition of food.  These countries list food as any item that is to be processed, partially processed or unprocessed for consumption.  The listing of items included as foodstuffs include any substance, intended to be, or reasonably expected to be, ingested by <link xlink:type="simple" xlink:href="../482/682482.xml">
human</link>s.  In addition to these foodstuffs <link xlink:type="simple" xlink:href="../984/7984.xml">
drink</link>, <link xlink:type="simple" xlink:href="../636/288636.xml">
chewing gum</link>, <link xlink:type="simple" xlink:href="../306/33306.xml">
water</link> or other items processed into said food items are part of the legal definition of food.  Items not included in the legal definition of food include <link xlink:type="simple" xlink:href="../930/14193930.xml">
animal feed</link>, live animals unless being prepared for sale in a <link xlink:type="simple" xlink:href="../784/3736784.xml">
market</link>, plants prior to <link xlink:type="simple" xlink:href="../405/772405.xml">
harvesting</link>, medicinal products, <link xlink:type="simple" xlink:href="../015/158015.xml">
cosmetics</link>, <link xlink:type="simple" xlink:href="../942/30942.xml">
tobacco</link> and tobacco products, <link xlink:type="simple" xlink:href="../079/38079.xml">
narcotic</link> or <link xlink:type="simple" xlink:href="../887/87887.xml">
psychotropic substance</link>s, and residues and <link xlink:type="simple" xlink:href="../872/24872.xml">
contaminant</link>s.<ref xlink:type="simple" xlink:href="#xpointer(//reflist/entry[@id=%2267%22])">67</ref></p>

</sec>
<sec>
<st>
See also</st>
<p>

<list>
<entry level="1" type="bullet">


Lists of foods</entry>
<entry level="1" type="bullet">

<series wordnetid="108457976" confidence="0.8">
<arrangement wordnetid="107938773" confidence="0.8">
<knowledge_domain wordnetid="105999266" confidence="0.8">
<ordering wordnetid="108456993" confidence="0.8">
<group wordnetid="100031264" confidence="0.8">
<discipline wordnetid="105996646" confidence="0.8">
<link xlink:type="simple" xlink:href="../879/17461879.xml">
Contemporary Food Engineering</link></discipline>
</group>
</ordering>
</knowledge_domain>
</arrangement>
</series>
</entry>
<entry level="1" type="bullet">

<link xlink:type="simple" xlink:href="../369/17461369.xml">
Food and Bioprocess Technology</link></entry>
<entry level="1" type="bullet">

<link xlink:type="simple" xlink:href="../192/5665192.xml">
Non-food crop</link></entry>
<entry level="1" type="bullet">

<event wordnetid="100029378" confidence="0.8">
<behavior wordnetid="101220984" confidence="0.8">
<act wordnetid="100030358" confidence="0.8">
<psychological_feature wordnetid="100023100" confidence="0.8">
<activity wordnetid="100407535" confidence="0.8">
<link xlink:type="simple" xlink:href="../391/3237391.xml">
Optimal foraging theory</link></activity>
</psychological_feature>
</act>
</behavior>
</event>
</entry>
<entry level="1" type="bullet">

<link xlink:type="simple" xlink:href="../621/12812621.xml">
Sustainable food system</link></entry>
</list>
</p>

</sec>
<sec>
<st>
 Notes </st>

<p>

<table style="background:transparent; width:100%;" cellpadding="0" class=" multicol" cellspacing="0">
<row>
<col align="left" width="50%" valign="top">
<reflist>
<entry id="1">
McGee, 333-334.</entry>
<entry id="2">
McGee ,253.</entry>
<entry id="3">
McGee, Chapter 9.</entry>
<entry id="4">
McGee, Chapter 7.</entry>
<entry id="5">
McGee, Chapter 6.</entry>
<entry id="6">
Davidson, 81-82.</entry>
<entry id="7">
Mason</entry>
<entry id="8">
Messer, 53-91.</entry>
<entry id="9">
Mead, 11-19</entry>
<entry id="10">
McGee, 142-143.</entry>
<entry id="11">
McGee, 202-206</entry>
<entry id="12">
McGee Chapter 14.</entry>
<entry id="13">
Mead, 11-19.</entry>
<entry id="14">
McGee</entry>
<entry id="15">
McGee, 784.</entry>
<entry id="17">
Davidson, 782-783</entry>
<entry id="16">
Campbell, 312.</entry>
<entry id="19">
McGee, 771-791</entry>
<entry id="18">
McGee, 539,784.</entry>
<entry id="21">
Asado Argentina</entry>
<entry id="20">
Davidson, 356.</entry>
<entry id="23">
Davidson, 786-787.</entry>
<entry id="22">
Davidson, 772.</entry>
<entry id="25">
Davidson, 656</entry>
<entry id="24">
Robuchon, 224.</entry>
<entry id="27">
United States Department of Agriculture</entry>
<entry id="26">
Davidson, 660-661.</entry>
<entry id="29">
Miguel, 3.</entry>
<entry id="28">
Aguilera, 1-3.</entry>
<entry id="31">
Hannaford</entry>
<entry id="30">
Jango-Cohen</entry>
<entry id="34">
<link xlink:type="simple" xlink:href="../163/5163.xml">
CIA World Factbook</link></entry>
<entry id="35">
World Trade Organization, The Uruguay Round</entry>
<entry id="32">
The Economic Research Service of the <agency wordnetid="108337324" confidence="0.9508927676800064">
<link xlink:type="simple" xlink:href="../896/70896.xml">
USDA</link></agency>
</entry>
<entry id="33">
Regmi</entry>
<entry id="38">
Smith, 501-3.</entry>
<entry id="39">
Benson</entry>
<entry id="36">
Van den Bossche</entry>
<entry id="37">
Wansink, <it><book wordnetid="106410904" confidence="0.9508927676800064">
<link xlink:type="simple" xlink:href="../839/9299839.xml">
Marketing Nutrition</link></book>
,</it> 501-3.</entry>
<entry id="42">
CNN "[Food prices rising across the world" 24 March 2008</entry>
<entry id="43">
<weblink xlink:type="simple" xlink:href="http://www.ibisworld.com/newsletter/issues/us/08may/news.htm:">
May 2008, GLOBAL TRENDS: - Food Production and Consumption: The China Effect</weblink>, <it>IBISWorld''</it></entry>
<entry id="40">
Humphery</entry>
<entry id="41">
Magdoff, Fred (Ed.) "[T]he farmer's share of the food dollar (after paying for input costs) has steadily declined from about 40 percent in 1910 to less than 10 percent in 1990."</entry>
<entry id="46">
World Food Programme</entry>
<entry id="47">
Shah</entry>
<entry id="44">
<organization wordnetid="108008335" confidence="0.9508927676800064">
<link xlink:type="simple" xlink:href="../583/33583.xml">
World Health Organization</link></organization>
</entry>
<entry id="45">
Howe, 353-372</entry>
<entry id="51">
<person wordnetid="100007846" confidence="0.9508927676800064">
<doctor wordnetid="110020890" confidence="0.9173553029164789">
<link xlink:type="simple" xlink:href="../486/13486.xml">
Hippocrates</link></doctor>
</person>
, .</entry>
<entry id="50">
<link xlink:type="simple" xlink:href="../174/46174.xml">
National Institute of Health</link>, MedlinePlus Medical Encyclopedia</entry>
<entry id="49">
United Nations World Food program</entry>
<entry id="48">
Kripke</entry>
<entry id="55">
<weblink xlink:type="simple" xlink:href="http://www.epipen.com/epipen_main.aspx">
About Epipen</weblink>, Epipen.com</entry>
<entry id="54">
<link xlink:type="simple" xlink:href="../174/46174.xml">
National Institute of Health</link></entry>
<entry id="53">
USDA</entry>
<entry id="52">
Magner, 243-498</entry>
<entry id="59">
Merson, 245</entry>
<entry id="58">
Nicklas</entry>
<entry id="57">
Simoons</entry>
<entry id="56">
Wansink, <it>''</it></entry>
<entry id="63">
Carpenter</entry>
<entry id="62">
Merson, 224.</entry>
<entry id="61">
Merson, 464.</entry>
<entry id="60">
Merson, 231.</entry>
<entry id="64">
Merson, 266-268.</entry>
<entry id="65">
Parekh,187-206.</entry>
<entry id="66">
Schor</entry>
<entry id="67">
<autocracy wordnetid="108361001" confidence="0.8">
<system wordnetid="108435388" confidence="0.8">
<social_group wordnetid="107950920" confidence="0.8">
<political_orientation wordnetid="106212839" confidence="0.8">
<monarchy wordnetid="108363812" confidence="0.8">
<state wordnetid="108168978" confidence="0.8">
<political_unit wordnetid="108359949" confidence="0.8">
<political_system wordnetid="108367880" confidence="0.8">
<economy wordnetid="108366753" confidence="0.8">
<group wordnetid="100031264" confidence="0.8">
<democracy wordnetid="106217103" confidence="0.8">
<link xlink:type="simple" xlink:href="../717/31717.xml">
United Kingdom</link></democracy>
</group>
</economy>
</political_system>
</political_unit>
</state>
</monarchy>
</political_orientation>
</social_group>
</system>
</autocracy>
 <body wordnetid="105216365" confidence="0.8">
<natural_object wordnetid="100019128" confidence="0.8">
<link xlink:type="simple" xlink:href="../474/410474.xml">
Office of Public Sector Information</link></natural_object>
</body>
</entry>
</reflist>
</col>
<col align="left" width="50%" valign="top"></col>
</row>
</table>
</p>

</sec>
<sec>
<st>
References</st>

<p>

<list>
<entry level="1" type="bullet">

Aguilera, Jose Miguel and David W. Stanley. <it>Microstructural Principles of Food Processing and Engineering</it>. Springer, 1999. ISBN 0-8342-1256-0. </entry>
<entry level="1" type="bullet">

Asado Argentina. <it>About Asado Argentina</it>. Retrieved from http://www.asadoargentina.com/about-asado-argentina/ on 2007-05-28.</entry>
<entry level="1" type="bullet">

Campbell, Bernard Grant. <it>Human Evolution: An Introduction to Man's Adaptations</it>. Aldine Transaction: 1998. ISBN 0-202-02042-8. </entry>
<entry level="1" type="bullet">

Carpenter, Ruth Ann; Finley, Carrie E. <it>Healthy Eating Every Day</it>. Human Kinetics, 2005. ISBN 0-7360-5186-4. </entry>
<entry level="1" type="bullet">

Davidson, Alan. <it>The Oxford Companion to Food</it>. 2nd ed. UK: Oxford University Press, 2006.</entry>
<entry level="1" type="bullet">

Food and Agriculture Organization of the United Nations. <it>The State of Food Insecurity in the World 2005</it>. . Retrieved from http://www.fao.org/docrep/008/a0200e/a0200e00.htm on 2006-09-29.</entry>
<entry level="1" type="bullet">

Hannaford, Steve. <it>Oligopoly Watch: Top 20 world food companies</it>. Retrieved from  http://www.oligopolywatch.com/2005/10/06.html on 2006-09-23.</entry>
<entry level="1" type="bullet">

Howe, P. and S. Devereux. <it>Famine Intensity and Magnitude Scales: A Proposal for an Instrumental Definition of Famine</it>. 2004.</entry>
<entry level="1" type="bullet">

Humphery, Kim. <it>Shelf Life: Supermarkets and the Changing Cultures of Consumption</it>. Cambridge University Press, 1998. ISBN 0-521-62630-7. </entry>
<entry level="1" type="bullet">

Jango-Cohen, Judith. <it>The History Of Food</it>. Twenty-First Century Books, 2005. ISBN 0-8225-2484-8. </entry>
<entry level="1" type="bullet">

Jurgens, Marshall H. <it>Animal Feeding and Nutrition</it>. Kendall Hunt, 2001. ISBN 0-7872-7839-4. </entry>
<entry level="1" type="bullet">

Kripke, Gawain. <it>Food aid or hidden dumping?</it>. Oxfam International,March 2005. Retrieved from http://www.oxfam.org/en/policy/briefingpapers/bp71_food_aid_240305 on 2007-05-26. </entry>
<entry level="1" type="bullet">

Lawrie, Stephen; R A Lawrie. Lawrie's Meat Science. Woodhead Publishing: 1998. ISBN 1-85573-395-1. </entry>
<entry level="1" type="bullet">

Magdoff, Fred; Foster, John Bellamy; and Buttel, Frederick H. <it>Hungry for Profit: The Agribusiness Threat to Farmers, Food, and the Environment</it>. September 2000. ISBN 1-58367-016-5.</entry>
<entry level="1" type="bullet">

Mason, John. <it>Sustainable Agriculture</it>. Landlinks Press: 2003. ISBN 0-643-06876-7.</entry>
<entry level="1" type="bullet">

Merson, Michael H.; Black, Robert E.; Mills, Anne J. <it>International Public Health: Disease, Programs, Systems, and Policies</it>. Jones and Bartlett Publishers, 2005.  </entry>
<entry level="1" type="bullet">

McGee, Harold. <it>On Food and Cooking: The Science and Lore of the Kitchen</it>. New York: Simon and Schuster, 2004. ISBN 0-684-80001-2. </entry>
<entry level="1" type="bullet">

Mead, Margaret.<it> The Changing Significance of Food</it>. In Carole Counihan and Penny Van Esterik (Ed.), Food and Culture: A Reader. UK: Routledge, 1997. ISBN 0-415-91710-7.</entry>
<entry level="1" type="bullet">

Messer, Ellen; Derose, Laurie Fields and Sara Millman. <it>Who's Hungry? and How Do We Know?: Food Shortage, Poverty, and Deprivation</it>. United Nations University Press, 1998. ISBN 92-808-0985-7. </entry>
<entry level="1" type="bullet">

National Institute of Health. <it>Food poisoning</it>. MedlinePlus Medical Encyclopedia F. <link xlink:type="simple" xlink:href="../452/19452.xml">
May 11</link>, <link xlink:type="simple" xlink:href="../164/36164.xml">
2006</link>.   Retrieved from http://www.niaid.nih.gov/publications/pdf/foodallergy.pdf on 2006-09-29.</entry>
<entry level="1" type="bullet">

Nicklas, Barbara J. <it>Endurance Exercise and Adipose Tissue</it>. CRC Press, 2002. ISBN 0-8493-0460-1.</entry>
<entry level="1" type="bullet">

Parekh, Sarad R. <it>The Gmo Handbook: Genetically Modified Animals, Microbes, and Plants in Biotechnology</it>. Humana Press,2004. ISBN 1-58829-307-6.   </entry>
<entry level="1" type="bullet">

Regmi, Anita (editor).<it>Changing Structure of Global Food Consumption and Trade</it>. Market and Trade Economics Division, Economic Research Service, USDA, <link xlink:type="simple" xlink:href="../654/19654.xml">
May 30</link>, <link xlink:type="simple" xlink:href="../551/34551.xml">
2001</link>. stock #ERSWRS01-1.</entry>
<entry level="1" type="bullet">

Schor, Juliet; Taylor, Betsy (editors). <it>Sustainable Planet: Roadmaps for the Twenty-First Century</it>. Beacon Press, 2003. ISBN 0-8070-0455-3. </entry>
<entry level="1" type="bullet">

Shah, Anup. <it>Food Dumping (Aid) Maintains Poverty. Causes of Poverty</it>. Retrieved from http://www.globalissues.org/TradeRelated/Poverty/FoodDumping.asp on 2006-09-29.</entry>
<entry level="1" type="bullet">

Simoons, Frederick J. <it>Eat Not This Flesh: Food Avoidances from Prehistory to the Present</it>. ISBN 0-299-14250-7. </entry>
<entry level="1" type="bullet">

Smith, Andrew (Editor). “Food Marketing,” in Oxford Encyclopedia of American Food and Drink, , New York: Oxford University Press, 2007.</entry>
<entry level="1" type="bullet">

The Economic Research Service of the USDA. <it>Global Food Markets: Briefing Rooms</it>. Retrieved from http://www.ers.usda.gov/Briefing/ on 2006-09-29.</entry>
<entry level="1" type="bullet">

United Kingdom Office of Public Sector Information. <it>Food Safety Act 1990 (c. 16)</it>. Retrieved from http://www.opsi.gov.uk/acts/acts1990/Ukpga_19900016_en_2.htm#mdiv1 on 2006-11-08. </entry>
<entry level="1" type="bullet">

United States Department of Agriculture, USDA Economic Research Service: The Economics of Food, Farming, Natural Resources, and Rural America. <it>"Briefing Rooms, Food CPI, Prices and Expenditures: Food Expenditure Tables"</it>. Retrieved from http://www.ers.usda.gov/briefing/CPIFoodAndExpenditures/Data/ on 2007-06-06.</entry>
<entry level="1" type="bullet">

Van den Bossche, Peter. <it>The Law and Policy of the bosanac Trade Organization: Text, Cases and Materials</it>. UK: Cambridge University Press, 2005. ISBN 0-521-82290-4. </entry>
<entry level="1" type="bullet">

World Food Programme. <it>Breaking out of the Poverty Trap: How We Use Food Aid</it>. Retrieved from http://www.wfp.org/food_aid/introduction/index.asp?section=12&amp;sub_section=1 on 2006-09-29.</entry>
<entry level="1" type="bullet">

World Health Organization. <it>WHO Global Database on Child Growth and Malnutrition</it>.  Retrieved from http://www.who.int/nutgrowthdb/en/ on 2006-09-29.</entry>
<entry level="1" type="bullet">

World Trade Organization. <it>The Uruguay Round</it>.  Retrieved from http://www.wto.org/trade_resources/history/wto/urug_round.htm on 2006-09-29.</entry>
</list>
</p>



</sec>
</bdy>
</article>
