<?xml version="1.0" encoding="UTF-8"?>
<!-- generated by CLiX/Wiki2XML [MPI-Inf, MMCI@UdS] $LastChangedRevision: 92 $ on 16.04.2009 15:59:13[mciao0826] -->
<!DOCTYPE article SYSTEM "../article.dtd">
<article xmlns:xlink="http://www.w3.org/1999/xlink">
<person  confidence="0.9508927676800064" wordnetid="100007846">
<philosopher  confidence="0.9508927676800064" wordnetid="110423589">
<sociologist  confidence="0.9511911446218017" wordnetid="110620758">
<header>
<title>Georg Simmel</title>
<id>106540</id>
<revision>
<id>243037042</id>
<timestamp>2008-10-04T21:29:00Z</timestamp>
<contributor>
<username>Rjwilmsi</username>
<id>203434</id>
</contributor>
</revision>
<categories>
<category>1918 deaths</category>
<category>People from Berlin</category>
<category>Humboldt University of Berlin alumni</category>
<category>People from the Province of Brandenburg</category>
<category>Humboldt University of Berlin faculty</category>
<category>Sociologists of religion</category>
<category>German sociologists</category>
<category>University of Strasbourg faculty</category>
<category>1858 births</category>
</categories>
</header>
<bdy>
<template>
<name>Infobox Philosopher</name>
<parameters>

<image width="150px" src="Simmel_01.JPG">
<caption>

Georg Simmel
</caption>
</image>
<region>
Western Philosophy</region>
<birth>
March 1, 1858 <region wordnetid="108630985" confidence="0.8">
<administrative_district wordnetid="108491826" confidence="0.8">
<location wordnetid="100027167" confidence="0.8">
<municipality wordnetid="108626283" confidence="0.8">
<settlement wordnetid="108672562" confidence="0.8">
<capital wordnetid="108518505" confidence="0.8">
<city wordnetid="108524735" confidence="0.8">
<country wordnetid="108544813" confidence="0.8">
<center wordnetid="108523483" confidence="0.8">
<area wordnetid="108497294" confidence="0.8">
<village wordnetid="108672738" confidence="0.8">
<seat wordnetid="108647945" confidence="0.8">
<geographical_area wordnetid="108574314" confidence="0.8">
<district wordnetid="108552138" confidence="0.8">
<urban_area wordnetid="108675967" confidence="0.8">
<link xlink:type="simple" xlink:href="../354/3354.xml">
Berlin</link></urban_area>
</district>
</geographical_area>
</seat>
</village>
</area>
</center>
</country>
</city>
</capital>
</settlement>
</municipality>
</location>
</administrative_district>
</region>
, <country wordnetid="108544813" confidence="0.9508927676800064">
<link xlink:type="simple" xlink:href="../701/242701.xml">
Kingdom of Prussia</link></country>
</birth>
<death>
September 28, 1918 (aged&nbsp;60) <country wordnetid="108544813" confidence="0.9508927676800064">
<link xlink:type="simple" xlink:href="../407/37407.xml">
Strassburg</link></country>
, <country wordnetid="108544813" confidence="0.9508927676800064">
<link xlink:type="simple" xlink:href="../674/12674.xml">
German Empire</link></country>
</death>
<era>
<link xlink:type="simple" xlink:href="../565/209565.xml">
19th-century philosophy</link></era>
<color>
<list>
<entry level="1" type="number">

B0C4DE</entry>
</list>
</color>
<name>
Georg Simmel</name>
</parameters>
</template>

<p>

<b>Georg Simmel</b> (March 1, 1858 &ndash; September 28, 1918) was one of the first generation of <country wordnetid="108544813" confidence="0.9508927676800064">
<link xlink:type="simple" xlink:href="../867/11867.xml">
German</link></country>
 <link xlink:type="simple" xlink:href="../981/18717981.xml">
sociologists</link>. His studies pioneered the concept of <link xlink:type="simple" xlink:href="../444/634444.xml">
social structure</link>, and he was a key precursor of <link xlink:type="simple" xlink:href="../726/325726.xml">
social network</link> analysis.<ref xlink:type="simple" xlink:href="#xpointer(//reflist/entry[@id=%221%22])">1</ref> His most famous works today are "The Philosophy of Money", "The Stranger", "The Web of Group Affiliation, and "The Metropolis and Mental Life".</p>

<sec>
<st>
Life</st>
<p>

Simmel was born in <region wordnetid="108630985" confidence="0.8">
<administrative_district wordnetid="108491826" confidence="0.8">
<location wordnetid="100027167" confidence="0.8">
<municipality wordnetid="108626283" confidence="0.8">
<settlement wordnetid="108672562" confidence="0.8">
<capital wordnetid="108518505" confidence="0.8">
<city wordnetid="108524735" confidence="0.8">
<country wordnetid="108544813" confidence="0.8">
<center wordnetid="108523483" confidence="0.8">
<area wordnetid="108497294" confidence="0.8">
<village wordnetid="108672738" confidence="0.8">
<seat wordnetid="108647945" confidence="0.8">
<geographical_area wordnetid="108574314" confidence="0.8">
<district wordnetid="108552138" confidence="0.8">
<urban_area wordnetid="108675967" confidence="0.8">
<link xlink:type="simple" xlink:href="../354/3354.xml">
Berlin</link></urban_area>
</district>
</geographical_area>
</seat>
</village>
</area>
</center>
</country>
</city>
</capital>
</settlement>
</municipality>
</location>
</administrative_district>
</region>
, <country wordnetid="108544813" confidence="0.9508927676800064">
<link xlink:type="simple" xlink:href="../867/11867.xml">
Germany</link></country>
, as the youngest of seven children. His father was a partner in a chocolate factory. When he died in 1874, Julius Friedländer, the founder of an international music publishing house adopted him and endowed him with a large fortune enabling him to become a scholar.<ref xlink:type="simple" xlink:href="#xpointer(//reflist/entry[@id=%222%22])">2</ref></p>
<p>

His religious background was complicated but germane to his marginal status in German academia. He was born to a prosperous <group wordnetid="100031264" confidence="0.8">
<people wordnetid="107942152" confidence="0.8">
<link xlink:type="simple" xlink:href="../913/15913.xml">
Jew</link></people>
</group>
ish business family, but his father became a <link xlink:type="simple" xlink:href="../504/25504.xml">
Roman Catholic</link>. His mother's family was originally Jewish, but she  was a <link xlink:type="simple" xlink:href="../503/18503.xml">
Lutheran</link>. Georg Simmel, himself, was <link xlink:type="simple" xlink:href="../298/4298.xml">
baptized</link> as a <physical_entity wordnetid="100001930" confidence="0.8">
<causal_agent wordnetid="100007347" confidence="0.8">
<link xlink:type="simple" xlink:href="../249/23249.xml">
Protestant</link></causal_agent>
</physical_entity>
 when he was a child.<ref xlink:type="simple" xlink:href="#xpointer(//reflist/entry[@id=%223%22])">3</ref>  </p>
<p>

Simmel studied <link xlink:type="simple" xlink:href="../155/13692155.xml">
philosophy</link> and <link xlink:type="simple" xlink:href="../350/10772350.xml">
history</link> (but he also studied <link xlink:type="simple" xlink:href="../990/26990.xml">
social psychology</link> and <link xlink:type="simple" xlink:href="../708/14708.xml">
Medieval Italian</link>) at the <university wordnetid="108286163" confidence="0.9508927676800064">
<link xlink:type="simple" xlink:href="../234/308234.xml">
University of Berlin</link></university>
. In 1881 he received his doctorate for his thesis "The Nature of Matter According to Kant's Physical Monadology". He became a <it><link xlink:type="simple" xlink:href="../540/220540.xml">
Privatdozent</link></it> at the University of Berlin in 1885, officially lecturing in philosophy but also in <link xlink:type="simple" xlink:href="../258/9258.xml">
ethics</link>, <link xlink:type="simple" xlink:href="../225/3729225.xml">
logic</link>, <link xlink:type="simple" xlink:href="../743/24743.xml">
pessimism</link>, <link xlink:type="simple" xlink:href="../752/752.xml">
art</link>, <link xlink:type="simple" xlink:href="../921/22921.xml">
psychology</link> and <link xlink:type="simple" xlink:href="../981/18717981.xml">
sociology</link>. His lectures were not only popular inside the university, but attracted the intellectual elite of Berlin as well. </p>
<p>

Although his applications for vacant chairs at German universities were supported by <person wordnetid="100007846" confidence="0.9508927676800064">
<link xlink:type="simple" xlink:href="../455/19455.xml">
Max Weber</link></person>
, Simmel remained an academic outsider. Only in 1901 was he elevated to the rank of extraordinary professor (full professor but without a chair; see the German section at <link xlink:type="simple" xlink:href="../771/19360771.xml#xpointer(//*[./st=%22German+(Central+European)%22])">
Professor</link>). At that time he was well-known throughout Europe and America and was seen as a man of great eminence. </p>
<p>

Simmel nevertheless continued his intellectual and academic work, taking part in artistic circles as well as being a cofounder of the <link xlink:type="simple" xlink:href="../165/9370165.xml">
German Society for Sociology</link>, together with <link>
Ferdinand Tönnies</link> and <person wordnetid="100007846" confidence="0.9508927676800064">
<link xlink:type="simple" xlink:href="../455/19455.xml">
Max Weber</link></person>
. This life at the meeting point of university and society, arts and philosophy was possible because Simmel had been the heir to a fortune from his appointed guardian. </p>
<p>

He befriended many well-known men, e.g. <person wordnetid="100007846" confidence="0.9508927676800064">
<link xlink:type="simple" xlink:href="../455/19455.xml">
Max Weber</link></person>
, <person wordnetid="100007846" confidence="0.9508927676800064">
<poet wordnetid="110444194" confidence="0.9173553029164789">
<writer wordnetid="110794014" confidence="0.9508927676800064">
<novelist wordnetid="110363573" confidence="0.9173553029164789">
<link xlink:type="simple" xlink:href="../408/26408.xml">
Rainer Maria Rilke</link></novelist>
</writer>
</poet>
</person>
, <physical_entity wordnetid="100001930" confidence="0.8">
<communicator wordnetid="109610660" confidence="0.8">
<person wordnetid="100007846" confidence="0.8">
<poet wordnetid="110444194" confidence="0.8">
<causal_agent wordnetid="100007347" confidence="0.8">
<writer wordnetid="110794014" confidence="0.8">
<link xlink:type="simple" xlink:href="../880/549880.xml">
Stefan George</link></writer>
</causal_agent>
</poet>
</person>
</communicator>
</physical_entity>
 and <person wordnetid="100007846" confidence="0.9508927676800064">
<philosopher wordnetid="110423589" confidence="0.9508927676800064">
<link xlink:type="simple" xlink:href="../518/9518.xml">
Edmund Husserl</link></philosopher>
</person>
.</p>
<p>

In 1890 he married Gertrud Kinel. A philosopher in her own right, she published under the <link xlink:type="simple" xlink:href="../594/40594.xml">
pseudonym</link> <link>
Marie-Luise Enckendorf</link>. They lived a sheltered and bourgeois life, their home becoming a venue for cultivated gatherings in the tradition of the salon. They bore one son, Hans Eugen. </p>
<p>

Only in 1914 did Simmel receive an ordinary professorship with chair, at the then German <link xlink:type="simple" xlink:href="../824/722824.xml">
University of Strassburg</link>. Because of the outbreak of <conflict wordnetid="100958896" confidence="0.9508927676800064">
<link xlink:type="simple" xlink:href="../461/4764461.xml">
World War I</link></conflict>
, all academic activities and lectures were halted as lecture halls were converted to military hospitals. In 1915 he applied - without success - for a chair at the <university wordnetid="108286163" confidence="0.9508927676800064">
<link xlink:type="simple" xlink:href="../649/100649.xml">
University of Heidelberg</link></university>
.</p>
<p>

Prior to the outbreak of World War I, Simmel had not been very interested in contemporary history, but rather in looking at the interactions, art and philosophy of his time. However, after its start, he was interested in its unfolding. Yet, he seems to give conflicting opinions of events, being a supporter in "Germany's inner transformation", more objective in "the idea of Europe" and a critic in "The crisis of culture".</p>
<p>

Eventually, Simmel appears to have grown tired of the war, especially in the year of his death. He stopped reading the paper and withdrew to the Black Forest to finish his book. Shortly before the end of the war in 1918, he died from <link xlink:type="simple" xlink:href="../585/237585.xml">
liver cancer</link> in Strassburg.</p>

</sec>
<sec>
<st>
Simmel on the Metropolis</st>

<p>

One of Simmel's most widely read essays is "The Metropolis and Mental Life (Die Großstadt und das Geistesleben)" from 1903, which was originally given as one of a series of lectures on all aspects of city life by experts in various fields, ranging from science and religion to art. The series was conducted alongside the <location wordnetid="100027167" confidence="0.9508927676800064">
<link xlink:type="simple" xlink:href="../410/37410.xml">
Dresden</link></location>
 cities exhibition of 1903. Simmel was originally asked to lecture on the role of intellectual (or scholarly) life in the big city, but he effectively reversed the topic in order to analyze the effects of the big city on the mind of the individual. As a result, when the lectures were published as essays in a book, to fill the gap, the series editor had to supply an essay on the original topic himself.</p>
<p>

Unfortunately for Simmel, "The Metropolis and Mental Life" was not particularly well received during his time. The organizers of the exhibition were appalled due to its negativity toward city life. However, during the twenties the essay was influential on the thinking of Robert E. Park and other American sociologists at the University of Chicago who collectively became known as the "Chicago School". It gained wider circulation in the 1950s when it was translated into English and published as part of Kurt Wolff's edited collection, <it>The Sociology of Georg Simmel</it>, and now appears regularly on the reading lists of courses in urban studies and architecture history. However, it is important to note that the notion of the blasé is actually not the central or final point of the essay, but is part of a description of a sequence of states in an irreversible transformation of the mind. In other words, Simmel does not quite say that the big city has an overall negative effect on the mind or the self, even as he suggests that it undergoes permanent changes. It is perhaps this ambiguity that gave the essay a lasting place in the discourse on the metropolis.</p>
<p>

This essay requires a much closer, more careful reading, not only in order to properly understand Simmel's argument, but also because, over a century since its publication, it still captures the imagination. It is fascinating to ponder how Simmel, writing about cities at a time when the populations of only a few European cities topped one million and the automobile was still a rarely-sighted, slow-moving object, so accurately described the intense effects that mechanized, brightly-lit cities like New York or Tokyo would eventually have on people's perception many decades after his death.</p>

</sec>
<sec>
<st>
Simmel on sociability</st>
<p>

Simmel refers to "all the forms of association by which a mere sum of separate individuals are made into a 'society,'"<ref xlink:type="simple" xlink:href="#xpointer(//reflist/entry[@id=%224%22])">4</ref> which he describes as a, "higher unity,"<ref xlink:type="simple" xlink:href="#xpointer(//reflist/entry[@id=%224%22])">4</ref> composed of individuals. He was especially fascinated, it seems, by the, "impulse to sociability in man,"<ref xlink:type="simple" xlink:href="#xpointer(//reflist/entry[@id=%224%22])">4</ref> which he described as "associations...[through which] the solitariness of the individuals is resolved into togetherness, a union with others,"<ref xlink:type="simple" xlink:href="#xpointer(//reflist/entry[@id=%225%22])">5</ref> a process he describes by which, "the impulse to sociability distils, as it were, out of the realities of social life the pure essence of association,"<ref xlink:type="simple" xlink:href="#xpointer(//reflist/entry[@id=%225%22])">5</ref> and "through which a unity is made,"<ref xlink:type="simple" xlink:href="#xpointer(//reflist/entry[@id=%225%22])">5</ref> which he also refers to as, "the free-playing, interacting interdependence of individuals."<ref xlink:type="simple" xlink:href="#xpointer(//reflist/entry[@id=%225%22])">5</ref> </p>
<p>

He defines sociability as, "the play-form of association,"<ref xlink:type="simple" xlink:href="#xpointer(//reflist/entry[@id=%225%22])">5</ref> driven by, "amicability, breeding, cordiality and attractiveness of all kinds."<ref xlink:type="simple" xlink:href="#xpointer(//reflist/entry[@id=%225%22])">5</ref> In order for this free association to occur, he says, "the personalities must not emphasize themselves too individually...with too much abandon and aggressiveness."<ref xlink:type="simple" xlink:href="#xpointer(//reflist/entry[@id=%225%22])">5</ref> He also describes, "this world of sociability...a democracy of equals...without friction," so long as people blend together in a spirit of fun and affection to, "bring about among themselves a pure interaction free of any disturbing material accent."<ref xlink:type="simple" xlink:href="#xpointer(//reflist/entry[@id=%226%22])">6</ref> As so many social interactions are no entirely of this sweet character, one has to conclude that Simmel is describing a somewhat idealised view of the best types of human interaction, and by no means the most typical or average type. </p>
<p>

The same can be said of Simmel when he says that, "the vitality of real individuals, in their sensitivities and attractions, in the fullness of their impulses and convictions...is but a symbol of life, as it shows itself in the flow of a lightly amusing play,"<ref xlink:type="simple" xlink:href="#xpointer(//reflist/entry[@id=%227%22])">7</ref> or when he adds: "a symbolic play, in whose aesthetic charm all the finest and most highly sublimated dynamics of social existence and its riches are gathered."<ref xlink:type="simple" xlink:href="#xpointer(//reflist/entry[@id=%228%22])">8</ref> Again, one has to conclude that he is describing human interactions at their idealised best and not the more typical ones, which tend to fall a long way short of his descriptions.</p>
<p>

All above quotes are from Simmel's <it>The Sociology of Sociability.</it><ref xlink:type="simple" xlink:href="#xpointer(//reflist/entry[@id=%229%22])">9</ref></p>

</sec>
<sec>
<st>
 Influence on American sociology </st>
<p>

<physical_entity wordnetid="100001930" confidence="0.8">
<person wordnetid="100007846" confidence="0.8">
<sociologist wordnetid="110620758" confidence="0.8">
<social_scientist wordnetid="110619642" confidence="0.8">
<causal_agent wordnetid="100007347" confidence="0.8">
<scientist wordnetid="110560637" confidence="0.8">
<link xlink:type="simple" xlink:href="../088/2517088.xml">
Lewis A. Coser</link></scientist>
</causal_agent>
</social_scientist>
</sociologist>
</person>
</physical_entity>
 drew heavily on Georg Simmel, in his <it>Sociological Theory</it> (1964) treating <link xlink:type="simple" xlink:href="../375/2001375.xml">
social conflict</link>.</p>

</sec>
<sec>
<st>
 The work of Simmel </st>
<p>

Simmel was known as an <link xlink:type="simple" xlink:href="../623/53623.xml">
essayist</link> as well as author of sociological and philosophical books. Some of his major monographic works include:</p>
<p>

<list>
<entry level="1" type="bullet">

 <it>Über sociale Differenzierung</it>, Leipzig: Duncker &amp; Humblot, 1890 [''On Social Differentiation'']</entry>
<entry level="1" type="bullet">

 <it>Einleitung in die Moralwissenschaft</it>, 2 vols, Berlin: Hertz, 1892-3 [''Introduction to the Science of Ethics'']</entry>
<entry level="1" type="bullet">

 <it>Die Probleme der Geschichtphilosophie</it>, Leipzig: Duncker &amp; Humblot, 1892, 2nd edn 1905 [''The Problems of the Philosophy of History'']</entry>
<entry level="1" type="bullet">

 <it>Philosophie der Geldes</it>, Leipzig: Duncker &amp; Humblot, 1900, 2nd edn 1907 [''The Philosophy of Money'']</entry>
<entry level="1" type="bullet">

 <it>Die Grosstädte und das Geistesleben</it>, Dresden: Petermann, 1903 [''The Metropolis and Mental Life'']</entry>
<entry level="1" type="bullet">

 <it>Kant</it>, Leipzig: Duncker &amp; Humblot, 1904, 6th edn 1924</entry>
<entry level="1" type="bullet">

 <it>Kant und Goethe</it>, Berlin: Marquardt, 1906</entry>
<entry level="1" type="bullet">

 <it>Die Religion</it>, Frankfurt am Main: Rütten &amp; Loening, 1906, 2nd edn 1912</entry>
<entry level="1" type="bullet">

 <it>Schopenhauer und Nietzsche</it>, Leipzig: Duncker &amp; Humblot, 1907</entry>
<entry level="1" type="bullet">

 <it>Schopenhauer and Nietzsche</it>, University of Illinois Press, 1991, ISBN 0-252-06228-0</entry>
<entry level="1" type="bullet">

 <it>Soziologie</it>, Leipzig: Duncker &amp; Humblot, 1908 [''Sociology: Investigations on the Forms of Sociation'']</entry>
<entry level="1" type="bullet">

 <it>Hauptprobleme der Philosophie</it>, Leipzig: Göschen, 1910</entry>
<entry level="1" type="bullet">

 <it>Philosophische Kultur</it>, Leipzig: Kröner, 1911, 2nd edn 1919</entry>
<entry level="1" type="bullet">

 <it>Goethe</it>, Leipzig: Klinkhardt, 1913</entry>
<entry level="1" type="bullet">

 <it>Grundfragen der Soziologie</it>, Berlin: Göschen, 1917 [''Fundamental Questions of Sociology'']</entry>
<entry level="1" type="bullet">

 <it>Rembrandt</it>, Leipzig: Wolff, 1917</entry>
<entry level="1" type="bullet">

 <it>Lebensanschauung</it>, München: Duncker &amp; Humblot, 1918</entry>
<entry level="1" type="bullet">

 <it>Zur Philosophie der Kunst,</it> Potsdam: Kiepenheur, 1922</entry>
<entry level="1" type="bullet">

 <it>Fragmente und Aufsäze aus dem Nachlass,</it> ed G Kantorowicz, München: Drei Masken Verlag, 1923</entry>
<entry level="1" type="bullet">

 <it>Brücke und Tür,</it> ed M Landmann &amp; M Susman, Stuttgart: Koehler, 1957</entry>
</list>
</p>

</sec>
<sec>
<st>
 Other works </st>
<p>

<list>
<entry level="1" type="bullet">

 <it>Rom, Ein ästhetische Analyse</it> published the Viennese weekly paper <it>in Die Zeit,  Wiener Wochenschrift für Politike, Volkwirtschaft Wissenschaft und Kunst,</it> on May the 28th 1898</entry>
<entry level="1" type="bullet">

 <it>Florenz</it> published in the Berliner magazine <it>Der Tag</it> on March 2nd 1906</entry>
<entry level="1" type="bullet">

 <it>Venedig</it> published in the magazine from Munich <it>Der Kunstwart, Halbmonatsschau über Dichtung, Theater, Musik, bildende und angewandte Kunst.</it> on June 1907</entry>
</list>
</p>

</sec>
<sec>
<st>
Works about Simmel and Compilations</st>
<p>

<list>
<entry level="1" type="bullet">

 <b>(de)</b> Hartmann, Alois (2003): <it>Sinn und Wert des Geldes,</it> In der Philosophie von Georg Simmel und Adam (von) Müller,,<ref xlink:type="simple" xlink:href="#xpointer(//reflist/entry[@id=%2210%22])">10</ref> Berlin, ISBN 3-936749-53-1.</entry>
<entry level="1" type="bullet">

Muller, Jerry Z., 2002, <it>The Mind and the Market: Capitalism in Western Thought,</it> Anchor Books.</entry>
<entry level="1" type="bullet">

David Kim (ed.): <it>Georg Simmel in Translation: Interdisciplinary Border-Crossings in Culture and Modernity.</it> Cambridge Scholars Press, Cambridge 2006, ISBN 1-84718-060-5</entry>
<entry level="1" type="bullet">

Simmel, Georg, 1922 [1955], <it>Conflict and the Web of Group Affiliations</it>, translated and edited by Kurt Wolff, Glencoe, IL: Free Press.</entry>
<entry level="1" type="bullet">

Simmel, Georg, 1950, <it>The Sociology of Georg Simmel,</it> Compiled and translated by Kurt Wolff, Glencoe, IL: Free Press.</entry>
</list>
</p>

</sec>
<sec>
<st>
 References </st>

<p>

<reflist>
<entry id="1">
Wellman, Barry. 1988. "Structural Analysis: From Method and Metaphor to Theory and Substance." Pp. 19-61 in <it>Social Structures: A Network Approach</it>, edited by Barry Wellman and S.D. Berkowitz. Cambridge: Cambridge University Press; Linton Freeman, <it>The Development of Social Network Analysis.</it> Vancouver: Empirical Press. </entry>
<entry id="2">
http://socio.ch/sim/bio.htm Sociology in Switzerland, <it>Georg Simmel: Biographic Information''</it></entry>
<entry id="3">
Simmel, Georg, and Kurt H. Wolff. The Sociology of Georg Simmel. Glencoe, Ill.,: Free Press, 1950.</entry>
<entry id="4">
Simmel, 157</entry>
<entry id="5">
Simmel, 158</entry>
<entry id="6">
Simmel, 159</entry>
<entry id="7">
Simmel, 162</entry>
<entry id="8">
Simmel, 163</entry>
<entry id="9">
Georg Simmel: <it>The Sociology of Sociability</it> [trans. by Everett C Hughes], Amer Jnl of Sociol, 55.3, Nov 1949, pp.254-261, originally from <it>Soziologie der Geselligkeit</it>, his speech to 1st meeting of the German Sociol Society, 1911, reprinted in Talcott Parsons et al, <it>Theories of Society</it>, 1961, [page numbers shown refer to the latter publication]</entry>
<entry id="10">
<weblink xlink:type="simple" xlink:href="http://www.wiku-verlagsprogramm.de/6332/6467.html">
<indent level="9">

 WiKu-Verlagsprogramm :::::::::</indent>
</weblink> at www.wiku-verlagsprogramm.de</entry>
</reflist>
</p>

</sec>
<sec>
<st>
External links</st>
<p>

<list>
<entry level="1" type="bullet">

 <weblink xlink:type="simple" xlink:href="http://ssr1.uchicago.edu/PRELIMS/Theory/simmel.html">
Detailed overview, extracts and essays on Simmel at University of Chicago</weblink></entry>
</list>
</p>
<p>

<list>
<entry level="1" type="bullet">

 <weblink xlink:type="simple" xlink:href="http://www.socio.ch/sim/index_sim.htm">
Sociology in Switzerland presents Georg Simmel Online</weblink></entry>
<entry level="1" type="bullet">

 <weblink xlink:type="simple" xlink:href="http://socsci.colorado.edu/SOC/SI/si-simmel-bio.htm">
A short biography of Simmel</weblink></entry>
<entry level="1" type="bullet">

 <weblink xlink:type="simple" xlink:href="http://socio.ch/sim/bio.htm">
A detailed biography and appreciation of Simmel</weblink></entry>
<entry level="1" type="bullet">

 <weblink xlink:type="simple" xlink:href="http://www2.pfeiffer.edu/~lridener/DSS/INDEX.HTML#simmel">
About Simmel and his works</weblink></entry>
<entry level="1" type="bullet">

 <weblink xlink:type="simple" xlink:href="http://209.85.129.104/search?q=cache:LoQ-G1L32LEJ:www.socialeconomics.org/uploads/Mellor.doc+simmel+money+was+invented&amp;hl=fr&amp;ct=clnk&amp;cd=10&amp;gl=fr">
The Social Role of Money</weblink></entry>
<entry level="1" type="bullet">

 <weblink xlink:type="simple" xlink:href="http://www.altruists.org/static/files/The%20Metropolis%20and%20Mental%20Life%20%28Georg%20Simmel%29.htm">
The Metropolis and Mental Life</weblink></entry>
<entry level="1" type="bullet">

 <weblink xlink:type="simple" xlink:href="http://www.cas.sc.edu/socy/faculty/deflem/zsimhab.html">
Jurgen Habermas, <it>Georg Simmel on Philosophy and Culture: Postscript to a Collection of Essays,</it> Translated by Mathieu Deflem, Critical Inquiry, 22(3), pp. 403-414, Spring 1996</weblink></entry>
</list>
</p>



<p>

<table id="persondata" class="persondata">
<header colspan="2">
 </header>
<row>
<col class="persondata-label">
NAME</col>
<col>
Simmel, Georg</col>
</row>
<row>
<col class="persondata-label">
ALTERNATIVE NAMES</col>

</row>
<row>
<col class="persondata-label">
SHORT DESCRIPTION</col>
<col>
 <country wordnetid="108544813" confidence="0.9508927676800064">
<link xlink:type="simple" xlink:href="../867/11867.xml">
German</link></country>
 <link xlink:type="simple" xlink:href="../981/18717981.xml">
sociologist</link></col>
</row>
<row>
<col class="persondata-label">
DATE OF BIRTH</col>
<col>
March 1, 1858</col>
</row>
<row>
<col class="persondata-label">
PLACE OF BIRTH</col>

</row>
<row>
<col class="persondata-label">
DATE OF DEATH</col>
<col>
September 28, 1918</col>
</row>
<row>
<col class="persondata-label">
PLACE OF DEATH</col>
<col>
 <region wordnetid="108630985" confidence="0.8">
<administrative_district wordnetid="108491826" confidence="0.8">
<location wordnetid="100027167" confidence="0.8">
<municipality wordnetid="108626283" confidence="0.8">
<settlement wordnetid="108672562" confidence="0.8">
<capital wordnetid="108518505" confidence="0.8">
<city wordnetid="108524735" confidence="0.8">
<country wordnetid="108544813" confidence="0.8">
<center wordnetid="108523483" confidence="0.8">
<area wordnetid="108497294" confidence="0.8">
<village wordnetid="108672738" confidence="0.8">
<seat wordnetid="108647945" confidence="0.8">
<geographical_area wordnetid="108574314" confidence="0.8">
<district wordnetid="108552138" confidence="0.8">
<urban_area wordnetid="108675967" confidence="0.8">
<link xlink:type="simple" xlink:href="../354/3354.xml">
Berlin</link></urban_area>
</district>
</geographical_area>
</seat>
</village>
</area>
</center>
</country>
</city>
</capital>
</settlement>
</municipality>
</location>
</administrative_district>
</region>
, <country wordnetid="108544813" confidence="0.9508927676800064">
<link xlink:type="simple" xlink:href="../867/11867.xml">
Germany</link></country>
</col>
</row>
</table>
</p>


</sec>
</bdy>
</sociologist>
</philosopher>
</person>
</article>
