<?xml version="1.0" encoding="UTF-8"?>
<!-- generated by CLiX/Wiki2XML [MPI-Inf, MMCI@UdS] $LastChangedRevision: 92 $ on 17.04.2009 00:28:25[mciao0827] -->
<!DOCTYPE article SYSTEM "../article.dtd">
<article xmlns:xlink="http://www.w3.org/1999/xlink">
<message  confidence="0.8" wordnetid="106598915">
<protocol  confidence="0.8" wordnetid="106665108">
<idea  confidence="0.8" wordnetid="105833840">
<concept  confidence="0.8" wordnetid="105835747">
<component  confidence="0.8" wordnetid="105868954">
<direction  confidence="0.8" wordnetid="106786629">
<rule  confidence="0.8" wordnetid="106652242">
<part  confidence="0.8" wordnetid="105867413">
<header>
<title>Windows Rally</title>
<id>10678170</id>
<revision>
<id>230978655</id>
<timestamp>2008-08-10T08:10:12Z</timestamp>
<contributor>
<username>Meolmucker</username>
<id>3823850</id>
</contributor>
</revision>
<categories>
<category>Network protocols</category>
<category>Microsoft application programming interfaces</category>
<category>Windows communication and services</category>
<category>Windows components</category>
</categories>
</header>
<bdy>

<b>Windows Rally</b> is a set of technologies from <company wordnetid="108058098" confidence="0.9508927676800064">
<link xlink:type="simple" xlink:href="../001/19001.xml">
Microsoft</link></company>
 intended to simplify the setup and maintenance of wired and <link xlink:type="simple" xlink:href="../172/33172.xml">
wireless</link> <link xlink:type="simple" xlink:href="../592/4122592.xml">
network</link>-connected <link xlink:type="simple" xlink:href="../929/327929.xml">
devices</link>. They aim to increase reliability and security of connectivity for users who connect the devices to the <link xlink:type="simple" xlink:href="../539/14539.xml">
Internet</link> or to computers running <link xlink:type="simple" xlink:href="../890/18890.xml">
Microsoft Windows</link>. These technologies provide control of network <link xlink:type="simple" xlink:href="../315/25315.xml">
Quality of Service</link> (QoS) and diagnostics for data sharing, communications, and entertainment. Windows Rally technologies provide provisioning for the following devices:<p>

<list>
<entry level="1" type="bullet">

 <link xlink:type="simple" xlink:href="../397/192397.xml">
Wireless access point</link>s, <link xlink:type="simple" xlink:href="../137/18457137.xml">
PCs</link>, and <generic wordnetid="107899976" confidence="0.9508927676800064">
<link xlink:type="simple" xlink:href="../116/42116.xml">
servers</link></generic>
</entry>
<entry level="1" type="bullet">

 Network <link xlink:type="simple" xlink:href="../272/5272.xml">
printer</link>s, <link xlink:type="simple" xlink:href="../977/728977.xml">
projector</link>s, printer bridges, <link xlink:type="simple" xlink:href="../797/52797.xml">
digital still cameras</link>, and <link xlink:type="simple" xlink:href="../629/32629.xml">
game console</link>s</entry>
<entry level="1" type="bullet">

 <link xlink:type="simple" xlink:href="../708/4520708.xml">
Digital media receiver</link>s, network media players, <link xlink:type="simple" xlink:href="../580/29580.xml">
set-top box</link>es, <link xlink:type="simple" xlink:href="../161/6013161.xml">
digital photo frame</link>s, and <link xlink:type="simple" xlink:href="../304/23304.xml">
PDA</link>s</entry>
</list>
</p>

<sec>
<st>
Windows Rally technologies</st>
<p>

<image location="right" width="250px" src="Rally.svg" type="thumb">
<caption>

Architecture of the Windows Rally stack
</caption>
</image>

Windows Rally includes the following set of technologies:
</p>
<ss1>
<st>
LLTD</st>

<p>

<indent level="1">

<it>Main article: <message wordnetid="106598915" confidence="0.8">
<protocol wordnetid="106665108" confidence="0.8">
<direction wordnetid="106786629" confidence="0.8">
<rule wordnetid="106652242" confidence="0.8">
<link xlink:type="simple" xlink:href="../193/8366193.xml">
Link Layer Topology Discovery</link></rule>
</direction>
</protocol>
</message>
</it>
</indent>

The Link Layer Topology Discovery (LLTD) protocol enables applications to <message wordnetid="106598915" confidence="0.8">
<protocol wordnetid="106665108" confidence="0.8">
<direction wordnetid="106786629" confidence="0.8">
<rule wordnetid="106652242" confidence="0.8">
<link xlink:type="simple" xlink:href="../577/1239577.xml">
discover</link></rule>
</direction>
</protocol>
</message>
 devices and determine <link xlink:type="simple" xlink:href="../413/41413.xml">
network topology</link>. In <version wordnetid="107173585" confidence="0.9508927676800064">
<link xlink:type="simple" xlink:href="../648/2289648.xml">
Windows Vista</link></version>
, it enables a graphical view of all the devices in the network on the <it>Network Map</it>. For Windows XP computers to appear on the <it>Network Map</it>, the <weblink xlink:type="simple" xlink:href="http://www.microsoft.com/downloads/details.aspx?displaylang=en&amp;FamilyID=4f01a31d-ee46-481e-ba11-37f485fa34ea">
LLTD Responder</weblink> must be downloaded and installed. Devices that provide audio or video playback or that are bandwidth sensitive can implement the <it><link xlink:type="simple" xlink:href="../315/25315.xml">
QoS</link> Extension</it> part of the protocol so that they receive prioritized streams and that changes in available bandwidth have less impact on the playback experience.</p>

</ss1>
<ss1>
<st>
qWAVE</st>

<p>

<indent level="1">

<it>Main article: <link>
qWave</link></it>
</indent>
Windows Vista includes qWAVE, a pre-configured <link xlink:type="simple" xlink:href="../315/25315.xml">
Quality of Service</link> API for time dependent multimedia data, such as audio or video streams. qWAVE uses different <unit_of_measurement wordnetid="113583724" confidence="0.8">
<definite_quantity wordnetid="113576101" confidence="0.8">
<link xlink:type="simple" xlink:href="../734/43734.xml">
packet</link></definite_quantity>
</unit_of_measurement>
 priority schemes for real-time flows (such as multimedia packets) and best-effort flows (such as file downloads or e-mails) to ensure that real time data gets delayed as little as possible, while providing a high quality channel for other data packets. qWAVE-enabled applications together with devices that implement the LLTD QoS Extensions aim to improve an end user's experience of streaming video by prioritizing traffic and reducing the effects of network-related transient issues.</p>

</ss1>
<ss1>
<st>
Windows Connect Now</st>
<p>

Windows Connect Now (WCN) is the name of Windows Rally technologies aimed for simpler wireless device configuration. With Windows Connect Now, users running <version wordnetid="107173585" confidence="0.9508927676800064">
<link xlink:type="simple" xlink:href="../648/2289648.xml">
Windows Vista</link></version>
 or <version wordnetid="107173585" confidence="0.9508927676800064">
<link xlink:type="simple" xlink:href="../879/33879.xml">
Windows XP</link></version>
 SP2 can create network configuration settings and transmit them to the access point. Alternatively, users can also print the configuration settings for reference for manually configuring the device. With Windows Connect Now, one of the following methods may be used for easier configuration:</p>
<p>

<list>
<entry level="1" type="bullet">

 WCN-NET is Microsoft's implementation of the <message wordnetid="106598915" confidence="0.8">
<protocol wordnetid="106665108" confidence="0.8">
<direction wordnetid="106786629" confidence="0.8">
<rule wordnetid="106652242" confidence="0.8">
<link xlink:type="simple" xlink:href="../804/9228804.xml">
Wi-Fi Simple Config</link></rule>
</direction>
</protocol>
</message>
 standard. It provides for configuration of devices using out-of-band <link xlink:type="simple" xlink:href="../499/9499.xml">
Ethernet</link> and in-band <link xlink:type="simple" xlink:href="../172/33172.xml">
wireless networks</link>. In Windows Vista, WCN-NET can discover an unconfigured <link xlink:type="simple" xlink:href="../748/25748.xml">
router</link>, <link xlink:type="simple" xlink:href="../397/192397.xml">
access point</link>, <link xlink:type="simple" xlink:href="../114/510114.xml">
base station</link> or a device such as a <artifact wordnetid="100021939" confidence="0.8">
<instrumentality wordnetid="103575240" confidence="0.8">
<receiver wordnetid="104060647" confidence="0.8">
<equipment wordnetid="103294048" confidence="0.8">
<electronic_equipment wordnetid="103278248" confidence="0.8">
<link xlink:type="simple" xlink:href="../645/6323645.xml">
Media Center</link></electronic_equipment>
</equipment>
</receiver>
</instrumentality>
</artifact>
 <link xlink:type="simple" xlink:href="../708/4520708.xml">
Extender</link> by using <link xlink:type="simple" xlink:href="../365/183365.xml">
UPnP</link>, authenticate with the device by using a personal identification number (PIN), provide wireless settings that are based on user selection and set up a wireless network over a wired Ethernet connection. Windows XP and earlier Windows versions do not support WCN-NET.</entry>
</list>
</p>
<p>

<list>
<entry level="1" type="bullet">

 WCN-UFD uses an API and an <format wordnetid="106636806" confidence="0.9508927676800064">
<link xlink:type="simple" xlink:href="../138/34138.xml">
XML</link></format>
 format that works with a wizard to write configuration files to a <link xlink:type="simple" xlink:href="../414/400414.xml">
USB Flash Drive</link> for more secure wireless networks. Windows XP Service Pack 2 and later Windows operating systems supports WCN-UFD.</entry>
</list>
</p>
<p>

<list>
<entry level="1" type="bullet">

 WCN-MTP includes a <link xlink:type="simple" xlink:href="../619/1096619.xml">
Media Transfer Protocol</link> (MTP) extension that enables an <it>MTP initiator</it> to provide an <it>MTP responder</it> with configuration parameters for joining a wireless network and supports more secure configuration of MTP-capable devices on wireless networks. In Windows Vista, a temporary USB cable connection can be used for MTP-class devices such as portable media, digital cameras etc.</entry>
</list>
</p>

</ss1>
<ss1>
<st>
Devices Profile for Web Services</st>

<p>

<indent level="1">

<it>Main article: <work wordnetid="100575741" confidence="0.8">
<message wordnetid="106598915" confidence="0.8">
<protocol wordnetid="106665108" confidence="0.8">
<event wordnetid="100029378" confidence="0.8">
<direction wordnetid="106786629" confidence="0.8">
<rule wordnetid="106652242" confidence="0.8">
<service wordnetid="100577525" confidence="0.8">
<act wordnetid="100030358" confidence="0.8">
<psychological_feature wordnetid="100023100" confidence="0.8">
<activity wordnetid="100407535" confidence="0.8">
<link xlink:type="simple" xlink:href="../672/7599672.xml">
Devices Profile for Web Services</link></activity>
</psychological_feature>
</act>
</service>
</rule>
</direction>
</event>
</protocol>
</message>
</work>
</it>
</indent>

The <it>Devices Profile for Web Services</it> (DPWS) standard defines a minimal set of implementation constraints to enable secure <link xlink:type="simple" xlink:href="../483/93483.xml">
web service</link> <statement wordnetid="106722453" confidence="0.8">
<message wordnetid="106598915" confidence="0.8">
<description wordnetid="106724763" confidence="0.8">
<specification wordnetid="106725067" confidence="0.8">
<link xlink:type="simple" xlink:href="../748/705748.xml">
messaging</link></specification>
</description>
</message>
</statement>
, <work wordnetid="100575741" confidence="0.8">
<statement wordnetid="106722453" confidence="0.8">
<message wordnetid="106598915" confidence="0.8">
<standard wordnetid="107260623" confidence="0.8">
<event wordnetid="100029378" confidence="0.8">
<description wordnetid="106724763" confidence="0.8">
<specification wordnetid="106725067" confidence="0.8">
<service wordnetid="100577525" confidence="0.8">
<act wordnetid="100030358" confidence="0.8">
<psychological_feature wordnetid="100023100" confidence="0.8">
<system_of_measurement wordnetid="113577171" confidence="0.8">
<activity wordnetid="100407535" confidence="0.8">
<link xlink:type="simple" xlink:href="../088/3835088.xml">
discovery</link></activity>
</system_of_measurement>
</psychological_feature>
</act>
</service>
</specification>
</description>
</event>
</standard>
</message>
</statement>
</work>
, <link xlink:type="simple" xlink:href="../790/4030790.xml">
description</link>, and <statement wordnetid="106722453" confidence="0.8">
<message wordnetid="106598915" confidence="0.8">
<description wordnetid="106724763" confidence="0.8">
<specification wordnetid="106725067" confidence="0.8">
<link xlink:type="simple" xlink:href="../727/4317727.xml">
eventing</link></specification>
</description>
</message>
</statement>
 on resource-constrained devices. DPWS describes a set of requirements that enable a device to be discovered by clients and describe available services to those clients. DPWS is similar <link xlink:type="simple" xlink:href="../365/183365.xml">
Universal Plug and Play</link> (UPnP) but, it is fully aligned with <link xlink:type="simple" xlink:href="../483/93483.xml">
Web Services</link> technology, supports standards for device connectivity such as WS-Discovery and WS-Eventing and includes numerous extension points allowing for integration of device-provided services in enterprise-wide application scenarios and roaming devices that work across the Internet.</p>
<p>

In Windows Vista, Web Services for Devices (WSDAPI) is an unmanaged code implementation of the <it>Devices Profile for Web Services</it> (DPWS) standard. The <work wordnetid="100575741" confidence="0.8">
<event wordnetid="100029378" confidence="0.8">
<service wordnetid="100577525" confidence="0.8">
<act wordnetid="100030358" confidence="0.8">
<psychological_feature wordnetid="100023100" confidence="0.8">
<activity wordnetid="100407535" confidence="0.8">
<link xlink:type="simple" xlink:href="../012/2429012.xml">
Windows Communication Foundation</link></activity>
</psychological_feature>
</act>
</service>
</event>
</work>
 (WCF) executes managed code and offers enterprise-level services for Web Services solutions on Windows XP and Windows Vista.</p>

<ss2>
<st>
Function Discovery</st>
<p>

To support <message wordnetid="106598915" confidence="0.8">
<protocol wordnetid="106665108" confidence="0.8">
<direction wordnetid="106786629" confidence="0.8">
<rule wordnetid="106652242" confidence="0.8">
<link xlink:type="simple" xlink:href="../810/184810.xml">
Simple Service Discovery Protocol</link></rule>
</direction>
</protocol>
</message>
 (SSDP) and <work wordnetid="100575741" confidence="0.8">
<statement wordnetid="106722453" confidence="0.8">
<message wordnetid="106598915" confidence="0.8">
<standard wordnetid="107260623" confidence="0.8">
<event wordnetid="100029378" confidence="0.8">
<description wordnetid="106724763" confidence="0.8">
<specification wordnetid="106725067" confidence="0.8">
<service wordnetid="100577525" confidence="0.8">
<act wordnetid="100030358" confidence="0.8">
<psychological_feature wordnetid="100023100" confidence="0.8">
<system_of_measurement wordnetid="113577171" confidence="0.8">
<activity wordnetid="100407535" confidence="0.8">
<link xlink:type="simple" xlink:href="../088/3835088.xml">
WS-Discovery</link></activity>
</system_of_measurement>
</psychological_feature>
</act>
</service>
</specification>
</description>
</event>
</standard>
</message>
</statement>
</work>
, and for extensible discovery to support other protocols, Windows Vista includes the <it>Function Discovery</it> API. Function Discovery serves as an abstraction layer between applications and devices, allowing applications to discover devices by referencing the device's function, rather than by its bus type or the nature of its connection. The Function Discovery API aims to create applications that enumerate system resources, use devices of a specific type and discover and manage lists of devices or objects, which are sorted by functionality or class, whether local or network connected. Function Discovery supports an extensible discovery provider model. Vendors can also create a custom provider to expose resources through Function Discovery.</p>

</ss2>
</ss1>
<ss1>
<st>
Plug and Play Extensions (PnP-X)</st>
<p>

PnP-X uses SSDP and WS-Discovery network communication protocols to make network-connected devices as discoverable as those that are connected directly to a computer over a bus such as <bus wordnetid="102924116" confidence="0.9508927676800064">
<link xlink:type="simple" xlink:href="../073/32073.xml">
Universal Serial Bus</link></bus>
 (USB). PnP-X allows network-connected devices to appear as devices inside Windows connected physically and provides an installation experience that is similar to attaching a bus-connected device. The device manufacturer implements PnP-X capabilities to supplement either UPnP or Web Services for Devices (WSD) enabled devices. As a result, for end users, the device is relatively as easy to install as traditional <link xlink:type="simple" xlink:href="../859/158859.xml">
Plug and Play</link> devices.</p>

</ss1>
<ss1>
<st>
Universal Plug and Play</st>

<p>

<indent level="1">

<it>Main article: <link xlink:type="simple" xlink:href="../365/183365.xml">
Universal Plug and Play</link></it>
</indent>

Universal Plug and Play (UPnP) is an <message wordnetid="106598915" confidence="0.8">
<protocol wordnetid="106665108" confidence="0.8">
<direction wordnetid="106786629" confidence="0.8">
<rule wordnetid="106652242" confidence="0.8">
<link xlink:type="simple" xlink:href="../323/15323.xml">
IP</link></rule>
</direction>
</protocol>
</message>
-based protocol suite based on preliminary versions of Web Services protocols such as XML and <link xlink:type="simple" xlink:href="../215/29215.xml">
Simple Object Access Protocol</link> (SOAP). With UPnP, a device can dynamically join a network, obtain an IP address, convey its capability, and discover the presence and capabilities of other devices on the network. Information about the set of services that a particular device type can provide is captured in an <format wordnetid="106636806" confidence="0.9508927676800064">
<link xlink:type="simple" xlink:href="../138/34138.xml">
XML</link></format>
 device description document that the device hosts. The device description also lists properties such as device name and icons associated with the device. UPnP has been adopted widely for devices that interact in home network audio-video scenarios.</p>
<p>

UPnP is supported by <version wordnetid="107173585" confidence="0.9508927676800064">
<link xlink:type="simple" xlink:href="../458/75458.xml">
Windows Me</link></version>
, Windows XP and Windows Vista. In Windows Vista, UPnP is integrated with PnP-X and Function Discovery.</p>

</ss1>
</sec>
<sec>
<st>
 See also </st>
<p>

<list>
<entry level="1" type="bullet">

 <link xlink:type="simple" xlink:href="../907/10541907.xml">
Windows Vista networking technologies</link></entry>
<entry level="1" type="bullet">

 <link xlink:type="simple" xlink:href="../483/93483.xml">
Web service</link></entry>
<entry level="1" type="bullet">

 <work wordnetid="100575741" confidence="0.8">
<event wordnetid="100029378" confidence="0.8">
<service wordnetid="100577525" confidence="0.8">
<act wordnetid="100030358" confidence="0.8">
<psychological_feature wordnetid="100023100" confidence="0.8">
<activity wordnetid="100407535" confidence="0.8">
<link xlink:type="simple" xlink:href="../012/2429012.xml">
Windows Communication Foundation</link></activity>
</psychological_feature>
</act>
</service>
</event>
</work>
</entry>
<entry level="1" type="bullet">

 <link xlink:type="simple" xlink:href="../315/25315.xml">
Quality of Service</link></entry>
</list>
</p>

</sec>
<sec>
<st>
External links</st>
<p>

<list>
<entry level="1" type="bullet">

 <weblink xlink:type="simple" xlink:href="http://www.microsoft.com/whdc/rally/default.mspx">
Windows Rally Technologies Homepage</weblink></entry>
<entry level="1" type="bullet">

 <weblink xlink:type="simple" xlink:href="http://www.microsoft.com/whdc/rally/rallykit.mspx">
Windows Rally Development Kit</weblink></entry>
</list>
</p>

<p>

<table style=";" class="navbox" cellspacing="0">
<row>
<col style="padding:2px;">
<table style="width:100%;background:transparent;color:inherit;;" class="nowraplinks collapsible autocollapse " cellspacing="0">
<row>
<header colspan="2" style=";" class="navbox-title">
<link xlink:type="simple" xlink:href="../634/2055634.xml">
Microsoft APIs and frameworks</link></header>
</row>
<row style="height:2px;">

</row>
<row>
<col style=";;" class="navbox-group">
Graphics</col>
<col style="text-align:left;border-left:2px solid #fdfdfd;width:100%;padding:0px;;;" class="navbox-list navbox-odd">
<component wordnetid="105868954" confidence="0.9508927676800064">
<link xlink:type="simple" xlink:href="../347/2933347.xml">
Desktop Window Manager</link></component>
&nbsp;·  <software wordnetid="106566077" confidence="0.9508927676800064">
<link xlink:type="simple" xlink:href="../506/8506.xml">
DirectX</link></software>
&nbsp;·  <structure wordnetid="104341686" confidence="0.8">
<artifact wordnetid="100021939" confidence="0.8">
<area wordnetid="102735688" confidence="0.8">
<library wordnetid="103660909" confidence="0.8">
<room wordnetid="104105893" confidence="0.8">
<link xlink:type="simple" xlink:href="../025/97025.xml">
Direct3D</link></room>
</library>
</area>
</artifact>
</structure>
&nbsp;·  <structure wordnetid="104341686" confidence="0.8">
<artifact wordnetid="100021939" confidence="0.8">
<window wordnetid="104587648" confidence="0.8">
<supporting_structure wordnetid="104361095" confidence="0.8">
<framework wordnetid="103391770" confidence="0.8">
<link xlink:type="simple" xlink:href="../625/144625.xml">
GDI</link></framework>
</supporting_structure>
</window>
</artifact>
</structure>
&nbsp;·  <link xlink:type="simple" xlink:href="../979/1707979.xml">
Windows Presentation Foundation</link>&nbsp;·  <link xlink:type="simple" xlink:href="../017/9859017.xml">
Windows Color System</link>&nbsp;·  <link xlink:type="simple" xlink:href="../237/4092237.xml">
Windows Image Acquisition</link>&nbsp;·  <idea wordnetid="105833840" confidence="0.8">
<concept wordnetid="105835747" confidence="0.8">
<component wordnetid="105868954" confidence="0.8">
<part wordnetid="105867413" confidence="0.8">
<link xlink:type="simple" xlink:href="../649/9837649.xml">
Windows Imaging Component</link></part>
</component>
</concept>
</idea>
</col>
</row>
<row style="height:2px">

</row>
<row>
<col style=";;" class="navbox-group">
Audio</col>
<col style="text-align:left;border-left:2px solid #fdfdfd;width:100%;padding:0px;;;" class="navbox-list navbox-even">
<structure wordnetid="104341686" confidence="0.8">
<building wordnetid="102913152" confidence="0.8">
<artifact wordnetid="100021939" confidence="0.8">
<area wordnetid="102735688" confidence="0.8">
<library wordnetid="103660909" confidence="0.8">
<architecture wordnetid="102734725" confidence="0.8">
<room wordnetid="104105893" confidence="0.8">
<link xlink:type="simple" xlink:href="../216/700216.xml">
DirectSound</link></room>
</architecture>
</library>
</area>
</artifact>
</building>
</structure>
&nbsp;·  <structure wordnetid="104341686" confidence="0.8">
<artifact wordnetid="100021939" confidence="0.8">
<area wordnetid="102735688" confidence="0.8">
<library wordnetid="103660909" confidence="0.8">
<room wordnetid="104105893" confidence="0.8">
<link xlink:type="simple" xlink:href="../217/700217.xml">
DirectMusic</link></room>
</library>
</area>
</artifact>
</structure>
&nbsp;·  <structure wordnetid="104341686" confidence="0.8">
<building wordnetid="102913152" confidence="0.8">
<artifact wordnetid="100021939" confidence="0.8">
<architecture wordnetid="102734725" confidence="0.8">
<link xlink:type="simple" xlink:href="../138/10550138.xml">
DirectX plugin</link></architecture>
</artifact>
</building>
</structure>
&nbsp;·  <structure wordnetid="104341686" confidence="0.8">
<artifact wordnetid="100021939" confidence="0.8">
<instrumentality wordnetid="103575240" confidence="0.8">
<area wordnetid="102735688" confidence="0.8">
<tool wordnetid="104451818" confidence="0.8">
<library wordnetid="103660909" confidence="0.8">
<implement wordnetid="103563967" confidence="0.8">
<room wordnetid="104105893" confidence="0.8">
<link xlink:type="simple" xlink:href="../672/2997672.xml">
XACT</link></room>
</implement>
</library>
</tool>
</area>
</instrumentality>
</artifact>
</structure>
&nbsp;·  <link xlink:type="simple" xlink:href="../587/3965587.xml">
Speech API</link></col>
</row>
<row style="height:2px">

</row>
<row>
<col style=";;" class="navbox-group">
Multimedia</col>
<col style="text-align:left;border-left:2px solid #fdfdfd;width:100%;padding:0px;;;" class="navbox-list navbox-odd">
<model wordnetid="105890249" confidence="0.8">
<idea wordnetid="105833840" confidence="0.8">
<concept wordnetid="105835747" confidence="0.8">
<hypothesis wordnetid="105888929" confidence="0.8">
<link xlink:type="simple" xlink:href="../218/700218.xml">
DirectShow</link></hypothesis>
</concept>
</idea>
</model>
&nbsp;·  <link xlink:type="simple" xlink:href="../787/4453787.xml">
DirectX Media Objects</link>&nbsp;·  <structure wordnetid="104341686" confidence="0.8">
<artifact wordnetid="100021939" confidence="0.8">
<window wordnetid="104587648" confidence="0.8">
<supporting_structure wordnetid="104361095" confidence="0.8">
<framework wordnetid="103391770" confidence="0.8">
<link xlink:type="simple" xlink:href="../491/2364491.xml">
DirectX Video Acceleration</link></framework>
</supporting_structure>
</window>
</artifact>
</structure>
&nbsp;·  <link xlink:type="simple" xlink:href="../206/441206.xml">
Windows Media</link>&nbsp;·  <model wordnetid="105890249" confidence="0.8">
<idea wordnetid="105833840" confidence="0.8">
<concept wordnetid="105835747" confidence="0.8">
<hypothesis wordnetid="105888929" confidence="0.8">
<link xlink:type="simple" xlink:href="../419/6212419.xml">
Media Foundation</link></hypothesis>
</concept>
</idea>
</model>
&nbsp;·  <idea wordnetid="105833840" confidence="0.8">
<concept wordnetid="105835747" confidence="0.8">
<component wordnetid="105868954" confidence="0.8">
<part wordnetid="105867413" confidence="0.8">
<link xlink:type="simple" xlink:href="../355/13154355.xml">
Image Mastering API</link></part>
</component>
</concept>
</idea>
</col>
</row>
<row style="height:2px">

</row>
<row>
<col style=";;" class="navbox-group">
Web</col>
<col style="text-align:left;border-left:2px solid #fdfdfd;width:100%;padding:0px;;;" class="navbox-list navbox-even">
<artifact wordnetid="100021939" confidence="0.8">
<instrumentality wordnetid="103575240" confidence="0.8">
<engine wordnetid="103287733" confidence="0.8">
<motor wordnetid="103789946" confidence="0.8">
<device wordnetid="103183080" confidence="0.8">
<machine wordnetid="103699975" confidence="0.8">
<link xlink:type="simple" xlink:href="../649/981649.xml">
MSHTML</link></machine>
</device>
</motor>
</engine>
</instrumentality>
</artifact>
&nbsp;·  <software wordnetid="106566077" confidence="0.8">
<program wordnetid="106568978" confidence="0.8">
<written_communication wordnetid="106349220" confidence="0.8">
<writing wordnetid="106359877" confidence="0.8">
<code wordnetid="106355894" confidence="0.8">
<coding_system wordnetid="106353757" confidence="0.8">
<parser wordnetid="106577369" confidence="0.8">
<link xlink:type="simple" xlink:href="../900/5127900.xml">
MSXML</link></parser>
</coding_system>
</code>
</writing>
</written_communication>
</program>
</software>
&nbsp;·  <idea wordnetid="105833840" confidence="0.8">
<concept wordnetid="105835747" confidence="0.8">
<component wordnetid="105868954" confidence="0.8">
<part wordnetid="105867413" confidence="0.8">
<link xlink:type="simple" xlink:href="../966/11167966.xml">
RSS Platform</link></part>
</component>
</concept>
</idea>
&nbsp;·  <programming_language wordnetid="106898352" confidence="0.9508927676800064">
<link xlink:type="simple" xlink:href="../872/263872.xml">
JScript</link></programming_language>
&nbsp;·  <structure wordnetid="104341686" confidence="0.8">
<artifact wordnetid="100021939" confidence="0.8">
<window wordnetid="104587648" confidence="0.8">
<supporting_structure wordnetid="104361095" confidence="0.8">
<language wordnetid="106282651" confidence="0.8">
<framework wordnetid="103391770" confidence="0.8">
<link xlink:type="simple" xlink:href="../716/32716.xml">
VBScript</link></framework>
</language>
</supporting_structure>
</window>
</artifact>
</structure>
&nbsp;·  <message wordnetid="106598915" confidence="0.8">
<information wordnetid="106634376" confidence="0.8">
<format wordnetid="106636806" confidence="0.8">
<link xlink:type="simple" xlink:href="../726/910726.xml">
BHO</link></format>
</information>
</message>
&nbsp;·  <physical_entity wordnetid="100001930" confidence="0.8">
<person wordnetid="100007846" confidence="0.8">
<client wordnetid="109985075" confidence="0.8">
<causal_agent wordnetid="100007347" confidence="0.8">
<case wordnetid="109898892" confidence="0.8">
<link xlink:type="simple" xlink:href="../360/1594360.xml">
XMLHttpRequest</link></case>
</causal_agent>
</client>
</person>
</physical_entity>
&nbsp;·  <artifact wordnetid="100021939" confidence="0.8">
<instrumentality wordnetid="103575240" confidence="0.8">
<engine wordnetid="103287733" confidence="0.8">
<motor wordnetid="103789946" confidence="0.8">
<device wordnetid="103183080" confidence="0.8">
<machine wordnetid="103699975" confidence="0.8">
<link xlink:type="simple" xlink:href="../718/3607718.xml">
SideBar Gadgets</link></machine>
</device>
</motor>
</engine>
</instrumentality>
</artifact>
</col>
</row>
<row style="height:2px">

</row>
<row>
<col style=";;" class="navbox-group">
Data access</col>
<col style="text-align:left;border-left:2px solid #fdfdfd;width:100%;padding:0px;;;" class="navbox-list navbox-odd">
<software wordnetid="106566077" confidence="0.9508927676800064">
<link xlink:type="simple" xlink:href="../152/2263152.xml">
Microsoft Data Access Components</link></software>
&nbsp;·  <artifact wordnetid="100021939" confidence="0.8">
<instrumentality wordnetid="103575240" confidence="0.8">
<engine wordnetid="103287733" confidence="0.8">
<motor wordnetid="103789946" confidence="0.8">
<device wordnetid="103183080" confidence="0.8">
<machine wordnetid="103699975" confidence="0.8">
<link xlink:type="simple" xlink:href="../771/1843771.xml">
Extensible Storage Engine</link></machine>
</device>
</motor>
</engine>
</instrumentality>
</artifact>
&nbsp;·  <link xlink:type="simple" xlink:href="../840/1434840.xml">
ADO.NET</link>&nbsp;·  <link xlink:type="simple" xlink:href="../060/10988060.xml">
ADO.NET Entity Framework</link>&nbsp;·  <occupation wordnetid="100582388" confidence="0.8">
<application wordnetid="100949134" confidence="0.8">
<technology wordnetid="100949619" confidence="0.8">
<event wordnetid="100029378" confidence="0.8">
<profession wordnetid="100609953" confidence="0.8">
<use wordnetid="100947128" confidence="0.8">
<act wordnetid="100030358" confidence="0.8">
<psychological_feature wordnetid="100023100" confidence="0.8">
<activity wordnetid="100407535" confidence="0.8">
<link xlink:type="simple" xlink:href="../317/11927317.xml">
Sync Framework</link></activity>
</psychological_feature>
</act>
</use>
</profession>
</event>
</technology>
</application>
</occupation>
&nbsp;·  <artifact wordnetid="100021939" confidence="0.8">
<instrumentality wordnetid="103575240" confidence="0.8">
<engine wordnetid="103287733" confidence="0.8">
<motor wordnetid="103789946" confidence="0.8">
<device wordnetid="103183080" confidence="0.8">
<machine wordnetid="103699975" confidence="0.8">
<link xlink:type="simple" xlink:href="../417/1948417.xml">
Jet Engine</link></machine>
</device>
</motor>
</engine>
</instrumentality>
</artifact>
</col>
</row>
<row style="height:2px">

</row>
<row>
<col style=";;" class="navbox-group">
Networking</col>
<col style="text-align:left;border-left:2px solid #fdfdfd;width:100%;padding:0px;;;" class="navbox-list navbox-even">
<link xlink:type="simple" xlink:href="../226/211226.xml">
Winsock</link> (<link xlink:type="simple" xlink:href="../421/2924421.xml">
LSP</link>)&nbsp;·  <link>
Winsock Kernel</link>&nbsp;·  <link xlink:type="simple" xlink:href="../124/5095124.xml">
Filtering Platform</link>&nbsp;·  <link xlink:type="simple" xlink:href="../684/650684.xml">
Network Driver Interface Specification</link>&nbsp;·  <message wordnetid="106598915" confidence="0.8">
<protocol wordnetid="106665108" confidence="0.8">
<idea wordnetid="105833840" confidence="0.8">
<concept wordnetid="105835747" confidence="0.8">
<component wordnetid="105868954" confidence="0.8">
<direction wordnetid="106786629" confidence="0.8">
<rule wordnetid="106652242" confidence="0.8">
<part wordnetid="105867413" confidence="0.8">
<link xlink:type="simple" xlink:href="../170/10678170.xml">
Windows Rally</link></part>
</rule>
</direction>
</component>
</concept>
</idea>
</protocol>
</message>
&nbsp;·  <work wordnetid="100575741" confidence="0.8">
<message wordnetid="106598915" confidence="0.8">
<protocol wordnetid="106665108" confidence="0.8">
<event wordnetid="100029378" confidence="0.8">
<direction wordnetid="106786629" confidence="0.8">
<rule wordnetid="106652242" confidence="0.8">
<service wordnetid="100577525" confidence="0.8">
<act wordnetid="100030358" confidence="0.8">
<psychological_feature wordnetid="100023100" confidence="0.8">
<activity wordnetid="100407535" confidence="0.8">
<link xlink:type="simple" xlink:href="../351/4228351.xml">
BITS</link></activity>
</psychological_feature>
</act>
</service>
</rule>
</direction>
</event>
</protocol>
</message>
</work>
&nbsp;·  <link xlink:type="simple" xlink:href="../907/10541907.xml#xpointer(//*[./st=%22Peer-to-peer+communication%22])">
P2P API</link></col>
</row>
<row style="height:2px">

</row>
<row>
<col style=";;" class="navbox-group">
Communication</col>
<col style="text-align:left;border-left:2px solid #fdfdfd;width:100%;padding:0px;;;" class="navbox-list navbox-odd">
<message wordnetid="106598915" confidence="0.8">
<protocol wordnetid="106665108" confidence="0.8">
<direction wordnetid="106786629" confidence="0.8">
<rule wordnetid="106652242" confidence="0.8">
<link xlink:type="simple" xlink:href="../193/489193.xml">
Messaging API</link></rule>
</direction>
</protocol>
</message>
&nbsp;·  <link xlink:type="simple" xlink:href="../631/45631.xml">
Telephony API</link></col>
</row>
<row style="height:2px">

</row>
<row>
<col style=";;" class="navbox-group">
Administration andmanagement</col>
<col style="text-align:left;border-left:2px solid #fdfdfd;width:100%;padding:0px;;;" class="navbox-list navbox-even">
<link xlink:type="simple" xlink:href="../593/756593.xml">
Win32 console</link>&nbsp;·  <idea wordnetid="105833840" confidence="0.8">
<concept wordnetid="105835747" confidence="0.8">
<component wordnetid="105868954" confidence="0.8">
<part wordnetid="105867413" confidence="0.8">
<link xlink:type="simple" xlink:href="../448/288448.xml">
Windows Script Host</link></part>
</component>
</concept>
</idea>
&nbsp;·  <system wordnetid="104377057" confidence="0.8">
<idea wordnetid="105833840" confidence="0.8">
<concept wordnetid="105835747" confidence="0.8">
<artifact wordnetid="100021939" confidence="0.8">
<instrumentality wordnetid="103575240" confidence="0.8">
<component wordnetid="105868954" confidence="0.8">
<part wordnetid="105867413" confidence="0.8">
<link xlink:type="simple" xlink:href="../355/439355.xml">
Windows Management Instrumentation</link></part>
</component>
</instrumentality>
</artifact>
</concept>
</idea>
</system>
&nbsp;·  <software wordnetid="106566077" confidence="0.9508927676800064">
<programming_language wordnetid="106898352" confidence="0.9508927676800064">
<link xlink:type="simple" xlink:href="../871/14465871.xml">
Windows PowerShell</link></programming_language>
</software>
&nbsp;·  <work wordnetid="100575741" confidence="0.8">
<event wordnetid="100029378" confidence="0.8">
<service wordnetid="100577525" confidence="0.8">
<act wordnetid="100030358" confidence="0.8">
<psychological_feature wordnetid="100023100" confidence="0.8">
<activity wordnetid="100407535" confidence="0.8">
<link xlink:type="simple" xlink:href="../982/11167982.xml">
Task Scheduler</link></activity>
</psychological_feature>
</act>
</service>
</event>
</work>
&nbsp;·  <link>
Offline Files</link>&nbsp;·  <work wordnetid="100575741" confidence="0.8">
<event wordnetid="100029378" confidence="0.8">
<service wordnetid="100577525" confidence="0.8">
<act wordnetid="100030358" confidence="0.8">
<psychological_feature wordnetid="100023100" confidence="0.8">
<activity wordnetid="100407535" confidence="0.8">
<link xlink:type="simple" xlink:href="../611/1516611.xml">
Shadow Copy</link></activity>
</psychological_feature>
</act>
</service>
</event>
</work>
&nbsp;·  <software wordnetid="106566077" confidence="0.9508927676800064">
<link xlink:type="simple" xlink:href="../591/1158591.xml">
Windows Installer</link></software>
&nbsp;·  <work wordnetid="100575741" confidence="0.8">
<structure wordnetid="104341686" confidence="0.8">
<artifact wordnetid="100021939" confidence="0.8">
<window wordnetid="104587648" confidence="0.8">
<event wordnetid="100029378" confidence="0.8">
<service wordnetid="100577525" confidence="0.8">
<supporting_structure wordnetid="104361095" confidence="0.8">
<act wordnetid="100030358" confidence="0.8">
<psychological_feature wordnetid="100023100" confidence="0.8">
<framework wordnetid="103391770" confidence="0.8">
<activity wordnetid="100407535" confidence="0.8">
<link xlink:type="simple" xlink:href="../238/7811238.xml">
Windows Error Reporting</link></activity>
</framework>
</psychological_feature>
</act>
</supporting_structure>
</service>
</event>
</window>
</artifact>
</structure>
</work>
&nbsp;·  <link>
Windows Event Log</link>&nbsp;·  <idea wordnetid="105833840" confidence="0.8">
<concept wordnetid="105835747" confidence="0.8">
<component wordnetid="105868954" confidence="0.8">
<part wordnetid="105867413" confidence="0.8">
<link xlink:type="simple" xlink:href="../933/13911933.xml">
Common Log File System</link></part>
</component>
</concept>
</idea>
</col>
</row>
<row style="height:2px">

</row>
<row>
<col style=";;" class="navbox-group">
<idea wordnetid="105833840" confidence="0.8">
<concept wordnetid="105835747" confidence="0.8">
<component wordnetid="105868954" confidence="0.8">
<part wordnetid="105867413" confidence="0.8">
<link xlink:type="simple" xlink:href="../674/2816674.xml">
Component model</link></part>
</component>
</concept>
</idea>
</col>
<col style="text-align:left;border-left:2px solid #fdfdfd;width:100%;padding:0px;;;" class="navbox-list navbox-odd">
<physical_entity wordnetid="100001930" confidence="0.8">
<person wordnetid="100007846" confidence="0.8">
<model wordnetid="110324560" confidence="0.8">
<idea wordnetid="105833840" confidence="0.8">
<concept wordnetid="105835747" confidence="0.8">
<assistant wordnetid="109815790" confidence="0.8">
<component wordnetid="105868954" confidence="0.8">
<worker wordnetid="109632518" confidence="0.8">
<causal_agent wordnetid="100007347" confidence="0.8">
<part wordnetid="105867413" confidence="0.8">
<link xlink:type="simple" xlink:href="../007/17058007.xml">
COM</link></part>
</causal_agent>
</worker>
</component>
</assistant>
</concept>
</idea>
</model>
</person>
</physical_entity>
&nbsp;·  <physical_entity wordnetid="100001930" confidence="0.8">
<person wordnetid="100007846" confidence="0.8">
<model wordnetid="110324560" confidence="0.8">
<idea wordnetid="105833840" confidence="0.8">
<concept wordnetid="105835747" confidence="0.8">
<assistant wordnetid="109815790" confidence="0.8">
<component wordnetid="105868954" confidence="0.8">
<worker wordnetid="109632518" confidence="0.8">
<causal_agent wordnetid="100007347" confidence="0.8">
<part wordnetid="105867413" confidence="0.8">
<link xlink:type="simple" xlink:href="../007/17058007.xml#xpointer(//*[./st=%22COM=2B%22])">
COM+</link></part>
</causal_agent>
</worker>
</component>
</assistant>
</concept>
</idea>
</model>
</person>
</physical_entity>
&nbsp;·  <link xlink:type="simple" xlink:href="../497/93497.xml">
ActiveX</link>&nbsp;·  <physical_entity wordnetid="100001930" confidence="0.8">
<person wordnetid="100007846" confidence="0.8">
<model wordnetid="110324560" confidence="0.8">
<idea wordnetid="105833840" confidence="0.8">
<concept wordnetid="105835747" confidence="0.8">
<assistant wordnetid="109815790" confidence="0.8">
<component wordnetid="105868954" confidence="0.8">
<worker wordnetid="109632518" confidence="0.8">
<causal_agent wordnetid="100007347" confidence="0.8">
<part wordnetid="105867413" confidence="0.8">
<link xlink:type="simple" xlink:href="../492/93492.xml">
Distributed Component Object Model</link></part>
</causal_agent>
</worker>
</component>
</assistant>
</concept>
</idea>
</model>
</person>
</physical_entity>
&nbsp;·  <platform wordnetid="103961939" confidence="0.8">
<artifact wordnetid="100021939" confidence="0.8">
<surface wordnetid="104362025" confidence="0.8">
<instrumentality wordnetid="103575240" confidence="0.8">
<tool wordnetid="104451818" confidence="0.8">
<horizontal_surface wordnetid="103536348" confidence="0.8">
<implement wordnetid="103563967" confidence="0.8">
<link xlink:type="simple" xlink:href="../402/60402.xml">
.NET Framework</link></implement>
</horizontal_surface>
</tool>
</instrumentality>
</surface>
</artifact>
</platform>
</col>
</row>
<row style="height:2px">

</row>
<row>
<col style=";;" class="navbox-group">
<message wordnetid="106598915" confidence="0.8">
<information wordnetid="106634376" confidence="0.8">
<structure wordnetid="104341686" confidence="0.8">
<artifact wordnetid="100021939" confidence="0.8">
<area wordnetid="102735688" confidence="0.8">
<library wordnetid="103660909" confidence="0.8">
<format wordnetid="106636806" confidence="0.8">
<room wordnetid="104105893" confidence="0.8">
<link xlink:type="simple" xlink:href="../421/106421.xml">
Libraries</link></room>
</format>
</library>
</area>
</artifact>
</structure>
</information>
</message>
</col>
<col style="text-align:left;border-left:2px solid #fdfdfd;width:100%;padding:0px;;;" class="navbox-list navbox-even">
<structure wordnetid="104341686" confidence="0.8">
<artifact wordnetid="100021939" confidence="0.8">
<area wordnetid="102735688" confidence="0.8">
<library wordnetid="103660909" confidence="0.8">
<room wordnetid="104105893" confidence="0.8">
<link xlink:type="simple" xlink:href="../891/291891.xml">
Microsoft Foundation Class (MFC)</link></room>
</library>
</area>
</artifact>
</structure>
&nbsp;·  <structure wordnetid="104341686" confidence="0.8">
<artifact wordnetid="100021939" confidence="0.8">
<area wordnetid="102735688" confidence="0.8">
<library wordnetid="103660909" confidence="0.8">
<room wordnetid="104105893" confidence="0.8">
<link xlink:type="simple" xlink:href="../960/846960.xml">
Active Template Library (ATL)</link></room>
</library>
</area>
</artifact>
</structure>
&nbsp;·  <work wordnetid="100575741" confidence="0.8">
<event wordnetid="100029378" confidence="0.8">
<undertaking wordnetid="100795720" confidence="0.8">
<act wordnetid="100030358" confidence="0.8">
<psychological_feature wordnetid="100023100" confidence="0.8">
<activity wordnetid="100407535" confidence="0.8">
<link xlink:type="simple" xlink:href="../963/1795963.xml">
Windows Template Library (WTL)</link></activity>
</psychological_feature>
</act>
</undertaking>
</event>
</work>
</col>
</row>
<row style="height:2px">

</row>
<row>
<col style=";;" class="navbox-group">
Driver development</col>
<col style="text-align:left;border-left:2px solid #fdfdfd;width:100%;padding:0px;;;" class="navbox-list navbox-odd">
<link xlink:type="simple" xlink:href="../077/252077.xml">
Windows Driver Model</link> (<link xlink:type="simple" xlink:href="../087/3542087.xml">
Broadcast Driver Architecture</link>)&nbsp;·  <software wordnetid="106566077" confidence="0.9508927676800064">
<link xlink:type="simple" xlink:href="../667/3669667.xml">
Windows Driver Foundation</link></software>
 (<link xlink:type="simple" xlink:href="../476/3669476.xml">
KMDF</link>&nbsp;·  <link xlink:type="simple" xlink:href="../572/4211572.xml">
UMDF</link>)</col>
</row>
<row style="height:2px">

</row>
<row>
<col style=";;" class="navbox-group">
Security</col>
<col style="text-align:left;border-left:2px solid #fdfdfd;width:100%;padding:0px;;;" class="navbox-list navbox-even">
<link xlink:type="simple" xlink:href="../413/3302413.xml">
Crypto API</link> (<link xlink:type="simple" xlink:href="../793/12561793.xml">
CAPICOM</link>)&nbsp;·  <work wordnetid="100575741" confidence="0.8">
<system wordnetid="104377057" confidence="0.8">
<artifact wordnetid="100021939" confidence="0.8">
<instrumentality wordnetid="103575240" confidence="0.8">
<event wordnetid="100029378" confidence="0.8">
<service wordnetid="100577525" confidence="0.8">
<act wordnetid="100030358" confidence="0.8">
<psychological_feature wordnetid="100023100" confidence="0.8">
<activity wordnetid="100407535" confidence="0.8">
<link xlink:type="simple" xlink:href="../141/4086141.xml">
Windows CardSpace</link></activity>
</psychological_feature>
</act>
</service>
</event>
</instrumentality>
</artifact>
</system>
</work>
&nbsp;·  <link xlink:type="simple" xlink:href="../847/4949847.xml">
Data protection API</link>&nbsp;·  <link xlink:type="simple" xlink:href="../186/14686186.xml">
Security Support Provider Interface</link></col>
</row>
<row style="height:2px">

</row>
<row>
<col style=";;" class="navbox-group">
.NET</col>
<col style="text-align:left;border-left:2px solid #fdfdfd;width:100%;padding:0px;;;" class="navbox-list navbox-odd">
<platform wordnetid="103961939" confidence="0.8">
<artifact wordnetid="100021939" confidence="0.8">
<surface wordnetid="104362025" confidence="0.8">
<instrumentality wordnetid="103575240" confidence="0.8">
<tool wordnetid="104451818" confidence="0.8">
<horizontal_surface wordnetid="103536348" confidence="0.8">
<implement wordnetid="103563967" confidence="0.8">
<link xlink:type="simple" xlink:href="../402/60402.xml">
.NET Framework</link></implement>
</horizontal_surface>
</tool>
</instrumentality>
</surface>
</artifact>
</platform>
&nbsp;·  <model wordnetid="105890249" confidence="0.8">
<idea wordnetid="105833840" confidence="0.8">
<concept wordnetid="105835747" confidence="0.8">
<artifact wordnetid="100021939" confidence="0.8">
<instrumentality wordnetid="103575240" confidence="0.8">
<engine wordnetid="103287733" confidence="0.8">
<motor wordnetid="103789946" confidence="0.8">
<device wordnetid="103183080" confidence="0.8">
<machine wordnetid="103699975" confidence="0.8">
<hypothesis wordnetid="105888929" confidence="0.8">
<link xlink:type="simple" xlink:href="../996/651996.xml">
ASP.NET</link></hypothesis>
</machine>
</device>
</motor>
</engine>
</instrumentality>
</artifact>
</concept>
</idea>
</model>
&nbsp;·  <link xlink:type="simple" xlink:href="../840/1434840.xml">
ADO.NET</link>&nbsp;·  <link xlink:type="simple" xlink:href="../471/4890471.xml">
Remoting</link>&nbsp;·  <link xlink:type="simple" xlink:href="../979/1707979.xml">
Windows Presentation Foundation</link>&nbsp;·  <link xlink:type="simple" xlink:href="../163/3846163.xml">
Windows Workflow Foundation</link>&nbsp;·  <work wordnetid="100575741" confidence="0.8">
<event wordnetid="100029378" confidence="0.8">
<service wordnetid="100577525" confidence="0.8">
<act wordnetid="100030358" confidence="0.8">
<psychological_feature wordnetid="100023100" confidence="0.8">
<activity wordnetid="100407535" confidence="0.8">
<link xlink:type="simple" xlink:href="../012/2429012.xml">
Windows Communication Foundation</link></activity>
</psychological_feature>
</act>
</service>
</event>
</work>
&nbsp;·  <work wordnetid="100575741" confidence="0.8">
<system wordnetid="104377057" confidence="0.8">
<artifact wordnetid="100021939" confidence="0.8">
<instrumentality wordnetid="103575240" confidence="0.8">
<event wordnetid="100029378" confidence="0.8">
<service wordnetid="100577525" confidence="0.8">
<act wordnetid="100030358" confidence="0.8">
<psychological_feature wordnetid="100023100" confidence="0.8">
<activity wordnetid="100407535" confidence="0.8">
<link xlink:type="simple" xlink:href="../141/4086141.xml">
Windows CardSpace</link></activity>
</psychological_feature>
</act>
</service>
</event>
</instrumentality>
</artifact>
</system>
</work>
&nbsp;·  <software wordnetid="106566077" confidence="0.9508927676800064">
<link xlink:type="simple" xlink:href="../616/550616.xml">
XNA</link></software>
&nbsp;·  <software wordnetid="106566077" confidence="0.9508927676800064">
<link xlink:type="simple" xlink:href="../719/9731719.xml">
Silverlight</link></software>
&nbsp;·  <link>
Task Parallel Library</link></col>
</row>
<row style="height:2px">

</row>
<row>
<col style=";;" class="navbox-group">
<link xlink:type="simple" xlink:href="../875/3019875.xml">
Software factories</link></col>
<col style="text-align:left;border-left:2px solid #fdfdfd;width:100%;padding:0px;;;" class="navbox-list navbox-even">
<plant wordnetid="103956922" confidence="0.8">
<structure wordnetid="104341686" confidence="0.8">
<artifact wordnetid="100021939" confidence="0.8">
<factory wordnetid="103316406" confidence="0.8">
<building_complex wordnetid="102914991" confidence="0.8">
<link xlink:type="simple" xlink:href="../642/8803642.xml">
EFx Factory</link></building_complex>
</factory>
</artifact>
</structure>
</plant>
&nbsp;·  <plant wordnetid="103956922" confidence="0.8">
<structure wordnetid="104341686" confidence="0.8">
<artifact wordnetid="100021939" confidence="0.8">
<factory wordnetid="103316406" confidence="0.8">
<building_complex wordnetid="102914991" confidence="0.8">
<link xlink:type="simple" xlink:href="../731/5573731.xml">
Enterprise Library</link></building_complex>
</factory>
</artifact>
</structure>
</plant>
&nbsp;·  <plant wordnetid="103956922" confidence="0.8">
<structure wordnetid="104341686" confidence="0.8">
<artifact wordnetid="100021939" confidence="0.8">
<factory wordnetid="103316406" confidence="0.8">
<building_complex wordnetid="102914991" confidence="0.8">
<link xlink:type="simple" xlink:href="../925/7324925.xml">
Composite UI</link></building_complex>
</factory>
</artifact>
</structure>
</plant>
&nbsp;·  <software wordnetid="106566077" confidence="0.9508927676800064">
<link xlink:type="simple" xlink:href="../029/5972029.xml">
CCF</link></software>
&nbsp;·  <link xlink:type="simple" xlink:href="../108/6896108.xml">
CSF</link></col>
</row>
<row style="height:2px">

</row>
<row>
<col style=";;" class="navbox-group">
<link xlink:type="simple" xlink:href="../106/152106.xml">
IPC</link></col>
<col style="text-align:left;border-left:2px solid #fdfdfd;width:100%;padding:0px;;;" class="navbox-list navbox-odd">
<message wordnetid="106598915" confidence="0.8">
<protocol wordnetid="106665108" confidence="0.8">
<direction wordnetid="106786629" confidence="0.8">
<rule wordnetid="106652242" confidence="0.8">
<link xlink:type="simple" xlink:href="../551/2548551.xml">
MSRPC</link></rule>
</direction>
</protocol>
</message>
&nbsp;·  <link xlink:type="simple" xlink:href="../167/714167.xml#xpointer(//*[./st=%22Named+pipes+in+Windows%22])">
Named pipes</link>&nbsp;·  <link xlink:type="simple" xlink:href="../248/8246248.xml">
Memory-mapped file</link>&nbsp;·  <link xlink:type="simple" xlink:href="../404/1862404.xml">
DDE</link>&nbsp;·  <link xlink:type="simple" xlink:href="../574/2667574.xml">
MailSlot</link></col>
</row>
<row style="height:2px">

</row>
<row>
<col style=";;" class="navbox-group">
Accessibility</col>
<col style="text-align:left;border-left:2px solid #fdfdfd;width:100%;padding:0px;;;" class="navbox-list navbox-even">
<link xlink:type="simple" xlink:href="../210/1983210.xml">
Active Accessibility</link>&nbsp;·  <link xlink:type="simple" xlink:href="../582/9346582.xml">
UI Automation</link></col>
</row>
<row style="height:2px">

</row>
<row>
<col style=";;" class="navbox-group">
Text and multilingualsupport</col>
<col style="text-align:left;border-left:2px solid #fdfdfd;width:100%;padding:0px;;;" class="navbox-list navbox-odd">
<structure wordnetid="104341686" confidence="0.8">
<idea wordnetid="105833840" confidence="0.8">
<concept wordnetid="105835747" confidence="0.8">
<artifact wordnetid="100021939" confidence="0.8">
<window wordnetid="104587648" confidence="0.8">
<component wordnetid="105868954" confidence="0.8">
<supporting_structure wordnetid="104361095" confidence="0.8">
<part wordnetid="105867413" confidence="0.8">
<framework wordnetid="103391770" confidence="0.8">
<link xlink:type="simple" xlink:href="../933/9246933.xml">
Text Services Framework</link></framework>
</part>
</supporting_structure>
</component>
</window>
</artifact>
</concept>
</idea>
</structure>
&nbsp;·  <link xlink:type="simple" xlink:href="../794/15075794.xml">
Text Object Model</link>&nbsp;· <link xlink:type="simple" xlink:href="../513/419513.xml">
Input method editor</link>&nbsp;·  <link xlink:type="simple" xlink:href="../934/2125934.xml">
Language Interface Pack</link>&nbsp;·  <link xlink:type="simple" xlink:href="../111/857111.xml">
Multilingual User Interface</link>&nbsp;·  <link xlink:type="simple" xlink:href="../298/1041298.xml">
Uniscribe</link></col>
</row>
<row style="height:2px">

</row>
<row>
<col style=";;" class="navbox-group">
Games</col>
<col style="text-align:left;border-left:2px solid #fdfdfd;width:100%;padding:0px;;;" class="navbox-list navbox-even">
<structure wordnetid="104341686" confidence="0.8">
<artifact wordnetid="100021939" confidence="0.8">
<area wordnetid="102735688" confidence="0.8">
<library wordnetid="103660909" confidence="0.8">
<room wordnetid="104105893" confidence="0.8">
<link xlink:type="simple" xlink:href="../025/97025.xml">
Direct3D</link></room>
</library>
</area>
</artifact>
</structure>
&nbsp;·  <link xlink:type="simple" xlink:href="../491/899491.xml">
D3DX</link>&nbsp;·  <structure wordnetid="104341686" confidence="0.8">
<building wordnetid="102913152" confidence="0.8">
<artifact wordnetid="100021939" confidence="0.8">
<area wordnetid="102735688" confidence="0.8">
<library wordnetid="103660909" confidence="0.8">
<architecture wordnetid="102734725" confidence="0.8">
<room wordnetid="104105893" confidence="0.8">
<link xlink:type="simple" xlink:href="../216/700216.xml">
DirectSound</link></room>
</architecture>
</library>
</area>
</artifact>
</building>
</structure>
&nbsp;·  <link xlink:type="simple" xlink:href="../211/700211.xml">
DirectInput</link>&nbsp;·  <link xlink:type="simple" xlink:href="../109/483109.xml">
DirectPlay</link>&nbsp;·  <structure wordnetid="104341686" confidence="0.8">
<artifact wordnetid="100021939" confidence="0.8">
<area wordnetid="102735688" confidence="0.8">
<library wordnetid="103660909" confidence="0.8">
<room wordnetid="104105893" confidence="0.8">
<link xlink:type="simple" xlink:href="../217/700217.xml">
DirectMusic</link></room>
</library>
</area>
</artifact>
</structure>
&nbsp;·  <artifact wordnetid="100021939" confidence="0.8">
<instrumentality wordnetid="103575240" confidence="0.8">
<tool wordnetid="104451818" confidence="0.8">
<implement wordnetid="103563967" confidence="0.8">
<link xlink:type="simple" xlink:href="../716/8198716.xml">
Managed DirectX</link></implement>
</tool>
</instrumentality>
</artifact>
&nbsp;·  <software wordnetid="106566077" confidence="0.9508927676800064">
<link xlink:type="simple" xlink:href="../616/550616.xml">
Microsoft XNA</link></software>
</col>
</row>
</table>
</col>
</row>
</table>
</p>



</sec>
</bdy>
</part>
</rule>
</direction>
</component>
</concept>
</idea>
</protocol>
</message>
</article>
