<?xml version="1.0" encoding="UTF-8"?>
<!-- generated by CLiX/Wiki2XML [MPI-Inf, MMCI@UdS] $LastChangedRevision: 92 $ on 16.04.2009 18:05:14[mciao0826] -->
<!DOCTYPE article SYSTEM "../article.dtd">
<article xmlns:xlink="http://www.w3.org/1999/xlink">
<cipher  confidence="0.9511911446218017" wordnetid="106254239">
<algorithm  confidence="0.9511911446218017" wordnetid="105847438">
<header>
<title>BATON</title>
<id>1068987</id>
<revision>
<id>219424401</id>
<timestamp>2008-06-15T04:15:47Z</timestamp>
<contributor>
<username>Anthony Appleyard</username>
<id>119438</id>
</contributor>
</revision>
<categories>
<category>Type 1 encryption algorithms</category>
<category>Block ciphers</category>
</categories>
</header>
<bdy>
<template>
<name>Infobox block cipher</name>
<parameters>

<image width="150px" src="">
</image>
<block_size>
128 bits</block_size>
<designers>
<agency wordnetid="108337324" confidence="0.9508927676800064">
<link xlink:type="simple" xlink:href="../939/21939.xml">
National Security Agency</link></agency>
</designers>
<name>
BATON</name>
<key_size>
320 bits (160 effective)</key_size>
</parameters>
</template>


<indent level="1">

<it>For other uses, see <link xlink:type="simple" xlink:href="../637/181637.xml">
baton</link>.</it>
</indent>

<p>

<b>BATON</b> is a <artifact wordnetid="100021939" confidence="0.8">
<instrumentality wordnetid="103575240" confidence="0.8">
<event wordnetid="100029378" confidence="0.8">
<rule wordnetid="105846932" confidence="0.8">
<device wordnetid="103183080" confidence="0.8">
<act wordnetid="100030358" confidence="0.8">
<psychological_feature wordnetid="100023100" confidence="0.8">
<procedure wordnetid="101023820" confidence="0.8">
<activity wordnetid="100407535" confidence="0.8">
<algorithm wordnetid="105847438" confidence="0.8">
<link xlink:type="simple" xlink:href="../829/41829.xml">
Type 1</link></algorithm>
</activity>
</procedure>
</psychological_feature>
</act>
</device>
</rule>
</event>
</instrumentality>
</artifact>
 <link xlink:type="simple" xlink:href="../594/4594.xml">
block cipher</link>, used by the <link xlink:type="simple" xlink:href="../149/195149.xml">
United States government</link> to secure all types of <link xlink:type="simple" xlink:href="../962/3539962.xml">
classified information</link>.</p>
<p>

BATON has a 128-bit block size and a 320-bit key. 160 bits of the key are <link xlink:type="simple" xlink:href="../538/7538.xml">
checksum</link> material; they do not affect the security of the algorithm itself but rather prevent unauthorized keys from being loaded if a BATON device ends up in the hands of an adversary.  BATON is fast: on the <link>
Advanced INFOSEC Machine</link> (AIM) chip, it encrypts data at 129% of the clock rate, as opposed to 76% for <cipher wordnetid="106254239" confidence="0.9508927676800064">
<link xlink:type="simple" xlink:href="../978/7978.xml">
DES</link></cipher>
, 25% for Triple DES, and 4% for <message wordnetid="106253690" confidence="0.8">
<event wordnetid="100029378" confidence="0.8">
<rule wordnetid="105846932" confidence="0.8">
<cipher wordnetid="106254239" confidence="0.8">
<act wordnetid="100030358" confidence="0.8">
<psychological_feature wordnetid="100023100" confidence="0.8">
<procedure wordnetid="101023820" confidence="0.8">
<activity wordnetid="100407535" confidence="0.8">
<algorithm wordnetid="105847438" confidence="0.8">
<link xlink:type="simple" xlink:href="../600/1068600.xml">
SAVILLE</link></algorithm>
</activity>
</procedure>
</psychological_feature>
</act>
</cipher>
</rule>
</event>
</message>
.  Its speed and parallelizability were major factors in its selection.</p>
<p>

The <link>
Sierra II</link> documentation suggests that BATON may be related to <link>
MEDLEY</link>.</p>

<sec>
<st>
Usage</st>
<p>

BATON is used in a variety of products and standards:
<list>
<entry level="1" type="bullet">

<link xlink:type="simple" xlink:href="../955/1041955.xml">
APCO Project 25</link> (Public standard for land mobile radio) (Algorithm IDs 01 and 41)</entry>
<entry level="1" type="bullet">

<standard wordnetid="107260623" confidence="0.8">
<system_of_measurement wordnetid="113577171" confidence="0.8">
<link xlink:type="simple" xlink:href="../041/7620041.xml">
PKCS#11</link></system_of_measurement>
</standard>
 (Public standard for encryption tokens)</entry>
<entry level="1" type="bullet">

<link>
CDSA/CSSM</link> (Another public standard)</entry>
<entry level="1" type="bullet">

<link xlink:type="simple" xlink:href="../389/4141389.xml">
HAIPE-IS</link> (<link xlink:type="simple" xlink:href="../939/21939.xml">
NSA</link>'s version of <message wordnetid="106598915" confidence="0.8">
<protocol wordnetid="106665108" confidence="0.8">
<direction wordnetid="106786629" confidence="0.8">
<rule wordnetid="106652242" confidence="0.8">
<link xlink:type="simple" xlink:href="../342/43342.xml">
IPsec</link></rule>
</direction>
</protocol>
</message>
)</entry>
<entry level="1" type="bullet">

<link xlink:type="simple" xlink:href="../994/1058994.xml">
FNBDT</link> (Advanced flexible voice security protocol)</entry>
</list>
</p>
<p>

<list>
<entry level="1" type="bullet">

<company wordnetid="108058098" confidence="0.9508927676800064">
<link xlink:type="simple" xlink:href="../311/277311.xml">
Thales</link></company>
 <link>
Datacryptor 2000</link> (a British network-encryption box)</entry>
<entry level="1" type="bullet">

<link>
SecNet-11</link> (a crypto-secure <link xlink:type="simple" xlink:href="../417/13420417.xml">
802.11b</link> <link xlink:type="simple" xlink:href="../692/61692.xml">
PC Card</link>, based on the <link>
Sierra chip</link>)</entry>
<entry level="1" type="bullet">

<artifact wordnetid="100021939" confidence="0.8">
<instrumentality wordnetid="103575240" confidence="0.8">
<device wordnetid="103183080" confidence="0.8">
<link xlink:type="simple" xlink:href="../664/1068664.xml">
Fortezza Plus</link></device>
</instrumentality>
</artifact>
 (a <link xlink:type="simple" xlink:href="../692/61692.xml">
PC Card</link> product, used in the <artifact wordnetid="100021939" confidence="0.8">
<instrumentality wordnetid="103575240" confidence="0.8">
<device wordnetid="103183080" confidence="0.8">
<link xlink:type="simple" xlink:href="../389/812389.xml">
STE</link></device>
</instrumentality>
</artifact>
)</entry>
<entry level="1" type="bullet">

<link>
SafeXcel-3340</link> (a HAIPIS network-encryption box)</entry>
<entry level="1" type="bullet">

Numerous embeddable encryption modules: <link>
AIM</link>, <link xlink:type="simple" xlink:href="../954/2373954.xml">
CYPRIS</link>, <link>
MYK-85</link>, <link>
Sierra (microchip)</link>, etc.</entry>
</list>
</p>

</sec>
<sec>
<st>
External links</st>
<p>

<list>
<entry level="1" type="bullet">

 <weblink xlink:type="simple" xlink:href="http://www.scardsoft.com/documents/Security/pkcs11_v211.pdf">
PKCS documentation</weblink></entry>
<entry level="1" type="bullet">

 <weblink xlink:type="simple" xlink:href="http://www.security-forums.com/forum/viewtopic.php?t=12641">
Discussion of BATON</weblink></entry>
<entry level="1" type="bullet">

 <weblink xlink:type="simple" xlink:href="http://archives.neohapsis.com/archives/crypto/2000-q4/0028.html">
Quotes about BATON</weblink></entry>
<entry level="1" type="bullet">

 <weblink xlink:type="simple" xlink:href="http://csrc.nist.gov/keyrecovery/ees_q-a.txt">
Senate security interview</weblink></entry>
</list>
</p>


<p>

<table style=";" class="navbox" cellspacing="0">
<row>
<col style="padding:2px;">
<table style="width:100%;background:transparent;color:inherit;;" class="nowraplinks  " cellspacing="0">
<row>
<col colspan="2" style="width:100%;padding:0px;;;" class="navbox-list navbox-odd">
<table style="width:100%;;;;" class="nowraplinks  navbox-subgroup" cellspacing="0">
<row>
<col colspan="2" style="width:100%;padding:0px;;;" class="navbox-list navbox-odd">
<table style="width:100%;;;;" class="nowraplinks  navbox-subgroup" cellspacing="0">
<row>
<header colspan="2" style=";background:#ccf;" class="navbox-title">
&nbsp;<link xlink:type="simple" xlink:href="../594/4594.xml">
Block cipher</link>s</header>
</row>
<row style="height:2px;">

</row>
<row>
<col colspan="2" style="width:100%;padding:0px;;;" class="navbox-list navbox-odd"><p>

<b>Common algorithms:</b> <cipher wordnetid="106254239" confidence="0.9508927676800064">
<link xlink:type="simple" xlink:href="../260/1260.xml">
AES</link></cipher>
&nbsp;&#124; 
<cipher wordnetid="106254239" confidence="0.9508927676800064">
<link xlink:type="simple" xlink:href="../940/3940.xml">
Blowfish</link></cipher>
&nbsp;&#124; 
<cipher wordnetid="106254239" confidence="0.9508927676800064">
<link xlink:type="simple" xlink:href="../978/7978.xml">
DES</link></cipher>
&nbsp;&#124; 
<cipher wordnetid="106254239" confidence="0.9508927676800064">
<link xlink:type="simple" xlink:href="../375/48375.xml">
Triple DES</link></cipher>
&nbsp;&#124; 
<cipher wordnetid="106254239" confidence="0.9508927676800064">
<link xlink:type="simple" xlink:href="../154/385154.xml">
Serpent</link></cipher>
&nbsp;&#124; 
<cipher wordnetid="106254239" confidence="0.9508927676800064">
<link xlink:type="simple" xlink:href="../500/517500.xml">
Twofish</link></cipher>
</p>
</col>
</row>
<row style="height:2px">

</row>
<row>
<col colspan="2" style="width:100%;padding:0px;;;" class="navbox-list navbox-even"><p>

<b>Other algorithms:</b> <cipher wordnetid="106254239" confidence="0.9508927676800064">
<link xlink:type="simple" xlink:href="../099/294099.xml">
3-Way</link></cipher>
&nbsp;&#124; 
<cipher wordnetid="106254239" confidence="0.9508927676800064">
<link xlink:type="simple" xlink:href="../742/9037742.xml">
ABC</link></cipher>
&nbsp;&#124; 
<cipher wordnetid="106254239" confidence="0.9508927676800064">
<link xlink:type="simple" xlink:href="../264/1488264.xml">
Akelarre</link></cipher>
&nbsp;&#124; 
<cipher wordnetid="106254239" confidence="0.9508927676800064">
<link xlink:type="simple" xlink:href="../526/3432526.xml">
Anubis</link></cipher>
&nbsp;&#124; 
<cipher wordnetid="106254239" confidence="0.9508927676800064">
<link xlink:type="simple" xlink:href="../560/9013560.xml">
ARIA</link></cipher>
&nbsp;&#124; 
<cipher wordnetid="106254239" confidence="0.9508927676800064">
<link xlink:type="simple" xlink:href="../899/8367899.xml">
BaseKing</link></cipher>
&nbsp;&#124; 
<cipher wordnetid="106254239" confidence="0.9508927676800064">
<link xlink:type="simple" xlink:href="../583/8619583.xml">
BassOmatic</link></cipher>
&nbsp;&#124; 
<link xlink:type="simple" xlink:href="../987/1068987.xml">
BATON</link>&nbsp;&#124; 
<link xlink:type="simple" xlink:href="../678/13653678.xml">
BEAR and LION</link>&nbsp;&#124; 
<cipher wordnetid="106254239" confidence="0.9508927676800064">
<link xlink:type="simple" xlink:href="../916/3013916.xml">
C2</link></cipher>
&nbsp;&#124; 
<cipher wordnetid="106254239" confidence="0.9508927676800064">
<link xlink:type="simple" xlink:href="../475/532475.xml">
Camellia</link></cipher>
&nbsp;&#124; 
<cipher wordnetid="106254239" confidence="0.9508927676800064">
<link xlink:type="simple" xlink:href="../998/240998.xml">
CAST-128</link></cipher>
&nbsp;&#124; 
<cipher wordnetid="106254239" confidence="0.9508927676800064">
<link xlink:type="simple" xlink:href="../143/612143.xml">
CAST-256</link></cipher>
&nbsp;&#124; 
<cipher wordnetid="106254239" confidence="0.9508927676800064">
<link xlink:type="simple" xlink:href="../236/8745236.xml">
CIKS-1</link></cipher>
&nbsp;&#124; 
<cipher wordnetid="106254239" confidence="0.9508927676800064">
<link xlink:type="simple" xlink:href="../507/9036507.xml">
CIPHERUNICORN-A</link></cipher>
&nbsp;&#124; 
<cipher wordnetid="106254239" confidence="0.9508927676800064">
<link xlink:type="simple" xlink:href="../443/9036443.xml">
CIPHERUNICORN-E</link></cipher>
&nbsp;&#124; 
<message wordnetid="106253690" confidence="0.8">
<cipher wordnetid="106254239" confidence="0.8">
<link xlink:type="simple" xlink:href="../249/10276249.xml">
CLEFIA</link></cipher>
</message>
&nbsp;&#124; 
<cipher wordnetid="106254239" confidence="0.9508927676800064">
<link xlink:type="simple" xlink:href="../990/662990.xml">
CMEA</link></cipher>
&nbsp;&#124; 
<message wordnetid="106253690" confidence="0.8">
<cipher wordnetid="106254239" confidence="0.8">
<link xlink:type="simple" xlink:href="../362/7502362.xml">
Cobra</link></cipher>
</message>
&nbsp;&#124; 
<cipher wordnetid="106254239" confidence="0.9508927676800064">
<link xlink:type="simple" xlink:href="../898/9329898.xml">
COCONUT98</link></cipher>
&nbsp;&#124; 
<cipher wordnetid="106254239" confidence="0.9508927676800064">
<link xlink:type="simple" xlink:href="../313/7866313.xml">
Crab</link></cipher>
&nbsp;&#124; 
<cipher wordnetid="106254239" confidence="0.9508927676800064">
<link xlink:type="simple" xlink:href="../011/7237011.xml">
CRYPTON</link></cipher>
&nbsp;&#124; 
<cipher wordnetid="106254239" confidence="0.9508927676800064">
<link xlink:type="simple" xlink:href="../465/2275465.xml">
CS-Cipher</link></cipher>
&nbsp;&#124; 
<link xlink:type="simple" xlink:href="../184/663184.xml">
DEAL</link>&nbsp;&#124; 
<message wordnetid="106253690" confidence="0.8">
<cipher wordnetid="106254239" confidence="0.8">
<link xlink:type="simple" xlink:href="../801/619801.xml">
DES-X</link></cipher>
</message>
&nbsp;&#124; 
<cipher wordnetid="106254239" confidence="0.9508927676800064">
<link xlink:type="simple" xlink:href="../867/7955867.xml">
DFC</link></cipher>
&nbsp;&#124; 
<cipher wordnetid="106254239" confidence="0.9508927676800064">
<link xlink:type="simple" xlink:href="../917/8441917.xml">
E2</link></cipher>
&nbsp;&#124; 
<cipher wordnetid="106254239" confidence="0.9508927676800064">
<link xlink:type="simple" xlink:href="../532/592532.xml">
FEAL</link></cipher>
&nbsp;&#124; 
<cipher wordnetid="106254239" confidence="0.9508927676800064">
<link xlink:type="simple" xlink:href="../364/8706364.xml">
FEA-M</link></cipher>
&nbsp;&#124; 
<link xlink:type="simple" xlink:href="../729/1142729.xml">
FROG</link>&nbsp;&#124; 
<link xlink:type="simple" xlink:href="../423/631423.xml">
G-DES</link>&nbsp;&#124; 
<link xlink:type="simple" xlink:href="../471/487471.xml">
GOST</link>&nbsp;&#124; 
<cipher wordnetid="106254239" confidence="0.9508927676800064">
<link xlink:type="simple" xlink:href="../743/8378743.xml">
Grand Cru</link></cipher>
&nbsp;&#124; 
<link xlink:type="simple" xlink:href="../548/5034548.xml">
Hasty Pudding cipher</link>&nbsp;&#124; 
<cipher wordnetid="106254239" confidence="0.9508927676800064">
<link xlink:type="simple" xlink:href="../595/8439595.xml">
Hierocrypt</link></cipher>
&nbsp;&#124; 
<cipher wordnetid="106254239" confidence="0.9508927676800064">
<link xlink:type="simple" xlink:href="../540/1188540.xml">
ICE</link></cipher>
&nbsp;&#124; 
<cipher wordnetid="106254239" confidence="0.9508927676800064">
<link xlink:type="simple" xlink:href="../076/15076.xml">
IDEA</link></cipher>
&nbsp;&#124; 
<cipher wordnetid="106254239" confidence="0.9508927676800064">
<link xlink:type="simple" xlink:href="../069/2067069.xml">
IDEA NXT</link></cipher>
&nbsp;&#124; 
<cipher wordnetid="106254239" confidence="0.9508927676800064">
<link xlink:type="simple" xlink:href="../776/8896776.xml">
Intel Cascade Cipher</link></cipher>
&nbsp;&#124; 
<message wordnetid="106253690" confidence="0.8">
<cipher wordnetid="106254239" confidence="0.8">
<link xlink:type="simple" xlink:href="../331/482331.xml">
Iraqi</link></cipher>
</message>
&nbsp;&#124; 
<cipher wordnetid="106254239" confidence="0.9508927676800064">
<link xlink:type="simple" xlink:href="../027/612027.xml">
KASUMI</link></cipher>
&nbsp;&#124; 
<message wordnetid="106253690" confidence="0.8">
<operation wordnetid="100955060" confidence="0.8">
<event wordnetid="100029378" confidence="0.8">
<cipher wordnetid="106254239" confidence="0.8">
<attack wordnetid="100972621" confidence="0.8">
<act wordnetid="100030358" confidence="0.8">
<psychological_feature wordnetid="100023100" confidence="0.8">
<activity wordnetid="100407535" confidence="0.8">
<link xlink:type="simple" xlink:href="../162/7494162.xml">
KeeLoq</link></activity>
</psychological_feature>
</act>
</attack>
</cipher>
</event>
</operation>
</message>
&nbsp;&#124; 
<cipher wordnetid="106254239" confidence="0.9508927676800064">
<link xlink:type="simple" xlink:href="../967/615967.xml">
KHAZAD</link></cipher>
&nbsp;&#124; 
<link xlink:type="simple" xlink:href="../695/634695.xml">
Khufu and Khafre</link>&nbsp;&#124; 
<cipher wordnetid="106254239" confidence="0.9508927676800064">
<link xlink:type="simple" xlink:href="../186/9077186.xml">
KN-Cipher</link></cipher>
&nbsp;&#124; 
<cipher wordnetid="106254239" confidence="0.9508927676800064">
<link xlink:type="simple" xlink:href="../823/9208823.xml">
Ladder-DES</link></cipher>
&nbsp;&#124; 
<message wordnetid="106253690" confidence="0.8">
<cipher wordnetid="106254239" confidence="0.8">
<link xlink:type="simple" xlink:href="../762/4437762.xml">
Libelle</link></cipher>
</message>
&nbsp;&#124; 
<cipher wordnetid="106254239" confidence="0.9508927676800064">
<link xlink:type="simple" xlink:href="../984/611984.xml">
LOKI97</link></cipher>
&nbsp;&#124; 
<message wordnetid="106253690" confidence="0.8">
<cipher wordnetid="106254239" confidence="0.8">
<link xlink:type="simple" xlink:href="../844/647844.xml">
LOKI89/91</link></cipher>
</message>
&nbsp;&#124; 
<message wordnetid="106253690" confidence="0.8">
<cipher wordnetid="106254239" confidence="0.8">
<link xlink:type="simple" xlink:href="../242/364242.xml">
Lucifer</link></cipher>
</message>
&nbsp;&#124; 
<cipher wordnetid="106254239" confidence="0.9508927676800064">
<link xlink:type="simple" xlink:href="../626/8566626.xml">
M6</link></cipher>
&nbsp;&#124; 
<cipher wordnetid="106254239" confidence="0.9508927676800064">
<link xlink:type="simple" xlink:href="../572/9524572.xml">
M8</link></cipher>
&nbsp;&#124; 
<cipher wordnetid="106254239" confidence="0.9508927676800064">
<link xlink:type="simple" xlink:href="../065/719065.xml">
MacGuffin</link></cipher>
&nbsp;&#124; 
<message wordnetid="106253690" confidence="0.8">
<cipher wordnetid="106254239" confidence="0.8">
<link xlink:type="simple" xlink:href="../303/719303.xml">
Madryga</link></cipher>
</message>
&nbsp;&#124; 
<link xlink:type="simple" xlink:href="../282/598282.xml">
MAGENTA</link>&nbsp;&#124; 
<cipher wordnetid="106254239" confidence="0.9508927676800064">
<link xlink:type="simple" xlink:href="../135/537135.xml">
MARS</link></cipher>
&nbsp;&#124; 
<message wordnetid="106253690" confidence="0.8">
<cipher wordnetid="106254239" confidence="0.8">
<link xlink:type="simple" xlink:href="../674/18414674.xml">
MCC</link></cipher>
</message>
&nbsp;&#124; 
<cipher wordnetid="106254239" confidence="0.9508927676800064">
<link xlink:type="simple" xlink:href="../795/7849795.xml">
Mercy</link></cipher>
&nbsp;&#124; 
<cipher wordnetid="106254239" confidence="0.9508927676800064">
<link xlink:type="simple" xlink:href="../057/7972057.xml">
MESH</link></cipher>
&nbsp;&#124; 
<cipher wordnetid="106254239" confidence="0.9508927676800064">
<link xlink:type="simple" xlink:href="../515/612515.xml">
MISTY1</link></cipher>
&nbsp;&#124; 
<cipher wordnetid="106254239" confidence="0.9508927676800064">
<link xlink:type="simple" xlink:href="../799/682799.xml">
MMB</link></cipher>
&nbsp;&#124; 
<cipher wordnetid="106254239" confidence="0.9508927676800064">
<link xlink:type="simple" xlink:href="../669/7687669.xml">
MULTI2</link></cipher>
&nbsp;&#124; 
<cipher wordnetid="106254239" confidence="0.9508927676800064">
<link xlink:type="simple" xlink:href="../149/13358149.xml">
MultiSwap</link></cipher>
&nbsp;&#124; 
<cipher wordnetid="106254239" confidence="0.9508927676800064">
<link xlink:type="simple" xlink:href="../916/9347916.xml">
New Data Seal</link></cipher>
&nbsp;&#124; 
<cipher wordnetid="106254239" confidence="0.9508927676800064">
<link xlink:type="simple" xlink:href="../279/828279.xml">
NewDES</link></cipher>
&nbsp;&#124; 
<cipher wordnetid="106254239" confidence="0.9508927676800064">
<link xlink:type="simple" xlink:href="../690/7807690.xml">
Nimbus</link></cipher>
&nbsp;&#124; 
<cipher wordnetid="106254239" confidence="0.9508927676800064">
<link xlink:type="simple" xlink:href="../425/2155425.xml">
NOEKEON</link></cipher>
&nbsp;&#124; 
<cipher wordnetid="106254239" confidence="0.9508927676800064">
<link xlink:type="simple" xlink:href="../048/7939048.xml">
NUSH</link></cipher>
&nbsp;&#124; 
<cipher wordnetid="106254239" confidence="0.9508927676800064">
<link xlink:type="simple" xlink:href="../876/7808876.xml">
Q</link></cipher>
&nbsp;&#124; 
<cipher wordnetid="106254239" confidence="0.9508927676800064">
<link xlink:type="simple" xlink:href="../592/632592.xml">
RC2</link></cipher>
&nbsp;&#124; 
<cipher wordnetid="106254239" confidence="0.9508927676800064">
<link xlink:type="simple" xlink:href="../600/102600.xml">
RC5</link></cipher>
&nbsp;&#124; 
<cipher wordnetid="106254239" confidence="0.9508927676800064">
<link xlink:type="simple" xlink:href="../216/160216.xml">
RC6</link></cipher>
&nbsp;&#124; 
<message wordnetid="106253690" confidence="0.8">
<cipher wordnetid="106254239" confidence="0.8">
<link xlink:type="simple" xlink:href="../119/1131119.xml">
REDOC</link></cipher>
</message>
&nbsp;&#124; 
<message wordnetid="106253690" confidence="0.8">
<cipher wordnetid="106254239" confidence="0.8">
<link xlink:type="simple" xlink:href="../171/537171.xml">
Red Pike</link></cipher>
</message>
&nbsp;&#124; 
<link xlink:type="simple" xlink:href="../324/482324.xml">
S-1</link>&nbsp;&#124; 
<message wordnetid="106253690" confidence="0.8">
<cipher wordnetid="106254239" confidence="0.8">
<link xlink:type="simple" xlink:href="../497/630497.xml">
SAFER</link></cipher>
</message>
&nbsp;&#124; 
<message wordnetid="106253690" confidence="0.8">
<event wordnetid="100029378" confidence="0.8">
<rule wordnetid="105846932" confidence="0.8">
<cipher wordnetid="106254239" confidence="0.8">
<act wordnetid="100030358" confidence="0.8">
<psychological_feature wordnetid="100023100" confidence="0.8">
<procedure wordnetid="101023820" confidence="0.8">
<activity wordnetid="100407535" confidence="0.8">
<algorithm wordnetid="105847438" confidence="0.8">
<link xlink:type="simple" xlink:href="../600/1068600.xml">
SAVILLE</link></algorithm>
</activity>
</procedure>
</psychological_feature>
</act>
</cipher>
</rule>
</event>
</message>
&nbsp;&#124; 
<cipher wordnetid="106254239" confidence="0.9508927676800064">
<link xlink:type="simple" xlink:href="../288/7942288.xml">
SC2000</link></cipher>
&nbsp;&#124; 
<link xlink:type="simple" xlink:href="../358/1063358.xml">
SEED</link>&nbsp;&#124; 
<cipher wordnetid="106254239" confidence="0.9508927676800064">
<link xlink:type="simple" xlink:href="../495/877495.xml">
SHACAL</link></cipher>
&nbsp;&#124; 
<link xlink:type="simple" xlink:href="../666/619666.xml">
SHARK</link>&nbsp;&#124; 
<cipher wordnetid="106254239" confidence="0.9508927676800064">
<link xlink:type="simple" xlink:href="../702/474702.xml">
Skipjack</link></cipher>
&nbsp;&#124; 
<cipher wordnetid="106254239" confidence="0.9508927676800064">
<link xlink:type="simple" xlink:href="../998/4446998.xml">
SMS4</link></cipher>
&nbsp;&#124; 
<cipher wordnetid="106254239" confidence="0.9508927676800064">
<link xlink:type="simple" xlink:href="../502/9127502.xml">
Spectr-H64</link></cipher>
&nbsp;&#124; 
<cipher wordnetid="106254239" confidence="0.9508927676800064">
<link xlink:type="simple" xlink:href="../945/613945.xml">
Square</link></cipher>
&nbsp;&#124; 
<cipher wordnetid="106254239" confidence="0.9508927676800064">
<link xlink:type="simple" xlink:href="../543/9370543.xml">
SXAL/MBAL</link></cipher>
&nbsp;&#124; 
<cipher wordnetid="106254239" confidence="0.9508927676800064">
<link xlink:type="simple" xlink:href="../720/528720.xml">
TEA</link></cipher>
&nbsp;&#124; 
<cipher wordnetid="106254239" confidence="0.9508927676800064">
<link xlink:type="simple" xlink:href="../303/9138303.xml">
Treyfer</link></cipher>
&nbsp;&#124; 
<cipher wordnetid="106254239" confidence="0.9508927676800064">
<link xlink:type="simple" xlink:href="../589/8826589.xml">
UES</link></cipher>
&nbsp;&#124; 
<cipher wordnetid="106254239" confidence="0.9508927676800064">
<link xlink:type="simple" xlink:href="../060/8680060.xml">
Xenon</link></cipher>
&nbsp;&#124; 
<link xlink:type="simple" xlink:href="../817/9127817.xml">
xmx</link>&nbsp;&#124; 
<cipher wordnetid="106254239" confidence="0.9508927676800064">
<link xlink:type="simple" xlink:href="../334/530334.xml">
XTEA</link></cipher>
&nbsp;&#124; 
<cipher wordnetid="106254239" confidence="0.9508927676800064">
<link xlink:type="simple" xlink:href="../454/10919454.xml">
XXTEA</link></cipher>
&nbsp;&#124; 
<cipher wordnetid="106254239" confidence="0.9508927676800064">
<link xlink:type="simple" xlink:href="../492/8680492.xml">
Zodiac</link></cipher>
</p>
</col>
</row>
<row style="height:2px">

</row>
<row>
<col colspan="2" style="width:100%;padding:0px;;;" class="navbox-list navbox-odd"><p>

<b>Design:</b> <link xlink:type="simple" xlink:href="../709/352709.xml">
Feistel network</link>&nbsp;&#124; 
<event wordnetid="100029378" confidence="0.8">
<rule wordnetid="105846932" confidence="0.8">
<act wordnetid="100030358" confidence="0.8">
<psychological_feature wordnetid="100023100" confidence="0.8">
<procedure wordnetid="101023820" confidence="0.8">
<activity wordnetid="100407535" confidence="0.8">
<algorithm wordnetid="105847438" confidence="0.8">
<link xlink:type="simple" xlink:href="../603/609603.xml">
Key schedule</link></algorithm>
</activity>
</procedure>
</psychological_feature>
</act>
</rule>
</event>
&nbsp;&#124; 
<message wordnetid="106253690" confidence="0.8">
<cipher wordnetid="106254239" confidence="0.8">
<link xlink:type="simple" xlink:href="../557/598557.xml">
Product cipher</link></cipher>
</message>
&nbsp;&#124; 
<link xlink:type="simple" xlink:href="../991/240991.xml">
S-box</link>&nbsp;&#124; 
<message wordnetid="106253690" confidence="0.8">
<event wordnetid="100029378" confidence="0.8">
<rule wordnetid="105846932" confidence="0.8">
<cipher wordnetid="106254239" confidence="0.8">
<act wordnetid="100030358" confidence="0.8">
<psychological_feature wordnetid="100023100" confidence="0.8">
<procedure wordnetid="101023820" confidence="0.8">
<activity wordnetid="100407535" confidence="0.8">
<algorithm wordnetid="105847438" confidence="0.8">
<link xlink:type="simple" xlink:href="../162/385162.xml">
SPN</link></algorithm>
</activity>
</procedure>
</psychological_feature>
</act>
</cipher>
</rule>
</event>
</message>
</p>
</col>
</row>
<row style="height:2px">

</row>
<row>
<col colspan="2" style="width:100%;padding:0px;;;" class="navbox-list navbox-even"><p>

<b>Attacks:</b> <operation wordnetid="100955060" confidence="0.8">
<event wordnetid="100029378" confidence="0.8">
<attack wordnetid="100972621" confidence="0.8">
<act wordnetid="100030358" confidence="0.8">
<psychological_feature wordnetid="100023100" confidence="0.8">
<activity wordnetid="100407535" confidence="0.8">
<link xlink:type="simple" xlink:href="../784/53784.xml">
Brute force</link></activity>
</psychological_feature>
</act>
</attack>
</event>
</operation>
&nbsp;&#124; 
<operation wordnetid="100955060" confidence="0.8">
<event wordnetid="100029378" confidence="0.8">
<attack wordnetid="100972621" confidence="0.8">
<act wordnetid="100030358" confidence="0.8">
<psychological_feature wordnetid="100023100" confidence="0.8">
<activity wordnetid="100407535" confidence="0.8">
<link xlink:type="simple" xlink:href="../469/59469.xml">
Linear</link></activity>
</psychological_feature>
</act>
</attack>
</event>
</operation>
 / <operation wordnetid="100955060" confidence="0.8">
<event wordnetid="100029378" confidence="0.8">
<attack wordnetid="100972621" confidence="0.8">
<act wordnetid="100030358" confidence="0.8">
<psychological_feature wordnetid="100023100" confidence="0.8">
<activity wordnetid="100407535" confidence="0.8">
<link xlink:type="simple" xlink:href="../536/8536.xml">
Differential</link></activity>
</psychological_feature>
</act>
</attack>
</event>
</operation>
 / <operation wordnetid="100955060" confidence="0.8">
<event wordnetid="100029378" confidence="0.8">
<attack wordnetid="100972621" confidence="0.8">
<act wordnetid="100030358" confidence="0.8">
<psychological_feature wordnetid="100023100" confidence="0.8">
<activity wordnetid="100407535" confidence="0.8">
<link xlink:type="simple" xlink:href="../758/7210758.xml">
Integral</link></activity>
</psychological_feature>
</act>
</attack>
</event>
</operation>
 <link xlink:type="simple" xlink:href="../715/5715.xml">
cryptanalysis</link>&nbsp;&#124; 
<operation wordnetid="100955060" confidence="0.8">
<event wordnetid="100029378" confidence="0.8">
<attack wordnetid="100972621" confidence="0.8">
<act wordnetid="100030358" confidence="0.8">
<psychological_feature wordnetid="100023100" confidence="0.8">
<activity wordnetid="100407535" confidence="0.8">
<link xlink:type="simple" xlink:href="../367/709367.xml">
Mod <it>n''</it></link></activity>
</psychological_feature>
</act>
</attack>
</event>
</operation>
&nbsp;&#124; 
<operation wordnetid="100955060" confidence="0.8">
<event wordnetid="100029378" confidence="0.8">
<attack wordnetid="100972621" confidence="0.8">
<act wordnetid="100030358" confidence="0.8">
<psychological_feature wordnetid="100023100" confidence="0.8">
<activity wordnetid="100407535" confidence="0.8">
<link xlink:type="simple" xlink:href="../144/1516144.xml">
Related-key</link></activity>
</psychological_feature>
</act>
</attack>
</event>
</operation>
&nbsp;&#124; 
<operation wordnetid="100955060" confidence="0.8">
<event wordnetid="100029378" confidence="0.8">
<attack wordnetid="100972621" confidence="0.8">
<act wordnetid="100030358" confidence="0.8">
<psychological_feature wordnetid="100023100" confidence="0.8">
<activity wordnetid="100407535" confidence="0.8">
<link xlink:type="simple" xlink:href="../327/1821327.xml">
Slide</link></activity>
</psychological_feature>
</act>
</attack>
</event>
</operation>
&nbsp;&#124; 
<operation wordnetid="100955060" confidence="0.8">
<event wordnetid="100029378" confidence="0.8">
<attack wordnetid="100972621" confidence="0.8">
<act wordnetid="100030358" confidence="0.8">
<psychological_feature wordnetid="100023100" confidence="0.8">
<activity wordnetid="100407535" confidence="0.8">
<link xlink:type="simple" xlink:href="../941/660941.xml">
XSL</link></activity>
</psychological_feature>
</act>
</attack>
</event>
</operation>
</p>
</col>
</row>
<row style="height:2px">

</row>
<row>
<col colspan="2" style="width:100%;padding:0px;;;" class="navbox-list navbox-odd"><p>

<b>Standardization:</b> <link xlink:type="simple" xlink:href="../431/99431.xml">
AES process</link>&nbsp;&#124; 
<standard wordnetid="107260623" confidence="0.8">
<system_of_measurement wordnetid="113577171" confidence="0.8">
<link xlink:type="simple" xlink:href="../159/549159.xml">
CRYPTREC</link></system_of_measurement>
</standard>
&nbsp;&#124; 
<standard wordnetid="107260623" confidence="0.8">
<system_of_measurement wordnetid="113577171" confidence="0.8">
<link xlink:type="simple" xlink:href="../430/497430.xml">
NESSIE</link></system_of_measurement>
</standard>
</p>
</col>
</row>
<row style="height:2px">

</row>
<row>
<col colspan="2" style="width:100%;padding:0px;;;" class="navbox-list navbox-even"><p>

<b>Misc:</b> <link xlink:type="simple" xlink:href="../439/769439.xml">
Avalanche effect</link>&nbsp;&#124; 
<link xlink:type="simple" xlink:href="../065/294065.xml">
Block size</link>&nbsp;&#124; 
<link xlink:type="simple" xlink:href="../971/105971.xml">
IV</link>&nbsp;&#124; 
<link xlink:type="simple" xlink:href="../749/5749.xml">
Key size</link>&nbsp;&#124; 
<message wordnetid="106253690" confidence="0.8">
<event wordnetid="100029378" confidence="0.8">
<rule wordnetid="105846932" confidence="0.8">
<cipher wordnetid="106254239" confidence="0.8">
<act wordnetid="100030358" confidence="0.8">
<psychological_feature wordnetid="100023100" confidence="0.8">
<procedure wordnetid="101023820" confidence="0.8">
<activity wordnetid="100407535" confidence="0.8">
<algorithm wordnetid="105847438" confidence="0.8">
<link xlink:type="simple" xlink:href="../202/160202.xml">
Modes of operation</link></algorithm>
</activity>
</procedure>
</psychological_feature>
</act>
</cipher>
</rule>
</event>
</message>
&nbsp;&#124; 
<operation wordnetid="100955060" confidence="0.8">
<event wordnetid="100029378" confidence="0.8">
<attack wordnetid="100972621" confidence="0.8">
<act wordnetid="100030358" confidence="0.8">
<psychological_feature wordnetid="100023100" confidence="0.8">
<activity wordnetid="100407535" confidence="0.8">
<link xlink:type="simple" xlink:href="../186/715186.xml">
Piling-up lemma</link></activity>
</psychological_feature>
</act>
</attack>
</event>
</operation>
&nbsp;&#124; 
<operation wordnetid="100955060" confidence="0.8">
<event wordnetid="100029378" confidence="0.8">
<attack wordnetid="100972621" confidence="0.8">
<act wordnetid="100030358" confidence="0.8">
<psychological_feature wordnetid="100023100" confidence="0.8">
<activity wordnetid="100407535" confidence="0.8">
<link xlink:type="simple" xlink:href="../388/719388.xml">
Weak key</link></activity>
</psychological_feature>
</act>
</attack>
</event>
</operation>
</p>
</col>
</row>
</table>
</col>
</row>
</table>
</col>
</row>
<row style="height:2px">

</row>
<row>
<col colspan="2" style="width:100%;padding:0px;;;" class="navbox-list navbox-even">
<table style="width:100%;;;;" class="nowraplinks  navbox-subgroup" cellspacing="0">
<row>
<header colspan="2" style=";background:#ccf;" class="navbox-title">
&nbsp;<link xlink:type="simple" xlink:href="../432/18934432.xml">
Cryptography</link></header>
</row>
<row style="height:2px;">

</row>
<row>
<col colspan="2" style="width:100%;padding:0px;;;" class="navbox-list navbox-odd">
<link xlink:type="simple" xlink:href="../066/520066.xml">
History of cryptography</link> | <link xlink:type="simple" xlink:href="../715/5715.xml">
Cryptanalysis</link> | 
Cryptography portal | <link xlink:type="simple" xlink:href="../585/449585.xml">
Topics in cryptography</link></col>
</row>
<row style="height:2px">

</row>
<row>
<col colspan="2" style="width:100%;padding:0px;;;" class="navbox-list navbox-even">
<event wordnetid="100029378" confidence="0.8">
<rule wordnetid="105846932" confidence="0.8">
<act wordnetid="100030358" confidence="0.8">
<psychological_feature wordnetid="100023100" confidence="0.8">
<procedure wordnetid="101023820" confidence="0.8">
<activity wordnetid="100407535" confidence="0.8">
<algorithm wordnetid="105847438" confidence="0.8">
<link xlink:type="simple" xlink:href="../042/53042.xml">
Symmetric-key algorithm</link></algorithm>
</activity>
</procedure>
</psychological_feature>
</act>
</rule>
</event>
 | <link xlink:type="simple" xlink:href="../594/4594.xml">
Block cipher</link> | <link xlink:type="simple" xlink:href="../007/49007.xml">
Stream cipher</link> | <link xlink:type="simple" xlink:href="../222/24222.xml">
Public-key cryptography</link> | <physical_entity wordnetid="100001930" confidence="0.8">
<person wordnetid="100007846" confidence="0.8">
<causal_agent wordnetid="100007347" confidence="0.8">
<primitive wordnetid="109627462" confidence="0.8">
<link xlink:type="simple" xlink:href="../526/439526.xml">
Cryptographic hash function</link></primitive>
</causal_agent>
</person>
</physical_entity>
 | <link xlink:type="simple" xlink:href="../523/567523.xml">
Message authentication code</link> | <event wordnetid="100029378" confidence="0.8">
<rule wordnetid="105846932" confidence="0.8">
<act wordnetid="100030358" confidence="0.8">
<psychological_feature wordnetid="100023100" confidence="0.8">
<procedure wordnetid="101023820" confidence="0.8">
<activity wordnetid="100407535" confidence="0.8">
<algorithm wordnetid="105847438" confidence="0.8">
<link xlink:type="simple" xlink:href="../249/182249.xml">
Random numbers</link></algorithm>
</activity>
</procedure>
</psychological_feature>
</act>
</rule>
</event>
 | <link xlink:type="simple" xlink:href="../733/28733.xml">
Steganography</link></col>
</row>
</table>
</col>
</row>
</table>
</col>
</row>
</table>
</p>

</sec>
</bdy>
</algorithm>
</cipher>
</article>
