<?xml version="1.0" encoding="UTF-8"?>
<!-- generated by CLiX/Wiki2XML [MPI-Inf, MMCI@UdS] $LastChangedRevision: 92 $ on 16.04.2009 18:06:37[mciao0828] -->
<!DOCTYPE article SYSTEM "../article.dtd">
<article xmlns:xlink="http://www.w3.org/1999/xlink">
<entity  confidence="0.9511911446218017" wordnetid="100001740">
<header>
<title>Zosteraceae</title>
<id>1069917</id>
<revision>
<id>220966687</id>
<timestamp>2008-06-22T12:59:06Z</timestamp>
<contributor>
<username>DOI bot</username>
<id>6652755</id>
</contributor>
</revision>
<categories>
<category>Plant families</category>
<category>Alismatales</category>
<category>Aquatic plants</category>
</categories>
</header>
<bdy>

<table style="text-align:center; padding:2.5px; width:200px;" class="infobox biota">
<row style="text-align:center;">
<header style="background:#90EE90;">
Zosteraceae</header>
</row>
<row style="text-align:center;">
<col>
 <image width="230px" src="Illustration_Zostera_noltii0.jpg">
<caption>

<it><link>
Zostera noltii</link></it>, from Thomé (1885)
</caption>
</image>
<it><link>
Zostera noltii</link></it>, from Thomé (1885)</col>
</row>
<row style="background:#90EE90;">
</row>
<row style="text-align:center;">
<header style="background:#90EE90;">
 <link xlink:type="simple" xlink:href="../581/53581.xml">
Scientific classification</link></header>
</row>
<row style="text-align:center;">
<col>
<table style="margin:0 auto; text-align:left; background:transparent;" cellpadding="2">
<row valign="top">
</row>
<row valign="top">
</row>
<row valign="top">
</row>
<row valign="top">
</row>
<row valign="top">
</row>
<row valign="top">
<col>
Kingdom:</col>
<col>
 <link xlink:type="simple" xlink:href="../208/23208.xml">
Plant</link>ae</col>
</row>
<row valign="top">
</row>
<row valign="top">
</row>
<row valign="top">
</row>
<row valign="top">
</row>
<row valign="top">
<col>
Division:</col>
<col>
 <link xlink:type="simple" xlink:href="../967/18967.xml">
Magnoliophyta</link></col>
</row>
<row valign="top">
</row>
<row valign="top">
</row>
<row valign="top">
</row>
<row valign="top">
</row>
<row valign="top">
</row>
<row valign="top">
</row>
<row valign="top">
</row>
<row valign="top">
</row>
<row valign="top">
</row>
<row valign="top">
<col>
Class:</col>
<col>
 <link xlink:type="simple" xlink:href="../126/67126.xml">
Liliopsida</link></col>
</row>
<row valign="top">
</row>
<row valign="top">
</row>
<row valign="top">
</row>
<row valign="top">
</row>
<row valign="top">
</row>
<row valign="top">
<col>
Order:</col>
<col>
 <link xlink:type="simple" xlink:href="../787/787.xml">
Alismatales</link></col>
</row>
<row valign="top">
</row>
<row valign="top">
</row>
<row valign="top">
</row>
<row valign="top">
</row>
<row valign="top">
</row>
<row valign="top">
</row>
<row valign="top">
</row>
<row valign="top">
</row>
<row valign="top">
<col>
Family:</col>
<col>
 <b>Zosteraceae</b><link xlink:type="simple" xlink:href="../680/1104680.xml">
Dumort.</link></col>
</row>
<row valign="top">
</row>
<row valign="top">
</row>
<row valign="top">
</row>
<row valign="top">
</row>
<row valign="top">
</row>
<row valign="top">
</row>
<row valign="top">
</row>
<row valign="top">
</row>
<row valign="top">
</row>
<row valign="top">
</row>
<row valign="top">
</row>
<row valign="top">
</row>
<row valign="top">
</row>
<row valign="top">
</row>
<row valign="top">
</row>
<row valign="top">
</row>
<row valign="top">
</row>
</table>
</col>
</row>
<row style="background:#90EE90;">
</row>
<row style="background:#90EE90;">
</row>
<row style="background:#90EE90;">
</row>
<row style="background:#90EE90;">
</row>
<row style="background:#90EE90;">
</row>
<row style="text-align:center;">
</row>
<row style="text-align:center;">
</row>
<row style="text-align:center;">
</row>
<row style="text-align:center;">
</row>
<row style="text-align:center;">
</row>
<row style="text-align:center;">
</row>
<row style="text-align:center;">
</row>
<row style="text-align:center;">
</row>
<row style="text-align:center;">
</row>
<row style="text-align:center;">
</row>
<row style="background:#90EE90;">
<header>
 <link xlink:type="simple" xlink:href="../493/38493.xml">
Genera</link></header>
</row>
<row>
<col style="padding:0 .5em; text-align:left;">
<it><link xlink:type="simple" xlink:href="../487/19440487.xml">
Heterozostera</link></it> 
<it><link>
Phyllospadix</link></it> 
<it><link xlink:type="simple" xlink:href="../740/1066740.xml">
Zostera</link>''</it></col>
</row>
</table>
<p>

The <link xlink:type="simple" xlink:href="../967/18967.xml">
flowering plant</link> family <b>Zosteraceae</b>, or the <b>seagrasses</b>, is a family of <link xlink:type="simple" xlink:href="../209/4469209.xml">
marine</link> <link xlink:type="simple" xlink:href="../199/733199.xml">
perennial</link> <link xlink:type="simple" xlink:href="../296/13296.xml">
herbs</link> that grow in <link xlink:type="simple" xlink:href="../236/5236.xml">
coastal</link> waters of <link xlink:type="simple" xlink:href="../026/67026.xml">
temperate</link> and <link xlink:type="simple" xlink:href="../679/402679.xml">
subtropical</link> zones.  Most of the seagrasses complete their entire <link xlink:type="simple" xlink:href="../994/217994.xml">
life cycle</link> under water,<ref xlink:type="simple" xlink:href="#xpointer(//reflist/entry[@id=%221%22])">1</ref> with filamentous <link xlink:type="simple" xlink:href="../980/46980.xml">
pollen</link> especially adapted to dispersion in an aquatic environment, and with leaves lacking <link xlink:type="simple" xlink:href="../746/85746.xml">
stomata</link> for atmospheric gas exchange and regulation of <link xlink:type="simple" xlink:href="../609/469609.xml">
desiccation</link>.  </p>
<p>

The family has long been recognized by taxonomists as <link xlink:type="simple" xlink:href="../682/6682.xml">
monophyletic</link>.  The <link xlink:type="simple" xlink:href="../401/4067401.xml">
APG II system</link>, of 2003 (unchanged from the <link xlink:type="simple" xlink:href="../323/4067323.xml">
APG system</link>, of 1998), recognizes this family and places it in the order <link xlink:type="simple" xlink:href="../787/787.xml">
Alismatales</link>, in the clade <link xlink:type="simple" xlink:href="../625/55625.xml">
monocots</link>. The family consists of two or three genera totalling about a dozen species, of marine plants ("<link xlink:type="simple" xlink:href="../143/234143.xml">
seagrass</link>").  The plants have ribbonlike leaves and prominent creeping <link xlink:type="simple" xlink:href="../217/175217.xml">
rhizome</link>s. </p>

<sec>
<st>
References</st>
<p>

<reflist>
<entry id="1">
 <cite style="font-style:normal">&#32;(1997).&#32;"<weblink xlink:type="simple" xlink:href="http://www.amjbot.org/cgi/reprint/84/8/1099?maxtoshow=&amp;HITS=10&amp;hits=10&amp;RESULTFORMAT=&amp;searchid=1&amp;FIRSTINDEX=0&amp;minscore=5000&amp;resourcetype=HWCIT">
Submarine pollination in the marine angiosperm Zostera marina (Zosteraceae) I: The influence of floral morphology on fluid flow</weblink>". <it>American Journal of Botany</it>&#32;<b>84</b>&#32;(8): 1099–1109.&#32;Botanical Society of America. <document wordnetid="106470073" confidence="0.8">
<written_communication wordnetid="106349220" confidence="0.8">
<writing wordnetid="106362953" confidence="0.8">
<link xlink:type="simple" xlink:href="../994/422994.xml">
doi</link></writing>
</written_communication>
</document>
:<weblink xlink:type="simple" xlink:href="http://dx.doi.org/10.2307%2F2446153">
10.2307/2446153</weblink>. Retrieved on <link>
2007-06-02</link>.</cite>&nbsp;</entry>
</reflist>
</p>

</sec>
<sec>
<st>
External links</st>

<p>

<list>
<entry level="1" type="bullet">

<weblink xlink:type="simple" xlink:href="http://delta-intkey.com/angio/www/Zosterac.htm">
Zosteraceae</weblink> in L. Watson and M.J. Dallwitz (1992 onwards).</entry>
<entry level="1" type="bullet">

<weblink xlink:type="simple" xlink:href="http://delta-intkey.com/angio/">
The families of flowering plants</weblink>: descriptions, illustrations, identification, information retrieval. Version: 27th April 2006.</entry>
<entry level="1" type="bullet">

<weblink xlink:type="simple" xlink:href="http://www.efloras.org/florataxon.aspx?flora_id=1&amp;taxon_id=10962">
Zosteraceae in the <it>Flora of North America''</it></weblink></entry>
<entry level="1" type="bullet">

<weblink xlink:type="simple" xlink:href="http://www.ncbi.nlm.nih.gov/Taxonomy/Browser/wwwtax.cgi?mode=Tree&amp;id=27254&amp;lvl=3&amp;lin=f&amp;keep=1&amp;srchmode=1&amp;unlock">
 NCBI Taxonomy Browser</weblink></entry>
<entry level="1" type="bullet">

<weblink xlink:type="simple" xlink:href="http://www.csdl.tamu.edu/FLORA/cgi/gateway_family?fam=Zosteraceae">
links at CSDL, Texas</weblink></entry>
</list>



</p>

</sec>
</bdy>
</entity>
</article>
