<?xml version="1.0" encoding="UTF-8"?>
<!-- generated by CLiX/Wiki2XML [MPI-Inf, MMCI@UdS] $LastChangedRevision: 92 $ on 17.04.2009 00:29:36[mciao0827] -->
<!DOCTYPE article SYSTEM "../article.dtd">
<article xmlns:xlink="http://www.w3.org/1999/xlink">
<header>
<title>Tyrosol</title>
<id>10733441</id>
<revision>
<id>244193587</id>
<timestamp>2008-10-09T18:56:45Z</timestamp>
<contributor>
<username>Fox53</username>
<id>4137808</id>
</contributor>
</revision>
<categories>
<category>Antioxidants</category>
<category>Alcohols</category>
<category>Phytochemicals</category>
<category>Phenols</category>
</categories>
</header>
<bdy>

<table style="float: right; clear: right; margin: 0 0 1em 1em; border-collapse: collapse;" width="250px" class="toccolours" border="1">
<header colspan="2" style="width: 30%; background: #F8EABA; text-align: center;">
Tyrosol</header>
<row>
<col colspan="2" align="center" bgcolor="#ffffff">
 <image width="200px" src="tyrosol.png">
</image>
</col>
</row>


<row>
<col>
 <link xlink:type="simple" xlink:href="../503/3141503.xml">
IUPAC name</link></col>
<col>
4-(2-Hydroxyethyl)phenol</col>
</row>
<row>
<col>
Other names</col>
<col>
p-Hydroxyphenethyl alcohol2-(4-Hydroxyphenyl)ethanol4-Hydroxyphenylethanol</col>
</row>
<row>
<header>
style="background: #F8EABA; text-align: center;" colspan="2"</header>
<header>
style="background: #F8EABA; text-align: center;" colspan="2"</header>
<col colspan="2" style="width: 30%; background: #F8EABA; text-align: center;">
 Except where noted otherwise, data are given for materials in their <link xlink:type="simple" xlink:href="../224/240224.xml">
standard state(at 25&nbsp;°C, 100&nbsp;kPa)</link></col>
</row>
</table>
<p>

<b>Tyrosol</b> is a <link xlink:type="simple" xlink:href="../085/24085.xml">
phenol</link>ic <link xlink:type="simple" xlink:href="../277/3277.xml">
antioxidant</link> present in a variety of natural sources.  The principal source in the human diet is <link xlink:type="simple" xlink:href="../478/22478.xml">
olive oil</link>.  Tyrosol is a derivative of <link xlink:type="simple" xlink:href="../266/7395266.xml">
phenethyl alcohol</link></p>
<p>

As an antioxidant, tyrosol can protect cells against injury due to oxidation.<ref xlink:type="simple" xlink:href="#xpointer(//reflist/entry[@id=%221%22])">1</ref>   Although it is not as potent as other antioxidants present in olive oil, its higher concentration and good <link xlink:type="simple" xlink:href="../021/769021.xml">
bioavailability</link> indicate that it may have an important overall effect.<ref xlink:type="simple" xlink:href="#xpointer(//reflist/entry[@id=%222%22])">2</ref>  This effect may contribute significantly to the health benefits of olive oil and, more generally, the <link xlink:type="simple" xlink:href="../499/460499.xml">
Mediterranean diet</link>. </p>
<p>

Recently Tyrosol present in white wine is also shown to be cardioprotective.  Samson et al has shown that tyrosol-treated animals showed significant increase in the phosphorylation of Akt, eNOS  and FOXO3a. In addition, tyrosol also induced the expression of longevity protein SIRT1 in the heart after myocardial infarction in a rat MI model. Hence tyrosol's SIRT1, Akt and eNOS activating power adds another dimension to the white wine research, because it adds a great link to the French paradox. In conclusion these findings suggest that tyrosol induces myocardial protection against ischemia related stress by inducing survival and longevity proteins that may be considered as anti-aging therapy for the heart.<ref xlink:type="simple" xlink:href="#xpointer(//reflist/entry[@id=%223%22])">3</ref></p>




<sec>
<st>
See also</st>
<p>

<list>
<entry level="1" type="bullet">

 <link xlink:type="simple" xlink:href="../688/6498688.xml">
Hydroxytyrosol</link></entry>
<entry level="1" type="bullet">

 <link xlink:type="simple" xlink:href="../138/319138.xml">
French Paradox</link></entry>
</list>
</p>

</sec>
<sec>
<st>
References</st>

<p>

<reflist>
<entry id="1">
 <cite style="font-style:normal">Giovannini C, Straface E, Modesti D, Coni E, Cantafora A, De Vincenzi M, Malorni W, Masella R&#32;(1999).&#32;"Tyrosol, the major olive oil biophenol, protects against oxidized-LDL-induced injury in Caco-2 cells". <it>J. Nutr.</it>&#32;<b>129</b>&#32;(7): 1269–77. PMID 10395586.</cite>&nbsp;</entry>
<entry id="2">
 <cite style="font-style:normal">Miró-Casas E, Covas M, Fitó M, Farré-Albadalejo M, Marrugat J, de la Torre R&#32;(2003).&#32;"Tyrosol and hydroxytyrosol are absorbed from moderate and sustained doses of virgin olive oil in humans". <it>European journal of clinical nutrition</it>&#32;<b>57</b>&#32;(1): 186–90. <document wordnetid="106470073" confidence="0.8">
<written_communication wordnetid="106349220" confidence="0.8">
<writing wordnetid="106362953" confidence="0.8">
<link xlink:type="simple" xlink:href="../994/422994.xml">
doi</link></writing>
</written_communication>
</document>
:<weblink xlink:type="simple" xlink:href="http://dx.doi.org/10.1038%2Fsj.ejcn.1601532">
10.1038/sj.ejcn.1601532</weblink>. PMID 12548315.</cite>&nbsp;</entry>
<entry id="3">
 <cite style="font-style:normal">Samuel SM, Thirunavukkarasu M, Penumathsa SV, Paul D, Maulik N&#32;(2008.).&#32;"Akt/FOXO3a/SIRT1-Mediated Cardioprotection by n-Tyrosol against Ischemic Stress in Rat in Vivo Model of Myocardial Infarction: Switching Gears toward Survival and Longevity.". <it>J.Agric. Food. Chem</it>. PMID 18826227.</cite>&nbsp;</entry>
</reflist>




</p>
</sec>
</bdy>
</article>
