<?xml version="1.0" encoding="UTF-8"?>
<!-- generated by CLiX/Wiki2XML [MPI-Inf, MMCI@UdS] $LastChangedRevision: 92 $ on 17.04.2009 00:29:49[mciao0827] -->
<!DOCTYPE article SYSTEM "../article.dtd">
<article xmlns:xlink="http://www.w3.org/1999/xlink">
<header>
<title>Offline learning</title>
<id>10748030</id>
<revision>
<id>242456132</id>
<timestamp>2008-10-02T09:01:48Z</timestamp>
<contributor>
<username>Malcolma</username>
<id>320496</id>
</contributor>
</revision>
<categories>
<category>Machine learning</category>
</categories>
</header>
<bdy>

In <link xlink:type="simple" xlink:href="../488/233488.xml">
machine learning</link>, systems which employ <b>offline learning</b> do not change their approximation of the target function once the initial training phase has been absolved. These systems are also typically examples of <link xlink:type="simple" xlink:href="../995/10747995.xml">
eager learning</link>.

</bdy>
</article>
