<?xml version="1.0" encoding="UTF-8"?>
<!-- generated by CLiX/Wiki2XML [MPI-Inf, MMCI@UdS] $LastChangedRevision: 92 $ on 17.04.2009 00:25:04[mciao0825] -->
<!DOCTYPE article SYSTEM "../article.dtd">
<article xmlns:xlink="http://www.w3.org/1999/xlink">
<header>
<title>Locally weighted regression</title>
<id>10748099</id>
<revision>
<id>170520606</id>
<timestamp>2007-11-10T10:02:29Z</timestamp>
<contributor>
<username>RainbowCrane</username>
<id>1803333</id>
</contributor>
</revision>
<categories>
<category>Wikipedia articles needing context</category>
<category>Wikipedia introduction cleanup</category>
<category>Machine learning</category>
</categories>
</header>
<bdy>

<table class="metadata plainlinks ambox ">
<row>
<col>

ambox-style" style=""</col>
</row>
<row>
<col class="mbox-image"><p>

<image width="40x40px" src="Ambox_style.png">
</image>
</p>
</col>
<col style="" class="mbox-text">
 The introduction to this article provides <b>insufficient context</b> for those unfamiliar with the subject.
Please help <weblink xlink:type="simple" xlink:href="http://localhost:18088/wiki/index.php?title=Locally_weighted_regression&amp;action=edit">
improve the article</weblink> with a .</col>
</row>
</table>


In <link xlink:type="simple" xlink:href="../488/233488.xml">
machine learning</link>, <b>locally weighted regression</b> is a memory-based method that performs a regression around a point of interest using only training data that are local to that point.
</bdy>
</article>
