<?xml version="1.0" encoding="UTF-8"?>
<!-- generated by CLiX/Wiki2XML [MPI-Inf, MMCI@UdS] $LastChangedRevision: 92 $ on 17.04.2009 00:30:00[mciao0827] -->
<!DOCTYPE article SYSTEM "../article.dtd">
<article xmlns:xlink="http://www.w3.org/1999/xlink">
<physical_entity  confidence="0.8" wordnetid="100001930">
<person  confidence="0.8" wordnetid="100007846">
<performer  confidence="0.8" wordnetid="110415638">
<causal_agent  confidence="0.8" wordnetid="100007347">
<actor  confidence="0.8" wordnetid="109765278">
<entertainer  confidence="0.8" wordnetid="109616922">
<header>
<title>Elle Downs</title>
<id>10754883</id>
<revision>
<id>236915463</id>
<timestamp>2008-09-07T19:30:45Z</timestamp>
<contributor>
<username>Lightbot</username>
<id>7178666</id>
</contributor>
</revision>
<categories>
<category>People from Toronto</category>
<category>Living people</category>
<category>Canadian television actors</category>
<category>1973 births</category>
<category>Canadian film actors</category>
</categories>
</header>
<bdy>

<b>Elle Downs</b> (pronounced "Ellie") (born <link xlink:type="simple" xlink:href="../ury/24th_century.xml">
April 27</link>, <link xlink:type="simple" xlink:href="../751/34751.xml">
1973</link> in <link xlink:type="simple" xlink:href="../646/64646.xml">
Toronto, Ontario</link>) is a Canadian actress who has appeared in film and television since 1996.<p>

Elle Downs is a sixth generation Canadian of African Canadian and <ethnic_group wordnetid="107967382" confidence="0.9508927676800064">
<link xlink:type="simple" xlink:href="../217/21217.xml">
Native American</link></ethnic_group>
 (<ethnic_group wordnetid="107967382" confidence="0.9508927676800064">
<link xlink:type="simple" xlink:href="../490/50490.xml">
Cherokee</link></ethnic_group>
 Indian) descent. Her father was born in <village wordnetid="108672738" confidence="0.9508927676800064">
<link xlink:type="simple" xlink:href="../408/37408.xml">
Kingston, Jamaica</link></village>
. She won the title of Miss Black Canada and went on to become a popular supporting actress in many Toronto-based films and series.</p>
<p>

In 2000, Elle became the box office manager for the <film_festival wordnetid="100517418" confidence="0.9508927676800064">
<link xlink:type="simple" xlink:href="../751/178751.xml">
Toronto International Film Festival</link></film_festival>
, and has worked in a supervisory position for the Festival since then.</p>

<sec>
<st>
Selected Filmography</st>
<p>

<list>
<entry level="1" type="bullet">

 <it><link xlink:type="simple" xlink:href="../692/9776692.xml">
Talk to Me</link></it> (2007) as Peaches</entry>
<entry level="1" type="bullet">

 <it><link>
Password</link></it> (2006) as Tiffany</entry>
<entry level="1" type="bullet">

 <it><movie wordnetid="106613686" confidence="0.9508927676800064">
<link xlink:type="simple" xlink:href="../477/1033477.xml">
Godsend</link></movie>
</it> (2004) as Sarah Chandler</entry>
<entry level="1" type="bullet">

 <it><movie wordnetid="106613686" confidence="0.9508927676800064">
<link xlink:type="simple" xlink:href="../214/2058214.xml">
My Baby's Daddy</link></movie>
</it> (2004) as Cappuccino</entry>
<entry level="1" type="bullet">

  (2003TV) as Reporter</entry>
<entry level="1" type="bullet">

 <it><link xlink:type="simple" xlink:href="../335/6211335.xml">
Love, Sex and Eating the Bones</link></it> (2003) as Art Pro</entry>
</list>
</p>

</sec>
<sec>
<st>
Television Series</st>
<p>

<list>
<entry level="1" type="bullet">

 <it><series wordnetid="108457976" confidence="0.9508927676800064">
<link xlink:type="simple" xlink:href="../513/5374513.xml">
The Jane Show</link></series>
</it> as Ella in episode "Evaluating Jane" (2006)</entry>
<entry level="1" type="bullet">

 <it><series wordnetid="108457976" confidence="0.9508927676800064">
<link xlink:type="simple" xlink:href="../350/2033350.xml">
Kevin Hill</link></series>
</it> as Danitra in episode "Sacrificial Lambs" (2005)</entry>
<entry level="1" type="bullet">

 <it><series wordnetid="108457976" confidence="0.9508927676800064">
<link xlink:type="simple" xlink:href="../491/743491.xml">
Kojak</link></series>
</it> as Carol in episode "East Sixties" (2005)</entry>
<entry level="1" type="bullet">

 <it><series wordnetid="108457976" confidence="0.9508927676800064">
<link xlink:type="simple" xlink:href="../764/489764.xml">
1-800-Missing</link></series>
</it> as Camila Pole in episode "Sea of Love" (2004)</entry>
<entry level="1" type="bullet">

  as Bank Teller in episode "To Grandmother's House We Go" (2004)</entry>
<entry level="1" type="bullet">

 <it><link xlink:type="simple" xlink:href="../672/1527672.xml">
Playmakers</link></it> in episode "Man in Motion" (2003)</entry>
<entry level="1" type="bullet">

 <it><beginning wordnetid="100235435" confidence="0.8">
<change wordnetid="100191142" confidence="0.8">
<show wordnetid="100520257" confidence="0.8">
<entertainment wordnetid="100429048" confidence="0.8">
<ending wordnetid="106308765" confidence="0.8">
<morpheme wordnetid="106306233" confidence="0.8">
<change_of_state wordnetid="100199130" confidence="0.8">
<diversion wordnetid="100426928" confidence="0.8">
<event wordnetid="100029378" confidence="0.8">
<action wordnetid="100037396" confidence="0.8">
<part wordnetid="113809207" confidence="0.8">
<act wordnetid="100030358" confidence="0.8">
<psychological_feature wordnetid="100023100" confidence="0.8">
<activity wordnetid="100407535" confidence="0.8">
<introduction wordnetid="100238022" confidence="0.8">
<language_unit wordnetid="106284225" confidence="0.8">
<link xlink:type="simple" xlink:href="../575/1792575.xml">
Wild Card</link></language_unit>
</introduction>
</activity>
</psychological_feature>
</act>
</part>
</action>
</event>
</diversion>
</change_of_state>
</morpheme>
</ending>
</entertainment>
</show>
</change>
</beginning>
</it> in pilot episode (2003)</entry>
<entry level="1" type="bullet">

 <it><series wordnetid="108457976" confidence="0.9508927676800064">
<link xlink:type="simple" xlink:href="../373/419373.xml">
Monk</link></series>
</it> as Regina in episode "Mr. Monk and the Other Woman" (2002)</entry>
<entry level="1" type="bullet">

  in episode "Sex and Money" (2001)</entry>
<entry level="1" type="bullet">

 <it><series wordnetid="108457976" confidence="0.9508927676800064">
<link xlink:type="simple" xlink:href="../881/163881.xml">
The Famous Jett Jackson</link></series>
</it> as Reporter in episode "Truth" (2000)</entry>
<entry level="1" type="bullet">

  as Maddy Johnson in episode "Pandora's Box" (1998)</entry>
<entry level="1" type="bullet">

 <it><link xlink:type="simple" xlink:href="../104/444104.xml">
Due South</link></it> as Lily in episode "Body Language" (1996)</entry>
</list>
</p>

</sec>
<sec>
<st>
External links</st>
<p>

<list>
<entry level="1" type="bullet">

 <weblink xlink:type="simple" xlink:href="http://www.imdb.com/name/nm0236177/">
Elle Downs</weblink> at the <web_site wordnetid="106359193" confidence="0.9508927676800064">
<link xlink:type="simple" xlink:href="../554/2855554.xml">
Internet Movie Database</link></web_site>
</entry>
<entry level="1" type="bullet">

 Elle Downs Myspace page: http:///www.myspace.com/elledownsonfire</entry>
</list>
</p>





</sec>
</bdy>
</entertainer>
</actor>
</causal_agent>
</performer>
</person>
</physical_entity>
</article>
