<?xml version="1.0" encoding="UTF-8"?>
<!-- generated by CLiX/Wiki2XML [MPI-Inf, MMCI@UdS] $LastChangedRevision: 92 $ on 16.04.2009 18:06:06[mciao0826] -->
<!DOCTYPE article SYSTEM "../article.dtd">
<article xmlns:xlink="http://www.w3.org/1999/xlink">
<entity  confidence="0.9511911446218017" wordnetid="100001740">
<header>
<title>Medical Subject Headings</title>
<id>1076794</id>
<revision>
<id>242753386</id>
<timestamp>2008-10-03T14:35:05Z</timestamp>
<contributor>
<username>Thijs!bot</username>
<id>1392310</id>
</contributor>
</revision>
<categories>
<category>Medical research</category>
<category>Library cataloging and classification</category>
<category>Medical classification</category>
<category>Bioinformatics</category>
</categories>
</header>
<bdy>

<image width="150px" src="MeSH-example.svg" type="frame">
<caption>

Hierarchical relationships in MeSH 2005: <it>Stomach Neoplasms</it> and all of its broader terms
</caption>
</image>
<p>

<b>Medical Subject Headings</b> (<b>MeSH</b>) is a huge <link xlink:type="simple" xlink:href="../719/1850719.xml">
controlled vocabulary</link> (or <link xlink:type="simple" xlink:href="../632/18933632.xml">
metadata</link> system) for the purpose of <link xlink:type="simple" xlink:href="../395/1308395.xml">
indexing</link> journal articles and books in the life sciences. Created and updated by the <structure wordnetid="104341686" confidence="0.8">
<artifact wordnetid="100021939" confidence="0.8">
<area wordnetid="102735688" confidence="0.8">
<library wordnetid="103660909" confidence="0.8">
<room wordnetid="104105893" confidence="0.8">
<link xlink:type="simple" xlink:href="../290/408290.xml">
United States National Library of Medicine</link></room>
</library>
</area>
</artifact>
</structure>
 (NLM), it is used by the <link xlink:type="simple" xlink:href="../749/240749.xml">
MEDLINE</link>/<computer wordnetid="103082979" confidence="0.8">
<artifact wordnetid="100021939" confidence="0.8">
<instrumentality wordnetid="103575240" confidence="0.8">
<engine wordnetid="103287733" confidence="0.8">
<motor wordnetid="103789946" confidence="0.8">
<device wordnetid="103183080" confidence="0.8">
<machine wordnetid="103699975" confidence="0.8">
<web_site wordnetid="106359193" confidence="0.8">
<link xlink:type="simple" xlink:href="../009/503009.xml">
PubMed</link></web_site>
</machine>
</device>
</motor>
</engine>
</instrumentality>
</artifact>
</computer>
 article database and by NLM's catalog of book holdings. MeSH can be browsed and downloaded free of charge on the Internet. The yearly printed version was discontinued in 2007.</p>
<p>

In MEDLINE/PubMed, every journal article is indexed with some 10-15 headings or subheadings, with one or two of them designated as <it>major</it> and marked with an asterisk. When performing a MEDLINE search via PubMed, entry terms are automatically translated into the corresponding descriptors (see <it>Details tab</it> in PubMed). Furthermore, by default all the descriptors below the given one in the hierarchy are included in the search.</p>

<sec>
<st>
 Structure of MeSH </st>

<p>

The 2008 version of MeSH contains a total of 24,767 subject headings, also known as <it>descriptors</it>. Most of these are accompanied by a short definition, links to related descriptors, and a list of synonyms or very similar terms (known as <it>entry terms</it>). Because of these synonym lists, MeSH can also be viewed as a <link xlink:type="simple" xlink:href="../334/30334.xml">
thesaurus</link>.</p>

<ss1>
<st>
 Descriptors </st>
<p>
  
The <it>descriptors</it> are arranged in a <link xlink:type="simple" xlink:href="../998/13998.xml">
hierarchy</link>. A given descriptor may appear at several places in the hierarchical tree. The tree locations carry systematic labels known as <it>tree numbers</it>, and consequently one descriptor can carry several tree numbers. For example, following the graphic at the top right, C stands for Diseases, C06 for Digestive System Diseases and C06.301 for Digestive System Neoplams; C04 for Neoplasms, C04.588 for Neoplasms By Site, and C04.588.274 is a second tree number for Digestive System Neoplasms. As seen from the graphic, Stomach Neoplasms appears in four locations in the hierarchy and therefore carries four different tree numbers. The tree numbers of a given descriptor are subject to change as MeSH is updated. Every descriptor also carries a unique alphanumerical ID that will not change.</p>

</ss1>
<ss1>
<st>
 Description </st>
<p>

Most entries come with a short description. See the <weblink xlink:type="simple" xlink:href="http://www.ncbi.nlm.nih.gov/sites/entrez?Db=mesh&amp;Cmd=ShowDetailView&amp;TermToSearch=68003924&amp;ordinalpos=3&amp;itool=EntrezSystem2.PEntrez.Mesh.Mesh_ResultsPanel.Mesh_RVDocSum">
 MeSH description for diabetes type 2</weblink> as an example. The explanatory text is written by the MeSH team based on their standard sources <weblink xlink:type="simple" xlink:href="http://www.nlm.nih.gov/mesh/intro_biblio2007.html">
http://www.nlm.nih.gov/mesh/intro_biblio2007.html</weblink> if not otherwise stated. References are mostly encyclopaedias and standard textbooks of the subject areas. Sources are subdivided into categories . However, references for specific statements in the descriptions are not given, instead readers are referred to the <weblink xlink:type="simple" xlink:href="http://www.nlm.nih.gov/mesh/intro_biblio2007.html">
bibliography</weblink>.</p>

</ss1>
<ss1>
<st>
 Qualifiers </st>
<p>
  
In addition to the descriptor hierarchy, MeSH contains a small number of standard <it>qualifiers</it> (also known as <it>subheadings</it>), which can be added to descriptors to narrow down the topic. For example, "Measles" is a descriptor and "epidemiology" is a qualifier; "Measles/epidemiology" describes the subheading of epidemiological articles about Measles. The "epidemiology" qualifier can be added to all other disease descriptors. Not all descriptor/qualifier combinations are allowed since some of them may be meaningless. In all there are 83 different qualifiers.</p>

</ss1>
<ss1>
<st>
 Supplements </st>
<p>

In addition to the descriptors, MeSH also contains some 139,000 <it>Supplementary Concept Records</it>. These do not belong to the controlled vocabulary as such and are not used for indexing MEDLINE articles; instead they enlarge the thesaurus and contain links to the closest fitting descriptor to be used in a MEDLINE search. Many of these records describe chemical substances.</p>
<p>

MeSH has been translated into numerous other languages and allows retrieval of documents from different languages.</p>

</ss1>
</sec>
<sec>
<st>
Top level categories</st>
<p>

The top level categories in the MeSH descriptor hierarchy are:
<list>
<entry level="1" type="bullet">

<link xlink:type="simple" xlink:href="../674/674.xml">
Anatomy</link> [A]</entry>
<entry level="2" type="bullet">

 <link xlink:type="simple" xlink:href="../794/1076794.xml">
MeSH</link> <it><weblink xlink:type="simple" xlink:href="http://www.nlm.nih.gov/cgi/mesh/2007/MB_cgi?mode=&amp;term=Body+Regions&amp;field=entry#TreeA01">
A01</weblink></it> --- body regions</entry>
<entry level="2" type="bullet">

 <link xlink:type="simple" xlink:href="../794/1076794.xml">
MeSH</link> <it><weblink xlink:type="simple" xlink:href="http://www.nlm.nih.gov/cgi/mesh/2007/MB_cgi?mode=&amp;term=Musculoskeletal+System&amp;field=entry#TreeA02">
A02</weblink></it> --- <link xlink:type="simple" xlink:href="../348/653348.xml">
musculoskeletal system</link></entry>
<entry level="2" type="bullet">

 <link xlink:type="simple" xlink:href="../794/1076794.xml">
MeSH</link> <it><weblink xlink:type="simple" xlink:href="http://www.nlm.nih.gov/cgi/mesh/2007/MB_cgi?mode=&amp;term=Digestive+System&amp;field=entry#TreeA03">
A03</weblink></it> --- <link xlink:type="simple" xlink:href="../423/165423.xml">
digestive system</link></entry>
<entry level="2" type="bullet">

 <link xlink:type="simple" xlink:href="../794/1076794.xml">
MeSH</link> <it><weblink xlink:type="simple" xlink:href="http://www.nlm.nih.gov/cgi/mesh/2007/MB_cgi?mode=&amp;term=Respiratory+System&amp;field=entry#TreeA04">
A04</weblink></it> --- <link xlink:type="simple" xlink:href="../723/66723.xml">
respiratory system</link></entry>
<entry level="2" type="bullet">

 <link xlink:type="simple" xlink:href="../794/1076794.xml">
MeSH</link> <it><weblink xlink:type="simple" xlink:href="http://www.nlm.nih.gov/cgi/mesh/2007/MB_cgi?mode=&amp;term=Urogenital+System&amp;field=entry#TreeA05">
A05</weblink></it> --- <link xlink:type="simple" xlink:href="../874/2153874.xml">
urogenital system</link></entry>
<entry level="2" type="bullet">

 <link xlink:type="simple" xlink:href="../794/1076794.xml">
MeSH</link> <it><weblink xlink:type="simple" xlink:href="http://www.nlm.nih.gov/cgi/mesh/2007/MB_cgi?mode=&amp;term=Endocrine+System&amp;field=entry#TreeA06">
A06</weblink></it> --- <link xlink:type="simple" xlink:href="../312/9312.xml">
endocrine system</link></entry>
<entry level="2" type="bullet">

 <link xlink:type="simple" xlink:href="../794/1076794.xml">
MeSH</link> <it><weblink xlink:type="simple" xlink:href="http://www.nlm.nih.gov/cgi/mesh/2007/MB_cgi?mode=&amp;term=Cardiovascular+System&amp;field=entry#TreeA07">
A07</weblink></it> --- <link xlink:type="simple" xlink:href="../256/7256.xml">
cardiovascular system</link></entry>
<entry level="2" type="bullet">

 <link xlink:type="simple" xlink:href="../794/1076794.xml">
MeSH</link> <it><weblink xlink:type="simple" xlink:href="http://www.nlm.nih.gov/cgi/mesh/2007/MB_cgi?mode=&amp;term=Nervous+System&amp;field=entry#TreeA08">
A08</weblink></it> --- <link xlink:type="simple" xlink:href="../944/21944.xml">
nervous system</link></entry>
<entry level="2" type="bullet">

 <link xlink:type="simple" xlink:href="../794/1076794.xml">
MeSH</link> <it><weblink xlink:type="simple" xlink:href="http://www.nlm.nih.gov/cgi/mesh/2007/MB_cgi?mode=&amp;term=Sense+Organs&amp;field=entry#TreeA09">
A09</weblink></it> --- <link xlink:type="simple" xlink:href="../912/43912.xml">
sense organs</link></entry>
<entry level="2" type="bullet">

 <link xlink:type="simple" xlink:href="../794/1076794.xml">
MeSH</link> <it><weblink xlink:type="simple" xlink:href="http://www.nlm.nih.gov/cgi/mesh/2007/MB_cgi?mode=&amp;term=Tissues&amp;field=entry#TreeA10">
A10</weblink></it> --- <link xlink:type="simple" xlink:href="../915/103915.xml">
biological tissues</link></entry>
<entry level="2" type="bullet">

 <link xlink:type="simple" xlink:href="../794/1076794.xml">
MeSH</link> <it><weblink xlink:type="simple" xlink:href="http://www.nlm.nih.gov/cgi/mesh/2007/MB_cgi?mode=&amp;term=Cells&amp;field=entry#TreeA11">
A11</weblink></it> --- <link xlink:type="simple" xlink:href="../230/4230.xml">
cell</link>s</entry>
<entry level="2" type="bullet">

 <link xlink:type="simple" xlink:href="../794/1076794.xml">
MeSH</link> <it><weblink xlink:type="simple" xlink:href="http://www.nlm.nih.gov/cgi/mesh/2007/MB_cgi?mode=&amp;term=Fluids+and+Secretions&amp;field=entry#TreeA12">
A12</weblink></it> --- <link xlink:type="simple" xlink:href="../915/10915.xml">
fluids</link> and <link xlink:type="simple" xlink:href="../001/534001.xml">
secretions</link></entry>
<entry level="2" type="bullet">

 <link xlink:type="simple" xlink:href="../794/1076794.xml">
MeSH</link> <it><weblink xlink:type="simple" xlink:href="http://www.nlm.nih.gov/cgi/mesh/2007/MB_cgi?mode=&amp;term=Animal+Structures&amp;field=entry#TreeA13">
A13</weblink></it> --- <link xlink:type="simple" xlink:href="../790/11039790.xml">
animal</link> structures</entry>
<entry level="2" type="bullet">

 <link xlink:type="simple" xlink:href="../794/1076794.xml">
MeSH</link> <it><weblink xlink:type="simple" xlink:href="http://www.nlm.nih.gov/cgi/mesh/2007/MB_cgi?mode=&amp;term=Stomatognathic+System&amp;field=entry#TreeA14">
A14</weblink></it> --- <link xlink:type="simple" xlink:href="../822/5046822.xml">
stomatognathic system</link></entry>
<entry level="2" type="bullet">

 <link xlink:type="simple" xlink:href="../794/1076794.xml">
MeSH</link> <it><weblink xlink:type="simple" xlink:href="http://www.nlm.nih.gov/cgi/mesh/2007/MB_cgi?mode=&amp;term=Hemic+and+Immune+Systems&amp;field=entry#TreeA15">
A15</weblink></it> --- <link xlink:type="simple" xlink:href="../997/3997.xml">
hemic</link> and <link xlink:type="simple" xlink:href="../958/14958.xml">
immune systems</link></entry>
<entry level="2" type="bullet">

 <link xlink:type="simple" xlink:href="../794/1076794.xml">
MeSH</link> <it><weblink xlink:type="simple" xlink:href="http://www.nlm.nih.gov/cgi/mesh/2007/MB_cgi?mode=&amp;term=Embryonic+Structures&amp;field=entry#TreeA16">
A16</weblink></it> --- <link xlink:type="simple" xlink:href="../717/162717.xml">
embryonic structures</link></entry>
<entry level="2" type="bullet">

 <link xlink:type="simple" xlink:href="../794/1076794.xml">
MeSH</link> <it><weblink xlink:type="simple" xlink:href="http://www.nlm.nih.gov/cgi/mesh/2007/MB_cgi?mode=&amp;term=Integumentary+System&amp;field=entry#TreeA17">
A17</weblink></it> --- <link xlink:type="simple" xlink:href="../660/59660.xml">
integumentary system</link></entry>
</list>
</p>
<p>

<list>
<entry level="1" type="bullet">

<link xlink:type="simple" xlink:href="../842/19653842.xml">
Organism</link>s [B]</entry>
<entry level="2" type="bullet">

 <link xlink:type="simple" xlink:href="../794/1076794.xml">
MeSH</link> <it><weblink xlink:type="simple" xlink:href="http://www.nlm.nih.gov/cgi/mesh/2007/MB_cgi?mode=&amp;term=Animals&amp;field=entry#TreeB01">
B01</weblink></it> --- <link xlink:type="simple" xlink:href="../790/11039790.xml">
animals</link></entry>
<entry level="2" type="bullet">

 <link xlink:type="simple" xlink:href="../794/1076794.xml">
MeSH</link> <it><weblink xlink:type="simple" xlink:href="http://www.nlm.nih.gov/cgi/mesh/2007/MB_cgi?mode=&amp;term=Algae&amp;field=entry#TreeB02">
B02</weblink></it> --- <link xlink:type="simple" xlink:href="../633/633.xml">
algae</link></entry>
<entry level="2" type="bullet">

 <link xlink:type="simple" xlink:href="../794/1076794.xml">
MeSH</link> <it><weblink xlink:type="simple" xlink:href="http://www.nlm.nih.gov/cgi/mesh/2007/MB_cgi?mode=&amp;term=Bacteria&amp;field=entry#TreeB03">
B03</weblink></it> --- <link xlink:type="simple" xlink:href="../799/9028799.xml">
bacteria</link></entry>
<entry level="2" type="bullet">

 <link xlink:type="simple" xlink:href="../794/1076794.xml">
MeSH</link> <it><weblink xlink:type="simple" xlink:href="http://www.nlm.nih.gov/cgi/mesh/2007/MB_cgi?mode=&amp;term=Viruses&amp;field=entry#TreeB04">
B04</weblink></it> --- <link xlink:type="simple" xlink:href="../679/19167679.xml">
viruses</link></entry>
<entry level="2" type="bullet">

 <link xlink:type="simple" xlink:href="../794/1076794.xml">
MeSH</link> <it><weblink xlink:type="simple" xlink:href="http://www.nlm.nih.gov/cgi/mesh/2007/MB_cgi?mode=&amp;term=Fungi&amp;field=entry#TreeB05">
B05</weblink></it> --- <link xlink:type="simple" xlink:href="../965/19178965.xml">
fungi</link></entry>
<entry level="2" type="bullet">

 <link xlink:type="simple" xlink:href="../794/1076794.xml">
MeSH</link> <it><weblink xlink:type="simple" xlink:href="http://www.nlm.nih.gov/cgi/mesh/2007/MB_cgi?mode=&amp;term=Plants&amp;field=entry#TreeB06">
B06</weblink></it> --- <link xlink:type="simple" xlink:href="../208/23208.xml">
plants</link></entry>
<entry level="2" type="bullet">

 <link xlink:type="simple" xlink:href="../794/1076794.xml">
MeSH</link> <it><weblink xlink:type="simple" xlink:href="http://www.nlm.nih.gov/cgi/mesh/2007/MB_cgi?mode=&amp;term=Archaea&amp;field=entry#TreeB07">
B07</weblink></it> --- <link xlink:type="simple" xlink:href="../592/19179592.xml">
archaea</link></entry>
<entry level="2" type="bullet">

 <link xlink:type="simple" xlink:href="../794/1076794.xml">
MeSH</link> <it><weblink xlink:type="simple" xlink:href="http://www.nlm.nih.gov/cgi/mesh/2007/MB_cgi?mode=&amp;term=Mesomycetozoea&amp;field=entry#TreeB08">
B08</weblink></it> --- <link xlink:type="simple" xlink:href="../629/2245629.xml">
mesomycetozoea</link></entry>
</list>
</p>
<p>

<list>
<entry level="1" type="bullet">

<link xlink:type="simple" xlink:href="../072/8072.xml">
Diseases</link> [C]</entry>
<entry level="2" type="bullet">

 <link xlink:type="simple" xlink:href="../794/1076794.xml">
MeSH</link> <it><weblink xlink:type="simple" xlink:href="http://www.nlm.nih.gov/cgi/mesh/2007/MB_cgi?mode=&amp;term=Bacterial+Infections+and+Mycoses&amp;field=entry#TreeC01">
C01</weblink></it> --- <link xlink:type="simple" xlink:href="../799/9028799.xml">
bacterial</link> <link xlink:type="simple" xlink:href="../220/37220.xml">
infections</link> and <link xlink:type="simple" xlink:href="../575/1530575.xml">
mycoses</link></entry>
<entry level="2" type="bullet">

 <link xlink:type="simple" xlink:href="../794/1076794.xml">
MeSH</link> <it><weblink xlink:type="simple" xlink:href="http://www.nlm.nih.gov/cgi/mesh/2007/MB_cgi?mode=&amp;term=Virus+Diseases&amp;field=entry#TreeC02">
C02</weblink></it> --- <link xlink:type="simple" xlink:href="../679/19167679.xml">
virus</link> diseases</entry>
<entry level="2" type="bullet">

 <link xlink:type="simple" xlink:href="../794/1076794.xml">
MeSH</link> <it><weblink xlink:type="simple" xlink:href="http://www.nlm.nih.gov/cgi/mesh/2007/MB_cgi?mode=&amp;term=Parasitic+Diseases&amp;field=entry#TreeC03">
C03</weblink></it> --- <link xlink:type="simple" xlink:href="../937/43937.xml">
parasitic</link> diseases</entry>
<entry level="2" type="bullet">

 <link xlink:type="simple" xlink:href="../794/1076794.xml">
MeSH</link> <it><weblink xlink:type="simple" xlink:href="http://www.nlm.nih.gov/cgi/mesh/2007/MB_cgi?mode=&amp;term=Neoplasms&amp;field=entry#TreeC04">
C04</weblink></it> --- <link xlink:type="simple" xlink:href="../730/1236730.xml">
neoplasms</link></entry>
<entry level="2" type="bullet">

 <link xlink:type="simple" xlink:href="../794/1076794.xml">
MeSH</link> <it><weblink xlink:type="simple" xlink:href="http://www.nlm.nih.gov/cgi/mesh/2007/MB_cgi?mode=&amp;term=Musculoskeletal+Diseases&amp;field=entry#TreeC05">
C05</weblink></it> --- <link xlink:type="simple" xlink:href="../348/653348.xml">
musculoskeletal</link> diseases</entry>
<entry level="2" type="bullet">

 <link xlink:type="simple" xlink:href="../794/1076794.xml">
MeSH</link> <it><weblink xlink:type="simple" xlink:href="http://www.nlm.nih.gov/cgi/mesh/2007/MB_cgi?mode=&amp;term=Digestive+System+Diseases&amp;field=entry#TreeC06">
C06</weblink></it> --- <link xlink:type="simple" xlink:href="../423/165423.xml">
digestive system</link> diseases</entry>
<entry level="2" type="bullet">

 <link xlink:type="simple" xlink:href="../794/1076794.xml">
MeSH</link> <it><weblink xlink:type="simple" xlink:href="http://www.nlm.nih.gov/cgi/mesh/2007/MB_cgi?mode=&amp;term=Stomatognathic+Diseases&amp;field=entry#TreeC07">
C07</weblink></it> --- <link xlink:type="simple" xlink:href="../822/5046822.xml">
stomatognathic</link> diseases</entry>
<entry level="2" type="bullet">

 <link xlink:type="simple" xlink:href="../794/1076794.xml">
MeSH</link> <it><weblink xlink:type="simple" xlink:href="http://www.nlm.nih.gov/cgi/mesh/2007/MB_cgi?mode=&amp;term=Respiratory+Tract+Diseases&amp;field=entry#TreeC08">
C08</weblink></it> --- <link xlink:type="simple" xlink:href="../885/287885.xml">
respiratory tract</link> diseases</entry>
<entry level="2" type="bullet">

 <link xlink:type="simple" xlink:href="../794/1076794.xml">
MeSH</link> <it><weblink xlink:type="simple" xlink:href="http://www.nlm.nih.gov/cgi/mesh/2007/MB_cgi?mode=&amp;term=Otorhinolaryngologic+Diseases&amp;field=entry#TreeC09">
C09</weblink></it> --- <link xlink:type="simple" xlink:href="../573/22573.xml">
otorhinolaryngologic</link> diseases</entry>
<entry level="2" type="bullet">

 <link xlink:type="simple" xlink:href="../794/1076794.xml">
MeSH</link> <it><weblink xlink:type="simple" xlink:href="http://www.nlm.nih.gov/cgi/mesh/2007/MB_cgi?mode=&amp;term=Nervous+System+Diseases&amp;field=entry#TreeC10">
C10</weblink></it> --- <link xlink:type="simple" xlink:href="../944/21944.xml">
nervous system</link> diseases</entry>
<entry level="2" type="bullet">

 <link xlink:type="simple" xlink:href="../794/1076794.xml">
MeSH</link> <it><weblink xlink:type="simple" xlink:href="http://www.nlm.nih.gov/cgi/mesh/2007/MB_cgi?mode=&amp;term=Eye+Diseases&amp;field=entry#TreeC11">
C11</weblink></it> --- <link xlink:type="simple" xlink:href="../898/157898.xml">
eye</link> diseases</entry>
<entry level="2" type="bullet">

 <link xlink:type="simple" xlink:href="../794/1076794.xml">
MeSH</link> <it><weblink xlink:type="simple" xlink:href="http://www.nlm.nih.gov/cgi/mesh/2007/MB_cgi?mode=&amp;term=Urologic+and+Male+Genital+Diseases&amp;field=entry#TreeC12">
C12</weblink></it> --- <link xlink:type="simple" xlink:href="../055/32055.xml">
urologic</link> and <link xlink:type="simple" xlink:href="../682/1827682.xml">
male genital</link> diseases</entry>
<entry level="2" type="bullet">

 <link xlink:type="simple" xlink:href="../794/1076794.xml">
MeSH</link> <it><weblink xlink:type="simple" xlink:href="http://www.nlm.nih.gov/cgi/mesh/2007/MB_cgi?mode=&amp;term=Female+Genital+Diseases+and+Pregnancy+Complications&amp;field=entry#TreeC13">
C13</weblink></it> --- <link xlink:type="simple" xlink:href="../423/598423.xml">
female genital</link> diseases and <link xlink:type="simple" xlink:href="../688/2300688.xml">
pregnancy complications</link></entry>
<entry level="2" type="bullet">

 <link xlink:type="simple" xlink:href="../794/1076794.xml">
MeSH</link> <it><weblink xlink:type="simple" xlink:href="http://www.nlm.nih.gov/cgi/mesh/2007/MB_cgi?mode=&amp;term=Cardiovascular+Diseases&amp;field=entry#TreeC14">
C14</weblink></it> --- <link xlink:type="simple" xlink:href="../662/512662.xml">
cardiovascular diseases</link></entry>
<entry level="2" type="bullet">

 <link xlink:type="simple" xlink:href="../794/1076794.xml">
MeSH</link> <it><weblink xlink:type="simple" xlink:href="http://www.nlm.nih.gov/cgi/mesh/2007/MB_cgi?mode=&amp;term=Hemic+and+Lymphatic+Diseases&amp;field=entry#TreeC15">
C15</weblink></it> --- <link xlink:type="simple" xlink:href="../564/63564.xml">
hemic</link> and <link xlink:type="simple" xlink:href="../701/18587701.xml">
lymphatic diseases</link></entry>
<entry level="2" type="bullet">

 <link xlink:type="simple" xlink:href="../794/1076794.xml">
MeSH</link> <it><weblink xlink:type="simple" xlink:href="http://www.nlm.nih.gov/cgi/mesh/2007/MB_cgi?mode=&amp;term=Congenital,+Hereditary,+and+Neonatal+Diseases+and+Abnormalities&amp;field=entry#TreeC16">
C16</weblink></it> --- <link xlink:type="simple" xlink:href="../263/321263.xml">
congenital</link>, <link xlink:type="simple" xlink:href="../457/13457.xml">
hereditary</link>, and <link xlink:type="simple" xlink:href="../165/73165.xml">
neonatal</link> diseases and abnormalities</entry>
<entry level="2" type="bullet">

 <link xlink:type="simple" xlink:href="../794/1076794.xml">
MeSH</link> <it><weblink xlink:type="simple" xlink:href="http://www.nlm.nih.gov/cgi/mesh/2007/MB_cgi?mode=&amp;term=Skin+and+Connective+Tissue+Diseases&amp;field=entry#TreeC17">
C17</weblink></it> --- <link xlink:type="simple" xlink:href="../978/27978.xml">
skin</link> and <link xlink:type="simple" xlink:href="../845/228845.xml">
connective tissue</link> diseases</entry>
<entry level="2" type="bullet">

 <link xlink:type="simple" xlink:href="../794/1076794.xml">
MeSH</link> <it><weblink xlink:type="simple" xlink:href="http://www.nlm.nih.gov/cgi/mesh/2007/MB_cgi?mode=&amp;term=Nutritional+and+Metabolic+Diseases&amp;field=entry#TreeC18">
C18</weblink></it> --- <link xlink:type="simple" xlink:href="../525/21525.xml">
nutritional</link> and <link xlink:type="simple" xlink:href="../625/1125625.xml">
metabolic diseases</link></entry>
<entry level="2" type="bullet">

 <link xlink:type="simple" xlink:href="../794/1076794.xml">
MeSH</link> <it><weblink xlink:type="simple" xlink:href="http://www.nlm.nih.gov/cgi/mesh/2007/MB_cgi?mode=&amp;term=Endocrine+System+Diseases&amp;field=entry#TreeC19">
C19</weblink></it> --- <link xlink:type="simple" xlink:href="../312/9312.xml">
endocrine system</link> diseases</entry>
<entry level="2" type="bullet">

 <link xlink:type="simple" xlink:href="../794/1076794.xml">
MeSH</link> <it><weblink xlink:type="simple" xlink:href="http://www.nlm.nih.gov/cgi/mesh/2007/MB_cgi?mode=&amp;term=Immune+System+Diseases&amp;field=entry#TreeC20">
C20</weblink></it> --- <link xlink:type="simple" xlink:href="../958/14958.xml">
immune system</link> diseases</entry>
<entry level="2" type="bullet">

 <link xlink:type="simple" xlink:href="../794/1076794.xml">
MeSH</link> <it><weblink xlink:type="simple" xlink:href="http://www.nlm.nih.gov/cgi/mesh/2007/MB_cgi?mode=&amp;term=Disorders+of+Environmental+Origin&amp;field=entry#TreeC21">
C21</weblink></it> --- disorders of <link xlink:type="simple" xlink:href="../685/558685.xml">
environmental</link> origin</entry>
<entry level="2" type="bullet">

 <link xlink:type="simple" xlink:href="../794/1076794.xml">
MeSH</link> <it><weblink xlink:type="simple" xlink:href="http://www.nlm.nih.gov/cgi/mesh/2007/MB_cgi?mode=&amp;term=Animal+Diseases&amp;field=entry#TreeC22">
C22</weblink></it> --- <link xlink:type="simple" xlink:href="../388/2992388.xml">
animal diseases</link></entry>
<entry level="2" type="bullet">

 <link xlink:type="simple" xlink:href="../794/1076794.xml">
MeSH</link> <it><weblink xlink:type="simple" xlink:href="http://www.nlm.nih.gov/cgi/mesh/2007/MB_cgi?mode=&amp;term=Pathological+Conditions,+Signs+and+Symptoms&amp;field=entry#TreeC23">
C23</weblink></it> --- <link xlink:type="simple" xlink:href="../791/48791.xml">
pathological</link> conditions, <link xlink:type="simple" xlink:href="../415/2943415.xml">
signs</link> and <link xlink:type="simple" xlink:href="../967/196967.xml">
symptoms</link></entry>
</list>
</p>
<p>

<list>
<entry level="1" type="bullet">

<link xlink:type="simple" xlink:href="../260/9722260.xml">
Chemicals</link> and Drugs [D]</entry>
<entry level="2" type="bullet">

 <link xlink:type="simple" xlink:href="../794/1076794.xml">
MeSH</link> <it><weblink xlink:type="simple" xlink:href="http://www.nlm.nih.gov/cgi/mesh/2007/MB_cgi?mode=&amp;term=Inorganic+Chemicals&amp;field=entry#TreeD01">
D01</weblink></it> --- <link xlink:type="simple" xlink:href="../442/363442.xml">
inorganic chemicals</link></entry>
<entry level="2" type="bullet">

 <link xlink:type="simple" xlink:href="../794/1076794.xml">
MeSH</link> <it><weblink xlink:type="simple" xlink:href="http://www.nlm.nih.gov/cgi/mesh/2007/MB_cgi?mode=&amp;term=Organic+Chemicals&amp;field=entry#TreeD02">
D02</weblink></it> --- <link xlink:type="simple" xlink:href="../203/22203.xml">
organic chemicals</link></entry>
<entry level="2" type="bullet">

 <link xlink:type="simple" xlink:href="../794/1076794.xml">
MeSH</link> <it><weblink xlink:type="simple" xlink:href="http://www.nlm.nih.gov/cgi/mesh/2007/MB_cgi?mode=&amp;term=Heterocyclic+Compounds&amp;field=entry#TreeD03">
D03</weblink></it> --- <link xlink:type="simple" xlink:href="../734/13734.xml">
heterocyclic compounds</link></entry>
<entry level="2" type="bullet">

 <link xlink:type="simple" xlink:href="../794/1076794.xml">
MeSH</link> <it><weblink xlink:type="simple" xlink:href="http://www.nlm.nih.gov/cgi/mesh/2007/MB_cgi?mode=&amp;term=Polycyclic+Compounds&amp;field=entry#TreeD04">
D04</weblink></it> --- <link xlink:type="simple" xlink:href="../132/3949132.xml">
polycyclic compounds</link></entry>
<entry level="2" type="bullet">

 <link xlink:type="simple" xlink:href="../794/1076794.xml">
MeSH</link> <it><weblink xlink:type="simple" xlink:href="http://www.nlm.nih.gov/cgi/mesh/2007/MB_cgi?mode=&amp;term=Macromolecular+Substances&amp;field=entry#TreeD05">
D05</weblink></it> --- <link xlink:type="simple" xlink:href="../231/106231.xml">
macromolecular substances</link></entry>
<entry level="2" type="bullet">

 <link xlink:type="simple" xlink:href="../794/1076794.xml">
MeSH</link> <it><weblink xlink:type="simple" xlink:href="http://www.nlm.nih.gov/cgi/mesh/2007/MB_cgi?mode=&amp;term=Hormones,+Hormone+Substitutes,+and+Hormone+Antagonists&amp;field=entry#TreeD06">
D06</weblink></it> --- <link xlink:type="simple" xlink:href="../311/13311.xml">
hormones</link>, <link>
hormone substitutes</link>, and <link xlink:type="simple" xlink:href="../583/9773583.xml">
hormone antagonists</link></entry>
<entry level="2" type="bullet">

 <link xlink:type="simple" xlink:href="../794/1076794.xml">
MeSH</link> <it><weblink xlink:type="simple" xlink:href="http://www.nlm.nih.gov/cgi/mesh/2007/MB_cgi?mode=&amp;term=Enzymes+and+Coenzymes&amp;field=entry#TreeD08">
D08</weblink></it> --- <link xlink:type="simple" xlink:href="../257/9257.xml">
enzymes</link> and <link xlink:type="simple" xlink:href="../654/81654.xml">
coenzymes</link></entry>
<entry level="2" type="bullet">

 <link xlink:type="simple" xlink:href="../794/1076794.xml">
MeSH</link> <it><weblink xlink:type="simple" xlink:href="http://www.nlm.nih.gov/cgi/mesh/2007/MB_cgi?mode=&amp;term=Carbohydrates&amp;field=entry#TreeD09">
D09</weblink></it> --- <link xlink:type="simple" xlink:href="../932/5932.xml">
carbohydrates</link></entry>
<entry level="2" type="bullet">

 <link xlink:type="simple" xlink:href="../794/1076794.xml">
MeSH</link> <it><weblink xlink:type="simple" xlink:href="http://www.nlm.nih.gov/cgi/mesh/2007/MB_cgi?mode=&amp;term=Lipids&amp;field=entry#TreeD10">
D10</weblink></it> --- <link xlink:type="simple" xlink:href="../940/17940.xml">
lipids</link></entry>
<entry level="2" type="bullet">

 <link xlink:type="simple" xlink:href="../794/1076794.xml">
MeSH</link> <it><weblink xlink:type="simple" xlink:href="http://www.nlm.nih.gov/cgi/mesh/2007/MB_cgi?mode=&amp;term=Amino+Acids,+Peptides,+and+Proteins&amp;field=entry#TreeD12">
D12</weblink></it> --- <link xlink:type="simple" xlink:href="../207/1207.xml">
amino acids</link>, <link xlink:type="simple" xlink:href="../029/24029.xml">
peptides</link>, and <link xlink:type="simple" xlink:href="../634/23634.xml">
proteins</link></entry>
<entry level="2" type="bullet">

 <link xlink:type="simple" xlink:href="../794/1076794.xml">
MeSH</link> <it><weblink xlink:type="simple" xlink:href="http://www.nlm.nih.gov/cgi/mesh/2007/MB_cgi?mode=&amp;term=Nucleic+Acids,+Nucleotides,+and+Nucleosides&amp;field=entry#TreeD13">
D13</weblink></it> --- <link xlink:type="simple" xlink:href="../496/21496.xml">
nucleic acids</link>, <link xlink:type="simple" xlink:href="../505/21505.xml">
nucleotides</link>, and <link xlink:type="simple" xlink:href="../095/89095.xml">
nucleosides</link></entry>
<entry level="2" type="bullet">

 <link xlink:type="simple" xlink:href="../794/1076794.xml">
MeSH</link> <it><weblink xlink:type="simple" xlink:href="http://www.nlm.nih.gov/cgi/mesh/2007/MB_cgi?mode=&amp;term=Complex+Mixtures&amp;field=entry#TreeD20">
D20</weblink></it> --- <link>
complex mixtures</link></entry>
<entry level="2" type="bullet">

 <link xlink:type="simple" xlink:href="../794/1076794.xml">
MeSH</link> <it><weblink xlink:type="simple" xlink:href="http://www.nlm.nih.gov/cgi/mesh/2007/MB_cgi?mode=&amp;term=Biological+Factors&amp;field=entry#TreeD23">
D23</weblink></it> --- <link xlink:type="simple" xlink:href="../502/160502.xml">
biological factors</link></entry>
<entry level="2" type="bullet">

 <link xlink:type="simple" xlink:href="../794/1076794.xml">
MeSH</link> <it><weblink xlink:type="simple" xlink:href="http://www.nlm.nih.gov/cgi/mesh/2007/MB_cgi?mode=&amp;term=Biomedical+and+Dental+Materials&amp;field=entry#TreeD25">
D25</weblink></it> --- <link>
biomedical</link> and <link xlink:type="simple" xlink:href="../005/8005.xml">
dental</link> materials</entry>
<entry level="2" type="bullet">

 <link xlink:type="simple" xlink:href="../794/1076794.xml">
MeSH</link> <it><weblink xlink:type="simple" xlink:href="http://www.nlm.nih.gov/cgi/mesh/2007/MB_cgi?mode=&amp;term=Pharmaceutical+Preparations&amp;field=entry#TreeD26">
D26</weblink></it> --- <link xlink:type="simple" xlink:href="../121/180121.xml">
pharmaceutical</link> preparations</entry>
<entry level="2" type="bullet">

 <link xlink:type="simple" xlink:href="../794/1076794.xml">
MeSH</link> <it><weblink xlink:type="simple" xlink:href="http://www.nlm.nih.gov/cgi/mesh/2007/MB_cgi?mode=&amp;term=Chemical+Actions+and+Uses&amp;field=entry#TreeD27">
D27</weblink></it> --- <link xlink:type="simple" xlink:href="../260/9722260.xml">
chemical</link> actions and uses</entry>
</list>
</p>
<p>

<list>
<entry level="1" type="bullet">

Analytical, <link xlink:type="simple" xlink:href="../525/18507525.xml">
Diagnostic</link> and Therapeutic Techniques and Equipment [E]</entry>
<entry level="2" type="bullet">

 <link xlink:type="simple" xlink:href="../794/1076794.xml">
MeSH</link> <it><weblink xlink:type="simple" xlink:href="http://www.nlm.nih.gov/cgi/mesh/2007/MB_cgi?mode=&amp;term=Diagnosis&amp;field=entry#TreeE01">
E01</weblink></it> --- <link xlink:type="simple" xlink:href="../525/18507525.xml">
diagnosis</link></entry>
<entry level="2" type="bullet">

 <link xlink:type="simple" xlink:href="../794/1076794.xml">
MeSH</link> <it><weblink xlink:type="simple" xlink:href="http://www.nlm.nih.gov/cgi/mesh/2007/MB_cgi?mode=&amp;term=Therapeutics&amp;field=entry#TreeE02">
E02</weblink></it> --- <link xlink:type="simple" xlink:href="../957/18957.xml">
therapeutics</link></entry>
<entry level="2" type="bullet">

 <link xlink:type="simple" xlink:href="../794/1076794.xml">
MeSH</link> <it><weblink xlink:type="simple" xlink:href="http://www.nlm.nih.gov/cgi/mesh/2007/MB_cgi?mode=&amp;term=Anesthesia+and+Analgesia&amp;field=entry#TreeE03">
E03</weblink></it> --- <link xlink:type="simple" xlink:href="../561/56561.xml">
anesthesia</link> and <link xlink:type="simple" xlink:href="../ury/23rd_century.xml">
analgesia</link></entry>
<entry level="2" type="bullet">

 <link xlink:type="simple" xlink:href="../794/1076794.xml">
MeSH</link> <it><weblink xlink:type="simple" xlink:href="http://www.nlm.nih.gov/cgi/mesh/2007/MB_cgi?mode=&amp;term=Surgical+Procedures,+Operative&amp;field=entry#TreeE04">
E04</weblink></it> --- <link>
surgical procedures</link>, operative</entry>
<entry level="2" type="bullet">

 <link xlink:type="simple" xlink:href="../794/1076794.xml">
MeSH</link> <it><weblink xlink:type="simple" xlink:href="http://www.nlm.nih.gov/cgi/mesh/2007/MB_cgi?mode=&amp;term=Investigative+Techniques&amp;field=entry#TreeE05">
E05</weblink></it> --- <link>
investigative techniques</link></entry>
<entry level="2" type="bullet">

 <link xlink:type="simple" xlink:href="../794/1076794.xml">
MeSH</link> <it><weblink xlink:type="simple" xlink:href="http://www.nlm.nih.gov/cgi/mesh/2007/MB_cgi?mode=&amp;term=Dentistry&amp;field=entry#TreeE06">
E06</weblink></it> --- <link xlink:type="simple" xlink:href="../005/8005.xml">
dentistry</link></entry>
<entry level="2" type="bullet">

 <link xlink:type="simple" xlink:href="../794/1076794.xml">
MeSH</link> <it><weblink xlink:type="simple" xlink:href="http://www.nlm.nih.gov/cgi/mesh/2007/MB_cgi?mode=&amp;term=Equipment+and+Supplies&amp;field=entry#TreeE07">
E07</weblink></it> --- <link xlink:type="simple" xlink:href="../677/30677.xml">
equipment</link> and <link xlink:type="simple" xlink:href="../681/176681.xml">
supplies</link></entry>
</list>
</p>
<p>

<list>
<entry level="1" type="bullet">

<link xlink:type="simple" xlink:href="../869/18973869.xml">
Psychiatry</link> and <link xlink:type="simple" xlink:href="../921/22921.xml">
Psychology</link> [F]</entry>
<entry level="2" type="bullet">

 <link xlink:type="simple" xlink:href="../794/1076794.xml">
MeSH</link> <it><weblink xlink:type="simple" xlink:href="http://www.nlm.nih.gov/cgi/mesh/2007/MB_cgi?mode=&amp;term=Behavior+and+Behavior+Mechanisms&amp;field=entry#TreeF01">
F01</weblink></it> --- <link xlink:type="simple" xlink:href="../805/4805.xml">
behavior</link> and <link>
behavior mechanisms</link></entry>
<entry level="2" type="bullet">

 <link xlink:type="simple" xlink:href="../794/1076794.xml">
MeSH</link> <it><weblink xlink:type="simple" xlink:href="http://www.nlm.nih.gov/cgi/mesh/2007/MB_cgi?mode=&amp;term=Psychological+Phenomena+and+Processes&amp;field=entry#TreeF02">
F02</weblink></it> --- <link>
psychological phenomena</link> and processes</entry>
<entry level="2" type="bullet">

 <link xlink:type="simple" xlink:href="../794/1076794.xml">
MeSH</link> <it><weblink xlink:type="simple" xlink:href="http://www.nlm.nih.gov/cgi/mesh/2007/MB_cgi?mode=&amp;term=Mental+Disorders&amp;field=entry#TreeF03">
F03</weblink></it> --- <link xlink:type="simple" xlink:href="../356/19356.xml">
mental disorders</link></entry>
<entry level="2" type="bullet">

 <link xlink:type="simple" xlink:href="../794/1076794.xml">
MeSH</link> <it><weblink xlink:type="simple" xlink:href="http://www.nlm.nih.gov/cgi/mesh/2007/MB_cgi?mode=&amp;term=Behavioral+Disciplines+and+Activities&amp;field=entry#TreeF04">
F04</weblink></it> --- <link xlink:type="simple" xlink:href="../303/1589303.xml">
behavioral disciplines</link> and activities</entry>
</list>
</p>
<p>

<list>
<entry level="1" type="bullet">

<link xlink:type="simple" xlink:href="../632/9127632.xml">
Biological Sciences</link> [G]</entry>
<entry level="2" type="bullet">

 <link xlink:type="simple" xlink:href="../794/1076794.xml">
MeSH</link> <it><weblink xlink:type="simple" xlink:href="http://www.nlm.nih.gov/cgi/mesh/2007/MB_cgi?mode=&amp;term=Biological+Sciences&amp;field=entry#TreeG01">
G01</weblink></it> --- <link xlink:type="simple" xlink:href="../632/9127632.xml">
biological sciences</link></entry>
<entry level="2" type="bullet">

 <link xlink:type="simple" xlink:href="../794/1076794.xml">
MeSH</link> <it><weblink xlink:type="simple" xlink:href="http://www.nlm.nih.gov/cgi/mesh/2007/MB_cgi?mode=&amp;term=Health+Occupations&amp;field=entry#TreeG02">
G02</weblink></it> --- <link xlink:type="simple" xlink:href="../319/349319.xml">
health occupations</link></entry>
<entry level="2" type="bullet">

 <link xlink:type="simple" xlink:href="../794/1076794.xml">
MeSH</link> <it><weblink xlink:type="simple" xlink:href="http://www.nlm.nih.gov/cgi/mesh/2007/MB_cgi?mode=&amp;term=Environment+and+Public+Health&amp;field=entry#TreeG03">
G03</weblink></it> --- <link xlink:type="simple" xlink:href="../919/64919.xml">
environment</link> and <link xlink:type="simple" xlink:href="../734/463734.xml">
public health</link></entry>
<entry level="2" type="bullet">

 <link xlink:type="simple" xlink:href="../794/1076794.xml">
MeSH</link> <it><weblink xlink:type="simple" xlink:href="http://www.nlm.nih.gov/cgi/mesh/2007/MB_cgi?mode=&amp;term=Biological+Phenomena,+Cell+Phenomena,+and+Immunity&amp;field=entry#TreeG04">
G04</weblink></it> --- <link xlink:type="simple" xlink:href="../632/9127632.xml">
biological phenomena</link>, <link>
cell phenomena</link>, and <link xlink:type="simple" xlink:href="../547/298547.xml">
immunity</link></entry>
<entry level="2" type="bullet">

 <link xlink:type="simple" xlink:href="../794/1076794.xml">
MeSH</link> <it><weblink xlink:type="simple" xlink:href="http://www.nlm.nih.gov/cgi/mesh/2007/MB_cgi?mode=&amp;term=Genetic+Processes&amp;field=entry#TreeG05">
G05</weblink></it> --- <link>
genetic processes</link></entry>
<entry level="2" type="bullet">

 <link xlink:type="simple" xlink:href="../794/1076794.xml">
MeSH</link> <it><weblink xlink:type="simple" xlink:href="http://www.nlm.nih.gov/cgi/mesh/2007/MB_cgi?mode=&amp;term=Biochemical+Phenomena,+Metabolism,+and+Nutrition&amp;field=entry#TreeG06">
G06</weblink></it> --- <link xlink:type="simple" xlink:href="../954/3954.xml">
biochemical phenomena</link>, <link xlink:type="simple" xlink:href="../374/20374.xml">
metabolism</link>, and <link xlink:type="simple" xlink:href="../525/21525.xml">
nutrition</link></entry>
<entry level="2" type="bullet">

 <link xlink:type="simple" xlink:href="../794/1076794.xml">
MeSH</link> <it><weblink xlink:type="simple" xlink:href="http://www.nlm.nih.gov/cgi/mesh/2007/MB_cgi?mode=&amp;term=Physiological+Processes&amp;field=entry#TreeG07">
G07</weblink></it> --- <link xlink:type="simple" xlink:href="../597/23597.xml">
physiological</link> processes</entry>
<entry level="2" type="bullet">

 <link xlink:type="simple" xlink:href="../794/1076794.xml">
MeSH</link> <it><weblink xlink:type="simple" xlink:href="http://www.nlm.nih.gov/cgi/mesh/2007/MB_cgi?mode=&amp;term=Reproductive+and+Urinary+Physiology&amp;field=entry#TreeG08">
G08</weblink></it> --- <link xlink:type="simple" xlink:href="../310/26310.xml">
reproductive</link> and <link xlink:type="simple" xlink:href="../927/55927.xml">
urinary</link> <link xlink:type="simple" xlink:href="../597/23597.xml">
physiology</link></entry>
<entry level="2" type="bullet">

 <link xlink:type="simple" xlink:href="../794/1076794.xml">
MeSH</link> <it><weblink xlink:type="simple" xlink:href="http://www.nlm.nih.gov/cgi/mesh/2007/MB_cgi?mode=&amp;term=Circulatory+and+Respiratory+Physiology&amp;field=entry#TreeG09">
G09</weblink></it> --- <link xlink:type="simple" xlink:href="../330/57330.xml">
circulatory</link> and <link xlink:type="simple" xlink:href="../723/66723.xml">
respiratory</link> <link xlink:type="simple" xlink:href="../597/23597.xml">
physiology</link></entry>
<entry level="2" type="bullet">

 <link xlink:type="simple" xlink:href="../794/1076794.xml">
MeSH</link> <it><weblink xlink:type="simple" xlink:href="http://www.nlm.nih.gov/cgi/mesh/2007/MB_cgi?mode=&amp;term=Digestive,+Oral,+and+Skin+Physiology&amp;field=entry#TreeG10">
G10</weblink></it> --- <link xlink:type="simple" xlink:href="../116/1290116.xml">
digestive</link>, , and <link xlink:type="simple" xlink:href="../978/27978.xml">
skin</link> <link xlink:type="simple" xlink:href="../597/23597.xml">
physiology</link></entry>
<entry level="2" type="bullet">

 <link xlink:type="simple" xlink:href="../794/1076794.xml">
MeSH</link> <it><weblink xlink:type="simple" xlink:href="http://www.nlm.nih.gov/cgi/mesh/2007/MB_cgi?mode=&amp;term=Musculoskeletal,+Neural,+and+Ocular+Physiology&amp;field=entry#TreeG11">
G11</weblink></it> --- <link xlink:type="simple" xlink:href="../348/653348.xml">
musculoskeletal</link>, <link xlink:type="simple" xlink:href="../944/21944.xml">
neural</link>, and <link xlink:type="simple" xlink:href="../802/2780802.xml">
ocular</link> <link xlink:type="simple" xlink:href="../597/23597.xml">
physiology</link></entry>
<entry level="2" type="bullet">

 <link xlink:type="simple" xlink:href="../794/1076794.xml">
MeSH</link> <it><weblink xlink:type="simple" xlink:href="http://www.nlm.nih.gov/cgi/mesh/2007/MB_cgi?mode=&amp;term=Chemical+and+Pharmacologic+Phenomena&amp;field=entry#TreeG12">
G12</weblink></it> --- <link xlink:type="simple" xlink:href="../260/9722260.xml">
chemical</link> and <link xlink:type="simple" xlink:href="../354/24354.xml">
pharmacologic</link> phenomena</entry>
<entry level="2" type="bullet">

 <link xlink:type="simple" xlink:href="../794/1076794.xml">
MeSH</link> <it><weblink xlink:type="simple" xlink:href="http://www.nlm.nih.gov/cgi/mesh/2007/MB_cgi?mode=&amp;term=Genetic+Phenomena&amp;field=entry#TreeG13">
G13</weblink></it> --- <link>
genetic phenomena</link></entry>
<entry level="2" type="bullet">

 <link xlink:type="simple" xlink:href="../794/1076794.xml">
MeSH</link> <it><weblink xlink:type="simple" xlink:href="http://www.nlm.nih.gov/cgi/mesh/2007/MB_cgi?mode=&amp;term=Genetic+Structures&amp;field=entry#TreeG14">
G14</weblink></it> --- <link>
genetic structures</link></entry>
</list>
</p>
<p>

<list>
<entry level="1" type="bullet">

<link xlink:type="simple" xlink:href="../638/23638.xml">
Physical Sciences</link> [H]</entry>
<entry level="2" type="bullet">

 <link xlink:type="simple" xlink:href="../794/1076794.xml">
MeSH</link> <it><weblink xlink:type="simple" xlink:href="http://www.nlm.nih.gov/cgi/mesh/2007/MB_cgi?mode=&amp;term=Natural+Sciences&amp;field=entry#TreeH01">
H01</weblink></it> --- <link xlink:type="simple" xlink:href="../890/38890.xml">
natural sciences</link></entry>
</list>
</p>
<p>

<list>
<entry level="1" type="bullet">

<link xlink:type="simple" xlink:href="../569/569.xml">
Anthropology</link>, <link xlink:type="simple" xlink:href="../252/9252.xml">
Education</link>, <link xlink:type="simple" xlink:href="../981/18717981.xml">
Sociology</link> and Social Phenomena [I]</entry>
<entry level="2" type="bullet">

 <link xlink:type="simple" xlink:href="../794/1076794.xml">
MeSH</link> <it><weblink xlink:type="simple" xlink:href="http://www.nlm.nih.gov/cgi/mesh/2007/MB_cgi?mode=&amp;term=Social+Sciences&amp;field=entry#TreeI01">
I01</weblink></it> --- <link xlink:type="simple" xlink:href="../781/26781.xml">
social sciences</link></entry>
<entry level="2" type="bullet">

 <link xlink:type="simple" xlink:href="../794/1076794.xml">
MeSH</link> <it><weblink xlink:type="simple" xlink:href="http://www.nlm.nih.gov/cgi/mesh/2007/MB_cgi?mode=&amp;term=Education&amp;field=entry#TreeI02">
I02</weblink></it> --- <link xlink:type="simple" xlink:href="../252/9252.xml">
education</link></entry>
<entry level="2" type="bullet">

 <link xlink:type="simple" xlink:href="../794/1076794.xml">
MeSH</link> <it><weblink xlink:type="simple" xlink:href="http://www.nlm.nih.gov/cgi/mesh/2007/MB_cgi?mode=&amp;term=Human+Activities&amp;field=entry#TreeI03">
I03</weblink></it> --- <link>
human activities</link></entry>
</list>
</p>
<p>

<list>
<entry level="1" type="bullet">

Technology and <link xlink:type="simple" xlink:href="../646/10646.xml">
Food</link> and <link xlink:type="simple" xlink:href="../984/7984.xml">
Beverages</link> [J]</entry>
<entry level="2" type="bullet">

 <link xlink:type="simple" xlink:href="../794/1076794.xml">
MeSH</link> <it><weblink xlink:type="simple" xlink:href="http://www.nlm.nih.gov/cgi/mesh/2007/MB_cgi?mode=&amp;term=Technology,+Industry,+and+Agriculture&amp;field=entry#TreeJ01">
J01</weblink></it> --- <link xlink:type="simple" xlink:href="../816/29816.xml">
technology</link>, <link xlink:type="simple" xlink:href="../543/14543.xml">
industry</link>, and <link xlink:type="simple" xlink:href="../627/627.xml">
agriculture</link></entry>
<entry level="2" type="bullet">

 <link xlink:type="simple" xlink:href="../794/1076794.xml">
MeSH</link> <it><weblink xlink:type="simple" xlink:href="http://www.nlm.nih.gov/cgi/mesh/2007/MB_cgi?mode=&amp;term=Food+and+Beverages&amp;field=entry#TreeJ02">
J02</weblink></it> --- <link xlink:type="simple" xlink:href="../646/10646.xml">
food</link> and <link xlink:type="simple" xlink:href="../984/7984.xml">
beverages</link></entry>
</list>
</p>
<p>

<list>
<entry level="1" type="bullet">

<link xlink:type="simple" xlink:href="../132/53132.xml">
Humanities</link> [K]</entry>
<entry level="2" type="bullet">

 <link xlink:type="simple" xlink:href="../794/1076794.xml">
MeSH</link> <it><weblink xlink:type="simple" xlink:href="http://www.nlm.nih.gov/cgi/mesh/2007/MB_cgi?mode=&amp;term=Humanities&amp;field=entry#TreeK01">
K01</weblink></it> --- <link xlink:type="simple" xlink:href="../132/53132.xml">
humanities</link></entry>
</list>
</p>
<p>

<list>
<entry level="1" type="bullet">

<link xlink:type="simple" xlink:href="../354/149354.xml">
Information Science</link> [L]</entry>
<entry level="2" type="bullet">

 <link xlink:type="simple" xlink:href="../794/1076794.xml">
MeSH</link> <it><weblink xlink:type="simple" xlink:href="http://www.nlm.nih.gov/cgi/mesh/2007/MB_cgi?mode=&amp;term=Information+Science&amp;field=entry#TreeL01">
L01</weblink></it> --- <link xlink:type="simple" xlink:href="../354/149354.xml">
information science</link></entry>
</list>
</p>
<p>

<list>
<entry level="1" type="bullet">

Persons [M]</entry>
<entry level="2" type="bullet">

 <link xlink:type="simple" xlink:href="../794/1076794.xml">
MeSH</link> <it><weblink xlink:type="simple" xlink:href="http://www.nlm.nih.gov/cgi/mesh/2007/MB_cgi?mode=&amp;term=Persons&amp;field=entry#TreeM01">
M01</weblink></it> --- <link xlink:type="simple" xlink:href="../599/219599.xml">
persons</link></entry>
</list>
</p>
<p>

<list>
<entry level="1" type="bullet">

<link xlink:type="simple" xlink:href="../925/261925.xml">
Health Care</link> [N]</entry>
<entry level="2" type="bullet">

 <link xlink:type="simple" xlink:href="../794/1076794.xml">
MeSH</link> <it><weblink xlink:type="simple" xlink:href="http://www.nlm.nih.gov/cgi/mesh/2007/MB_cgi?mode=&amp;term=Population+Characteristics&amp;field=entry#TreeN01">
N01</weblink></it> --- <link>
population characteristics</link></entry>
<entry level="2" type="bullet">

 <link xlink:type="simple" xlink:href="../794/1076794.xml">
MeSH</link> <it><weblink xlink:type="simple" xlink:href="http://www.nlm.nih.gov/cgi/mesh/2007/MB_cgi?mode=&amp;term=Health+Care+Facilities,+Manpower,+and+Services&amp;field=entry#TreeN02">
N02</weblink></it> --- <link xlink:type="simple" xlink:href="../043/19452043.xml">
health care facilities</link>, <link xlink:type="simple" xlink:href="../732/557732.xml">
manpower</link>, and <link xlink:type="simple" xlink:href="../586/181586.xml">
services</link></entry>
<entry level="2" type="bullet">

 <link xlink:type="simple" xlink:href="../794/1076794.xml">
MeSH</link> <it><weblink xlink:type="simple" xlink:href="http://www.nlm.nih.gov/cgi/mesh/2007/MB_cgi?mode=&amp;term=Health+Care+Economics+and+Organizations&amp;field=entry#TreeN03">
N03</weblink></it> --- <link xlink:type="simple" xlink:href="../753/265753.xml">
health care economics</link> and <link xlink:type="simple" xlink:href="../070/105070.xml">
organizations</link></entry>
<entry level="2" type="bullet">

 <link xlink:type="simple" xlink:href="../794/1076794.xml">
MeSH</link> <it><weblink xlink:type="simple" xlink:href="http://www.nlm.nih.gov/cgi/mesh/2007/MB_cgi?mode=&amp;term=Health+Services+Administration&amp;field=entry#TreeN04">
N04</weblink></it> --- <link xlink:type="simple" xlink:href="../925/261925.xml">
health services</link> <link xlink:type="simple" xlink:href="../886/58886.xml">
administration</link></entry>
<entry level="2" type="bullet">

 <link xlink:type="simple" xlink:href="../794/1076794.xml">
MeSH</link> <it><weblink xlink:type="simple" xlink:href="http://www.nlm.nih.gov/cgi/mesh/2007/MB_cgi?mode=&amp;term=Health+Care+Quality,+Access,+and+Evaluation&amp;field=entry#TreeN05">
N05</weblink></it> --- <link xlink:type="simple" xlink:href="../925/261925.xml">
health care</link> <link xlink:type="simple" xlink:href="../455/12115455.xml">
quality</link>, <link xlink:type="simple" xlink:href="../682/40682.xml">
access</link>, and <link xlink:type="simple" xlink:href="../433/62433.xml">
evaluation</link></entry>
</list>
</p>
<p>

<list>
<entry level="1" type="bullet">

<link xlink:type="simple" xlink:href="../691/226691.xml">
Publication</link> Characteristics [V]</entry>
<entry level="2" type="bullet">

 <link xlink:type="simple" xlink:href="../794/1076794.xml">
MeSH</link> <it><weblink xlink:type="simple" xlink:href="http://www.nlm.nih.gov/cgi/mesh/2007/MB_cgi?mode=&amp;term=Publication+Components+(Publication+Type)&amp;field=entry#TreeV01">
V01</weblink></it> --- <link>
publication components</link> (publication type)</entry>
<entry level="2" type="bullet">

 <link xlink:type="simple" xlink:href="../794/1076794.xml">
MeSH</link> <it><weblink xlink:type="simple" xlink:href="http://www.nlm.nih.gov/cgi/mesh/2007/MB_cgi?mode=&amp;term=Publication+Formats+(Publication+Type)&amp;field=entry#TreeV02">
V02</weblink></it> --- <link>
publication formats</link> (publication type)</entry>
<entry level="2" type="bullet">

 <link xlink:type="simple" xlink:href="../794/1076794.xml">
MeSH</link> <it><weblink xlink:type="simple" xlink:href="http://www.nlm.nih.gov/cgi/mesh/2007/MB_cgi?mode=&amp;term=Study+Characteristics+(Publication+Type)&amp;field=entry#TreeV03">
V03</weblink></it> --- <link>
study characteristics</link> (publication type)</entry>
<entry level="2" type="bullet">

 <link xlink:type="simple" xlink:href="../794/1076794.xml">
MeSH</link> <it><weblink xlink:type="simple" xlink:href="http://www.nlm.nih.gov/cgi/mesh/2007/MB_cgi?mode=&amp;term=Support+of+Research&amp;field=entry#TreeV04">
V04</weblink></it> --- support of <link xlink:type="simple" xlink:href="../524/25524.xml">
research</link></entry>
</list>
</p>
<p>

<list>
<entry level="1" type="bullet">

<link xlink:type="simple" xlink:href="../910/18963910.xml">
Geographic</link> Locations [Z]</entry>
<entry level="2" type="bullet">

 <link xlink:type="simple" xlink:href="../794/1076794.xml">
MeSH</link> <it><weblink xlink:type="simple" xlink:href="http://www.nlm.nih.gov/cgi/mesh/2007/MB_cgi?mode=&amp;term=Geographic+Locations&amp;field=entry#TreeZ01">
Z01</weblink></it> --- <link xlink:type="simple" xlink:href="../910/18963910.xml">
geographic</link> locations</entry>
</list>
</p>

</sec>
<sec>
<st>
See also</st>
<p>

<list>
<entry level="1" type="bullet">

<link xlink:type="simple" xlink:href="../892/10525892.xml">
Medical literature retrieval</link></entry>
<entry level="1" type="bullet">

<link xlink:type="simple" xlink:href="../929/1076929.xml">
Medical classification</link></entry>
<entry level="1" type="bullet">

<link xlink:type="simple" xlink:href="../719/1850719.xml">
Controlled vocabulary</link></entry>
</list>
</p>

</sec>
<sec>
<st>
External links</st>
<p>

<list>
<entry level="1" type="bullet">

<weblink xlink:type="simple" xlink:href="http://www.nlm.nih.gov/mesh/">
Medical Subject Heading Home</weblink> provided by National Library of Medicine, National Institutes of Health (U.S.)</entry>
<entry level="1" type="bullet">

<weblink xlink:type="simple" xlink:href="http://www.ncbi.nlm.nih.gov/entrez/query.fcgi?db=mesh">
MeSH database tutorials</weblink></entry>
<entry level="1" type="bullet">

Browsing MeSH: </entry>
<entry level="2" type="bullet">

<weblink xlink:type="simple" xlink:href="http://www.ncbi.nlm.nih.gov/entrez/query.fcgi?db=mesh">
Entrez</weblink></entry>
<entry level="2" type="bullet">

<weblink xlink:type="simple" xlink:href="http://www.nlm.nih.gov/mesh/MBrowser.html">
MeSH Browser</weblink></entry>
<entry level="2" type="bullet">

<weblink xlink:type="simple" xlink:href="http://www.curehunter.com/public/dictionary.do">
Visual MeSH Browser</weblink> mapping drug-disease relationships in research</entry>
<entry level="2" type="bullet">

GoPubMed (above)</entry>
<entry level="2" type="bullet">

<weblink xlink:type="simple" xlink:href="http://www.meshine.info/">
MeSHine</weblink></entry>
<entry level="2" type="bullet">

<weblink xlink:type="simple" xlink:href="http://www.reference.md/">
Reference.MD</weblink></entry>
<entry level="2" type="bullet">

<weblink xlink:type="simple" xlink:href="http://www.sharingpoint.net/searchOJ.asp?searchType=thesBrows">
SHARing Point</weblink></entry>
<entry level="1" type="bullet">

<weblink xlink:type="simple" xlink:href="http://www.nlm.nih.gov/mesh/topsubscope2008.html">
List of qualifiers - 2008</weblink></entry>
</list>
</p>


</sec>
</bdy>
</entity>
</article>
