<?xml version="1.0" encoding="UTF-8"?>
<!-- generated by CLiX/Wiki2XML [MPI-Inf, MMCI@UdS] $LastChangedRevision: 92 $ on 17.04.2009 00:19:59[mciao0828] -->
<!DOCTYPE article SYSTEM "../article.dtd">
<article xmlns:xlink="http://www.w3.org/1999/xlink">
<header>
<title>Terrier Search Engine</title>
<id>10818378</id>
<revision>
<id>174101425</id>
<timestamp>2007-11-27T09:15:56Z</timestamp>
<contributor>
<username>KAtremer</username>
<id>449028</id>
</contributor>
</revision>
<categories>
<category>Free search engine software</category>
</categories>
</header>
<bdy>

<b>Terrier</b> is a software for the rapid development of Web, intranet and desktop search engines. More generally, it is a modular platform for the rapid development of large-scale Information Retrieval applications, providing indexing and retrieval functionalities. <p>

Terrier was developed by members of the <link xlink:type="simple" xlink:href="../271/15271.xml">
Information Retrieval</link> Research Group, Department of Computing Science, at the <university wordnetid="108286163" confidence="0.9508927676800064">
<link xlink:type="simple" xlink:href="../569/39569.xml">
University of Glasgow</link></university>
.</p>
<p>

A core version of Terrier is available as <link xlink:type="simple" xlink:href="../758/18938758.xml">
open source</link> software under the <link xlink:type="simple" xlink:href="../528/608528.xml">
Mozilla Public License</link> (MPL), with the aim to facilitate experimentation and research in the wider Information Retrieval community. </p>

<sec>
<st>
Bibliography</st>
<p>

<list>
<entry level="1" type="bullet">

<weblink xlink:type="simple" xlink:href="http://ir.dcs.gla.ac.uk/terrier/publications/ounis06terrier-osir.pdf">
Terrier: A High Performance and Scalable Information Retrieval Platform (pdf)</weblink> - Iadh Ounis, Gianni Amati, Vassilis Plachouras, Ben He, Craig Macdonald, and Christina Lioma. In Proceedings of ACM SIGIR'06 Workshop on Open Source Information Retrieval (OSIR 2006). 10th August, 2006. Seattle, Washington, USA.</entry>
<entry level="1" type="bullet">

<weblink xlink:type="simple" xlink:href="http://ir.dcs.gla.ac.uk/terrier/publications/uglasgow.tera.ent.final.pdf">
University of Glasgow at TREC 2006: Experiments in Terabyte and Enterprise Tracks with Terrier (pdf)</weblink>- Christina Lioma, Craig Macdonald, Vassilis Plachouras, Jie Peng, Ben He and Iadh Ounis. In Proceedings of the 15th Text REtrieval Conference (TREC 2006), Gaithersburg, MD, USA, 2006.</entry>
<entry level="1" type="bullet">

<weblink xlink:type="simple" xlink:href="http://ir.dcs.gla.ac.uk/terrier/publications/glasgowTrec2005.pdf">
University of Glasgow at TREC 2005: Experiments in Terabyte and Enterprise Tracks with Terrier(pdf)</weblink>- Craig Macdonald, Ben He, Vassilis Plachouras and Iadh Ounis. In Proceedings of the 14th Text REtrieval Conference (TREC 2005), Gaithersburg, MD, USA, 2005.</entry>
</list>
</p>

</sec>
<sec>
<st>
External links</st>
<p>

<list>
<entry level="1" type="bullet">

<weblink xlink:type="simple" xlink:href="http://ir.dcs.gla.ac.uk/terrier/">
Terrier Project</weblink></entry>
</list>
</p>

</sec>
</bdy>
</article>
