<?xml version="1.0" encoding="UTF-8"?>
<!-- generated by CLiX/Wiki2XML [MPI-Inf, MMCI@UdS] $LastChangedRevision: 92 $ on 17.04.2009 00:32:00[mciao0827] -->
<!DOCTYPE article SYSTEM "../article.dtd">
<article xmlns:xlink="http://www.w3.org/1999/xlink">
<actor  confidence="0.9508927676800064" wordnetid="109765278">
<header>
<title>Lyriq Bent</title>
<id>10819275</id>
<revision>
<id>244222671</id>
<timestamp>2008-10-09T21:11:18Z</timestamp>
<contributor>
<username>Emufarmers</username>
<id>543485</id>
</contributor>
</revision>
<categories>
<category>Living people</category>
<category>Year of birth missing (living people)</category>
<category>Black Canadian actors</category>
<category>Canadian television actors</category>
<category>Canadian film actors</category>
</categories>
</header>
<bdy>
<template>
<name>Infobox actor</name>
<parameters>

<image width="150px" src="Lyriq_Headshot.jpg">
<caption>

Lyriq Bent
</caption>
</image>
<imagesize>
200px</imagesize>
</parameters>
</template>


<b>Lyriq Bent</b> is a <region wordnetid="108630039" confidence="0.9508927676800064">
<link xlink:type="simple" xlink:href="../916/5042916.xml">
Canadian</link></region>
 <link xlink:type="simple" xlink:href="../753/753.xml">
actor</link>, best known for his portrayal as SWAT Team Leader <fictional_character wordnetid="109587565" confidence="0.8">
<imaginary_being wordnetid="109483738" confidence="0.8">
<link xlink:type="simple" xlink:href="../498/14148498.xml">
Rigg</link></imaginary_being>
</fictional_character>
 in <it><movie wordnetid="106613686" confidence="0.9508927676800064">
<link xlink:type="simple" xlink:href="../736/1640736.xml">
Saw II</link></movie>
</it>, <it><movie wordnetid="106613686" confidence="0.9508927676800064">
<link xlink:type="simple" xlink:href="../498/3636498.xml">
Saw III</link></movie>
</it>, and <it><movie wordnetid="106613686" confidence="0.9508927676800064">
<link xlink:type="simple" xlink:href="../669/7694669.xml">
Saw IV</link></movie>
</it>. 
<sec>
<st>
Biography</st>
<p>
 
After graduating college with high honors, Lyriq Bent originally began his career as a computer graphic technician. Bent's plans, however, were short-lived as he decided to take up acting on a dare. Since then, he has had numerous film and television appearances. </p>
<p>

Prior to landing a co-starring role on Lifetime's recent drama series <it><series wordnetid="108457976" confidence="0.9508927676800064">
<link xlink:type="simple" xlink:href="../027/6113027.xml">
Angela's Eyes</link></series>
</it> from the producers of <it><movie wordnetid="106613686" confidence="0.9508927676800064">
<link xlink:type="simple" xlink:href="../535/1749535.xml">
Crash</link></movie>
</it>, Bent guest starred on the UPN series <it><series wordnetid="108457976" confidence="0.9508927676800064">
<link xlink:type="simple" xlink:href="../350/2033350.xml">
Kevin Hill</link></series>
</it> opposite <actor wordnetid="109765278" confidence="0.9508927676800064">
<link xlink:type="simple" xlink:href="../955/1128955.xml">
Taye Diggs</link></actor>
 and USA Network's <it><series wordnetid="108457976" confidence="0.9508927676800064">
<link xlink:type="simple" xlink:href="../491/743491.xml">
Kojak</link></series>
</it> opposite <person wordnetid="100007846" confidence="0.9508927676800064">
<actor wordnetid="109765278" confidence="0.9508927676800064">
<link xlink:type="simple" xlink:href="../567/689567.xml">
Ving Rhames</link></actor>
</person>
. Additionally, he had recurring roles on the CBS/Zoetrope series <it><beginning wordnetid="100235435" confidence="0.8">
<change wordnetid="100191142" confidence="0.8">
<show wordnetid="100520257" confidence="0.8">
<entertainment wordnetid="100429048" confidence="0.8">
<ending wordnetid="106308765" confidence="0.8">
<morpheme wordnetid="106306233" confidence="0.8">
<change_of_state wordnetid="100199130" confidence="0.8">
<diversion wordnetid="100426928" confidence="0.8">
<event wordnetid="100029378" confidence="0.8">
<action wordnetid="100037396" confidence="0.8">
<part wordnetid="113809207" confidence="0.8">
<act wordnetid="100030358" confidence="0.8">
<psychological_feature wordnetid="100023100" confidence="0.8">
<activity wordnetid="100407535" confidence="0.8">
<introduction wordnetid="100238022" confidence="0.8">
<language_unit wordnetid="106284225" confidence="0.8">
<link xlink:type="simple" xlink:href="../847/8841847.xml">
Platinum</link></language_unit>
</introduction>
</activity>
</psychological_feature>
</act>
</part>
</action>
</event>
</diversion>
</change_of_state>
</morpheme>
</ending>
</entertainment>
</show>
</change>
</beginning>
</it> and the ESPN/Disney series <it><link xlink:type="simple" xlink:href="../672/1527672.xml">
Playmakers</link></it>. He has since been featured in Columbia/TriStar's series <it><link>
Street Time</link></it> as well as the Canadian series <it><series wordnetid="108457976" confidence="0.9508927676800064">
<link xlink:type="simple" xlink:href="../901/5024901.xml">
Blue Murder</link></series>
</it>. Bent also appeared in Robert Townsend's television movie <it>10,000 Black Men Named George</it> and the telefilm <it>Jane Doe</it> alongside Teri Hatcher.</p>
<p>

His film credits include starring opposite Mark Wahlberg and Andrè 3000 in the <actor wordnetid="109765278" confidence="0.9508927676800064">
<link xlink:type="simple" xlink:href="../994/155994.xml">
John Singleton</link></actor>
 film <it>Four Brothers</it> and <it>Take the Lead</it> with <singer wordnetid="110599806" confidence="0.9173553029164789">
<actor wordnetid="109765278" confidence="0.9173553029164789">
<link xlink:type="simple" xlink:href="../627/52627.xml">
Antonio Banderas</link></actor>
</singer>
 and <person wordnetid="100007846" confidence="0.9508927676800064">
<actor wordnetid="109765278" confidence="0.9508927676800064">
<link xlink:type="simple" xlink:href="../601/664601.xml">
Alfre Woodard</link></actor>
</person>
. Bent also co-starred in the horror films <it><movie wordnetid="106613686" confidence="0.9508927676800064">
<link xlink:type="simple" xlink:href="../736/1640736.xml">
Saw II</link></movie>
</it> and <it><movie wordnetid="106613686" confidence="0.9508927676800064">
<link xlink:type="simple" xlink:href="../498/3636498.xml">
Saw III</link></movie>
</it> and stars as a central character in <it><movie wordnetid="106613686" confidence="0.9508927676800064">
<link xlink:type="simple" xlink:href="../669/7694669.xml">
Saw IV</link></movie>
</it>. He also appeared in <it>Honey</it> alongside <person wordnetid="100007846" confidence="0.9508927676800064">
<actor wordnetid="109765278" confidence="0.9508927676800064">
<link xlink:type="simple" xlink:href="../554/343554.xml">
Jessica Alba</link></actor>
</person>
 and Mekhi Phifer and <it>Crime Spree</it> with <link xlink:type="simple" xlink:href="../238/45238.xml">
Gerard Depardieu</link>. Furthermore, Bent has starred in director Michael Mabbott's debut feature film, <it>The Life and Hard Times of Guy Terrifico</it>, Most recently, Bent co-starred in Lion's Gate horror film, <it>Skinwalkers</it>, with Jason Behr and Rhona Mitra, which is due for release this summer.</p>
<p>

Currently, Bent is filming the <network wordnetid="108434259" confidence="0.9508927676800064">
<link xlink:type="simple" xlink:href="../819/1288819.xml">
CBC Television</link></network>
 mini-series <it><link xlink:type="simple" xlink:href="../592/15899592.xml">
Guns</link></it> opposite <person wordnetid="100007846" confidence="0.9508927676800064">
<actress wordnetid="109767700" confidence="0.9173553029164789">
<actor wordnetid="109765278" confidence="0.9508927676800064">
<link xlink:type="simple" xlink:href="../717/19442717.xml">
Elisha Cuthbert</link></actor>
</actress>
</person>
 and <actor wordnetid="109765278" confidence="0.9508927676800064">
<link xlink:type="simple" xlink:href="../991/663991.xml">
Colm Feore</link></actor>
. In addition, he also appears in flashback episodes of <it><series wordnetid="108457976" confidence="0.9508927676800064">
<link xlink:type="simple" xlink:href="../181/15051181.xml">
Sophie</link></series>
</it>, where he played a American cab passenger named Andre, whose one-night stand with the series' title character resulted in her giving birth to his son, which he has not yet seen since Sophie has lost contact with Andre after their encounter.</p>

</sec>
<sec>
<st>
Filmography</st>
<p>

<list>
<entry level="1" type="bullet">

<it><link xlink:type="simple" xlink:href="../171/745171.xml">
CSI Miami</link></it> (2008) - Colin Madison</entry>
<entry level="1" type="bullet">

<it><link xlink:type="simple" xlink:href="../592/15899592.xml">
Guns</link></it> (TV Mini-Series) (2007) - Ford</entry>
<entry level="1" type="bullet">

<it><movie wordnetid="106613686" confidence="0.9508927676800064">
<link xlink:type="simple" xlink:href="../669/7694669.xml">
Saw IV</link></movie>
</it> (2007) - <fictional_character wordnetid="109587565" confidence="0.8">
<imaginary_being wordnetid="109483738" confidence="0.8">
<link xlink:type="simple" xlink:href="../498/14148498.xml">
Rigg</link></imaginary_being>
</fictional_character>
</entry>
<entry level="1" type="bullet">

<it><book wordnetid="106410904" confidence="0.9508927676800064">
<link xlink:type="simple" xlink:href="../705/2410705.xml">
The Dresden Files</link></book>
</it> (2007) - Jake</entry>
<entry level="1" type="bullet">

<it><movie wordnetid="106613686" confidence="0.9508927676800064">
<link xlink:type="simple" xlink:href="../263/4848263.xml">
Skinwalkers</link></movie>
</it> (2007) - Doak</entry>
<entry level="1" type="bullet">

<it><movie wordnetid="106613686" confidence="0.9508927676800064">
<link xlink:type="simple" xlink:href="../498/3636498.xml">
Saw III</link></movie>
</it> (2006) - <fictional_character wordnetid="109587565" confidence="0.8">
<imaginary_being wordnetid="109483738" confidence="0.8">
<link xlink:type="simple" xlink:href="../498/14148498.xml">
Rigg</link></imaginary_being>
</fictional_character>
</entry>
<entry level="1" type="bullet">

<it><series wordnetid="108457976" confidence="0.9508927676800064">
<link xlink:type="simple" xlink:href="../027/6113027.xml">
Angela's Eyes</link></series>
</it> (TV) (2006) - Leo Jetson </entry>
<entry level="1" type="bullet">

<it><music wordnetid="107020895" confidence="0.8">
<beginning wordnetid="100235435" confidence="0.8">
<change wordnetid="100191142" confidence="0.8">
<show wordnetid="100520257" confidence="0.8">
<music_genre wordnetid="107071942" confidence="0.8">
<entertainment wordnetid="100429048" confidence="0.8">
<morpheme wordnetid="106306233" confidence="0.8">
<ending wordnetid="106308765" confidence="0.8">
<change_of_state wordnetid="100199130" confidence="0.8">
<classical_music wordnetid="107025900" confidence="0.8">
<diversion wordnetid="100426928" confidence="0.8">
<auditory_communication wordnetid="107109019" confidence="0.8">
<event wordnetid="100029378" confidence="0.8">
<action wordnetid="100037396" confidence="0.8">
<opera wordnetid="107026352" confidence="0.8">
<part wordnetid="113809207" confidence="0.8">
<act wordnetid="100030358" confidence="0.8">
<psychological_feature wordnetid="100023100" confidence="0.8">
<introduction wordnetid="100238022" confidence="0.8">
<activity wordnetid="100407535" confidence="0.8">
<expressive_style wordnetid="107066659" confidence="0.8">
<language_unit wordnetid="106284225" confidence="0.8">
<link xlink:type="simple" xlink:href="../855/5832855.xml">
North/South</link></language_unit>
</expressive_style>
</activity>
</introduction>
</psychological_feature>
</act>
</part>
</opera>
</action>
</event>
</auditory_communication>
</diversion>
</classical_music>
</change_of_state>
</ending>
</morpheme>
</entertainment>
</music_genre>
</show>
</change>
</beginning>
</music>
</it> (TV) (2006) - Joss Colley</entry>
<entry level="1" type="bullet">

<it><movie wordnetid="106613686" confidence="0.9508927676800064">
<link xlink:type="simple" xlink:href="../656/4431656.xml">
Take the Lead</link></movie>
</it> (2006) - Easy</entry>
<entry level="1" type="bullet">

<it><movie wordnetid="106613686" confidence="0.9508927676800064">
<link xlink:type="simple" xlink:href="../736/1640736.xml">
Saw II</link></movie>
</it> (2005) - <fictional_character wordnetid="109587565" confidence="0.8">
<imaginary_being wordnetid="109483738" confidence="0.8">
<link xlink:type="simple" xlink:href="../498/14148498.xml">
Rigg</link></imaginary_being>
</fictional_character>
</entry>
<entry level="1" type="bullet">

<it><movie wordnetid="106613686" confidence="0.9508927676800064">
<link xlink:type="simple" xlink:href="../750/2313750.xml">
Four Brothers</link></movie>
</it> (2005) - Damian</entry>
<entry level="1" type="bullet">

<it><series wordnetid="108457976" confidence="0.9508927676800064">
<link xlink:type="simple" xlink:href="../350/2033350.xml">
Kevin Hill</link></series>
</it> (TV) (2005) - Jack Johnson </entry>
<entry level="1" type="bullet">

<it><series wordnetid="108457976" confidence="0.9508927676800064">
<link xlink:type="simple" xlink:href="../491/743491.xml">
Kojak</link></series>
</it> (TV) (2005) - Billy Harris</entry>
<entry level="1" type="bullet">

<it><link>
The Life and Hard Times of Guy Terrifico</link></it> (2005) - Mr. Stuff</entry>
<entry level="1" type="bullet">

<it><series wordnetid="108457976" confidence="0.9508927676800064">
<link xlink:type="simple" xlink:href="../764/489764.xml">
Missing</link></series>
</it> (TV) (2004) - Dante</entry>
<entry level="1" type="bullet">

<it><link xlink:type="simple" xlink:href="../200/537200.xml">
Honey</link></it> (2003) - Barber</entry>
<entry level="1" type="bullet">

<it><beginning wordnetid="100235435" confidence="0.8">
<change wordnetid="100191142" confidence="0.8">
<show wordnetid="100520257" confidence="0.8">
<entertainment wordnetid="100429048" confidence="0.8">
<ending wordnetid="106308765" confidence="0.8">
<morpheme wordnetid="106306233" confidence="0.8">
<change_of_state wordnetid="100199130" confidence="0.8">
<diversion wordnetid="100426928" confidence="0.8">
<event wordnetid="100029378" confidence="0.8">
<action wordnetid="100037396" confidence="0.8">
<part wordnetid="113809207" confidence="0.8">
<act wordnetid="100030358" confidence="0.8">
<psychological_feature wordnetid="100023100" confidence="0.8">
<activity wordnetid="100407535" confidence="0.8">
<introduction wordnetid="100238022" confidence="0.8">
<language_unit wordnetid="106284225" confidence="0.8">
<link xlink:type="simple" xlink:href="../847/8841847.xml">
Platinum</link></language_unit>
</introduction>
</activity>
</psychological_feature>
</act>
</part>
</action>
</event>
</diversion>
</change_of_state>
</morpheme>
</ending>
</entertainment>
</show>
</change>
</beginning>
</it> (TV) (2003) - Devon</entry>
<entry level="1" type="bullet">

<it><product wordnetid="104007894" confidence="0.8">
<creation wordnetid="103129123" confidence="0.8">
<artifact wordnetid="100021939" confidence="0.8">
<event wordnetid="100029378" confidence="0.8">
<social_event wordnetid="107288639" confidence="0.8">
<movie wordnetid="106613686" confidence="0.8">
<show wordnetid="106619065" confidence="0.8">
<psychological_feature wordnetid="100023100" confidence="0.8">
<link xlink:type="simple" xlink:href="../306/1471306.xml">
Crime Spree</link></psychological_feature>
</show>
</movie>
</social_event>
</event>
</artifact>
</creation>
</product>
</it> (2003) - Ellwood</entry>
<entry level="1" type="bullet">

<it><link xlink:type="simple" xlink:href="../890/1422890.xml">
Mutant X</link> (TV) (2003)- Harris </it></entry>
<entry level="1" type="bullet">

<it><series wordnetid="108457976" confidence="0.9508927676800064">
<link xlink:type="simple" xlink:href="../901/5024901.xml">
Blue Murder</link></series>
 (TV) (2003)- Keith Rose </it></entry>
<entry level="1" type="bullet">

<it>Street Time</it> (2002) (TV) - Sergeant Danny Blackstone</entry>
<entry level="1" type="bullet">

<it><link xlink:type="simple" xlink:href="../499/4894499.xml">
Superbob</link></it> (2002) - Lepke</entry>
<entry level="1" type="bullet">

<it>10,000 Black Men Named George</it> (2002) - Disgruntled Man</entry>
<entry level="1" type="bullet">

<it><literary_composition wordnetid="106364329" confidence="0.8">
<written_communication wordnetid="106349220" confidence="0.8">
<writing wordnetid="106362953" confidence="0.8">
<fiction wordnetid="106367107" confidence="0.8">
<novel wordnetid="106367879" confidence="0.8">
<link xlink:type="simple" xlink:href="../415/15789415.xml">
Pretend You Don't See Her</link></novel>
</fiction>
</writing>
</written_communication>
</literary_composition>
</it> (2002)</entry>
<entry level="1" type="bullet">

<it>Damaged Goods</it> (2002)- Eddie Barrel </entry>
<entry level="1" type="bullet">

<it><link xlink:type="simple" xlink:href="../853/51853.xml">
Jane Doe</link></it> - "The Eyes Have It"(2001) - Rawlins </entry>
<entry level="1" type="bullet">

<it><series wordnetid="108457976" confidence="0.9508927676800064">
<link xlink:type="simple" xlink:href="../357/4001357.xml">
Tracker</link></series>
</it> - "The Plague " (TV) (2001) - Bartender</entry>
<entry level="1" type="bullet">

<it><movie wordnetid="106613686" confidence="0.9508927676800064">
<link xlink:type="simple" xlink:href="../792/5159792.xml">
The Caveman's Valentine</link></movie>
</it> (2001) - Seraph Dancer</entry>
<entry level="1" type="bullet">

<it><series wordnetid="108457976" confidence="0.9508927676800064">
<link xlink:type="simple" xlink:href="../709/2378709.xml">
Relic Hunter</link></series>
</it> - "The Legend of the Lost" (2000) - Quelch's Guard</entry>
</list>
</p>

</sec>
<sec>
<st>
External links</st>
<p>

<list>
<entry level="1" type="bullet">

<weblink xlink:type="simple" xlink:href="http://www.imdb.com/name/nm0072713/">
Lyriq Bent</weblink> at the <web_site wordnetid="106359193" confidence="0.9508927676800064">
<link xlink:type="simple" xlink:href="../554/2855554.xml">
Internet Movie Database</link></web_site>
</entry>
<entry level="1" type="bullet">

<weblink xlink:type="simple" xlink:href="http://www.lyriqbent.com">
Lyriq Bent Official Website</weblink></entry>
<entry level="1" type="bullet">

<weblink xlink:type="simple" xlink:href="http://www.tv.com/lyriq-bent/person/182821/summary.html">
Lyriq Bent on TV.COM</weblink></entry>
</list>
</p>



</sec>
</bdy>
</actor>
</article>
