<?xml version="1.0" encoding="UTF-8"?>
<!-- generated by CLiX/Wiki2XML [MPI-Inf, MMCI@UdS] $LastChangedRevision: 92 $ on 17.04.2009 00:31:41[mciao0827] -->
<!DOCTYPE article SYSTEM "../article.dtd">
<article xmlns:xlink="http://www.w3.org/1999/xlink">
<structure  confidence="0.8" wordnetid="104341686">
<idea  confidence="0.8" wordnetid="105833840">
<concept  confidence="0.8" wordnetid="105835747">
<artifact  confidence="0.8" wordnetid="100021939">
<window  confidence="0.8" wordnetid="104587648">
<component  confidence="0.8" wordnetid="105868954">
<supporting_structure  confidence="0.8" wordnetid="104361095">
<part  confidence="0.8" wordnetid="105867413">
<framework  confidence="0.8" wordnetid="103391770">
<header>
<title>Windows File Protection</title>
<id>10812215</id>
<revision>
<id>239786448</id>
<timestamp>2008-09-20T14:28:26Z</timestamp>
<contributor>
<username>Knownot</username>
<id>7507082</id>
</contributor>
</revision>
<categories>
<category>Microsoft Windows</category>
<category>Windows components</category>
<category>Windows administration</category>
</categories>
</header>
<bdy>

<b>Windows File Protection</b> (WFP) is a technology included in all <link xlink:type="simple" xlink:href="../890/18890.xml">
Microsoft Windows</link> <link xlink:type="simple" xlink:href="../194/22194.xml">
operating system</link>s beginning with <version wordnetid="107173585" confidence="0.9508927676800064">
<link xlink:type="simple" xlink:href="../941/33941.xml">
Windows 2000</link></version>
 to prevent programs from replacing critical Windows system files. Protecting core system files prevents problems such as <structure wordnetid="104341686" confidence="0.8">
<artifact wordnetid="100021939" confidence="0.8">
<window wordnetid="104587648" confidence="0.8">
<supporting_structure wordnetid="104361095" confidence="0.8">
<framework wordnetid="103391770" confidence="0.8">
<link xlink:type="simple" xlink:href="../441/59441.xml">
DLL hell</link></framework>
</supporting_structure>
</window>
</artifact>
</structure>
 with programs and the operating system. Windows 2000, <version wordnetid="107173585" confidence="0.9508927676800064">
<link xlink:type="simple" xlink:href="../879/33879.xml">
Windows XP</link></version>
 and <version wordnetid="107173585" confidence="0.9508927676800064">
<link xlink:type="simple" xlink:href="../068/208068.xml">
Windows Server 2003</link></version>
 include it under the name of <it>Windows File Protection</it>; <version wordnetid="107173585" confidence="0.9508927676800064">
<link xlink:type="simple" xlink:href="../458/75458.xml">
Windows Me</link></version>
 includes it as <it>System File Protection</it>.<p>

When Windows File Protection is active, replacing or deleting a system file that has no <link>
file lock</link> to prevent it from being overwritten causes Windows to immediately and silently restore the original copy of the file. The original version of the file is restored from a cached folder which contains backup copies of these files. For the <family wordnetid="108078020" confidence="0.8">
<link xlink:type="simple" xlink:href="../438/33438.xml">
Windows NT</link></family>
 family, the cached folder is located at %WinDir%\System32\Dllcache. <version wordnetid="107173585" confidence="0.9508927676800064">
<link xlink:type="simple" xlink:href="../458/75458.xml">
Windows Me</link></version>
 caches its entire set of compressed cabinet setup files and stores them in the %Systemroot%\Options\Install folder.</p>
<p>

All files which are installed by the operating system (such as DLL, EXE, SYS, OCX etc.) are protected from deletion or being replaced by older versions. The <link xlink:type="simple" xlink:href="../644/59644.xml">
digital signature</link>s of these files are checked using <link xlink:type="simple" xlink:href="../009/3768009.xml">
code signing</link> and the signature catalog files stored in the %Systemroot%\system32\catRoot\{F750E6C3-38EE-11D1-85E5-00C04FC295EE} folder. Only certain operating system components such as the <it>Package Installer</it> (Update.exe) or <software wordnetid="106566077" confidence="0.9508927676800064">
<link xlink:type="simple" xlink:href="../591/1158591.xml">
Windows Installer</link></software>
 (Msiexec.exe) can replace these files. Changes made using any other methods in order to replace these files are reverted and the files are silently restored from the cache. If Windows File Protection cannot automatically find the file in the cached folder, it searches the network path or prompts the user for the Windows installation disc to restore the appropriate version of the file.</p>
<p>

<version wordnetid="107173585" confidence="0.9508927676800064">
<link xlink:type="simple" xlink:href="../648/2289648.xml">
Windows Vista</link></version>
 does not include Windows File Protection, but it includes <structure wordnetid="104341686" confidence="0.8">
<idea wordnetid="105833840" confidence="0.8">
<concept wordnetid="105835747" confidence="0.8">
<artifact wordnetid="100021939" confidence="0.8">
<window wordnetid="104587648" confidence="0.8">
<component wordnetid="105868954" confidence="0.8">
<supporting_structure wordnetid="104361095" confidence="0.8">
<part wordnetid="105867413" confidence="0.8">
<framework wordnetid="103391770" confidence="0.8">
<link xlink:type="simple" xlink:href="../945/13137945.xml">
Windows Resource Protection</link></framework>
</part>
</supporting_structure>
</component>
</window>
</artifact>
</concept>
</idea>
</structure>
 which protects files using <link xlink:type="simple" xlink:href="../589/61589.xml">
ACLs</link>. Windows Resource Protection aims to protect core <link xlink:type="simple" xlink:href="../933/1164933.xml">
registry</link> keys and values and prevent potentially damaging system configuration changes, besides operating system files.</p>

<sec>
<st>
 See also </st>
<p>

<list>
<entry level="1" type="bullet">

<structure wordnetid="104341686" confidence="0.8">
<idea wordnetid="105833840" confidence="0.8">
<concept wordnetid="105835747" confidence="0.8">
<artifact wordnetid="100021939" confidence="0.8">
<window wordnetid="104587648" confidence="0.8">
<component wordnetid="105868954" confidence="0.8">
<supporting_structure wordnetid="104361095" confidence="0.8">
<part wordnetid="105867413" confidence="0.8">
<framework wordnetid="103391770" confidence="0.8">
<link xlink:type="simple" xlink:href="../945/13137945.xml">
Windows Resource Protection</link></framework>
</part>
</supporting_structure>
</component>
</window>
</artifact>
</concept>
</idea>
</structure>
</entry>
<entry level="1" type="bullet">

<software wordnetid="106566077" confidence="0.9508927676800064">
<link xlink:type="simple" xlink:href="../898/3085898.xml">
System File Checker</link></software>
</entry>
<entry level="1" type="bullet">

<link xlink:type="simple" xlink:href="../589/61589.xml">
Access Control List</link></entry>
<entry level="1" type="bullet">

<symbol wordnetid="106806469" confidence="0.8">
<signal wordnetid="106791372" confidence="0.8">
<identifier wordnetid="107270601" confidence="0.8">
<link xlink:type="simple" xlink:href="../397/5253397.xml">
Security Identifier</link></identifier>
</signal>
</symbol>
</entry>
</list>
</p>

</sec>
<sec>
<st>
 External links </st>
<p>

<list>
<entry level="1" type="bullet">

 <weblink xlink:type="simple" xlink:href="http://support.microsoft.com/kb/222193">
Overview of Windows File Protection</weblink></entry>
<entry level="1" type="bullet">

 <weblink xlink:type="simple" xlink:href="http://support.microsoft.com/kb/222473">
Registry settings for Windows File Protection</weblink></entry>
<entry level="1" type="bullet">

 <weblink xlink:type="simple" xlink:href="http://www.microsoft.com/whdc/archive/wfp.mspx">
Whitepaper on Windows File Protection</weblink></entry>
<entry level="1" type="bullet">

 <weblink xlink:type="simple" xlink:href="http://support.microsoft.com/kb/253571">
Overview of System File Protection (Windows Me)</weblink></entry>
<entry level="1" type="bullet">

 <weblink xlink:type="simple" xlink:href="http://www.bitsum.com/aboutwfp.asp">
Hacking Windows File Protection</weblink></entry>
</list>
</p>

</sec>
</bdy>
</framework>
</part>
</supporting_structure>
</component>
</window>
</artifact>
</concept>
</idea>
</structure>
</article>
