<?xml version="1.0" encoding="UTF-8"?>
<!-- generated by CLiX/Wiki2XML [MPI-Inf, MMCI@UdS] $LastChangedRevision: 92 $ on 16.04.2009 18:05:46[mciao0827] -->
<!DOCTYPE article SYSTEM "../article.dtd">
<article xmlns:xlink="http://www.w3.org/1999/xlink">
<vessel  confidence="0.9511911446218017" wordnetid="105397333">
<bottle  confidence="0.9511911446218017" wordnetid="102876657">
<material  confidence="0.9511911446218017" wordnetid="114580897">
<header>
<title>Beer bottle</title>
<id>1082607</id>
<revision>
<id>243808259</id>
<timestamp>2008-10-08T03:01:16Z</timestamp>
<contributor>
<username>SmackBot</username>
<id>433328</id>
</contributor>
</revision>
<categories>
<category>Recyclable materials</category>
<category>Glass bottles</category>
<category>Beer vessels and serving</category>
<category>Articles with broken citations</category>
</categories>
</header>
<bdy>

<image location="right" width="150px" src="Dutch_beers.jpg" type="thumb">
<caption>

Assortment of beer bottles
</caption>
</image>

A <b>beer bottle</b> is a glass (or, less commonly, plastic) container filled with <link xlink:type="simple" xlink:href="../363/3363.xml">
beer</link>. Bottled beer has been in use since as early as the 16th century. Beer bottles come in various sizes, shapes and colours. Dark glass prevents light from spoiling the beer.  However, lighter coloured bottles are often used for marketing reasons.<p>

The first nationwide standardised beer bottles were introduced in Sweden in 1886.  The medium size, 330&nbsp;<link>
ml</link> (11.6&nbsp;<link xlink:type="simple" xlink:href="../492/15492.xml">
imp</link> <link xlink:type="simple" xlink:href="../971/326971.xml">
fl&nbsp;oz</link>/11.2&nbsp;<unit_of_measurement wordnetid="113583724" confidence="0.8">
<definite_quantity wordnetid="113576101" confidence="0.8">
<link xlink:type="simple" xlink:href="../308/32308.xml">
U.S.</link></definite_quantity>
</unit_of_measurement>
 <link xlink:type="simple" xlink:href="../971/326971.xml">
fl&nbsp;oz</link>), is still in use today, but is being phased out.</p>

<sec>
<st>
Bottling lines</st>
<p>

Bottling lines are <link xlink:type="simple" xlink:href="../847/819847.xml">
production line</link>s that fill beer into bottles on a large scale.</p>
<p>

This typically involves drawing beer from a holding tank and filling it into bottles in a filling machine (<it>filler</it>), which are then capped, labeled and packed into cases or cartons. Many smaller breweries send their bulk beer to large facilities for <link xlink:type="simple" xlink:href="../537/19280537.xml">
contract</link> bottling - though some will bottle by hand. </p>
<p>

The first step in bottling beer is <it>depalletising</it>, where the empty bottles are removed from the original <link xlink:type="simple" xlink:href="../594/868594.xml">
pallet</link> packaging delivered from the manufacturer, so that individual bottles may be handled. The bottles may then be rinsed with <link xlink:type="simple" xlink:href="../068/514068.xml">
filter</link>ed water or air, and may have <link xlink:type="simple" xlink:href="../906/5906.xml">
carbon dioxide</link> injected into them in attempt to reduce the level of oxygen within the bottle. The bottle then enters a "filler" which fills the bottle with beer and may also inject a small amount of <link xlink:type="simple" xlink:href="../159/248159.xml">
inert gas</link> (<link xlink:type="simple" xlink:href="../906/5906.xml">
CO2</link> or <link xlink:type="simple" xlink:href="../175/21175.xml">
nitrogen</link>) on top of the beer to disperse <link xlink:type="simple" xlink:href="../303/22303.xml">
oxygen</link>, as O2 can ruin the quality of the product by <link xlink:type="simple" xlink:href="../313/66313.xml">
oxidation</link>. </p>
<p>

Next the bottle enters a labelling machine ("labeller") where a label is applied. The product is then packed into boxes and <link xlink:type="simple" xlink:href="../146/549146.xml">
warehouse</link>d, ready for sale.<ref xlink:type="simple" xlink:href="#xpointer(//reflist/entry[@id=%221%22])">1</ref></p>

</sec>
<sec>
<st>
Bottle Styles</st>

<ss1>
<st>
Stubby</st>
<p>

A short glass bottle used for beer is generally called a <it>stubby</it>.  Shorter and flatter than longneck bottles, stubbies pack into a smaller space for transporting.  The bottles are sometimes made with thick glass so that the bottle can be cleaned and reused before being <link xlink:type="simple" xlink:href="../157/70157.xml">
recycle</link>d.  The capacity of a stubby is generally somewhere between 330 and 375 millilitres (11–13 fl oz).<ref xlink:type="simple" xlink:href="#xpointer(//reflist/entry[@id=%222%22])">2</ref></p>
<p>

<image location="right" width="150px" src="VB-stubbie.jpg" type="thumb">
<caption>

Australian 375&nbsp;ml stubbie
</caption>
</image>
</p>
<p>

Some of the expected advantages of stubby bottles are:
<list>
<entry level="1" type="bullet">

easier to handle</entry>
<entry level="1" type="bullet">

chills faster </entry>
<entry level="1" type="bullet">

less breakage</entry>
<entry level="1" type="bullet">

lighter in weight</entry>
<entry level="1" type="bullet">

less storage space</entry>
<entry level="1" type="bullet">

lower centre of gravity</entry>
<entry level="1" type="bullet">

can't be gripped as a weapon</entry>
</list>
</p>
<p>

Stubbies are used extensively in Europe, and were used almost exclusively in <link xlink:type="simple" xlink:href="../673/1637673.xml#xpointer(//*[./st=%22The+stubby+bottle%22])">
Canada</link> from 1962 to 1986 as part of a standardization effort intended to reduce breakage, and the cost of sorting bottles when they were returned by customers.  Due to their nostalgic value, stubbies were reintroduced by a number of Canadian craft brewers in the early 2000s.  Ontario's <link xlink:type="simple" xlink:href="../878/18878.xml">
monopolistic</link> beer retailer, <link xlink:type="simple" xlink:href="../642/849642.xml">
Brewers Retail</link>, caused an uproar in 2002 when it withheld industry standard longneck bottles from those breweries that were offering stubbies.  In the United States, stubbies have generally fallen out of favour, with only a few brands still using them such as the Session <link xlink:type="simple" xlink:href="../312/19555312.xml">
Lager</link> by the <company wordnetid="108058098" confidence="0.8">
<institution wordnetid="108053576" confidence="0.8">
<link xlink:type="simple" xlink:href="../942/1693942.xml">
Full Sail Brewing Company</link></institution>
</company>
, and <name wordnetid="106333653" confidence="0.8">
<company wordnetid="108058098" confidence="0.8">
<trade_name wordnetid="106845599" confidence="0.8">
<part wordnetid="113809207" confidence="0.8">
<language_unit wordnetid="106284225" confidence="0.8">
<institution wordnetid="108053576" confidence="0.8">
<link xlink:type="simple" xlink:href="../648/670648.xml">
Red Stripe</link></institution>
</language_unit>
</part>
</trade_name>
</company>
</name>
, a Jamaican brand import.</p>
<p>

An often overlooked benefit of the stubby bottle is the ability to throw it back, meaning there is little chance of the beer's foaming and creating a head, thus overflowing the bottle.</p>

</ss1>
<ss1>
<st>
Longneck</st>

<ss2>
<st>
Australian longneck</st>
<p>

The Australian longneck is a bottle of 750&nbsp;ml (26.4&nbsp;imp fl&nbsp;oz/25.4&nbsp;U.S. fl&nbsp;oz) capacity. In Queensland a longneck is known as a <it>tallie</it>. In Western Australia a longneck is known as a <it>king brown</it>. <brewery wordnetid="102897237" confidence="0.9508927676800064">
<link xlink:type="simple" xlink:href="../230/1490230.xml">
Carlton &amp; United Beverages</link></brewery>
 had increased their longneck size to 800&nbsp;ml (28.2&nbsp;imp fl&nbsp;oz/27.1&nbsp;U.S. fl&nbsp;oz), but have recently reverted back to the 750&nbsp;ml bottle.</p>

</ss2>
<ss2>
<st>
North American longneck</st>
<p>

A North American longneck is a type of beer bottle with a long neck. It is known as the standard longneck bottle or industry standard bottle (ISB).  The ISB longnecks have a uniform capacity, height, weight and diameter and can be reused on average 16 times. The long neck offers a long cushion of air to absorb the pressure of carbonation to reduce the risk of exploding.  The American longneck holds 12 U.S. fl&nbsp;oz (355&nbsp;ml).  The Canadian longneck holds 12&nbsp;imp&nbsp;fl&nbsp;oz (341&nbsp;ml).</p>
<p>

In Canada, in 1992, the large breweries agreed to all use a longneck bottle of standard size, thus replacing the traditional stubbie bottle.</p>

</ss2>
</ss1>
<ss1>
<st>
Bomber</st>
<p>

<image location="right" width="150px" src="Bomber-beer.jpg" type="thumb">
<caption>

Bomber
</caption>
</image>

A bomber is a 22&nbsp;U.S.&nbsp;fl&nbsp;oz (650&nbsp;ml/23&nbsp;imp fl&nbsp;oz) glass bottle that is commonly sold in American specialty markets and brewpubs. Bombers typically contain two to three servings of beer, which may be shared amongst friends. They are also a popular bottle type with homebrewers.</p>

</ss1>
<ss1>
<st>
South African Quarts</st>
<p>

In South Africa a 750-millilitre bottle is referred to as a <it>quart</it>.</p>

</ss1>
<ss1>
<st>
Forty</st>
<p>

A forty is American <link xlink:type="simple" xlink:href="../181/27181.xml">
slang</link> for a 40 U.S. fl&nbsp;oz (1180&nbsp;ml/41.6&nbsp;imp&nbsp;fl&nbsp;oz) bottle commonly used for <link xlink:type="simple" xlink:href="../061/661061.xml">
malt liquor</link>.  Forties are more than three times as large as the standard American 12-U.S.-fluid-ounce (355&nbsp;ml) serving of beer.</p>

</ss1>
<ss1>
<st>
Growler</st>
<p>

A <link xlink:type="simple" xlink:href="../318/1948318.xml">
growler</link> is a U.S. half <link xlink:type="simple" xlink:href="../882/12882.xml">
gallon</link> (1890&nbsp;ml/66.6&nbsp;imp&nbsp;fl&nbsp;oz) glass jug used to transport <link xlink:type="simple" xlink:href="../387/8387.xml">
draft beer</link> in the United States. They are commonly sold at <link xlink:type="simple" xlink:href="../342/19555342.xml">
breweries</link> and brewpubs as a means to sell <link xlink:type="simple" xlink:href="../234/326234.xml">
take-out</link> beer.  Some breweries also offer a one-litre or one-quart version.  Growlers are also used by <link xlink:type="simple" xlink:href="../918/146918.xml">
homebrewer</link>s as an alternative to <link xlink:type="simple" xlink:href="../772/1258772.xml">
keg</link>s or smaller bottles for carbonating and storing their beer.</p>
<p>

Growlers are generally made of glass and have either a screw-on cap or a hinged porcelain gasket cap which can provide freshness for a week or more.  A properly sealed growler will hold <link xlink:type="simple" xlink:href="../397/253397.xml">
carbonation</link> indefinitely, but it is not an appropriate means of long term beer storage since it is not a sanitized form of packaging.<ref xlink:type="simple" xlink:href="#xpointer(//reflist/entry[@id=%223%22])">3</ref></p>

</ss1>
<ss1>
<st>
Darwin Stubby</st>
<p>

<image location="right" width="250px" src="Darwin_stubby.jpg" type="thumb">
<caption>

Darwin Stubby
</caption>
</image>

A two-litre (70&nbsp;imp&nbsp;fl&nbsp;oz/67&nbsp;U.S.&nbsp;fl&nbsp;oz) "Darwin Stubby" is available in Australia's Northern Territory.  It is quite expensive and thus mostly a tourist gimmick. The Darwin Stubby was first introduced in April 1958 with an 80-imperial-fluid-ounce (2,270&nbsp;ml/76.9&nbsp;U.S. fl&nbsp;oz) capacity.</p>

</ss1>
<ss1>
<st>
Ballena bottles</st>
<p>
 
In Mexico, "ballena" is a popular name for a 940&nbsp;ml (33.1&nbsp;imp fl&nbsp;oz/31.8&nbsp;U.S. fl&nbsp;oz) beer bottle. The Mexican beer brands which are sold in these bottles include <village wordnetid="108672738" confidence="0.9508927676800064">
<link xlink:type="simple" xlink:href="../085/1959085.xml">
Tecate</link></village>
, <link>
Carta Blanca</link>, <link xlink:type="simple" xlink:href="../630/3341630.xml">
Sol</link>, <link>
Indio</link>, <link>
Victoria</link>, <link>
Corona Familiar</link>, <link xlink:type="simple" xlink:href="../607/1082607.xml">
Caguama</link> and <link xlink:type="simple" xlink:href="../133/1959133.xml">
Pacifico</link>. "ballena" means <it>whale</it> in Spanish].</p>

</ss1>
<ss1>
<st>
De Nederlandse Bierfles (<it>pijpje</it>)</st>
<p>

<image width="150px" src="Grolschfles2005.jpg" type="thumb">
<caption>

Two <it>pijpjes</it>.
</caption>
</image>

Most beer producers in <link xlink:type="simple" xlink:href="../148/21148.xml">
the Netherlands</link> sell  their beers in a 300&nbsp;ml (10.6&nbsp;imp fl&nbsp;oz/10.1&nbsp;U.S. fl&nbsp;oz) bottle called <it>De Nederlandse Bierfles</it>. De Nederlandse Bierfles is more commonly known as <it>pijpje</it> (little pipe). The pijpje was introduced in <link xlink:type="simple" xlink:href="../761/34761.xml">
1986</link>.</p>

</ss1>
</sec>
<sec>
<st>
Lightstruck beer</st>
<p>

Lightstruck, or skunked, beer has been exposed to <link xlink:type="simple" xlink:href="../990/31990.xml">
ultraviolet</link> and <link xlink:type="simple" xlink:href="../464/41464.xml">
visible light</link>. The light causes <link xlink:type="simple" xlink:href="../229/26229.xml">
riboflavin</link> to react with and breakdown <link xlink:type="simple" xlink:href="../386/15661386.xml">
isohumulone</link>s, a molecule that contributes to the bitterness of the beer and is derived from the <plant wordnetid="103956922" confidence="0.8">
<structure wordnetid="104341686" confidence="0.8">
<artifact wordnetid="100021939" confidence="0.8">
<building_complex wordnetid="102914991" confidence="0.8">
<link xlink:type="simple" xlink:href="../592/46592.xml">
hop</link></building_complex>
</artifact>
</structure>
</plant>
s. The resulting molecule, <it>3-methylbut-2-ene-1-thiol</it>, is very similar to a <link xlink:type="simple" xlink:href="../308/79308.xml">
skunk</link>'s natural defenses.<ref xlink:type="simple" xlink:href="#xpointer(//reflist/entry[@id=%224%22])">4</ref></p>
<p>

In some cases, such as <link>
Miller High Life</link>, a hop extract that does not have isohumulones is used to bitter the beer so it cannot be "lightstruck". Bottles with dark brown glass give some protection to the beer, but green and clear glass offer virtually no protection at all.<ref xlink:type="simple" xlink:href="#xpointer(//reflist/entry[@id=%225%22])">5</ref></p>

</sec>
<sec>
<st>
Bottle identifier bumps</st>

<p>

The "bumps" are moulded in by the glass manufacturer and identify the mould that produced the bottle. They can be read electronically by the glass company in the case of a glass defect to allow for identification of the mould and containment of other bottles produced on the same mould.</p>

</sec>
<sec>
<st>
See also</st>
<p>

<list>
<entry level="1" type="bullet">

<link xlink:type="simple" xlink:href="../115/383115.xml">
Aluminum can</link> or <substance wordnetid="100019613" confidence="0.8">
<vessel wordnetid="105397333" confidence="0.8">
<structure wordnetid="105225602" confidence="0.8">
<tube wordnetid="105246511" confidence="0.8">
<part wordnetid="113809207" confidence="0.8">
<part wordnetid="109385911" confidence="0.8">
<material wordnetid="114580897" confidence="0.8">
<body_part wordnetid="105220461" confidence="0.8">
<link xlink:type="simple" xlink:href="../115/383115.xml">
Beverage can</link></body_part>
</material>
</part>
</part>
</tube>
</structure>
</vessel>
</substance>
</entry>
<entry level="1" type="bullet">

<invention wordnetid="105633385" confidence="0.8">
<link xlink:type="simple" xlink:href="../014/418014.xml">
Box wine</link></invention>
</entry>
<entry level="1" type="bullet">

<vessel wordnetid="105397333" confidence="0.8">
<structure wordnetid="105225602" confidence="0.8">
<tube wordnetid="105246511" confidence="0.8">
<part wordnetid="109385911" confidence="0.8">
<body_part wordnetid="105220461" confidence="0.8">
<link xlink:type="simple" xlink:href="../413/4039413.xml">
Widget (beer)</link></body_part>
</part>
</tube>
</structure>
</vessel>
</entry>
<entry level="1" type="bullet">

<link xlink:type="simple" xlink:href="../921/372921.xml">
Wine bottle</link></entry>
</list>
</p>

</sec>
<sec>
<st>
References</st>

<ss1>
<st>
Notes</st>

<p>

<reflist>
<entry id="1">
Brody, A. L., and Marsh, K, S., "Encyclopedia of Packaging Technology", John Wiley &amp; Sons, 1997, ISBN 0-471-06397-5</entry>
<entry id="2">
The 375&nbsp;ml (13.2&nbsp;imp fl&nbsp;oz/12.7&nbsp;U.S. fl&nbsp;oz) is used in Australia.</entry>
<entry id="3">
You must specify  <b><it>title = </it></b> and <b><it>url = </it></b> when using .
"".
</entry>
<entry id="4">
<weblink xlink:type="simple" xlink:href="http://www.rsc.org/delivery/_ArticleLinking/DisplayArticleForFree.cfm?doi=b316210a&amp;JournalCode=PP">
Riboflavin-sensitized photooxidation of isohumulones and derivatives</weblink></entry>
<entry id="5">
<weblink xlink:type="simple" xlink:href="http://www.evansale.com/skunked_beer.html">
http://www.evansale.com/skunked_beer.html</weblink> C.H. Evans Brewing Company - Beer Flavors 2: Skunkiness</entry>
</reflist>
</p>

</ss1>
<ss1>
<st>
Bibliography</st>
<p>

<list>
<entry level="1" type="bullet">

 Colin S. Burns, Arne Heyerick, Denis De Keukeleire, , Malcolm D. E. Forbes, (2001) "<weblink xlink:type="simple" xlink:href="http://www3.interscience.wiley.com/cgi-bin/fulltext/85514669/HTMLSTART">
Mechanism for Formation of the Lightstruck Flavor in Beer Revealed by Time-Resolved Electron Paramagnetic Resonance</weblink>"</entry>
<entry level="1" type="bullet">

 Richard Pozdrik, Felicity A. Roddick, Peter J. Rogers, and Thang Nguyen, (2006) "<weblink xlink:type="simple" xlink:href="http://pubs.acs.org/cgi-bin/article.cgi/jafcau/2006/54/i17/html/jf060515v.html">
Spectrophotometric Method for Exploring 3-Methyl-2-butene-1-thiol (MBT) Formation in Lager</weblink>"</entry>
</list>
</p>

</ss1>
<ss1>
<st>
External links</st>
<p>

<list>
<entry level="1" type="bullet">

<weblink xlink:type="simple" xlink:href="http://www.sha.org/bottle/beer.htm">
Historic beer bottles</weblink></entry>
<entry level="1" type="bullet">

<weblink xlink:type="simple" xlink:href="http://www.stubby.ca/">
Website for The Canadian Stubby Beer Bottle</weblink></entry>
<entry level="1" type="bullet">

<weblink xlink:type="simple" xlink:href="http://archives.cbc.ca/IDC-1-73-1395-8732/politics_economy/beer/clip5">
 Article on stubbies which mentions the newer longnecks.</weblink></entry>
<entry level="1" type="bullet">

 <weblink xlink:type="simple" xlink:href="http://www.beerinfo.com/rfdb/#link3-2">
rec.food.drink.beer FAQ</weblink></entry>
<entry level="1" type="bullet">

 <weblink xlink:type="simple" xlink:href="http://news.curiouscook.com/2006/11/in-dark-olive-oil-milk-butter-and-beer.html">
Curious Cook - In the dark: olive oil, milk, butter, and beer</weblink></entry>
</list>
</p>


</ss1>
</sec>
</bdy>
</material>
</bottle>
</vessel>
</article>
