<?xml version="1.0" encoding="UTF-8"?>
<!-- generated by CLiX/Wiki2XML [MPI-Inf, MMCI@UdS] $LastChangedRevision: 92 $ on 16.04.2009 18:06:06[mciao0825] -->
<!DOCTYPE article SYSTEM "../article.dtd">
<article xmlns:xlink="http://www.w3.org/1999/xlink">
<region  confidence="0.8" wordnetid="108630985">
<structure  confidence="0.8" wordnetid="104341686">
<building  confidence="0.8" wordnetid="102913152">
<administrative_district  confidence="0.8" wordnetid="108491826">
<mansion  confidence="0.8" wordnetid="103719053">
<housing  confidence="0.8" wordnetid="103546340">
<location  confidence="0.8" wordnetid="100027167">
<municipality  confidence="0.8" wordnetid="108626283">
<house  confidence="0.8" wordnetid="103544360">
<city  confidence="0.8" wordnetid="108524735">
<artifact  confidence="0.8" wordnetid="100021939">
<dwelling  confidence="0.8" wordnetid="103259505">
<geographical_area  confidence="0.8" wordnetid="108574314">
<district  confidence="0.8" wordnetid="108552138">
<palace  confidence="0.8" wordnetid="103878066">
<urban_area  confidence="0.8" wordnetid="108675967">
<header>
<title>Itri</title>
<id>1086393</id>
<revision>
<id>244264473</id>
<timestamp>2008-10-10T00:41:33Z</timestamp>
<contributor>
<username>SieBot</username>
<id>4005189</id>
</contributor>
</revision>
<categories>
<category>Communes of the Province of Latina</category>
<category>Cities and towns in the Lazio</category>
<category>Castles in Italy</category>
</categories>
</header>
<bdy>
<template>
<name>Infobox CityIT</name>
<parameters>
<region>
<region wordnetid="108630039" confidence="0.9508927676800064">
<link xlink:type="simple" xlink:href="../701/18701.xml">
Lazio</link></region>
</region>
<postalcode>
04020</postalcode>
<website>
<weblink xlink:type="simple" xlink:href="http://www.itri.it/">
www.itri.it</weblink></website>
<mayor>
Giovanni Agresti</mayor>
<population_as_of>
<link xlink:type="simple" xlink:href="../204/8204.xml">
December 31</link>, <link xlink:type="simple" xlink:href="../524/35524.xml">
2004</link></population_as_of>
<saint>
Madonna della Civita</saint>
<population_density_km2>
86</population_density_km2>
<timezone>
<link xlink:type="simple" xlink:href="../730/525730.xml">
CET</link>, <link xlink:type="simple" xlink:href="../276/143276.xml">
UTC</link>+1</timezone>
<population_total>
9198</population_total>
<gentilic>
Itrani</gentilic>
<area_total_km2>
101</area_total_km2>
<img_coa>
Itri-stemma.gif</img_coa>
<name>
Itri</name>
<province>
<region wordnetid="108630985" confidence="0.8">
<administrative_district wordnetid="108491826" confidence="0.8">
<location wordnetid="100027167" confidence="0.8">
<state wordnetid="108654360" confidence="0.8">
<district wordnetid="108552138" confidence="0.8">
<link xlink:type="simple" xlink:href="../582/1448582.xml">
Latina</link></district>
</state>
</location>
</administrative_district>
</region>
 (LT)</province>
<day>
<link xlink:type="simple" xlink:href="../179/16179.xml">
july 21</link></day>
<telephone>
0771</telephone>
<elevation_m>
170</elevation_m>
<coordinates>
<weblink xlink:type="simple" xlink:href="http://stable.toolserver.org/geohack/geohack.php?pagenameItri&amp;params41_17_N_13_32_E_">
41°17′N 13°32′E﻿ / ﻿41.283, 13.533</weblink></coordinates>
<mapx>
41.28</mapx>
<official_name>
Comune di Itri</official_name>
<mapy>
13.53</mapy>
</parameters>
</template>


<indent level="1">

<it>For the Turkish composer from the 17th century, see <physical_entity wordnetid="100001930" confidence="0.8">
<composer wordnetid="109947232" confidence="0.8">
<person wordnetid="100007846" confidence="0.8">
<musician wordnetid="110339966" confidence="0.8">
<causal_agent wordnetid="100007347" confidence="0.8">
<artist wordnetid="109812338" confidence="0.8">
<creator wordnetid="109614315" confidence="0.8">
<link xlink:type="simple" xlink:href="../588/3677588.xml">
Buhurizade Itri</link></creator>
</artist>
</causal_agent>
</musician>
</person>
</composer>
</physical_entity>
</it>.
</indent>
<b>Itri</b> is a small city in the central <system wordnetid="108435388" confidence="0.8">
<economy wordnetid="108366753" confidence="0.8">
<group wordnetid="100031264" confidence="0.8">
<link xlink:type="simple" xlink:href="../532/14532.xml">
Italian</link></group>
</economy>
</system>
 region of <link xlink:type="simple" xlink:href="../972/7408972.xml">
Latium</link> and the <region wordnetid="108630985" confidence="0.8">
<administrative_district wordnetid="108491826" confidence="0.8">
<location wordnetid="100027167" confidence="0.8">
<state wordnetid="108654360" confidence="0.8">
<district wordnetid="108552138" confidence="0.8">
<link xlink:type="simple" xlink:href="../582/1448582.xml">
Province of Latina</link></district>
</state>
</location>
</administrative_district>
</region>
. 
<image location="left" width="220px" src="ItriCittàAlta.jpg" type="thumb">
<caption>

Panorama of the <it>Città alta</it> of Itri, with the castle on the right.
</caption>
</image>
<p>

Itri is an agricultural centre divided in two parts by a small river, the Pontone. It lies in a valley between the <link xlink:type="simple" xlink:href="../047/7257047.xml">
Monti Aurunci</link> and the sea, not far from the <body_of_water wordnetid="109225146" confidence="0.8">
<gulf wordnetid="109296121" confidence="0.8">
<link xlink:type="simple" xlink:href="../383/4581383.xml">
Gulf of Gaeta</link></gulf>
</body_of_water>
. The more ancient part, with the Castle, was partly destroyed during <military_action wordnetid="100952963" confidence="0.8">
<group_action wordnetid="101080366" confidence="0.8">
<event wordnetid="100029378" confidence="0.8">
<conflict wordnetid="100958896" confidence="0.8">
<act wordnetid="100030358" confidence="0.8">
<psychological_feature wordnetid="100023100" confidence="0.8">
<war wordnetid="100973077" confidence="0.8">
<link xlink:type="simple" xlink:href="../927/32927.xml">
World War II</link></war>
</psychological_feature>
</act>
</conflict>
</event>
</group_action>
</military_action>
.</p>
<p>

The <it>Itrani</it> speak a particular variant of the Neapolitan dialect, the <it>Itrano</it>. </p>

<sec>
<st>
History</st>

<p>

The first direct documentary record of Itri appeared in 914, but settlements in the neighbourhood existed from prehistoric times. </p>
<p>

According to legend, Itri's origins appear to coincide with the destruction of Amyclae, a marine city founded by the twin sons of <deity wordnetid="109505418" confidence="0.9508927676800064">
<link xlink:type="simple" xlink:href="../398/34398.xml">
Zeus</link></deity>
, <link xlink:type="simple" xlink:href="../203/56203.xml">
Castor</link> and <link xlink:type="simple" xlink:href="../199/56199.xml">
Pollux</link> whose Spartan followers clashed with <belief wordnetid="105941423" confidence="0.8">
<deity wordnetid="109505418" confidence="0.8">
<fictional_character wordnetid="109587565" confidence="0.8">
<imaginary_being wordnetid="109483738" confidence="0.8">
<daemon wordnetid="109506216" confidence="0.8">
<spiritual_being wordnetid="109504135" confidence="0.8">
<link xlink:type="simple" xlink:href="../540/1540.xml">
Aeneas</link></spiritual_being>
</daemon>
</imaginary_being>
</fictional_character>
</deity>
</belief>
. It certainly originated from a Greek colony, which likely came from the coast at about 20&nbsp;km north of <structure wordnetid="104341686" confidence="0.8">
<building wordnetid="102913152" confidence="0.8">
<artifact wordnetid="100021939" confidence="0.8">
<mansion wordnetid="103719053" confidence="0.8">
<dwelling wordnetid="103259505" confidence="0.8">
<church wordnetid="103028079" confidence="0.8">
<housing wordnetid="103546340" confidence="0.8">
<place_of_worship wordnetid="103953416" confidence="0.8">
<cathedral wordnetid="102984061" confidence="0.8">
<house wordnetid="103544360" confidence="0.8">
<palace wordnetid="103878066" confidence="0.8">
<link xlink:type="simple" xlink:href="../217/1106217.xml">
Fondi</link></palace>
</house>
</cathedral>
</place_of_worship>
</housing>
</church>
</dwelling>
</mansion>
</artifact>
</building>
</structure>
. Amyclae was founded between the Lake Fondi and the <site wordnetid="108651247" confidence="0.8">
<region wordnetid="108630985" confidence="0.8">
<administrative_district wordnetid="108491826" confidence="0.8">
<location wordnetid="100027167" confidence="0.8">
<tract wordnetid="108673395" confidence="0.8">
<municipality wordnetid="108626283" confidence="0.8">
<geographical_area wordnetid="108574314" confidence="0.8">
<town wordnetid="108665504" confidence="0.8">
<district wordnetid="108552138" confidence="0.8">
<urban_area wordnetid="108675967" confidence="0.8">
<link xlink:type="simple" xlink:href="../683/1726683.xml">
Terracina</link></urban_area>
</district>
</town>
</geographical_area>
</municipality>
</tract>
</location>
</administrative_district>
</region>
</site>
 coast, on the limits of murky waters of the swamps present at the time. The quiet Amyclaeans were struck by the cursed and numerous forces of the swamp, unstoppable beings such as the monstrous serpent with nine heads, the <labor wordnetid="108180639" confidence="0.8">
<name wordnetid="106333653" confidence="0.8">
<fictional_character wordnetid="109587565" confidence="0.8">
<imaginary_being wordnetid="109483738" confidence="0.8">
<class wordnetid="107974025" confidence="0.8">
<eponym wordnetid="106334985" confidence="0.8">
<part wordnetid="113809207" confidence="0.8">
<group wordnetid="100031264" confidence="0.8">
<people wordnetid="107942152" confidence="0.8">
<language_unit wordnetid="106284225" confidence="0.8">
<link xlink:type="simple" xlink:href="../256/84256.xml">
Lernaean Hydra</link></language_unit>
</people>
</group>
</part>
</eponym>
</class>
</imaginary_being>
</fictional_character>
</name>
</labor>
, which attacked from the swamps with poisonous venom, and whose heads would re-grow as soon as <belief wordnetid="105941423" confidence="0.8">
<deity wordnetid="109505418" confidence="0.8">
<fictional_character wordnetid="109587565" confidence="0.8">
<imaginary_being wordnetid="109483738" confidence="0.8">
<spiritual_being wordnetid="109504135" confidence="0.8">
<link xlink:type="simple" xlink:href="../770/13770.xml">
Hercules</link></spiritual_being>
</imaginary_being>
</fictional_character>
</deity>
</belief>
 sliced them off with his sword. The city of Amyclae was soon annihilated. The few survivors abandoned the city and relocated a few miles south to the area now known as Itri. These first inhabitants of Itri adopted the emblems of the "Signum Salutis" serpent as symbol of power, and the dog's head "Amycleus" as symbol of fidelity.</p>
<p>

The name Itri derives from the <link xlink:type="simple" xlink:href="../730/17730.xml">
Latin</link> word <it>iter</it>, meaning "route" or "way", appropriate since the city lies where the old Roman <link xlink:type="simple" xlink:href="../569/47569.xml">
Via Appia</link>, built in 312 BC, crosses the Monti Aurunci by way of a narrow pass, the Gola di Sant'Andrea, called by <person wordnetid="100007846" confidence="0.9508927676800064">
<writer wordnetid="110794014" confidence="0.9508927676800064">
<novelist wordnetid="110363573" confidence="0.9173553029164789">
<link xlink:type="simple" xlink:href="../884/5884.xml">
Charles Dickens</link></novelist>
</writer>
</person>
 a "noble mountain pass". An alternative hypothesis on the origin of the town's name suggest it derived from the cult of the Eastern God <belief wordnetid="105941423" confidence="0.8">
<deity wordnetid="109505418" confidence="0.8">
<spiritual_being wordnetid="109504135" confidence="0.8">
<link xlink:type="simple" xlink:href="../159/293159.xml">
Mithra</link></spiritual_being>
</deity>
</belief>
, as there is a large subterranean temple dedicated to him a few hundred meters south of the town. Still another suggestion is that it derives from the Greek for snake "hydra", pronounced in some dialects as "itra".  In Roman times Itri would have been no more than a post station, a role that it continued to perform until well into the nineteenth century; in Borbone times Itri was the 12th of 18 posting stations going south from <site wordnetid="108651247" confidence="0.9508927676800064">
<village wordnetid="108672738" confidence="0.9508927676800064">
<link xlink:type="simple" xlink:href="../458/25458.xml">
Rome</link></village>
</site>
 to <site wordnetid="108651247" confidence="0.9508927676800064">
<village wordnetid="108672738" confidence="0.9508927676800064">
<link xlink:type="simple" xlink:href="../880/55880.xml">
Naples</link></village>
</site>
.</p>
<p>

In the Middle Ages the population grew, and three lines of walls were built to protect the people living around the castle. Itri was part of the <link xlink:type="simple" xlink:href="../562/3761562.xml">
duchy of Gaeta</link> and was a possession of the <link>
Dell'Aquila</link> family, dukes of <structure wordnetid="104341686" confidence="0.8">
<building wordnetid="102913152" confidence="0.8">
<artifact wordnetid="100021939" confidence="0.8">
<mansion wordnetid="103719053" confidence="0.8">
<dwelling wordnetid="103259505" confidence="0.8">
<church wordnetid="103028079" confidence="0.8">
<housing wordnetid="103546340" confidence="0.8">
<place_of_worship wordnetid="103953416" confidence="0.8">
<cathedral wordnetid="102984061" confidence="0.8">
<house wordnetid="103544360" confidence="0.8">
<palace wordnetid="103878066" confidence="0.8">
<link xlink:type="simple" xlink:href="../217/1106217.xml">
Fondi</link></palace>
</house>
</cathedral>
</place_of_worship>
</housing>
</church>
</dwelling>
</mansion>
</artifact>
</building>
</structure>
. In modern times Itri was part of the <country wordnetid="108544813" confidence="0.9508927676800064">
<link xlink:type="simple" xlink:href="../779/258779.xml">
Kingdom of Naples</link></country>
. </p>
<p>

Due to its location on the Gola di Sant'Andrea, Itri has historically been the scene of considerable military activity and a number of important battles.  Perhaps the most famous was that in 1503 when <link xlink:type="simple" xlink:href="../919/489919.xml">
Consalvo of Cordova</link> defeated the <country wordnetid="108544813" confidence="0.9508927676800064">
<link xlink:type="simple" xlink:href="../419/5843419.xml">
French</link></country>
 army under the command of the <peer wordnetid="110412910" confidence="0.8">
<duke wordnetid="110038620" confidence="0.8">
<link xlink:type="simple" xlink:href="../709/1145709.xml">
Duke of Nemours</link></duke>
</peer>
 there, an action known as the Battle of the Garigliano.</p>
<p>

During <military_action wordnetid="100952963" confidence="0.8">
<group_action wordnetid="101080366" confidence="0.8">
<event wordnetid="100029378" confidence="0.8">
<conflict wordnetid="100958896" confidence="0.8">
<act wordnetid="100030358" confidence="0.8">
<psychological_feature wordnetid="100023100" confidence="0.8">
<war wordnetid="100973077" confidence="0.8">
<link xlink:type="simple" xlink:href="../927/32927.xml">
World War II</link></war>
</psychological_feature>
</act>
</conflict>
</event>
</group_action>
</military_action>
, Allied bombing destroyed 75% of the city edifices.
<image width="230px" src="ItriCampanileParteSup.jpg" type="thumb">
<caption>

The bell tower of the destroyed church of Santa Maria Maggiore.
</caption>
</image>

<image width="230px" src="ItriCastello1.jpg" type="thumb">
<caption>

The Crocodile Tower.
</caption>
</image>

<image width="230px" src="Infiorata.jpg" type="thumb">
<caption>

Itri's <it>Infiorata</it> on Via Della Repubblica.
</caption>
</image>

<image width="150px" src="Downtown_Itri.JPG">
<caption>

Downtown Itri
</caption>
</image>
</p>


</sec>
<sec>
<st>
Main sights</st>

<p>

<list>
<entry level="1" type="bullet">

 The notable Castle, which commands all the neighbouring valley. It has a square tower <link xlink:type="simple" xlink:href="../212/418212.xml">
merlon</link>ed wall, attributed to Duke <link xlink:type="simple" xlink:href="../784/4700784.xml">
Docibilis I</link> of Gaeta (882), to which his grandson <peer wordnetid="110412910" confidence="0.8">
<duke wordnetid="110038620" confidence="0.8">
<link xlink:type="simple" xlink:href="../685/5910685.xml">
Marinus II</link></duke>
</peer>
 added a polygonal tower. A third tower, nicknamed <it>del Coccodrillo</it> ("Crocodile") is site in a lower position, directly over Via Appia. A third line of wall is from the mid-13th century.</entry>
<entry level="1" type="bullet">

 The church of <it>San Michele Arcangelo</it> (11th century), in Arabic-Norman style. </entry>
<entry level="1" type="bullet">

The 12th century bell tower of the destroyed church of St. Maria Maggiore, with <link xlink:type="simple" xlink:href="../630/647630.xml">
Byzantine art</link>-style decorations.</entry>
<entry level="1" type="bullet">

The Sanctuary of the <it>Madonna della Civita</it> is located 3 km from the city on a mountain once devoted to the Roman God <belief wordnetid="105941423" confidence="0.8">
<deity wordnetid="109505418" confidence="0.8">
<spiritual_being wordnetid="109504135" confidence="0.8">
<link xlink:type="simple" xlink:href="../417/37417.xml">
Mercury</link></spiritual_being>
</deity>
</belief>
 with a splendid panorama. It houses a holy image of the Virgin, which, according to the legend, was painted by <link xlink:type="simple" xlink:href="../710/18710.xml">
St. Luke</link>. It was crowned here by <link xlink:type="simple" xlink:href="../246/69246.xml">
Pope Pius VII</link>, and again by <link xlink:type="simple" xlink:href="../161/54161.xml">
Pius IX</link> in 1877. King  <sovereign wordnetid="110628644" confidence="0.8">
<physical_entity wordnetid="100001930" confidence="0.8">
<representative wordnetid="110522035" confidence="0.8">
<communicator wordnetid="109610660" confidence="0.8">
<person wordnetid="100007846" confidence="0.8">
<causal_agent wordnetid="100007347" confidence="0.8">
<head_of_state wordnetid="110164747" confidence="0.8">
<ruler wordnetid="110541229" confidence="0.8">
<negotiator wordnetid="110351874" confidence="0.8">
<link xlink:type="simple" xlink:href="../956/156956.xml">
Ferdinand II of Naples</link></negotiator>
</ruler>
</head_of_state>
</causal_agent>
</person>
</communicator>
</representative>
</physical_entity>
</sovereign>
 visited the place in 1849.</entry>
<entry level="1" type="bullet">

The Fortress of Sant'Andrea was built in the first century A.C. on the remains of an ancient Roman villa, located along the Old <link xlink:type="simple" xlink:href="../569/47569.xml">
Via Appia</link> in the direction of <structure wordnetid="104341686" confidence="0.8">
<building wordnetid="102913152" confidence="0.8">
<artifact wordnetid="100021939" confidence="0.8">
<mansion wordnetid="103719053" confidence="0.8">
<dwelling wordnetid="103259505" confidence="0.8">
<church wordnetid="103028079" confidence="0.8">
<housing wordnetid="103546340" confidence="0.8">
<place_of_worship wordnetid="103953416" confidence="0.8">
<cathedral wordnetid="102984061" confidence="0.8">
<house wordnetid="103544360" confidence="0.8">
<palace wordnetid="103878066" confidence="0.8">
<link xlink:type="simple" xlink:href="../217/1106217.xml">
Fondi</link></palace>
</house>
</cathedral>
</place_of_worship>
</housing>
</church>
</dwelling>
</mansion>
</artifact>
</building>
</structure>
. This fortress was used by <person wordnetid="100007846" confidence="0.9638700866880419">
<biography wordnetid="106515827" confidence="0.9508927676800064">
<link xlink:type="simple" xlink:href="../920/254920.xml">
Fra Diavolo</link></biography>
</person>
 during the defensive operations against the French in 1798.</entry>
<entry level="1" type="bullet">

The beautiful Church of <it>Santa Maria di Loreto</it> is located on a hill northeast from the center of the town. It is connected to the convent of the Cappuccini order. The painting of the Madonna of Loreto, created by 18th century neapolitan artist Sarnelli, hangs above the church's altar.</entry>
</list>
</p>

</sec>
<sec>
<st>
Patron saint</st>
<p>

<image location="left" width="500px" src="Madonna_della_civita.jpg" type="thumb">
<caption>

Madonna della Civita.
</caption>
</image>
 The <it>Madonna della Civita</it> is patron of the town, whose feast is celebrated on <link xlink:type="simple" xlink:href="../179/16179.xml">
July 21</link>.</p>
<p>

Popular tradition narrates that the sacred painting representing the image of the Madonna was found in the 8th century by a deaf and mute shepherd, who was looking for a missing cow on Mount Civita. Upon discovering the painting, the shepherd got on his knees, prayed and miraculously was able to hear and speak for the first time in his life. He went back to the town to share his discovery with the Itrani, who were shocked and amazed to witness that the shepherd could now make use of his auditory senses and speech. </p>
<p>

The origin of the painting appears to be dated back to the 8th century, when the Byzantine Emperor <link xlink:type="simple" xlink:href="../010/18010.xml">
Leo III</link> ordered religious persecutions and banned the cult of sacred images.</p>

</sec>
<sec>
<st>
Famous people</st>

<p>

<list>
<entry level="1" type="bullet">

<link xlink:type="simple" xlink:href="../920/254920.xml">
Michele Pezza</link> (Fra Diavolo) </entry>
<entry level="1" type="bullet">

<link xlink:type="simple" xlink:href="../302/24302.xml">
Pope Urban VI</link></entry>
<entry level="1" type="bullet">

<link xlink:type="simple" xlink:href="../544/12170544.xml">
Paolo Burali d'Arezzo</link></entry>
</list>
</p>

</sec>
<sec>
<st>
Culture</st>

<p>

<list>
<entry level="1" type="bullet">

 On March 19 of each year, the people of Itri celebrate the feast of Saint Joseph (<it>Festa di San Giuseppe</it>), patron of the carpenters. The festivity is tied to a secular tradition, and on that night very large bonfires are ignited, around which people dance around, sing and prepare the traditional “zeppole di San Giuseppe”, a traditional fried dough made with sugar, eggs and coated with honey.</entry>
</list>
</p>
<p>

<list>
<entry level="1" type="bullet">

 The day of Corpus Domini (60 days after Easter), Itri celebrates <it>L'Infiorata</it>. An entire road of the town (via della Repubblica) is covered with a variety of different colored flower petals, used to reproduce sacred images and images of the town itself, such as the castle and its churches. At the end of the day, the religious procession passes over the floral masterpieces. </entry>
</list>
</p>
<p>

<list>
<entry level="1" type="bullet">

 The Feast of the <it>Madonna della Civita</it> is Itri's main attraction, celebrated typically on three consecutive days, July 20, 21 and 22. This is often an occasion for Itri's emigrants to return to their hometown. The 3-day feast is celebrated with religious processions, people walking up and down via Civita Farnese among amusement rides and hundreds of stands selling just about anything. Each night culminates with the performance of singers (with the most famous one performing on the last night of the celebrations) and spectacular fireworks.</entry>
</list>
</p>
<p>

<list>
<entry level="1" type="bullet">

 On the first Sunday of August, Itri celebrates the most important product of its economy, the olive. The feast known as the <it>Sagra dell'Ulivo</it> is celebrated with oil (on bruschetta) and olive tastings. Folkloristic groups also sing and dance in the main piazza. Itri exports much of its olive oil and olives, under the denomination of "Gaeta Olives". The product adopted the name of the more known nearby city because they were shipped from the seaport of Gaeta.</entry>
</list>
</p>
<p>

<list>
<entry level="1" type="bullet">

 Among the traditional dishes prepared in Itri are the <it>Pasta e Fagioli </it>(pasta with beans), Polenta with Sausage Ragu, Risotto with Porcini Mushrooms, Linguine with Asparagus, grilled, roasted or sauteed wild game (such as wild boar, jackrabbit, pheasant, quails, and other local wild birds), and the delicious Marzolino cheese (a sheep's-milk cheese) made locally. Many of the dishes prepared with porcini, asparagus, truffles and wild game come from the remote woods of Itri's own <it>Campello</it> location.</entry>
</list>
</p>

</sec>
<sec>
<st>
Sister cities</st>
<p>
 
<list>
<entry level="1" type="bullet">

<image width="22x20px" src="Flag_of_the_United_States.svg">
<caption>

Flag of the United States
</caption>
</image>
 <village wordnetid="108672738" confidence="0.9508927676800064">
<link xlink:type="simple" xlink:href="../322/134322.xml">
Cranston</link></village>
, <body wordnetid="107965085" confidence="0.8">
<social_group wordnetid="107950920" confidence="0.8">
<political_orientation wordnetid="106212839" confidence="0.8">
<colony wordnetid="108374049" confidence="0.8">
<state wordnetid="108168978" confidence="0.8">
<political_unit wordnetid="108359949" confidence="0.8">
<group wordnetid="100031264" confidence="0.8">
<democracy wordnetid="106217103" confidence="0.8">
<link xlink:type="simple" xlink:href="../750/3434750.xml">
United States</link></democracy>
</group>
</political_unit>
</state>
</colony>
</political_orientation>
</social_group>
</body>
</entry>
</list>
</p>

</sec>
<sec>
<st>
Trivia</st>

<p>

<list>
<entry level="1" type="bullet">

The movie <it><movie wordnetid="106613686" confidence="0.9508927676800064">
<link xlink:type="simple" xlink:href="../882/193882.xml">
Two Women</link></movie>
</it> ("La Ciociara") with Sofia Loren was filmed in Itri.</entry>
<entry level="1" type="bullet">

The legendary Itrano combatant <link xlink:type="simple" xlink:href="../920/254920.xml">
Michele Pezza</link> was the inspiration for <physical_entity wordnetid="100001930" confidence="0.8">
<composer wordnetid="109947232" confidence="0.8">
<person wordnetid="100007846" confidence="0.8">
<musician wordnetid="110339966" confidence="0.8">
<causal_agent wordnetid="100007347" confidence="0.8">
<artist wordnetid="109812338" confidence="0.8">
<creator wordnetid="109614315" confidence="0.8">
<link xlink:type="simple" xlink:href="../342/238342.xml">
Daniel Auber</link></creator>
</artist>
</causal_agent>
</musician>
</person>
</composer>
</physical_entity>
's famous 3-act opera <music wordnetid="107020895" confidence="0.8">
<classical_music wordnetid="107025900" confidence="0.8">
<auditory_communication wordnetid="107109019" confidence="0.8">
<opera wordnetid="107026352" confidence="0.8">
<music_genre wordnetid="107071942" confidence="0.8">
<expressive_style wordnetid="107066659" confidence="0.8">
<link xlink:type="simple" xlink:href="../491/8917491.xml">
<it>Fra Diavolo''</it></link></expressive_style>
</music_genre>
</opera>
</auditory_communication>
</classical_music>
</music>
, and the 1933 <link xlink:type="simple" xlink:href="../909/55909.xml">
Laurel and Hardy</link> film, <it><link>
The Devil's Brother</link></it>.</entry>
</list>
</p>

</sec>
<sec>
<st>
External links</st>

<p>

<list>
<entry level="1" type="bullet">

<weblink xlink:type="simple" xlink:href="http://www.comune.itri.lt.it/">
Comune di Itri official website</weblink> (Italian)</entry>
<entry level="1" type="bullet">

<weblink xlink:type="simple" xlink:href="http://www.santuariodellacivita.it/">
Madonna Della Civita Sanctuary</weblink> (Italian)</entry>
<entry level="1" type="bullet">

<weblink xlink:type="simple" xlink:href="http://en.comuni-italiani.it/059/010/">
Italian information on Italian cities and towns</weblink></entry>
</list>
</p>



<p>

<table style=";" class="navbox" cellspacing="0">
<row>
<col style="padding:2px;">
<table style="width:100%;background:transparent;color:inherit;;" class="nowraplinks collapsible autocollapse " cellspacing="0">
<row>
<header colspan="3" style=";" class="navbox-title">
<region wordnetid="108630039" confidence="0.9508927676800064">
<link xlink:type="simple" xlink:href="../701/18701.xml">
Lazio</link></region>
 &middot; <it><link xlink:type="simple" xlink:href="../055/457055.xml">
Comuni</link></it> of the <region wordnetid="108630985" confidence="0.8">
<administrative_district wordnetid="108491826" confidence="0.8">
<location wordnetid="100027167" confidence="0.8">
<state wordnetid="108654360" confidence="0.8">
<district wordnetid="108552138" confidence="0.8">
<link xlink:type="simple" xlink:href="../582/1448582.xml">
Province of Latina</link></district>
</state>
</location>
</administrative_district>
</region>
</header>
</row>
<row style="height:2px;">

</row>
<row>
<col style="width:0%;padding:0px 2px 0px 0px;" rowspan="1">
<image width="55px" src="Lazio-Stemma.png">
<caption>

Lazio
</caption>
</image>
</col>
<col colspan="2" style="width:100%;padding:0px;;;" class="navbox-list navbox-odd">
<region wordnetid="108630985" confidence="0.8">
<administrative_district wordnetid="108491826" confidence="0.8">
<village wordnetid="108672738" confidence="0.8">
<location wordnetid="100027167" confidence="0.8">
<municipality wordnetid="108626283" confidence="0.8">
<settlement wordnetid="108672562" confidence="0.8">
<geographical_area wordnetid="108574314" confidence="0.8">
<district wordnetid="108552138" confidence="0.8">
<urban_area wordnetid="108675967" confidence="0.8">
<city wordnetid="108524735" confidence="0.8">
<link xlink:type="simple" xlink:href="../399/5844399.xml">
Aprilia</link></city>
</urban_area>
</district>
</geographical_area>
</settlement>
</municipality>
</location>
</village>
</administrative_district>
</region>
 · <region wordnetid="108630985" confidence="0.8">
<administrative_district wordnetid="108491826" confidence="0.8">
<location wordnetid="100027167" confidence="0.8">
<municipality wordnetid="108626283" confidence="0.8">
<geographical_area wordnetid="108574314" confidence="0.8">
<district wordnetid="108552138" confidence="0.8">
<urban_area wordnetid="108675967" confidence="0.8">
<city wordnetid="108524735" confidence="0.8">
<link xlink:type="simple" xlink:href="../522/6754522.xml">
Bassiano</link></city>
</urban_area>
</district>
</geographical_area>
</municipality>
</location>
</administrative_district>
</region>
 · <region wordnetid="108630985" confidence="0.8">
<administrative_district wordnetid="108491826" confidence="0.8">
<location wordnetid="100027167" confidence="0.8">
<municipality wordnetid="108626283" confidence="0.8">
<geographical_area wordnetid="108574314" confidence="0.8">
<district wordnetid="108552138" confidence="0.8">
<urban_area wordnetid="108675967" confidence="0.8">
<city wordnetid="108524735" confidence="0.8">
<link xlink:type="simple" xlink:href="../079/5845079.xml">
Campodimele</link></city>
</urban_area>
</district>
</geographical_area>
</municipality>
</location>
</administrative_district>
</region>
 · <region wordnetid="108630985" confidence="0.8">
<administrative_district wordnetid="108491826" confidence="0.8">
<location wordnetid="100027167" confidence="0.8">
<municipality wordnetid="108626283" confidence="0.8">
<geographical_area wordnetid="108574314" confidence="0.8">
<district wordnetid="108552138" confidence="0.8">
<urban_area wordnetid="108675967" confidence="0.8">
<city wordnetid="108524735" confidence="0.8">
<link xlink:type="simple" xlink:href="../019/5845019.xml">
Castelforte</link></city>
</urban_area>
</district>
</geographical_area>
</municipality>
</location>
</administrative_district>
</region>
 · <region wordnetid="108630985" confidence="0.8">
<administrative_district wordnetid="108491826" confidence="0.8">
<location wordnetid="100027167" confidence="0.8">
<municipality wordnetid="108626283" confidence="0.8">
<geographical_area wordnetid="108574314" confidence="0.8">
<district wordnetid="108552138" confidence="0.8">
<urban_area wordnetid="108675967" confidence="0.8">
<city wordnetid="108524735" confidence="0.8">
<link xlink:type="simple" xlink:href="../995/200995.xml">
Cisterna di Latina</link></city>
</urban_area>
</district>
</geographical_area>
</municipality>
</location>
</administrative_district>
</region>
 · <link xlink:type="simple" xlink:href="../911/5844911.xml">
Cori</link> · <structure wordnetid="104341686" confidence="0.8">
<building wordnetid="102913152" confidence="0.8">
<artifact wordnetid="100021939" confidence="0.8">
<mansion wordnetid="103719053" confidence="0.8">
<dwelling wordnetid="103259505" confidence="0.8">
<church wordnetid="103028079" confidence="0.8">
<housing wordnetid="103546340" confidence="0.8">
<place_of_worship wordnetid="103953416" confidence="0.8">
<cathedral wordnetid="102984061" confidence="0.8">
<house wordnetid="103544360" confidence="0.8">
<palace wordnetid="103878066" confidence="0.8">
<link xlink:type="simple" xlink:href="../217/1106217.xml">
Fondi</link></palace>
</house>
</cathedral>
</place_of_worship>
</housing>
</church>
</dwelling>
</mansion>
</artifact>
</building>
</structure>
 · <region wordnetid="108630985" confidence="0.8">
<administrative_district wordnetid="108491826" confidence="0.8">
<location wordnetid="100027167" confidence="0.8">
<municipality wordnetid="108626283" confidence="0.8">
<geographical_area wordnetid="108574314" confidence="0.8">
<town wordnetid="108665504" confidence="0.8">
<district wordnetid="108552138" confidence="0.8">
<urban_area wordnetid="108675967" confidence="0.8">
<link xlink:type="simple" xlink:href="../771/1022771.xml">
Formia</link></urban_area>
</district>
</town>
</geographical_area>
</municipality>
</location>
</administrative_district>
</region>
 · <site wordnetid="108651247" confidence="0.8">
<region wordnetid="108630985" confidence="0.8">
<administrative_district wordnetid="108491826" confidence="0.8">
<location wordnetid="100027167" confidence="0.8">
<tract wordnetid="108673395" confidence="0.8">
<municipality wordnetid="108626283" confidence="0.8">
<geographical_area wordnetid="108574314" confidence="0.8">
<town wordnetid="108665504" confidence="0.8">
<district wordnetid="108552138" confidence="0.8">
<urban_area wordnetid="108675967" confidence="0.8">
<link xlink:type="simple" xlink:href="../602/390602.xml">
Gaeta</link></urban_area>
</district>
</town>
</geographical_area>
</municipality>
</tract>
</location>
</administrative_district>
</region>
</site>
 · <region wordnetid="108630985" confidence="0.8">
<structure wordnetid="104341686" confidence="0.8">
<building wordnetid="102913152" confidence="0.8">
<administrative_district wordnetid="108491826" confidence="0.8">
<mansion wordnetid="103719053" confidence="0.8">
<housing wordnetid="103546340" confidence="0.8">
<location wordnetid="100027167" confidence="0.8">
<municipality wordnetid="108626283" confidence="0.8">
<house wordnetid="103544360" confidence="0.8">
<city wordnetid="108524735" confidence="0.8">
<artifact wordnetid="100021939" confidence="0.8">
<dwelling wordnetid="103259505" confidence="0.8">
<geographical_area wordnetid="108574314" confidence="0.8">
<district wordnetid="108552138" confidence="0.8">
<palace wordnetid="103878066" confidence="0.8">
<urban_area wordnetid="108675967" confidence="0.8">
<link xlink:type="simple" xlink:href="../393/1086393.xml">
Itri</link></urban_area>
</palace>
</district>
</geographical_area>
</dwelling>
</artifact>
</city>
</house>
</municipality>
</location>
</housing>
</mansion>
</administrative_district>
</building>
</structure>
</region>
 · <region wordnetid="108630985" confidence="0.8">
<administrative_district wordnetid="108491826" confidence="0.8">
<village wordnetid="108672738" confidence="0.8">
<location wordnetid="100027167" confidence="0.8">
<municipality wordnetid="108626283" confidence="0.8">
<settlement wordnetid="108672562" confidence="0.8">
<geographical_area wordnetid="108574314" confidence="0.8">
<district wordnetid="108552138" confidence="0.8">
<urban_area wordnetid="108675967" confidence="0.8">
<city wordnetid="108524735" confidence="0.8">
<link xlink:type="simple" xlink:href="../707/2072707.xml">
Latina</link></city>
</urban_area>
</district>
</geographical_area>
</settlement>
</municipality>
</location>
</village>
</administrative_district>
</region>
 · <region wordnetid="108630985" confidence="0.8">
<administrative_district wordnetid="108491826" confidence="0.8">
<location wordnetid="100027167" confidence="0.8">
<municipality wordnetid="108626283" confidence="0.8">
<geographical_area wordnetid="108574314" confidence="0.8">
<district wordnetid="108552138" confidence="0.8">
<urban_area wordnetid="108675967" confidence="0.8">
<city wordnetid="108524735" confidence="0.8">
<link xlink:type="simple" xlink:href="../460/5844460.xml">
Lenola</link></city>
</urban_area>
</district>
</geographical_area>
</municipality>
</location>
</administrative_district>
</region>
 · <region wordnetid="108630985" confidence="0.8">
<administrative_district wordnetid="108491826" confidence="0.8">
<location wordnetid="100027167" confidence="0.8">
<municipality wordnetid="108626283" confidence="0.8">
<geographical_area wordnetid="108574314" confidence="0.8">
<district wordnetid="108552138" confidence="0.8">
<urban_area wordnetid="108675967" confidence="0.8">
<city wordnetid="108524735" confidence="0.8">
<link xlink:type="simple" xlink:href="../553/6754553.xml">
Maenza</link></city>
</urban_area>
</district>
</geographical_area>
</municipality>
</location>
</administrative_district>
</region>
 · <site wordnetid="108651247" confidence="0.8">
<region wordnetid="108630985" confidence="0.8">
<administrative_district wordnetid="108491826" confidence="0.8">
<location wordnetid="100027167" confidence="0.8">
<tract wordnetid="108673395" confidence="0.8">
<municipality wordnetid="108626283" confidence="0.8">
<geographical_area wordnetid="108574314" confidence="0.8">
<town wordnetid="108665504" confidence="0.8">
<district wordnetid="108552138" confidence="0.8">
<urban_area wordnetid="108675967" confidence="0.8">
<link xlink:type="simple" xlink:href="../751/2392751.xml">
Minturno</link></urban_area>
</district>
</town>
</geographical_area>
</municipality>
</tract>
</location>
</administrative_district>
</region>
</site>
 · <region wordnetid="108630985" confidence="0.8">
<administrative_district wordnetid="108491826" confidence="0.8">
<location wordnetid="100027167" confidence="0.8">
<municipality wordnetid="108626283" confidence="0.8">
<geographical_area wordnetid="108574314" confidence="0.8">
<district wordnetid="108552138" confidence="0.8">
<urban_area wordnetid="108675967" confidence="0.8">
<city wordnetid="108524735" confidence="0.8">
<link xlink:type="simple" xlink:href="../564/4929564.xml">
Monte San Biagio</link></city>
</urban_area>
</district>
</geographical_area>
</municipality>
</location>
</administrative_district>
</region>
 · <region wordnetid="108630985" confidence="0.8">
<administrative_district wordnetid="108491826" confidence="0.8">
<location wordnetid="100027167" confidence="0.8">
<municipality wordnetid="108626283" confidence="0.8">
<geographical_area wordnetid="108574314" confidence="0.8">
<district wordnetid="108552138" confidence="0.8">
<urban_area wordnetid="108675967" confidence="0.8">
<city wordnetid="108524735" confidence="0.8">
<link xlink:type="simple" xlink:href="../578/6754578.xml">
Norma</link></city>
</urban_area>
</district>
</geographical_area>
</municipality>
</location>
</administrative_district>
</region>
 · <region wordnetid="108630985" confidence="0.8">
<administrative_district wordnetid="108491826" confidence="0.8">
<location wordnetid="100027167" confidence="0.8">
<municipality wordnetid="108626283" confidence="0.8">
<geographical_area wordnetid="108574314" confidence="0.8">
<district wordnetid="108552138" confidence="0.8">
<urban_area wordnetid="108675967" confidence="0.8">
<city wordnetid="108524735" confidence="0.8">
<link xlink:type="simple" xlink:href="../585/6754585.xml">
Pontinia</link></city>
</urban_area>
</district>
</geographical_area>
</municipality>
</location>
</administrative_district>
</region>
 · <link xlink:type="simple" xlink:href="../349/7230349.xml">
Ponza</link> · <region wordnetid="108630985" confidence="0.8">
<administrative_district wordnetid="108491826" confidence="0.8">
<location wordnetid="100027167" confidence="0.8">
<municipality wordnetid="108626283" confidence="0.8">
<geographical_area wordnetid="108574314" confidence="0.8">
<district wordnetid="108552138" confidence="0.8">
<urban_area wordnetid="108675967" confidence="0.8">
<city wordnetid="108524735" confidence="0.8">
<link xlink:type="simple" xlink:href="../273/5667273.xml">
Priverno</link></city>
</urban_area>
</district>
</geographical_area>
</municipality>
</location>
</administrative_district>
</region>
 · <region wordnetid="108630985" confidence="0.8">
<administrative_district wordnetid="108491826" confidence="0.8">
<location wordnetid="100027167" confidence="0.8">
<municipality wordnetid="108626283" confidence="0.8">
<geographical_area wordnetid="108574314" confidence="0.8">
<district wordnetid="108552138" confidence="0.8">
<urban_area wordnetid="108675967" confidence="0.8">
<city wordnetid="108524735" confidence="0.8">
<link xlink:type="simple" xlink:href="../602/6754602.xml">
Prossedi</link></city>
</urban_area>
</district>
</geographical_area>
</municipality>
</location>
</administrative_district>
</region>
 · <region wordnetid="108630985" confidence="0.8">
<administrative_district wordnetid="108491826" confidence="0.8">
<location wordnetid="100027167" confidence="0.8">
<municipality wordnetid="108626283" confidence="0.8">
<geographical_area wordnetid="108574314" confidence="0.8">
<district wordnetid="108552138" confidence="0.8">
<urban_area wordnetid="108675967" confidence="0.8">
<city wordnetid="108524735" confidence="0.8">
<link xlink:type="simple" xlink:href="../618/6754618.xml">
Rocca Massima</link></city>
</urban_area>
</district>
</geographical_area>
</municipality>
</location>
</administrative_district>
</region>
 · <region wordnetid="108630985" confidence="0.8">
<administrative_district wordnetid="108491826" confidence="0.8">
<location wordnetid="100027167" confidence="0.8">
<municipality wordnetid="108626283" confidence="0.8">
<geographical_area wordnetid="108574314" confidence="0.8">
<district wordnetid="108552138" confidence="0.8">
<urban_area wordnetid="108675967" confidence="0.8">
<city wordnetid="108524735" confidence="0.8">
<link xlink:type="simple" xlink:href="../606/6754606.xml">
Roccagorga</link></city>
</urban_area>
</district>
</geographical_area>
</municipality>
</location>
</administrative_district>
</region>
 · <region wordnetid="108630985" confidence="0.8">
<administrative_district wordnetid="108491826" confidence="0.8">
<location wordnetid="100027167" confidence="0.8">
<municipality wordnetid="108626283" confidence="0.8">
<geographical_area wordnetid="108574314" confidence="0.8">
<district wordnetid="108552138" confidence="0.8">
<urban_area wordnetid="108675967" confidence="0.8">
<city wordnetid="108524735" confidence="0.8">
<link xlink:type="simple" xlink:href="../624/6754624.xml">
Roccasecca dei Volsci</link></city>
</urban_area>
</district>
</geographical_area>
</municipality>
</location>
</administrative_district>
</region>
 · <region wordnetid="108630985" confidence="0.8">
<administrative_district wordnetid="108491826" confidence="0.8">
<location wordnetid="100027167" confidence="0.8">
<municipality wordnetid="108626283" confidence="0.8">
<geographical_area wordnetid="108574314" confidence="0.8">
<town wordnetid="108665504" confidence="0.8">
<district wordnetid="108552138" confidence="0.8">
<urban_area wordnetid="108675967" confidence="0.8">
<city wordnetid="108524735" confidence="0.8">
<link xlink:type="simple" xlink:href="../304/5667304.xml">
Sabaudia</link></city>
</urban_area>
</district>
</town>
</geographical_area>
</municipality>
</location>
</administrative_district>
</region>
 · <region wordnetid="108630985" confidence="0.8">
<administrative_district wordnetid="108491826" confidence="0.8">
<location wordnetid="100027167" confidence="0.8">
<municipality wordnetid="108626283" confidence="0.8">
<geographical_area wordnetid="108574314" confidence="0.8">
<district wordnetid="108552138" confidence="0.8">
<urban_area wordnetid="108675967" confidence="0.8">
<city wordnetid="108524735" confidence="0.8">
<link xlink:type="simple" xlink:href="../615/5844615.xml">
San Felice Circeo</link></city>
</urban_area>
</district>
</geographical_area>
</municipality>
</location>
</administrative_district>
</region>
 · <region wordnetid="108630985" confidence="0.8">
<administrative_district wordnetid="108491826" confidence="0.8">
<location wordnetid="100027167" confidence="0.8">
<municipality wordnetid="108626283" confidence="0.8">
<geographical_area wordnetid="108574314" confidence="0.8">
<district wordnetid="108552138" confidence="0.8">
<urban_area wordnetid="108675967" confidence="0.8">
<city wordnetid="108524735" confidence="0.8">
<link xlink:type="simple" xlink:href="../133/5845133.xml">
Santi Cosma e Damiano</link></city>
</urban_area>
</district>
</geographical_area>
</municipality>
</location>
</administrative_district>
</region>
 · <link xlink:type="simple" xlink:href="../157/4868157.xml">
Sermoneta</link> · <region wordnetid="108630985" confidence="0.8">
<administrative_district wordnetid="108491826" confidence="0.8">
<location wordnetid="100027167" confidence="0.8">
<municipality wordnetid="108626283" confidence="0.8">
<geographical_area wordnetid="108574314" confidence="0.8">
<district wordnetid="108552138" confidence="0.8">
<urban_area wordnetid="108675967" confidence="0.8">
<city wordnetid="108524735" confidence="0.8">
<link xlink:type="simple" xlink:href="../394/2583394.xml">
Sezze</link></city>
</urban_area>
</district>
</geographical_area>
</municipality>
</location>
</administrative_district>
</region>
 · <region wordnetid="108630985" confidence="0.8">
<administrative_district wordnetid="108491826" confidence="0.8">
<location wordnetid="100027167" confidence="0.8">
<municipality wordnetid="108626283" confidence="0.8">
<geographical_area wordnetid="108574314" confidence="0.8">
<district wordnetid="108552138" confidence="0.8">
<urban_area wordnetid="108675967" confidence="0.8">
<city wordnetid="108524735" confidence="0.8">
<link xlink:type="simple" xlink:href="../536/5844536.xml">
Sonnino</link></city>
</urban_area>
</district>
</geographical_area>
</municipality>
</location>
</administrative_district>
</region>
 · <region wordnetid="108630985" confidence="0.8">
<administrative_district wordnetid="108491826" confidence="0.8">
<location wordnetid="100027167" confidence="0.8">
<municipality wordnetid="108626283" confidence="0.8">
<geographical_area wordnetid="108574314" confidence="0.8">
<town wordnetid="108665504" confidence="0.8">
<district wordnetid="108552138" confidence="0.8">
<urban_area wordnetid="108675967" confidence="0.8">
<link xlink:type="simple" xlink:href="../050/2331050.xml">
Sperlonga</link></urban_area>
</district>
</town>
</geographical_area>
</municipality>
</location>
</administrative_district>
</region>
 · <region wordnetid="108630985" confidence="0.8">
<administrative_district wordnetid="108491826" confidence="0.8">
<location wordnetid="100027167" confidence="0.8">
<municipality wordnetid="108626283" confidence="0.8">
<geographical_area wordnetid="108574314" confidence="0.8">
<district wordnetid="108552138" confidence="0.8">
<urban_area wordnetid="108675967" confidence="0.8">
<city wordnetid="108524735" confidence="0.8">
<link xlink:type="simple" xlink:href="../959/5844959.xml">
Spigno Saturnia</link></city>
</urban_area>
</district>
</geographical_area>
</municipality>
</location>
</administrative_district>
</region>
 · <site wordnetid="108651247" confidence="0.8">
<region wordnetid="108630985" confidence="0.8">
<administrative_district wordnetid="108491826" confidence="0.8">
<location wordnetid="100027167" confidence="0.8">
<tract wordnetid="108673395" confidence="0.8">
<municipality wordnetid="108626283" confidence="0.8">
<geographical_area wordnetid="108574314" confidence="0.8">
<town wordnetid="108665504" confidence="0.8">
<district wordnetid="108552138" confidence="0.8">
<urban_area wordnetid="108675967" confidence="0.8">
<link xlink:type="simple" xlink:href="../683/1726683.xml">
Terracina</link></urban_area>
</district>
</town>
</geographical_area>
</municipality>
</tract>
</location>
</administrative_district>
</region>
</site>
 ·&#32; <region wordnetid="108630985" confidence="0.8">
<administrative_district wordnetid="108491826" confidence="0.8">
<location wordnetid="100027167" confidence="0.8">
<municipality wordnetid="108626283" confidence="0.8">
<land wordnetid="109334396" confidence="0.8">
<geographical_area wordnetid="108574314" confidence="0.8">
<district wordnetid="108552138" confidence="0.8">
<urban_area wordnetid="108675967" confidence="0.8">
<island wordnetid="109316454" confidence="0.8">
<city wordnetid="108524735" confidence="0.8">
<link xlink:type="simple" xlink:href="../756/1094756.xml">
Ventotene</link></city>
</island>
</urban_area>
</district>
</geographical_area>
</land>
</municipality>
</location>
</administrative_district>
</region>
&#32;&#32;&#32;&#32;&#32;&#32;&#32;&#32;&#32;&#32;&#32;&#32;&#32;&#32;&#32;&#32;&#32;&#32;&#32;&#32;&#32;&#32;&#32;&#32;&#32;&#32;&#32;&#32;&#32;&#32;&#32;&#32;&#32;&#32;&#32;&#32;&#32;&#32;&#32;&#32;&#32;&#32;&#32;&#32;&#32;&#32;&#32;&#32;&#32;&#32;&#32;&#32;&#32;&#32;&#32;&#32;&#32;&#32;&#32;&#32;&#32;&#32;&#32;&#32;&#32;&#32;&#32;&#32;&#32;&#32;&#32;&#32;&#32;&#32;&#32;&#32;&#32;&#32;&#32;&#32;&#32;&#32;&#32;&#32;&#32;&#32;&#32;&#32;&#32;&#32;&#32;&#32;&#32;&#32;&#32;&#32;&#32;&#32;&#32;&#32;&#32;&#32;&#32;&#32;&#32;&#32;&#32;&#32;&#32;&#32;&#32;&#32;&#32;&#32;&#32;&#32;&#32;&#32;&#32;&#32;&#32;&#32;&#32;&#32;&#32;&#32;&#32;&#32;&#32;&#32;&#32;&#32;&#32;&#32;&#32;&#32;&#32;&#32;&#32;&#32;&#32;&#32;&#32;&#32;&#32;&#32;&#32;&#32;&#32;&#32;&#32;&#32;&#32;&#32;&#32;&#32;&#32;&#32;&#32;&#32;&#32;&#32;&#32;&#32;&#32;&#32;&#32;&#32;&#32;&#32;&#32;&#32;&#32;&#32;&#32;&#32;&#32;&#32;&#32;&#32;&#32;&#32;&#32;&#32;&#32;&#32;&#32;&#32;&#32;&#32;&#32;&#32;&#32;&#32;&#32;&#32;&#32;&#32;&#32;&#32;&#32;&#32;&#32;&#32;&#32;&#32;&#32;&#32;&#32;&#32;&#32;&#32;&#32;&#32;&#32;&#32;&#32;&#32;&#32;&#32;&#32;&#32;&#32;&#32;&#32;&#32;&#32;&#32;&#32;&#32;&#32;&#32;&#32;&#32;&#32;&#32;&#32;&#32;&#32;&#32;&#32;&#32;&#32;&#32;&#32;&#32;&#32;&#32;&#32;&#32;&#32;&#32;&#32;&#32;&#32;&#32;&#32;&#32;&#32;&#32;&#32;&#32;&#32;&#32;&#32;&#32;&#32;&#32;&#32;&#32;&#32;&#32;&#32;&#32;&#32;&#32;&#32;&#32;&#32;&#32;&#32;&#32;&#32;&#32;&#32;&#32;&#32;&#32;&#32;&#32;&#32;&#32;&#32;&#32;&#32;&#32;&#32;&#32;&#32;&#32;&#32;&#32;&#32;&#32;&#32;&#32;&#32;&#32;&#32;&#32;&#32;&#32;&#32;&#32;&#32;&#32;&#32;&#32;&#32;&#32;&#32;&#32;&#32;&#32;&#32;&#32;&#32;&#32;&#32;&#32;&#32;&#32;&#32;&#32;&#32;&#32;&#32;&#32;&#32;&#32;&#32;&#32;&#32;&#32;&#32;&#32;&#32;&#32;&#32;&#32;&#32;&#32;&#32;&#32;&#32;&#32;&#32;&#32;&#32;&#32;&#32;&#32;&#32;&#32;&#32;&#32;&#32;&#32;</col>
</row>
</table>
</col>
</row>
</table>
</p>



</sec>
</bdy>
</urban_area>
</palace>
</district>
</geographical_area>
</dwelling>
</artifact>
</city>
</house>
</municipality>
</location>
</housing>
</mansion>
</administrative_district>
</building>
</structure>
</region>
</article>
