<?xml version="1.0" encoding="UTF-8"?>
<!-- generated by CLiX/Wiki2XML [MPI-Inf, MMCI@UdS] $LastChangedRevision: 92 $ on 16.04.2009 18:06:13[mciao0827] -->
<!DOCTYPE article SYSTEM "../article.dtd">
<article xmlns:xlink="http://www.w3.org/1999/xlink">
<entity  confidence="0.9511911446218017" wordnetid="100001740">
<actor  confidence="0.9508927676800064" wordnetid="109765278">
<dancer  confidence="0.9511911446218017" wordnetid="109989502">
<header>
<title>Paul Mercurio</title>
<id>1088868</id>
<revision>
<id>239011335</id>
<timestamp>2008-09-17T12:40:18Z</timestamp>
<contributor>
<username>CmdrObot</username>
<id>1079367</id>
</contributor>
</revision>
<categories>
<category>1963 births</category>
<category>Living people</category>
<category>Australian dancers</category>
<category>People from Swan Hill</category>
<category>Australian television actors</category>
<category>Australian film actors</category>
<category>Australians of Italian descent</category>
</categories>
</header>
<bdy>
<template>
<name>Infobox actor</name>
<parameters>

<image width="150px" src="Replace_this_image_male.svg">
<caption>

Replace this image male.svg
</caption>
</image>
<website>
http://www.paulmercurio.com</website>
<location>
<link xlink:type="simple" xlink:href="../582/3169582.xml">
Swan Hill</link>, <body wordnetid="107965085" confidence="0.8">
<social_group wordnetid="107950920" confidence="0.8">
<colony wordnetid="108374049" confidence="0.8">
<group wordnetid="100031264" confidence="0.8">
<link xlink:type="simple" xlink:href="../460/4689460.xml">
Victoria</link></group>
</colony>
</social_group>
</body>
</location>
<spouse>
Andrea Mercurio</spouse>
<name>
Paul Joseph Mercurio</name>
<birthdate>
March 31, 1963 (1963-03-31) (age&nbsp;46)</birthdate>
<imagesize>
150px</imagesize>
</parameters>
</template>


For the comedian, see <physical_entity wordnetid="100001930" confidence="0.8">
<comedian wordnetid="109940146" confidence="0.8">
<person wordnetid="100007846" confidence="0.8">
<performer wordnetid="110415638" confidence="0.8">
<causal_agent wordnetid="100007347" confidence="0.8">
<entertainer wordnetid="109616922" confidence="0.8">
<link xlink:type="simple" xlink:href="../083/6062083.xml">
Paul Mecurio</link></entertainer>
</causal_agent>
</performer>
</person>
</comedian>
</physical_entity>
.<p>

<b>Paul Joseph Mercurio</b> (born <link xlink:type="simple" xlink:href="../587/20587.xml">
March 31</link>, <link xlink:type="simple" xlink:href="../648/34648.xml">
1963</link>) is an <country wordnetid="108544813" confidence="0.9508927676800064">
<link xlink:type="simple" xlink:href="../264/4689264.xml">
Australia</link></country>
n actor and dancer who was the star of <actor wordnetid="109765278" confidence="0.9508927676800064">
<link xlink:type="simple" xlink:href="../171/152171.xml">
Baz Luhrmann</link></actor>
's <it><movie wordnetid="106613686" confidence="0.9508927676800064">
<link xlink:type="simple" xlink:href="../202/542202.xml">
Strictly Ballroom</link></movie>
</it> (1992). His father is character actor <actor wordnetid="109765278" confidence="0.9173553029164789">
<link xlink:type="simple" xlink:href="../278/2779278.xml">
Gus Mercurio</link></actor>
.</p>
<p>

Mercurio was one of four judges on the Australian version of the popular television show <it><link xlink:type="simple" xlink:href="../813/3728813.xml">
Dancing with the Stars</link></it> which was broadcast in Australia on <channel wordnetid="106259898" confidence="0.9508927676800064">
<link xlink:type="simple" xlink:href="../657/494657.xml">
Channel Seven</link></channel>
 in 2004, 2005, and 2006. He was also a judge in New Zealand's edition since 2006. He has recently been sacked as a judge on the new version of Dancing With The Stars.</p>
<p>

Mercurio is best remembered for his lead role as rebel "Scott Hastings" in Baz Luhrmann's movie <it><movie wordnetid="106613686" confidence="0.9508927676800064">
<link xlink:type="simple" xlink:href="../202/542202.xml">
Strictly Ballroom</link></movie>
</it>. He is also an accomplished dramatic actor, appearing in popular Australian shows: <it>Blue Heelers</it>, <it>All Saints</it>, <it>Murder Call</it>, <it>Medivac</it>, <it>Heartbreak High,</it> <it>Water Rats</it> and <it>The Day of the Roses</it>. </p>

<sec>
<st>
 Biography </st>

<p>

Born in <site wordnetid="108651247" confidence="0.9508927676800064">
<link xlink:type="simple" xlink:href="../582/3169582.xml">
Swan Hill, Victoria</link></site>
 in 1963, Mercurio began ballet at nine. By the age of 19, in 1982, he was Principal Dancer with the <company wordnetid="108058098" confidence="0.8">
<institution wordnetid="108053576" confidence="0.8">
<link xlink:type="simple" xlink:href="../613/477613.xml">
Sydney Dance Company</link></institution>
</company>
 — a position he held for ten years. During this time, he was commissioned to choreograph six works performed by the company. </p>
<p>

Mercurio left the Sydney Dance Company to found the <company wordnetid="108058098" confidence="0.8">
<institution wordnetid="108053576" confidence="0.8">
<link xlink:type="simple" xlink:href="../308/16454308.xml">
Australian Choreographic Ensemble</link></institution>
</company>
 which danced from 1992-1998, where he was the Director, Principal Dancer and Principal Choreographer. </p>
<p>

Mercurio made his film debut in <it><movie wordnetid="106613686" confidence="0.9508927676800064">
<link xlink:type="simple" xlink:href="../202/542202.xml">
Strictly Ballroom</link></movie>
</it>, receiving an <body wordnetid="107965085" confidence="0.8">
<social_group wordnetid="107950920" confidence="0.8">
<group wordnetid="100031264" confidence="0.8">
<administration wordnetid="108164585" confidence="0.8">
<link xlink:type="simple" xlink:href="../462/380462.xml">
Australian Film Institute</link></administration>
</group>
</social_group>
</body>
 Award nomination in 1993. His film credits have since included; <it><movie wordnetid="106613686" confidence="0.9508927676800064">
<link xlink:type="simple" xlink:href="../956/6084956.xml">
Exit to Eden</link></movie>
</it>, <it><link>
Back of Beyond</link></it>, <it><link xlink:type="simple" xlink:href="../099/2099099.xml">
Cosi</link></it>, <it><movie wordnetid="106613686" confidence="0.9508927676800064">
<link xlink:type="simple" xlink:href="../030/7469030.xml">
Red Ribbon Blues</link></movie>
</it>, <it><movie wordnetid="106613686" confidence="0.9508927676800064">
<link xlink:type="simple" xlink:href="../745/2251745.xml">
Welcome to Woop Woop</link></movie>
</it>, <it><link>
The Dark Planet</link></it>, <it><link>
The First 9 1/2 Weeks</link></it>, <it><link xlink:type="simple" xlink:href="../831/16831.xml">
Kick</link></it> and . He also starred, wrote, choreographed, produced and directed the short film <it>Spilt Milk</it>. Mercurio made his TV debut in a documentary on his life called <it>Life's Burning Desire</it> in 1992. He starred in the lead role of Joseph in the Emmy award–winning US TV mini-series , in 1995. </p>
<p>

Today, Mercurio continues to dance and choreograph professionally. He was a movement consultant on the <rapper wordnetid="110507482" confidence="0.9173553029164789">
<manufacturer wordnetid="110292316" confidence="0.9173553029164789">
<film_maker wordnetid="110088390" confidence="0.9173553029164789">
<actor wordnetid="109765278" confidence="0.9173553029164789">
<artist wordnetid="109812338" confidence="0.9508927676800064">
<link xlink:type="simple" xlink:href="../698/154698.xml">
Will Smith</link></artist>
</actor>
</film_maker>
</manufacturer>
</rapper>
 movie <it><album wordnetid="106591815" confidence="0.9508927676800064">
<movie wordnetid="106613686" confidence="0.9508927676800064">
<link xlink:type="simple" xlink:href="../947/564947.xml">
I, Robot</link></movie>
</album>
</it>, and has choreographed a USA TV campaign for <link xlink:type="simple" xlink:href="../690/6690.xml">
Coca Cola</link>, the Harry M Miller production of <it><musical wordnetid="107019172" confidence="0.9508927676800064">
<link xlink:type="simple" xlink:href="../554/59554.xml">
Jesus Christ Superstar</link></musical>
</it> and <it><musical wordnetid="107019172" confidence="0.9508927676800064">
<link xlink:type="simple" xlink:href="../348/286348.xml">
Annie Get Your Gun</link></musical>
</it>. </p>
<p>

In January 2004, he appeared on stage in <it><movie wordnetid="106613686" confidence="0.9508927676800064">
<link xlink:type="simple" xlink:href="../453/142453.xml">
The Full Monty</link></movie>
</it>. Mercurio was also a judge on both the Australian and New Zealand versions of <it><series wordnetid="108457976" confidence="0.9508927676800064">
<link xlink:type="simple" xlink:href="../887/5045887.xml">
Dancing with the Stars</link></series>
</it> until it was announced on the 12th August 2008 that he had been dropped from the judgeing panel.</p>
<p>

In 2008, Paul began hosting a series called "Mercurio's Menu" where he travels Australia cooking in different locations.</p>
<p>

Mercurio also teaches full time students at Dance World Studios in Melbourne, Australia</p>

</sec>
<sec>
<st>
External links</st>
<p>

<list>
<entry level="1" type="bullet">

 <weblink xlink:type="simple" xlink:href="http://www.imdb.com/name/nm0580527/">
Paul Mercurio</weblink> at the <web_site wordnetid="106359193" confidence="0.9508927676800064">
<link xlink:type="simple" xlink:href="../554/2855554.xml">
Internet Movie Database</link></web_site>
</entry>
<entry level="1" type="bullet">

 <weblink xlink:type="simple" xlink:href="http://www.australiadancing.org/subjects/43.html">
Paul Mercurio biography</weblink> at AustraliaDancing</entry>
<entry level="1" type="bullet">

 <weblink xlink:type="simple" xlink:href="http://www.mercuriosmenu.com/">
Mercurio's Menu</weblink> Mercurio's Menu</entry>
</list>
</p>
<p>

News.com.au- Paul Mercurio out of Dancing and Ian Dickinson's Idol fears- http://www.news.com.au/entertainment/story/0,26278,24166721-5016681,00.html</p>





</sec>
</bdy>
</dancer>
</actor>
</entity>
</article>
