<?xml version="1.0" encoding="UTF-8"?>
<!-- generated by CLiX/Wiki2XML [MPI-Inf, MMCI@UdS] $LastChangedRevision: 92 $ on 16.04.2009 18:07:59[mciao0828] -->
<!DOCTYPE article SYSTEM "../article.dtd">
<article xmlns:xlink="http://www.w3.org/1999/xlink">
<actor  confidence="0.9173553029164789" wordnetid="109765278">
<presenter  confidence="0.9173553029164789" wordnetid="110466387">
<header>
<title>Lane Smith</title>
<id>1089160</id>
<revision>
<id>239267469</id>
<timestamp>2008-09-18T13:05:36Z</timestamp>
<contributor>
<username>Lightbot</username>
<id>7178666</id>
</contributor>
</revision>
<categories>
<category>American film actors</category>
<category>Tennessee actors</category>
<category>American television actors</category>
<category>Deaths from motor neurone disease</category>
<category>People from Memphis, Tennessee</category>
<category>1936 births</category>
<category>2005 deaths</category>
</categories>
</header>
<bdy>
<template>
<name>Infobox actor</name>
<parameters>

<image width="150px" src="Lane_Smith_as_Perry_White.jpg">
<caption>

Smith as Perry White in <it>Lois &amp; Clark: The New Adventures of Superman''</it>
</caption>
</image>
<occupation>
<link xlink:type="simple" xlink:href="../753/753.xml">
Actor</link>, <link xlink:type="simple" xlink:href="../316/161316.xml">
Presenter</link></occupation>
<deathdate>
June 13, 2005 (aged&nbsp;69)</deathdate>
<deathplace>
<link xlink:type="simple" xlink:href="../277/156277.xml">
Northridge</link>, <country wordnetid="108544813" confidence="0.9508927676800064">
<link xlink:type="simple" xlink:href="../407/5407.xml">
California</link></country>
</deathplace>
<birthplace>
<village wordnetid="108672738" confidence="0.9508927676800064">
<link xlink:type="simple" xlink:href="../607/48607.xml">
Memphis</link></village>
, <region wordnetid="108630985" confidence="0.8">
<administrative_district wordnetid="108491826" confidence="0.8">
<location wordnetid="100027167" confidence="0.8">
<district wordnetid="108552138" confidence="0.8">
<country wordnetid="108544813" confidence="0.8">
<link xlink:type="simple" xlink:href="../395/30395.xml">
Tennessee</link></country>
</district>
</location>
</administrative_district>
</region>
</birthplace>
<spouse>
Debbie Benedict (2000-2005) (his death)  Sydne MacCall<ref xlink:type="simple" xlink:href="#xpointer(//reflist/entry[@id=%227%22])">7</ref> (?-?)(Divorced)</spouse>
<name>
Lane Smith</name>
<birthdate>
<link xlink:type="simple" xlink:href="../416/1416.xml">
April 29</link>, <link xlink:type="simple" xlink:href="../673/34673.xml">
1936</link></birthdate>
<birthname>
Walter Lane Smith III</birthname>
<yearsactive>
1966-2005</yearsactive>
</parameters>
</template>


This article is about the American actor.&#32;&#32;For the children's book illustrator, see <physical_entity wordnetid="100001930" confidence="0.8">
<communicator wordnetid="109610660" confidence="0.8">
<person wordnetid="100007846" confidence="0.8">
<illustrator wordnetid="109812068" confidence="0.8">
<causal_agent wordnetid="100007347" confidence="0.8">
<artist wordnetid="109812338" confidence="0.8">
<writer wordnetid="110794014" confidence="0.8">
<creator wordnetid="109614315" confidence="0.8">
<link xlink:type="simple" xlink:href="../648/4114648.xml">
Lane Smith (illustrator)</link></creator>
</writer>
</artist>
</causal_agent>
</illustrator>
</person>
</communicator>
</physical_entity>
.&#32;&#32;
<p>

<b>Walter Lane Smith III</b> (born <link xlink:type="simple" xlink:href="../416/1416.xml">
April 29</link>, <link xlink:type="simple" xlink:href="../673/34673.xml">
1936</link> - <link xlink:type="simple" xlink:href="../816/15816.xml">
June 13</link>, <link xlink:type="simple" xlink:href="../984/35984.xml">
2005</link>) was an <body wordnetid="107965085" confidence="0.8">
<social_group wordnetid="107950920" confidence="0.8">
<political_orientation wordnetid="106212839" confidence="0.8">
<colony wordnetid="108374049" confidence="0.8">
<state wordnetid="108168978" confidence="0.8">
<political_unit wordnetid="108359949" confidence="0.8">
<group wordnetid="100031264" confidence="0.8">
<democracy wordnetid="106217103" confidence="0.8">
<link xlink:type="simple" xlink:href="../750/3434750.xml">
American</link></democracy>
</group>
</political_unit>
</state>
</colony>
</political_orientation>
</social_group>
</body>
 <link xlink:type="simple" xlink:href="../753/753.xml">
actor</link> best known for his role as <fictional_character wordnetid="109587565" confidence="0.8">
<imaginary_being wordnetid="109483738" confidence="0.8">
<link xlink:type="simple" xlink:href="../908/1252908.xml">
Perry White</link></imaginary_being>
</fictional_character>
 in the <body wordnetid="107965085" confidence="0.8">
<social_group wordnetid="107950920" confidence="0.8">
<political_orientation wordnetid="106212839" confidence="0.8">
<colony wordnetid="108374049" confidence="0.8">
<state wordnetid="108168978" confidence="0.8">
<political_unit wordnetid="108359949" confidence="0.8">
<group wordnetid="100031264" confidence="0.8">
<democracy wordnetid="106217103" confidence="0.8">
<link xlink:type="simple" xlink:href="../750/3434750.xml">
American</link></democracy>
</group>
</political_unit>
</state>
</colony>
</political_orientation>
</social_group>
</body>
 television series  and as <president wordnetid="110468559" confidence="0.9508927676800064">
<person wordnetid="100007846" confidence="0.9508927676800064">
<lawyer wordnetid="110249950" confidence="0.9173553029164789">
<link xlink:type="simple" xlink:href="../473/25473.xml">
Richard Nixon</link></lawyer>
</person>
</president>
 in <it>The Final Days</it>, for which he received a <link xlink:type="simple" xlink:href="../724/142724.xml">
Golden Globe award</link> nomination.</p>

<sec>
<st>
Biography</st>

<ss1>
<st>
Early life</st>
<p>

Lane Smith was born in <village wordnetid="108672738" confidence="0.9508927676800064">
<link xlink:type="simple" xlink:href="../607/48607.xml">
Memphis, Tennessee</link></village>
 in 1936. He graduated from <private_school wordnetid="108411170" confidence="0.8">
<school wordnetid="108276720" confidence="0.8">
<educational_institution wordnetid="108276342" confidence="0.8">
<institution wordnetid="108053576" confidence="0.8">
<link xlink:type="simple" xlink:href="../535/3891535.xml">
The Leelanau School</link></institution>
</educational_institution>
</school>
</private_school>
, a <link xlink:type="simple" xlink:href="../380/88380.xml">
boarding school</link> in <link xlink:type="simple" xlink:href="../922/117922.xml">
Glen Arbor, Michigan</link> where he is enshrined in the school's Hall of Fame <ref xlink:type="simple" xlink:href="#xpointer(//reflist/entry[@id=%221%22])">1</ref>, and spent one year boarding at <private_school wordnetid="108411170" confidence="0.9508927676800064">
<link xlink:type="simple" xlink:href="../182/1864182.xml">
The Hill School</link></private_school>
 in <region wordnetid="108630985" confidence="0.8">
<administrative_district wordnetid="108491826" confidence="0.8">
<village wordnetid="108672738" confidence="0.8">
<location wordnetid="100027167" confidence="0.8">
<municipality wordnetid="108626283" confidence="0.8">
<settlement wordnetid="108672562" confidence="0.8">
<geographical_area wordnetid="108574314" confidence="0.8">
<borough wordnetid="108540532" confidence="0.8">
<district wordnetid="108552138" confidence="0.8">
<urban_area wordnetid="108675967" confidence="0.8">
<city wordnetid="108524735" confidence="0.8">
<link xlink:type="simple" xlink:href="../401/133401.xml">
Pottstown, Pennsylvania</link></city>
</urban_area>
</district>
</borough>
</geographical_area>
</settlement>
</municipality>
</location>
</village>
</administrative_district>
</region>
 <ref xlink:type="simple" xlink:href="#xpointer(//reflist/entry[@id=%222%22])">2</ref> before going off to study at the <school wordnetid="108276720" confidence="0.8">
<educational_institution wordnetid="108276342" confidence="0.8">
<institution wordnetid="108053576" confidence="0.8">
<link xlink:type="simple" xlink:href="../560/437560.xml">
Actors Studio</link></institution>
</educational_institution>
</school>
 in the late 1950s and early 1960s along with <link xlink:type="simple" xlink:href="../148/42148.xml">
Dustin Hoffman</link> and <link xlink:type="simple" xlink:href="../906/41906.xml">
Al Pacino</link>. <ref xlink:type="simple" xlink:href="#xpointer(//reflist/entry[@id=%223%22])">3</ref></p>

</ss1>
<ss1>
<st>
Career</st>
<p>

After his graduation, he found steady work in New York theater before making his film debut in <it>Maidstone</it> in 1970. During the 1970s, he regularly made appearances in small film roles including <it><movie wordnetid="106613686" confidence="0.9508927676800064">
<link xlink:type="simple" xlink:href="../127/1598127.xml">
Rooster Cogburn</link></movie>
</it> in 1975 and <it><movie wordnetid="106613686" confidence="0.9508927676800064">
<link xlink:type="simple" xlink:href="../935/101935.xml">
Network</link></movie>
</it> in 1976. He also acted on television, notably playing a U.S. Marine in Vietnam in the made for television miniseries <it><product wordnetid="104007894" confidence="0.8">
<creation wordnetid="103129123" confidence="0.8">
<artifact wordnetid="100021939" confidence="0.8">
<event wordnetid="100029378" confidence="0.8">
<social_event wordnetid="107288639" confidence="0.8">
<movie wordnetid="106613686" confidence="0.8">
<show wordnetid="106619065" confidence="0.8">
<psychological_feature wordnetid="100023100" confidence="0.8">
<link xlink:type="simple" xlink:href="../844/7154844.xml">
A Rumor of War</link></psychological_feature>
</show>
</movie>
</social_event>
</event>
</artifact>
</creation>
</product>
</it>.</p>
<p>

He made a major breakthrough in 1984 with significant roles  in <it><movie wordnetid="106613686" confidence="0.9508927676800064">
<link xlink:type="simple" xlink:href="../143/265143.xml">
Red Dawn</link></movie>
</it>, <it><movie wordnetid="106613686" confidence="0.9508927676800064">
<link xlink:type="simple" xlink:href="../449/113449.xml">
Places in the Heart</link></movie>
</it> and the television series <it><change_of_state wordnetid="100199130" confidence="0.8">
<beginning wordnetid="100235435" confidence="0.8">
<diversion wordnetid="100426928" confidence="0.8">
<event wordnetid="100029378" confidence="0.8">
<change wordnetid="100191142" confidence="0.8">
<action wordnetid="100037396" confidence="0.8">
<show wordnetid="100520257" confidence="0.8">
<act wordnetid="100030358" confidence="0.8">
<psychological_feature wordnetid="100023100" confidence="0.8">
<introduction wordnetid="100238022" confidence="0.8">
<entertainment wordnetid="100429048" confidence="0.8">
<activity wordnetid="100407535" confidence="0.8">
<link xlink:type="simple" xlink:href="../731/14705731.xml">
V</link></activity>
</entertainment>
</introduction>
</psychological_feature>
</act>
</show>
</action>
</change>
</event>
</diversion>
</beginning>
</change_of_state>
</it>. In 1989, Smith gained great recognition for his portrayal of former <president wordnetid="110468559" confidence="0.9508927676800064">
<person wordnetid="100007846" confidence="0.9508927676800064">
<lawyer wordnetid="110249950" confidence="0.9173553029164789">
<link xlink:type="simple" xlink:href="../473/25473.xml">
President Richard Nixon</link></lawyer>
</person>
</president>
 in the docudrama <it>The Final Days</it>. <magazine wordnetid="106595351" confidence="0.9508927676800064">
<link xlink:type="simple" xlink:href="../169/214169.xml">
Newsweek</link></magazine>
 praised Smith's role by stating, <it>"is such a good Nixon that his despair and sorrow at his predicament become simply overwhelming."</it> Smith later earned a Golden Globe nomination for his performance. <ref xlink:type="simple" xlink:href="#xpointer(//reflist/entry[@id=%224%22])">4</ref> He also appeared in the original <link xlink:type="simple" xlink:href="../252/725252.xml">
Broadway</link> stage production of <film_director wordnetid="110088200" confidence="0.9173553029164789">
<person wordnetid="100007846" confidence="0.9508927676800064">
<writer wordnetid="110794014" confidence="0.9508927676800064">
<link xlink:type="simple" xlink:href="../351/8351.xml">
David Mamet's</link></writer>
</person>
</film_director>
 <it><play wordnetid="107007945" confidence="0.9508927676800064">
<link xlink:type="simple" xlink:href="../722/589722.xml">
Glengarry Glen Ross</link></play>
</it> as <play wordnetid="107007945" confidence="0.9508927676800064">
<link xlink:type="simple" xlink:href="../722/589722.xml#xpointer(//*[./st=%22Characters%22])">
James Lingk</link></play>
. For his role, he received a <award wordnetid="106696483" confidence="0.9508927676800064">
<link xlink:type="simple" xlink:href="../090/417090.xml">
Drama Desk Award</link></award>
. </p>
<p>

In 1990, he appeared in <it><movie wordnetid="106613686" confidence="0.9508927676800064">
<link xlink:type="simple" xlink:href="../800/851800.xml">
Air America</link></movie>
</it> playing a U.S. Senator. Two years later, he played a small-town <link xlink:type="simple" xlink:href="../653/402653.xml">
district attorney</link> opposite <actor wordnetid="109765278" confidence="0.9508927676800064">
<link xlink:type="simple" xlink:href="../463/277463.xml">
Joe Pesci</link></actor>
 in <it><movie wordnetid="106613686" confidence="0.9508927676800064">
<link xlink:type="simple" xlink:href="../616/324616.xml">
My Cousin Vinny</link></movie>
</it>, followed by a role as Coach Jack Reilly in <it><movie wordnetid="106613686" confidence="0.9508927676800064">
<link xlink:type="simple" xlink:href="../592/552592.xml">
The Mighty Ducks</link></movie>
</it>. However, it was not until 1993 that Smith landed his first major television role as <fictional_character wordnetid="109587565" confidence="0.8">
<imaginary_being wordnetid="109483738" confidence="0.8">
<link xlink:type="simple" xlink:href="../908/1252908.xml">
Perry White</link></imaginary_being>
</fictional_character>
 in . The show last for four seasons before ending in 1997. Smith's final film appearance was in <it><movie wordnetid="106613686" confidence="0.9508927676800064">
<link xlink:type="simple" xlink:href="../408/1525408.xml">
The Legend of Bagger Vance</link></movie>
</it> in 2000.</p>

</ss1>
<ss1>
<st>
Personal life</st>
<p>

Smith was married twice. His first marriage was to writer Sydne MacCall. The couple had one son together: Robby Smith born on <link xlink:type="simple" xlink:href="../954/15954.xml">
January 24</link>, <link xlink:type="simple" xlink:href="../760/34760.xml">
1987</link>. In 2000, he remarried to Ruth Benedict who had one son from a previous marriage.</p>
<p>

Smith was previously in a relationship with actress <actor wordnetid="109765278" confidence="0.9508927676800064">
<link xlink:type="simple" xlink:href="../003/2395003.xml">
Mariette Hartley</link></actor>
 before the two split. <ref xlink:type="simple" xlink:href="#xpointer(//reflist/entry[@id=%225%22])">5</ref></p>

</ss1>
<ss1>
<st>
Death</st>
<p>

Smith was diagnosed with <link xlink:type="simple" xlink:href="../577/19375577.xml">
Lou Gehrig's Disease</link> in April 2005. He died of the disease at his home in <link xlink:type="simple" xlink:href="../584/81584.xml">
Northridge, California</link> on <link xlink:type="simple" xlink:href="../816/15816.xml">
June 13</link>, <link xlink:type="simple" xlink:href="../984/35984.xml">
2005</link>. He was 69 years old.</p>

</ss1>
</sec>
<sec>
<st>
Filmography</st>
<p>

<table style="margin: 1em 1em 1em 0; background: #f9f9f9; border: 1px #aaa solid; border-collapse: collapse; font-size: 90%;" cellpadding="4" border="2" cellspacing="0">
<row align="center" bgcolor="#CCCCCC">
<header colspan="4" style="background: LightSteelBlue;">
Film</header>
</row>
<row align="center" bgcolor="#CCCCCC">
<header>
Year</header>
<header>
Film</header>
<header>
Role</header>
<header>
Other notes</header>
</row>
<row>
<col>
 <fundamental_quantity wordnetid="113575869" confidence="0.8">
<time_period wordnetid="115113229" confidence="0.8">
<year wordnetid="115203791" confidence="0.8">
<link xlink:type="simple" xlink:href="../690/171690.xml">
1966</link></year>
</time_period>
</fundamental_quantity>
</col>
<col>
<it>Unholy Matrimony''</it></col>
<col>
Partygoer</col>
<col>
Uncredited Role</col>
</row>
<row>
<col>
 <fundamental_quantity wordnetid="113575869" confidence="0.8">
<time_period wordnetid="115113229" confidence="0.8">
<year wordnetid="115203791" confidence="0.8">
<link xlink:type="simple" xlink:href="../683/171683.xml">
1970</link></year>
</time_period>
</fundamental_quantity>
</col>
<col>
 <it><product wordnetid="104007894" confidence="0.8">
<creation wordnetid="103129123" confidence="0.8">
<artifact wordnetid="100021939" confidence="0.8">
<event wordnetid="100029378" confidence="0.8">
<social_event wordnetid="107288639" confidence="0.8">
<movie wordnetid="106613686" confidence="0.8">
<show wordnetid="106619065" confidence="0.8">
<psychological_feature wordnetid="100023100" confidence="0.8">
<link xlink:type="simple" xlink:href="../481/4586481.xml">
Maidstone</link></psychological_feature>
</show>
</movie>
</social_event>
</event>
</artifact>
</creation>
</product>
''</it></col>


</row>
<row>
<col rowspan="2">
<fundamental_quantity wordnetid="113575869" confidence="0.8">
<time_period wordnetid="115113229" confidence="0.8">
<year wordnetid="115203791" confidence="0.8">
<link xlink:type="simple" xlink:href="../673/171673.xml">
1973</link></year>
</time_period>
</fundamental_quantity>
</col>
<col>
 <it><movie wordnetid="106613686" confidence="0.9508927676800064">
<link xlink:type="simple" xlink:href="../144/10424144.xml">
The Last American Hero</link></movie>
''</it></col>
<col>
Rick Penny</col>

</row>
<row>
<col>
 <it><link xlink:type="simple" xlink:href="../563/5083563.xml">
Cops and Robbers</link>''</it></col>
<col>
Perpetrator</col>

</row>
<row>
<col>
 <fundamental_quantity wordnetid="113575869" confidence="0.8">
<time_period wordnetid="115113229" confidence="0.8">
<year wordnetid="115203791" confidence="0.8">
<link xlink:type="simple" xlink:href="../671/171671.xml">
1974</link></year>
</time_period>
</fundamental_quantity>
</col>
<col>
<it>Man on a Swing''</it></col>
<col>
Virginia De Leo</col>

</row>
<row>
<col>
 <fundamental_quantity wordnetid="113575869" confidence="0.8">
<time_period wordnetid="115113229" confidence="0.8">
<year wordnetid="115203791" confidence="0.8">
<link xlink:type="simple" xlink:href="../668/171668.xml">
1975</link></year>
</time_period>
</fundamental_quantity>
</col>
<col>
 <it><movie wordnetid="106613686" confidence="0.9508927676800064">
<link xlink:type="simple" xlink:href="../127/1598127.xml">
Rooster Cogburn</link></movie>
''</it></col>
<col>
Leroy</col>

</row>
<row>
<col>
 <fundamental_quantity wordnetid="113575869" confidence="0.8">
<time_period wordnetid="115113229" confidence="0.8">
<year wordnetid="115203791" confidence="0.8">
<link xlink:type="simple" xlink:href="../667/171667.xml">
1976</link></year>
</time_period>
</fundamental_quantity>
</col>
<col>
 <it><movie wordnetid="106613686" confidence="0.9508927676800064">
<link xlink:type="simple" xlink:href="../935/101935.xml">
Network</link></movie>
''</it></col>
<col>
Robert McDonough</col>

</row>
<row>
<col rowspan="2">
<fundamental_quantity wordnetid="113575869" confidence="0.8">
<time_period wordnetid="115113229" confidence="0.8">
<year wordnetid="115203791" confidence="0.8">
<link xlink:type="simple" xlink:href="../659/171659.xml">
1977</link></year>
</time_period>
</fundamental_quantity>
</col>
<col>
<it>Between the Lines''</it></col>
<col>
Roy Walsh</col>

</row>
<row>
<col>
 <it><movie wordnetid="106613686" confidence="0.9508927676800064">
<link xlink:type="simple" xlink:href="../587/1632587.xml">
The Bad News Bears in Breaking Training</link></movie>
''</it></col>
<col>
Officer Mackle</col>

</row>
<row>
<col rowspan="2">
<fundamental_quantity wordnetid="113575869" confidence="0.8">
<time_period wordnetid="115113229" confidence="0.8">
<year wordnetid="115203791" confidence="0.8">
<link xlink:type="simple" xlink:href="../657/171657.xml">
1978</link></year>
</time_period>
</fundamental_quantity>
</col>
<col>
 <it><movie wordnetid="106613686" confidence="0.9508927676800064">
<link xlink:type="simple" xlink:href="../727/3374727.xml">
Blue Collar</link></movie>
''</it></col>
<col>
Clarence Hill</col>

</row>
<row>
<col>
<it>On the Yard''</it></col>
<col>
Blake</col>

</row>
<row>
<col rowspan="4">
<fundamental_quantity wordnetid="113575869" confidence="0.8">
<time_period wordnetid="115113229" confidence="0.8">
<year wordnetid="115203791" confidence="0.8">
<link xlink:type="simple" xlink:href="../652/171652.xml">
1980</link></year>
</time_period>
</fundamental_quantity>
</col>
<col>
<it>Soggy Bottom, USA''</it></col>
<col>
Smilin' Jack</col>

</row>
<row>
<col>
<it>On the Nickel''</it></col>
<col>
Preacher</col>

</row>
<row>
<col>
 <it><movie wordnetid="106613686" confidence="0.9508927676800064">
<link xlink:type="simple" xlink:href="../898/17593898.xml">
Honeysuckle Rose</link></movie>
''</it></col>
<col>
Brag, Cotton's manager</col>

</row>
<row>
<col>
 <it><movie wordnetid="106613686" confidence="0.9508927676800064">
<link xlink:type="simple" xlink:href="../370/240370.xml">
Resurrection</link></movie>
''</it></col>
<col>
Don</col>

</row>
<row>
<col>
 <fundamental_quantity wordnetid="113575869" confidence="0.8">
<time_period wordnetid="115113229" confidence="0.8">
<year wordnetid="115203791" confidence="0.8">
<link xlink:type="simple" xlink:href="../651/171651.xml">
1981</link></year>
</time_period>
</fundamental_quantity>
</col>
<col>
 <it><movie wordnetid="106613686" confidence="0.9508927676800064">
<link xlink:type="simple" xlink:href="../111/1353111.xml">
Prince of the City</link></movie>
''</it></col>
<col>
Tug Barnes</col>

</row>
<row>
<col>
 <fundamental_quantity wordnetid="113575869" confidence="0.8">
<time_period wordnetid="115113229" confidence="0.8">
<year wordnetid="115203791" confidence="0.8">
<link xlink:type="simple" xlink:href="../649/171649.xml">
1982</link></year>
</time_period>
</fundamental_quantity>
</col>
<col>
 <it><movie wordnetid="106613686" confidence="0.9508927676800064">
<link xlink:type="simple" xlink:href="../528/242528.xml">
Frances</link></movie>
''</it></col>
<col>
Dr. Symington</col>

</row>
<row>
<col rowspan="3">
<fundamental_quantity wordnetid="113575869" confidence="0.8">
<time_period wordnetid="115113229" confidence="0.8">
<year wordnetid="115203791" confidence="0.8">
<link xlink:type="simple" xlink:href="../620/171620.xml">
1984</link></year>
</time_period>
</fundamental_quantity>
</col>
<col>
<it>Purple Hearts''</it></col>
<col>
Cmdr. Markel</col>

</row>
<row>
<col>
 <it><movie wordnetid="106613686" confidence="0.9508927676800064">
<link xlink:type="simple" xlink:href="../143/265143.xml">
Red Dawn</link></movie>
''</it></col>
<col>
Mayor Bates</col>

</row>
<row>
<col>
 <it><movie wordnetid="106613686" confidence="0.9508927676800064">
<link xlink:type="simple" xlink:href="../449/113449.xml">
Places in the Heart</link></movie>
''</it></col>
<col>
Albert Denby</col>

</row>
<row>
<col>
 <fundamental_quantity wordnetid="113575869" confidence="0.8">
<time_period wordnetid="115113229" confidence="0.8">
<year wordnetid="115203791" confidence="0.8">
<link xlink:type="simple" xlink:href="../612/171612.xml">
1986</link></year>
</time_period>
</fundamental_quantity>
</col>
<col>
<it>Native Son''</it></col>
<col>
Britton</col>

</row>
<row>
<col>
 <fundamental_quantity wordnetid="113575869" confidence="0.8">
<time_period wordnetid="115113229" confidence="0.8">
<year wordnetid="115203791" confidence="0.8">
<link xlink:type="simple" xlink:href="../293/171293.xml">
1987</link></year>
</time_period>
</fundamental_quantity>
</col>
<col>
 <it><movie wordnetid="106613686" confidence="0.9508927676800064">
<link xlink:type="simple" xlink:href="../707/12495707.xml">
Weeds</link></movie>
''</it></col>
<col>
Claude</col>

</row>
<row>
<col>
 <fundamental_quantity wordnetid="113575869" confidence="0.8">
<time_period wordnetid="115113229" confidence="0.8">
<year wordnetid="115203791" confidence="0.8">
<link xlink:type="simple" xlink:href="../292/171292.xml">
1988</link></year>
</time_period>
</fundamental_quantity>
</col>
<col>
 <it><movie wordnetid="106613686" confidence="0.9508927676800064">
<link xlink:type="simple" xlink:href="../355/6150355.xml">
Prison</link></movie>
''</it></col>
<col>
Warden Eaton Sharpe</col>

</row>
<row>
<col rowspan="2">
<fundamental_quantity wordnetid="113575869" confidence="0.8">
<time_period wordnetid="115113229" confidence="0.8">
<year wordnetid="115203791" confidence="0.8">
<link xlink:type="simple" xlink:href="../279/171279.xml">
1989</link></year>
</time_period>
</fundamental_quantity>
</col>
<col>
<it>Race for Glory''</it></col>
<col>
Joe Gifford</col>

</row>
<row>
<col>
 <it><product wordnetid="104007894" confidence="0.8">
<creation wordnetid="103129123" confidence="0.8">
<artifact wordnetid="100021939" confidence="0.8">
<event wordnetid="100029378" confidence="0.8">
<social_event wordnetid="107288639" confidence="0.8">
<movie wordnetid="106613686" confidence="0.8">
<show wordnetid="106619065" confidence="0.8">
<psychological_feature wordnetid="100023100" confidence="0.8">
<link xlink:type="simple" xlink:href="../104/11883104.xml">
Night Game</link></psychological_feature>
</show>
</movie>
</social_event>
</event>
</artifact>
</creation>
</product>
''</it></col>
<col>
Witty</col>

</row>
<row>
<col>
 <fundamental_quantity wordnetid="113575869" confidence="0.8">
<time_period wordnetid="115113229" confidence="0.8">
<year wordnetid="115203791" confidence="0.8">
<link xlink:type="simple" xlink:href="../259/171259.xml">
1990</link></year>
</time_period>
</fundamental_quantity>
</col>
<col>
 <it><movie wordnetid="106613686" confidence="0.9508927676800064">
<link xlink:type="simple" xlink:href="../800/851800.xml">
Air America</link></movie>
''</it></col>
<col>
Senator Davenport</col>

</row>
<row>
<col rowspan="3">
<fundamental_quantity wordnetid="113575869" confidence="0.8">
<time_period wordnetid="115113229" confidence="0.8">
<year wordnetid="115203791" confidence="0.8">
<link xlink:type="simple" xlink:href="../581/171581.xml">
1992</link></year>
</time_period>
</fundamental_quantity>
</col>
<col>
 <it><movie wordnetid="106613686" confidence="0.9508927676800064">
<link xlink:type="simple" xlink:href="../616/324616.xml">
My Cousin Vinny</link></movie>
''</it></col>
<col>
D.A. Jim Trotter, III</col>

</row>
<row>
<col>
 <it><movie wordnetid="106613686" confidence="0.9508927676800064">
<link xlink:type="simple" xlink:href="../592/552592.xml">
The Mighty Ducks</link></movie>
''</it></col>
<col>
Coach Jack Reilly</col>

</row>
<row>
<col>
 <it><movie wordnetid="106613686" confidence="0.9508927676800064">
<link xlink:type="simple" xlink:href="../527/2930527.xml">
The Distinguished Gentleman</link></movie>
''</it></col>
<col>
Dick Dodge</col>

</row>
<row>
<col>
 <fundamental_quantity wordnetid="113575869" confidence="0.8">
<time_period wordnetid="115113229" confidence="0.8">
<year wordnetid="115203791" confidence="0.8">
<link xlink:type="simple" xlink:href="../575/171575.xml">
1993</link></year>
</time_period>
</fundamental_quantity>
</col>
<col>
 <it><movie wordnetid="106613686" confidence="0.9508927676800064">
<link xlink:type="simple" xlink:href="../953/3779953.xml">
Son in Law</link></movie>
''</it></col>
<col>
Walter Warner</col>

</row>
<row>
<col rowspan="2">
<fundamental_quantity wordnetid="113575869" confidence="0.8">
<time_period wordnetid="115113229" confidence="0.8">
<year wordnetid="115203791" confidence="0.8">
<link xlink:type="simple" xlink:href="../019/171019.xml">
1994</link></year>
</time_period>
</fundamental_quantity>
</col>
<col>
<it>The Flight of the Dove''</it></col>
<col>
Stephen Hahn</col>

</row>
<row>
<col>
 <it><movie wordnetid="106613686" confidence="0.9508927676800064">
<link xlink:type="simple" xlink:href="../824/2501824.xml">
The Scout</link></movie>
''</it></col>
<col>
Ron Wilson</col>

</row>
<row>
<col>
 <fundamental_quantity wordnetid="113575869" confidence="0.8">
<time_period wordnetid="115113229" confidence="0.8">
<year wordnetid="115203791" confidence="0.8">
<link xlink:type="simple" xlink:href="../568/169568.xml">
1996</link></year>
</time_period>
</fundamental_quantity>
</col>
<col>
 <it><movie wordnetid="106613686" confidence="0.9508927676800064">
<link xlink:type="simple" xlink:href="../821/1352821.xml">
The War at Home</link></movie>
''</it></col>

<col>
Uncredited Role</col>
</row>
<row>
<col rowspan="3">
<fundamental_quantity wordnetid="113575869" confidence="0.8">
<time_period wordnetid="115113229" confidence="0.8">
<year wordnetid="115203791" confidence="0.8">
<link xlink:type="simple" xlink:href="../574/169574.xml">
1998</link></year>
</time_period>
</fundamental_quantity>
</col>
<col>
<it>Getting Personal''</it></col>
<col>
Dr. Maddie</col>

</row>
<row>
<col>
 <it><movie wordnetid="106613686" confidence="0.9508927676800064">
<link xlink:type="simple" xlink:href="../798/2862798.xml">
Why Do Fools Fall in Love</link></movie>
''</it></col>
<col>
Ezra Grahme</col>

</row>
<row>
<col>
 <it><link xlink:type="simple" xlink:href="../372/12501372.xml">
The Hi-Lo Country</link>''</it></col>
<col>
Steve Shaw</col>

</row>
<row>
<col rowspan="2">
<fundamental_quantity wordnetid="113575869" confidence="0.8">
<time_period wordnetid="115113229" confidence="0.8">
<year wordnetid="115203791" confidence="0.8">
<link xlink:type="simple" xlink:href="../091/167091.xml">
2000</link></year>
</time_period>
</fundamental_quantity>
</col>
<col>
<it>The Caprice''</it></col>
<col>
Thunderhead <ref xlink:type="simple" xlink:href="#xpointer(//reflist/entry[@id=%226%22])">6</ref></col>

</row>
<row>
<col>
 <it><movie wordnetid="106613686" confidence="0.9508927676800064">
<link xlink:type="simple" xlink:href="../408/1525408.xml">
The Legend of Bagger Vance</link></movie>
''</it></col>
<col>
 <physical_entity wordnetid="100001930" confidence="0.8">
<communicator wordnetid="109610660" confidence="0.8">
<person wordnetid="100007846" confidence="0.8">
<sports_writer wordnetid="110640084" confidence="0.8">
<announcer wordnetid="109795334" confidence="0.8">
<intellectual wordnetid="109621545" confidence="0.8">
<alumnus wordnetid="109786338" confidence="0.8">
<causal_agent wordnetid="100007347" confidence="0.8">
<writer wordnetid="110794014" confidence="0.8">
<scholar wordnetid="110557854" confidence="0.8">
<journalist wordnetid="110224578" confidence="0.8">
<link xlink:type="simple" xlink:href="../910/732910.xml">
Grantland Rice</link></journalist>
</scholar>
</writer>
</causal_agent>
</alumnus>
</intellectual>
</announcer>
</sports_writer>
</person>
</communicator>
</physical_entity>
</col>

</row>

<row align="center" bgcolor="#CCCCCC">
<header colspan="4" style="background: LightSteelBlue;">
Television</header>
</row>
<row align="center" bgcolor="#CCCCCC">
<header>
Year</header>
<header>
Title</header>
<header>
Role</header>
<header>
Notes</header>
</row>
<row>
<col rowspan="2">
1975</col>
<col>
 <it><series wordnetid="108457976" confidence="0.9508927676800064">
<link xlink:type="simple" xlink:href="../491/743491.xml">
Kojak</link></series>
''</it></col>
<col>
Clyde Regan</col>
<col>
<b>Episode</b>: Queen of the Gypsies</col>
</row>
<row>
<col>
 <it><product wordnetid="104007894" confidence="0.8">
<creation wordnetid="103129123" confidence="0.8">
<artifact wordnetid="100021939" confidence="0.8">
<event wordnetid="100029378" confidence="0.8">
<social_event wordnetid="107288639" confidence="0.8">
<movie wordnetid="106613686" confidence="0.8">
<show wordnetid="106619065" confidence="0.8">
<psychological_feature wordnetid="100023100" confidence="0.8">
<link xlink:type="simple" xlink:href="../486/17792486.xml">
Valley Forge</link></psychological_feature>
</show>
</movie>
</social_event>
</event>
</artifact>
</creation>
</product>
''</it></col>
<col>
Spad</col>
<col>
 <network wordnetid="108434259" confidence="0.9508927676800064">
<link xlink:type="simple" xlink:href="../780/21780.xml">
NBC</link></network>
 <link xlink:type="simple" xlink:href="../342/164342.xml">
TV-Movie</link></col>
</row>
<row>
<col>
1975, 1979</col>
<col>
 <it><series wordnetid="108457976" confidence="0.9508927676800064">
<link xlink:type="simple" xlink:href="../362/288362.xml">
The Rockford Files</link></series>
''</it></col>
<col>
Willet  CIA Agent Donnegan</col>

</row>
<row>
<col rowspan="2">
1977</col>
<col>
<it>The Displaced Person''</it></col>

<col>
 <link xlink:type="simple" xlink:href="../342/164342.xml">
TV-Movie</link></col>
</row>
<row>
<col>
<it>The Court-Martial of George Armstrong Custer''</it></col>

<col>
 <network wordnetid="108434259" confidence="0.9508927676800064">
<link xlink:type="simple" xlink:href="../780/21780.xml">
NBC</link></network>
 <link xlink:type="simple" xlink:href="../342/164342.xml">
TV-Movie</link></col>
</row>
<row>
<col rowspan="2">
1978</col>
<col>
<it>A Death in Canaan''</it></col>
<col>
Bob Hartman</col>
<col>
 <network wordnetid="108434259" confidence="0.9508927676800064">
<link xlink:type="simple" xlink:href="../653/37653.xml">
CBS</link></network>
 <link xlink:type="simple" xlink:href="../342/164342.xml">
TV-Movie</link></col>
</row>
<row>
<col>
 <it><product wordnetid="104007894" confidence="0.8">
<creation wordnetid="103129123" confidence="0.8">
<artifact wordnetid="100021939" confidence="0.8">
<event wordnetid="100029378" confidence="0.8">
<social_event wordnetid="107288639" confidence="0.8">
<movie wordnetid="106613686" confidence="0.8">
<show wordnetid="106619065" confidence="0.8">
<psychological_feature wordnetid="100023100" confidence="0.8">
<link xlink:type="simple" xlink:href="../099/16200099.xml">
Crash</link></psychological_feature>
</show>
</movie>
</social_event>
</event>
</artifact>
</creation>
</product>
''</it></col>

<col>
 <network wordnetid="108434259" confidence="0.9508927676800064">
<link xlink:type="simple" xlink:href="../027/62027.xml">
ABC</link></network>
 <link xlink:type="simple" xlink:href="../342/164342.xml">
TV-Movie</link></col>
</row>
<row>
<col rowspan="2">
1979</col>
<col>
<it>The Solitary Man''</it></col>
<col>
Jack Collins</col>
<col>
 <network wordnetid="108434259" confidence="0.9508927676800064">
<link xlink:type="simple" xlink:href="../653/37653.xml">
CBS</link></network>
 <link xlink:type="simple" xlink:href="../342/164342.xml">
TV-Movie</link></col>
</row>
<row>
<col>
<it>Disaster on the Coastliner''</it></col>
<col>
John Carlson</col>
<col>
 <network wordnetid="108434259" confidence="0.9508927676800064">
<link xlink:type="simple" xlink:href="../027/62027.xml">
ABC</link></network>
 <link xlink:type="simple" xlink:href="../342/164342.xml">
TV-Movie</link></col>
</row>
<row>
<col rowspan="5">
1980</col>
<col>
<it>City in Fear''</it></col>
<col>
Brian</col>
<col>
 <network wordnetid="108434259" confidence="0.9508927676800064">
<link xlink:type="simple" xlink:href="../027/62027.xml">
ABC</link></network>
 <link xlink:type="simple" xlink:href="../342/164342.xml">
TV-Movie</link></col>
</row>
<row>
<col>
<it>Gideon's Trumpet''</it></col>
<col>
 <person wordnetid="100007846" confidence="0.9508927676800064">
<link xlink:type="simple" xlink:href="../207/982207.xml">
Fred Turner</link></person>
</col>
<col>
 <network wordnetid="108434259" confidence="0.9508927676800064">
<link xlink:type="simple" xlink:href="../653/37653.xml">
CBS</link></network>
 <link xlink:type="simple" xlink:href="../342/164342.xml">
TV-Movie</link></col>
</row>
<row>
<col>
 <it><product wordnetid="104007894" confidence="0.8">
<creation wordnetid="103129123" confidence="0.8">
<artifact wordnetid="100021939" confidence="0.8">
<event wordnetid="100029378" confidence="0.8">
<social_event wordnetid="107288639" confidence="0.8">
<movie wordnetid="106613686" confidence="0.8">
<show wordnetid="106619065" confidence="0.8">
<psychological_feature wordnetid="100023100" confidence="0.8">
<link xlink:type="simple" xlink:href="../844/7154844.xml">
A Rumor of War</link></psychological_feature>
</show>
</movie>
</social_event>
</event>
</artifact>
</creation>
</product>
''</it></col>
<col>
Sgt. William Holgren</col>
<col>
 <network wordnetid="108434259" confidence="0.9508927676800064">
<link xlink:type="simple" xlink:href="../653/37653.xml">
CBS</link></network>
 <link xlink:type="simple" xlink:href="../712/350712.xml">
Miniseries</link></col>
</row>
<row>
<col>
<it>The Georgia Peaches''</it></col>
<col>
Randolph Dukane</col>
<col>
 <network wordnetid="108434259" confidence="0.9508927676800064">
<link xlink:type="simple" xlink:href="../653/37653.xml">
CBS</link></network>
 <link xlink:type="simple" xlink:href="../342/164342.xml">
TV-Movie</link>/Unsold <link xlink:type="simple" xlink:href="../572/396572.xml">
TV-Pilot</link></col>
</row>
<row>
<col>
<it>Mark, I Love You''</it></col>
<col>
Don Payer</col>
<col>
 <network wordnetid="108434259" confidence="0.9508927676800064">
<link xlink:type="simple" xlink:href="../653/37653.xml">
CBS</link></network>
 <link xlink:type="simple" xlink:href="../342/164342.xml">
TV-Movie</link></col>
</row>
<row>
<col rowspan="3">
1981</col>
<col>
 <it><series wordnetid="108457976" confidence="0.9508927676800064">
<link xlink:type="simple" xlink:href="../434/99434.xml">
Dallas</link></series>
''</it></col>
<col>
Prosecutor</col>

</row>
<row>
<col>
 <it><movie wordnetid="106613686" confidence="0.9508927676800064">
<link xlink:type="simple" xlink:href="../511/13832511.xml">
Dark Night of the Scarecrow</link></movie>
''</it></col>
<col>
Harless Hocker</col>
<col>
 <network wordnetid="108434259" confidence="0.9508927676800064">
<link xlink:type="simple" xlink:href="../653/37653.xml">
CBS</link></network>
 <link xlink:type="simple" xlink:href="../342/164342.xml">
TV-Movie</link></col>
</row>
<row>
<col>
 <it><series wordnetid="108457976" confidence="0.9508927676800064">
<link xlink:type="simple" xlink:href="../102/1256102.xml">
Hart to Hart</link></series>
''</it></col>
<col>
Roy Hamlin</col>
<col>
<b>Episode</b>: Hart, Line, and Sinker</col>
</row>
<row>
<col rowspan="5">
1982</col>
<col>
<it>Prime Suspect''</it></col>
<col>
Tom Keating</col>
<col>
 <network wordnetid="108434259" confidence="0.9508927676800064">
<link xlink:type="simple" xlink:href="../653/37653.xml">
CBS</link></network>
 <link xlink:type="simple" xlink:href="../342/164342.xml">
TV-Movie</link></col>
</row>
<row>
<col>
<it>Thou Shalt Not Kill''</it></col>
<col>
Clarence Blake</col>
<col>
 <network wordnetid="108434259" confidence="0.9508927676800064">
<link xlink:type="simple" xlink:href="../780/21780.xml">
NBC</link></network>
 <link xlink:type="simple" xlink:href="../342/164342.xml">
TV-Movie</link></col>
</row>
<row>
<col>
 <it><series wordnetid="108457976" confidence="0.9508927676800064">
<link xlink:type="simple" xlink:href="../556/1024556.xml">
Lou Grant</link></series>
''</it></col>
<col>
Dr. Lawrence</col>
<col>
<b>Episode</b>: Unthinkable</col>
</row>
<row>
<col>
 <it><series wordnetid="108457976" confidence="0.9508927676800064">
<link xlink:type="simple" xlink:href="../561/442561.xml">
Quincy, M.E.</link></series>
''</it></col>
<col>
Dr. Paul Flynn</col>
<col>
<b>Episode</b>: Science for Sale</col>
</row>
<row>
<col>
 <it><literary_composition wordnetid="106364329" confidence="0.8">
<dramatic_composition wordnetid="107007684" confidence="0.8">
<play wordnetid="107007945" confidence="0.8">
<written_communication wordnetid="106349220" confidence="0.8">
<writing wordnetid="106362953" confidence="0.8">
<fiction wordnetid="106367107" confidence="0.8">
<novel wordnetid="106367879" confidence="0.8">
<link xlink:type="simple" xlink:href="../113/187113.xml#xpointer(//*[./st=%22Adaptations%22])">
The Member of the Wedding</link></novel>
</fiction>
</writing>
</written_communication>
</play>
</dramatic_composition>
</literary_composition>
''</it></col>
<col>
Mr. Addams</col>
<col>
 <link xlink:type="simple" xlink:href="../342/164342.xml">
TV-Movie</link></col>
</row>
<row>
<col rowspan="2">
1983</col>
<col>
 <it><movie wordnetid="106613686" confidence="0.9508927676800064">
<link xlink:type="simple" xlink:href="../062/920062.xml">
Special Bulletin</link></movie>
''</it></col>
<col>
Morton Sanders</col>
<col>
 <network wordnetid="108434259" confidence="0.9508927676800064">
<link xlink:type="simple" xlink:href="../780/21780.xml">
NBC</link></network>
 <link xlink:type="simple" xlink:href="../342/164342.xml">
TV-Movie</link></col>
</row>
<row>
<col>
 <it><product wordnetid="104007894" confidence="0.8">
<creation wordnetid="103129123" confidence="0.8">
<artifact wordnetid="100021939" confidence="0.8">
<event wordnetid="100029378" confidence="0.8">
<social_event wordnetid="107288639" confidence="0.8">
<movie wordnetid="106613686" confidence="0.8">
<show wordnetid="106619065" confidence="0.8">
<psychological_feature wordnetid="100023100" confidence="0.8">
<link xlink:type="simple" xlink:href="../200/18062200.xml">
Chiefs</link></psychological_feature>
</show>
</movie>
</social_event>
</event>
</artifact>
</creation>
</product>
''</it></col>
<col>
Hoss Spence</col>
<col>
 <network wordnetid="108434259" confidence="0.9508927676800064">
<link xlink:type="simple" xlink:href="../653/37653.xml">
CBS</link></network>
 <link xlink:type="simple" xlink:href="../712/350712.xml">
Miniseries</link></col>
</row>
<row>
<col>
1984</col>
<col>
 <it><movie wordnetid="106613686" confidence="0.9508927676800064">
<link xlink:type="simple" xlink:href="../170/2606170.xml">
Something About Amelia</link></movie>
''</it></col>
<col>
Officer Dealy</col>
<col>
 <network wordnetid="108434259" confidence="0.9508927676800064">
<link xlink:type="simple" xlink:href="../027/62027.xml">
ABC</link></network>
 <link xlink:type="simple" xlink:href="../342/164342.xml">
TV-Movie</link></col>
</row>
<row>
<col>
1984&ndash;1985</col>
<col>
 <it><change_of_state wordnetid="100199130" confidence="0.8">
<beginning wordnetid="100235435" confidence="0.8">
<diversion wordnetid="100426928" confidence="0.8">
<event wordnetid="100029378" confidence="0.8">
<change wordnetid="100191142" confidence="0.8">
<action wordnetid="100037396" confidence="0.8">
<show wordnetid="100520257" confidence="0.8">
<act wordnetid="100030358" confidence="0.8">
<psychological_feature wordnetid="100023100" confidence="0.8">
<introduction wordnetid="100238022" confidence="0.8">
<entertainment wordnetid="100429048" confidence="0.8">
<activity wordnetid="100407535" confidence="0.8">
<link xlink:type="simple" xlink:href="../731/14705731.xml">
V</link></activity>
</entertainment>
</introduction>
</psychological_feature>
</act>
</show>
</action>
</change>
</event>
</diversion>
</beginning>
</change_of_state>
''</it></col>
<col>
Nathan Bates</col>

</row>
<row>
<col rowspan="3">
1985</col>
<col>
 <it><series wordnetid="108457976" confidence="0.9508927676800064">
<link xlink:type="simple" xlink:href="../208/203208.xml">
Hill Street Blues</link></series>
''</it></col>
<col>
Mike</col>

</row>
<row>
<col>
<it>Beverly Hills Cowgirl Blues''</it></col>
<col>
Captain Max Rosenberg</col>
<col>
 <network wordnetid="108434259" confidence="0.9508927676800064">
<link xlink:type="simple" xlink:href="../653/37653.xml">
CBS</link></network>
 <link xlink:type="simple" xlink:href="../342/164342.xml">
TV-Movie</link></col>
</row>
<row>
<col>
<it>Bridge Across Time''</it></col>
<col>
Anson Whitfield</col>
<col>
 <network wordnetid="108434259" confidence="0.9508927676800064">
<link xlink:type="simple" xlink:href="../780/21780.xml">
NBC</link></network>
 <link xlink:type="simple" xlink:href="../342/164342.xml">
TV-Movie</link></col>
</row>
<row>
<col rowspan="6">
1986</col>
<col>
 <it><series wordnetid="108457976" confidence="0.9508927676800064">
<link xlink:type="simple" xlink:href="../606/746606.xml">
Amazing Stories</link></series>
''</it></col>
<col>
Dr. Caruso</col>

</row>
<row>
<col>
 <it><series wordnetid="108457976" confidence="0.9508927676800064">
<link xlink:type="simple" xlink:href="../448/1367448.xml">
The New Twilight Zone</link></series>
''</it></col>
<col>
Professor Joseph Fitzgerald</col>

</row>
<row>
<col>
<it>Dress Gray''</it></col>
<col>
Col. King</col>
<col>
 <network wordnetid="108434259" confidence="0.9508927676800064">
<link xlink:type="simple" xlink:href="../780/21780.xml">
NBC</link></network>
 <link xlink:type="simple" xlink:href="../342/164342.xml">
TV-Movie</link></col>
</row>
<row>
<col>
<it>If Tomorrow Comes''</it></col>
<col>
Warden Brannigan</col>
<col>
 <network wordnetid="108434259" confidence="0.9508927676800064">
<link xlink:type="simple" xlink:href="../653/37653.xml">
CBS</link></network>
 <link xlink:type="simple" xlink:href="../712/350712.xml">
Miniseries</link></col>
</row>
<row>
<col>
 <it><series wordnetid="108457976" confidence="0.9508927676800064">
<link xlink:type="simple" xlink:href="../610/247610.xml">
Alfred Hitchcock Presents</link></series>
''</it></col>
<col>
Robert Warren</col>

</row>
<row>
<col>
<it>Kay O'Brien''</it></col>
<col>
Doctor Robert Moffitt</col>

</row>
<row>
<col>
1987</col>
<col>
<it>A Place to Call Home''</it></col>
<col>
Sam</col>
<col>
 <network wordnetid="108434259" confidence="0.9508927676800064">
<link xlink:type="simple" xlink:href="../653/37653.xml">
CBS</link></network>
 <link xlink:type="simple" xlink:href="../342/164342.xml">
TV-Movie</link></col>
</row>
<row>
<col rowspan="2">
1988</col>
<col>
 <it><series wordnetid="108457976" confidence="0.9508927676800064">
<link xlink:type="simple" xlink:href="../510/98510.xml">
In the Heat of the Night</link></series>
''</it></col>
<col>
Sonny Mims</col>

</row>
<row>
<col>
<it>Killer Instinct''</it></col>
<col>
Dr. Butler</col>
<col>
 <network wordnetid="108434259" confidence="0.9508927676800064">
<link xlink:type="simple" xlink:href="../780/21780.xml">
NBC</link></network>
 <link xlink:type="simple" xlink:href="../342/164342.xml">
TV-Movie</link></col>
</row>
<row>
<col rowspan="2">
1989</col>
<col>
 <it><series wordnetid="108457976" confidence="0.9508927676800064">
<link xlink:type="simple" xlink:href="../683/170683.xml">
Murder, She Wrote</link></series>
''</it></col>
<col>
Pol. Chief Underwood</col>

</row>
<row>
<col>
 <it><movie wordnetid="106613686" confidence="0.9508927676800064">
<link xlink:type="simple" xlink:href="../590/3455590.xml">
The Final Days</link></movie>
''</it></col>
<col>
 <president wordnetid="110468559" confidence="0.9508927676800064">
<person wordnetid="100007846" confidence="0.9508927676800064">
<lawyer wordnetid="110249950" confidence="0.9173553029164789">
<link xlink:type="simple" xlink:href="../473/25473.xml">
Richard Nixon</link></lawyer>
</person>
</president>
</col>
<col>
 <b><award wordnetid="106696483" confidence="0.9508927676800064">
<link xlink:type="simple" xlink:href="../724/142724.xml">
Golden Globe Award</link></award>
</b> (nominated)  <network wordnetid="108434259" confidence="0.9508927676800064">
<link xlink:type="simple" xlink:href="../027/62027.xml">
ABC</link></network>
 <link xlink:type="simple" xlink:href="../342/164342.xml">
TV-Movie</link></col>
</row>
<row>
<col rowspan="2">
1990</col>
<col>
 <it><movie wordnetid="106613686" confidence="0.9508927676800064">
<link xlink:type="simple" xlink:href="../768/5602768.xml">
Challenger</link></movie>
''</it></col>
<col>
Larry Mulloy</col>
<col>
 <network wordnetid="108434259" confidence="0.9508927676800064">
<link xlink:type="simple" xlink:href="../027/62027.xml">
ABC</link></network>
 <link xlink:type="simple" xlink:href="../342/164342.xml">
TV-Movie</link></col>
</row>
<row>
<col>
<it>Blind Vengeance''</it></col>
<col>
Col. Blanchard</col>
<col>
 <network wordnetid="108434259" confidence="0.9508927676800064">
<link xlink:type="simple" xlink:href="../780/21780.xml">
NBC</link></network>
 <link xlink:type="simple" xlink:href="../342/164342.xml">
TV-Movie</link></col>
</row>
<row>
<col rowspan="3">
1991</col>
<col>
 <it><link xlink:type="simple" xlink:href="../950/19363950.xml">
Good Sports</link>''</it></col>
<col>
R.J. Rappaport</col>

</row>
<row>
<col>
 <it><series wordnetid="108457976" confidence="0.9508927676800064">
<link xlink:type="simple" xlink:href="../728/6369728.xml">
Good &amp; Evil</link></series>
''</it></col>
<col>
Harlan Shell</col>

</row>
<row>
<col>
<it>False Arrest''</it></col>
<col>
Martin Busey</col>
<col>
 <network wordnetid="108434259" confidence="0.9508927676800064">
<link xlink:type="simple" xlink:href="../027/62027.xml">
ABC</link></network>
 <link xlink:type="simple" xlink:href="../342/164342.xml">
TV-Movie</link></col>
</row>
<row>
<col>
1992</col>
<col>
<it>Duplicates''</it></col>
<col>
Mr. Fryman</col>
<col>
 <channel wordnetid="106259898" confidence="0.9508927676800064">
<link xlink:type="simple" xlink:href="../826/77826.xml">
USA Network</link></channel>
 <link xlink:type="simple" xlink:href="../342/164342.xml">
TV-Movie</link></col>
</row>
<row>
<col>
1993&ndash;1997</col>
<col>
 <it>''</it></col>
<col>
 <fictional_character wordnetid="109587565" confidence="0.8">
<imaginary_being wordnetid="109483738" confidence="0.8">
<link xlink:type="simple" xlink:href="../908/1252908.xml">
Perry White</link></imaginary_being>
</fictional_character>
</col>

</row>
<row>
<col>
1994</col>
<col>
 <it><series wordnetid="108457976" confidence="0.9508927676800064">
<link xlink:type="simple" xlink:href="../657/493657.xml">
Murphy Brown</link></series>
''</it></col>
<col>
Danger Duke</col>
<col>
Voice Role  <b>Episode</b>: Where Have You Gone, Joe DiMaggio?</col>
</row>
<row>
<col>
1995</col>
<col>
 <it><link xlink:type="simple" xlink:href="../850/1328850.xml">
Dweebs</link>''</it></col>

<col>
<b>Episode</b>: The Cyrano Show</col>
</row>
<row>
<col>
1996</col>
<col>
 <it><series wordnetid="108457976" confidence="0.9508927676800064">
<link xlink:type="simple" xlink:href="../425/3668425.xml">
Clueless</link></series>
''</it></col>
<col>
Dan Hafner</col>

</row>
<row>
<col>
1997</col>
<col>
 <it>''</it></col>
<col>
Senator Silverthorne</col>
<col>
 <network wordnetid="108434259" confidence="0.9508927676800064">
<link xlink:type="simple" xlink:href="../252/46252.xml">
FPX</link></network>
 <link xlink:type="simple" xlink:href="../342/164342.xml">
TV-Movie</link></col>
</row>
<row>
<col rowspan="2">
1998</col>
<col>
 <it><series wordnetid="108457976" confidence="0.9508927676800064">
<link xlink:type="simple" xlink:href="../677/67677.xml">
The Outer Limits</link></series>
''</it></col>
<col>
Dr. Malcolm Boussard</col>

</row>
<row>
<col>
 <it><series wordnetid="108457976" confidence="0.9508927676800064">
<link xlink:type="simple" xlink:href="../432/516432.xml">
From the Earth to the Moon</link></series>
''</it></col>
<col>
Emmett Seaborn</col>
<col>
 <link xlink:type="simple" xlink:href="../530/4765530.xml">
HBO</link> <link xlink:type="simple" xlink:href="../342/164342.xml">
TV-Movie</link></col>
</row>
<row>
<col rowspan="2">
1999</col>
<col>
 <it><series wordnetid="108457976" confidence="0.9508927676800064">
<link xlink:type="simple" xlink:href="../455/391455.xml">
Walker, Texas Ranger</link></series>
''</it></col>
<col>
Reverend Thornton Powers</col>

</row>
<row>
<col>
 <it><movie wordnetid="106613686" confidence="0.9508927676800064">
<link xlink:type="simple" xlink:href="../514/161514.xml#xpointer(//*[./st=%22Inherit+the+Wind+on+television%22])">
Inherit the Wind</link></movie>
''</it></col>
<col>
Reverend Jeremiah Brown</col>
<col>
 <link xlink:type="simple" xlink:href="../877/77877.xml">
Showtime</link> <link xlink:type="simple" xlink:href="../342/164342.xml">
TV-Movie</link></col>
</row>
<row>
<col>
2000</col>
<col>
 <it><series wordnetid="108457976" confidence="0.9508927676800064">
<link xlink:type="simple" xlink:href="../926/3402926.xml">
King of the Hill</link></series>
''</it></col>
<col>
Charlie Fortner  Nate Hashaway</col>
<col>
 Voice Roles      </col>
</row>
<row>
<col rowspan="4">
2001</col>
<col>
 <it><series wordnetid="108457976" confidence="0.9508927676800064">
<link xlink:type="simple" xlink:href="../373/6221373.xml">
Bull</link></series>
''</it></col>
<col>
Russell Dantly</col>
<col>
<b>Episode</b>: Amen</col>
</row>
<row>
<col>
 <it><situation_comedy wordnetid="107017733" confidence="0.8">
<beginning wordnetid="100235435" confidence="0.8">
<comedy wordnetid="107015510" confidence="0.8">
<change wordnetid="100191142" confidence="0.8">
<drama wordnetid="106376154" confidence="0.8">
<ending wordnetid="106308765" confidence="0.8">
<morpheme wordnetid="106306233" confidence="0.8">
<change_of_state wordnetid="100199130" confidence="0.8">
<writing_style wordnetid="107092158" confidence="0.8">
<event wordnetid="100029378" confidence="0.8">
<action wordnetid="100037396" confidence="0.8">
<part wordnetid="113809207" confidence="0.8">
<act wordnetid="100030358" confidence="0.8">
<psychological_feature wordnetid="100023100" confidence="0.8">
<expressive_style wordnetid="107066659" confidence="0.8">
<introduction wordnetid="100238022" confidence="0.8">
<language_unit wordnetid="106284225" confidence="0.8">
<link xlink:type="simple" xlink:href="../185/3478185.xml">
DAG</link></language_unit>
</introduction>
</expressive_style>
</psychological_feature>
</act>
</part>
</action>
</event>
</writing_style>
</change_of_state>
</morpheme>
</ending>
</drama>
</change>
</comedy>
</beginning>
</situation_comedy>
''</it></col>
<col>
Agent Baxter</col>
<col>
<b>Episode</b>: The Triangle Report</col>
</row>
<row>
<col>
<it>WW3''</it></col>
<col>
John Sullivan</col>
<col>
 <link xlink:type="simple" xlink:href="../252/46252.xml">
FOX</link> <link xlink:type="simple" xlink:href="../342/164342.xml">
TV-Movie</link></col>
</row>
<row>
<col>
 <it><series wordnetid="108457976" confidence="0.9508927676800064">
<link xlink:type="simple" xlink:href="../401/520401.xml">
The Practice</link></series>
''</it></col>
<col>
Judge H. Finkel</col>

</row>
<row>
<col>
2002</col>
<col>
 <it><series wordnetid="108457976" confidence="0.9508927676800064">
<link xlink:type="simple" xlink:href="../531/657531.xml">
Judging Amy</link></series>
''</it></col>
<col>
Mr. Radford</col>
<col>
<b>Episode</b>: People of the Lie</col>
</row>
<row>
<col>
2003</col>
<col>
 <it><beginning wordnetid="100235435" confidence="0.8">
<change wordnetid="100191142" confidence="0.8">
<show wordnetid="100520257" confidence="0.8">
<entertainment wordnetid="100429048" confidence="0.8">
<ending wordnetid="106308765" confidence="0.8">
<morpheme wordnetid="106306233" confidence="0.8">
<change_of_state wordnetid="100199130" confidence="0.8">
<diversion wordnetid="100426928" confidence="0.8">
<event wordnetid="100029378" confidence="0.8">
<action wordnetid="100037396" confidence="0.8">
<part wordnetid="113809207" confidence="0.8">
<act wordnetid="100030358" confidence="0.8">
<psychological_feature wordnetid="100023100" confidence="0.8">
<activity wordnetid="100407535" confidence="0.8">
<introduction wordnetid="100238022" confidence="0.8">
<language_unit wordnetid="106284225" confidence="0.8">
<link xlink:type="simple" xlink:href="../261/12996261.xml">
Out of Order</link></language_unit>
</introduction>
</activity>
</psychological_feature>
</act>
</part>
</action>
</event>
</diversion>
</change_of_state>
</morpheme>
</ending>
</entertainment>
</show>
</change>
</beginning>
''</it></col>
<col>
Frank</col>
<col>
 <link xlink:type="simple" xlink:href="../877/77877.xml">
Showtime</link> <link xlink:type="simple" xlink:href="../342/164342.xml">
TV-Movie</link></col>
</row>
</table>
</p>

</sec>
<sec>
<st>
References</st>

<p>

<reflist>
<entry id="1">
http://www.leelanau.org/al_hallFame.asp</entry>
<entry id="2">
http://www.thehill.org/home/news_item.asp?id=335&amp;zzSec=school&amp;newsArea=</entry>
<entry id="3">
http://www.vh1.com/movies/person/58615/bio.jhtml</entry>
<entry id="4">
http://www.rideforlife.com/archives/001353.html</entry>
<entry id="5">
http://movies.yahoo.com/movie/contributor/1800057812/bio</entry>
<entry id="6">
http://www.filmreference.com/film/90/Lane-Smith.html</entry>
<entry id="7">
http://movies.nytimes.com/person/66475/Lane-Smith</entry>
</reflist>
</p>

</sec>
<sec>
<st>
External links</st>
<p>

<list>
<entry level="1" type="bullet">

 <weblink xlink:type="simple" xlink:href="http://www.imdb.com/name/nm0809031/">
Lane Smith</weblink> at the <web_site wordnetid="106359193" confidence="0.9508927676800064">
<link xlink:type="simple" xlink:href="../554/2855554.xml">
Internet Movie Database</link></web_site>
</entry>
<entry level="1" type="bullet">

 <weblink xlink:type="simple" xlink:href="http://www.allmovie.com/cg/avg.dll?p=avg&amp;sql=2:66475~C">
All Movie Guide article on Lane Smith</weblink></entry>
</list>
</p>



</sec>
</bdy>
</presenter>
</actor>
</article>
