<?xml version="1.0" encoding="UTF-8"?>
<!-- generated by CLiX/Wiki2XML [MPI-Inf, MMCI@UdS] $LastChangedRevision: 92 $ on 17.04.2009 00:30:22[mciao0826] -->
<!DOCTYPE article SYSTEM "../article.dtd">
<article xmlns:xlink="http://www.w3.org/1999/xlink">
<actor  confidence="0.9508927676800064" wordnetid="109765278">
<header>
<title>Elizabeth Whitmere</title>
<id>10908785</id>
<revision>
<id>210024803</id>
<timestamp>2008-05-04T02:23:39Z</timestamp>
<contributor>
<username>Inukjuak</username>
<id>985786</id>
</contributor>
</revision>
<categories>
<category>Canadian television actors</category>
<category>Canadian film actors</category>
<category>1981 births</category>
</categories>
</header>
<bdy>
<template>
<name>Infobox actor</name>
<parameters>

<image width="150px" src="">
</image>
<parents>
Andrew Wetmore, Rebecca Wetmore</parents>
<website>
http://www.elizabethwhitmere.com/</website>
<birthplace>
<social_group wordnetid="107950920" confidence="0.8">
<gathering wordnetid="107975026" confidence="0.8">
<community wordnetid="108223802" confidence="0.8">
<group wordnetid="100031264" confidence="0.8">
<link xlink:type="simple" xlink:href="../698/221698.xml">
Timmins, Ontario</link></group>
</community>
</gathering>
</social_group>
</birthplace>
<spouse>
<physical_entity wordnetid="100001930" confidence="0.8">
<person wordnetid="100007846" confidence="0.8">
<performer wordnetid="110415638" confidence="0.8">
<causal_agent wordnetid="100007347" confidence="0.8">
<actor wordnetid="109765278" confidence="0.8">
<entertainer wordnetid="109616922" confidence="0.8">
<link xlink:type="simple" xlink:href="../284/15110284.xml">
Terry McGurrin</link></entertainer>
</actor>
</causal_agent>
</performer>
</person>
</physical_entity>
</spouse>
<name>
Elizabeth Whitmere</name>
<birthdate>
<link xlink:type="simple" xlink:href="../353/19353.xml">
May 8</link>, <link xlink:type="simple" xlink:href="../776/34776.xml">
1981</link></birthdate>
<birthname>
Elizabeth Wetmore</birthname>
<yearsactive>
1991—present</yearsactive>
</parameters>
</template>


<b>Elizabeth Whitmere</b> is a Canadian actress working in the United States and Canada.  Born in northern Canada, she draws on her experiences there, in the Maritimes, in <village wordnetid="108672738" confidence="0.9508927676800064">
<link xlink:type="simple" xlink:href="../681/7954681.xml">
Montreal</link></village>
, and in <country wordnetid="108544813" confidence="0.9508927676800064">
<link xlink:type="simple" xlink:href="../518/1645518.xml">
Massachusetts</link></country>
 in the development of her characters and her <link xlink:type="simple" xlink:href="../067/103067.xml">
stand-up comedy</link> routines.<p>

Whitmere appeared in her first play before she was ten, and spent her high school years training at <senior_high_school wordnetid="108409617" confidence="0.8">
<link xlink:type="simple" xlink:href="../969/4555969.xml">
Walnut Hill School</link></senior_high_school>
, a performing arts boarding school in <village wordnetid="108672738" confidence="0.9508927676800064">
<link xlink:type="simple" xlink:href="../853/116853.xml">
Natick, Massachusetts</link></village>
.  After working in Montreal for some years and finding that her French was not sufficient to give her access to a wide range of parts, Wetmore moved her base of operations to Toronto in <link xlink:type="simple" xlink:href="../524/35524.xml">
2004</link>.  She now divides her time between <village wordnetid="108672738" confidence="0.9508927676800064">
<link xlink:type="simple" xlink:href="../646/64646.xml">
Toronto</link></village>
 and <link xlink:type="simple" xlink:href="../110/18110.xml">
Los Angeles</link>.</p>

<sec>
<st>
Facts</st>
<p>

Whitmere was born on <link xlink:type="simple" xlink:href="../353/19353.xml">
May 8</link>, <link xlink:type="simple" xlink:href="../776/34776.xml">
1981</link>, as Elizabeth <link xlink:type="simple" xlink:href="../425/5206425.xml">
Wetmore</link> in <social_group wordnetid="107950920" confidence="0.8">
<gathering wordnetid="107975026" confidence="0.8">
<community wordnetid="108223802" confidence="0.8">
<group wordnetid="100031264" confidence="0.8">
<link xlink:type="simple" xlink:href="../698/221698.xml">
Timmins, Ontario</link></group>
</community>
</gathering>
</social_group>
.  She spent her first years in the Arctic community of <social_group wordnetid="107950920" confidence="0.8">
<gathering wordnetid="107975026" confidence="0.8">
<community wordnetid="108223802" confidence="0.8">
<group wordnetid="100031264" confidence="0.8">
<link xlink:type="simple" xlink:href="../804/3497804.xml">
Kuujjuarapik, Quebec</link></group>
</community>
</gathering>
</social_group>
.</p>
<p>

Her nickname is Liz and she is 5' 10" (1.78 m) tall.</p>
<p>

On <link xlink:type="simple" xlink:href="../271/18933271.xml">
August 20</link>, <link xlink:type="simple" xlink:href="../984/35984.xml">
2005</link> she married <physical_entity wordnetid="100001930" confidence="0.8">
<person wordnetid="100007846" confidence="0.8">
<performer wordnetid="110415638" confidence="0.8">
<causal_agent wordnetid="100007347" confidence="0.8">
<actor wordnetid="109765278" confidence="0.8">
<entertainer wordnetid="109616922" confidence="0.8">
<link xlink:type="simple" xlink:href="../284/15110284.xml">
Terry McGurrin</link></entertainer>
</actor>
</causal_agent>
</performer>
</person>
</physical_entity>
, the star of <series wordnetid="108457976" confidence="0.9508927676800064">
<link xlink:type="simple" xlink:href="../091/1056091.xml">
Comedy Inc.</link></series>
, a comedy show Whitmere once wrote for.</p>

</sec>
<sec>
<st>
Career</st>
<p>

Whitmere's TV and movie roles:</p>
<p>

<link xlink:type="simple" xlink:href="../502/35502.xml">
2002</link>: <movie wordnetid="106613686" confidence="0.9508927676800064">
<link xlink:type="simple" xlink:href="../339/4122339.xml">
Abandon (film)</link></movie>
 as Mrs. Burke</p>
<p>

<link xlink:type="simple" xlink:href="../163/36163.xml">
2003</link>: <movie wordnetid="106613686" confidence="0.9508927676800064">
<link xlink:type="simple" xlink:href="../187/637187.xml">
Beyond Borders</link></movie>
 as Beatrice</p>
<p>

<link xlink:type="simple" xlink:href="../524/35524.xml">
2004</link>: My First Wedding as Janice</p>
<p>

<link xlink:type="simple" xlink:href="../164/36164.xml">
2006</link>: "Beautiful People" as Chelsea (4 episodes)</p>
<p>

<link xlink:type="simple" xlink:href="../164/36164.xml">
2006</link>: "Angela's Eyes" as Savannah Miller (1 episode)</p>
<p>

<link xlink:type="simple" xlink:href="../165/36165.xml">
2007</link>: "<series wordnetid="108457976" confidence="0.9508927676800064">
<fictional_character wordnetid="109587565" confidence="0.9508927676800064">
<link xlink:type="simple" xlink:href="../969/2170969.xml">
Supernatural</link></fictional_character>
</series>
" as Tara Benchley (1 episode, <link xlink:type="simple" xlink:href="../092/10789092.xml">
Hollywood Babylon</link>)</p>
<p>

<link xlink:type="simple" xlink:href="../825/35825.xml">
2008</link>: "The Last Hit Man" as Raquel, co-starring with <link>
Joe_Mantegna</link></p>
<p>

<link xlink:type="simple" xlink:href="../825/35825.xml">
2008</link>: "The Watch" [tv movie] as Andrea -- a best-friend role in a spooky thriller.</p>

</sec>
<sec>
<st>
External links</st>
<p>

<list>
<entry level="1" type="bullet">

<weblink xlink:type="simple" xlink:href="http://www.imdb.com/name/nm1176867">
IMDb page</weblink></entry>
<entry level="1" type="bullet">

<weblink xlink:type="simple" xlink:href="http://www.myspace.com/elizabethwhitmere">
MySpace page</weblink></entry>
<entry level="1" type="bullet">

<weblink xlink:type="simple" xlink:href="http://supernatural.tv/gallery2/s2/hollywoodbabylon/index1.html">
photos from episode Hollywood Babylon of "supernatural"</weblink></entry>
</list>
</p>



</sec>
</bdy>
</actor>
</article>
