<?xml version="1.0" encoding="UTF-8"?>
<!-- generated by CLiX/Wiki2XML [MPI-Inf, MMCI@UdS] $LastChangedRevision: 92 $ on 17.04.2009 00:29:03[mciao0825] -->
<!DOCTYPE article SYSTEM "../article.dtd">
<article xmlns:xlink="http://www.w3.org/1999/xlink">
<header>
<title>Anointing of the Sick (Catholic Church)</title>
<id>10904740</id>
<revision>
<id>240584877</id>
<timestamp>2008-09-24T01:33:56Z</timestamp>
<contributor>
<username>Anthony of the Desert</username>
<id>7896656</id>
</contributor>
</revision>
<categories>
<category>Sacraments (Catholic Church)</category>
</categories>
</header>
<bdy>

<table style="clear: right; margin-bottom: .5em; float: right; padding: .5em 0 .8em 1.4em; background: none; width: auto;" cellpadding="0" cellspacing="0">
<row>
<col>
__TOC__</col>
</row>
</table>

<b>Anointing of the Sick</b> is the ritual anointing of a sick person and is a <link xlink:type="simple" xlink:href="../894/6894.xml">
Sacrament of the Catholic Church</link>. It is also described, using the more archaic synonym "unction" in place of "<link xlink:type="simple" xlink:href="../676/68676.xml">
anointing</link>", as <b>Unction of the Sick</b> or <b>Extreme Unction</b>.<ref xlink:type="simple" xlink:href="#xpointer(//reflist/entry[@id=%221%22])">1</ref> Although less common, this sacrament is also referred to as the <b>Administration to the sick</b> by some ecclesial communities.<ref xlink:type="simple" xlink:href="#xpointer(//reflist/entry[@id=%222%22])">2</ref><p>

The early-twentieth-century <weblink xlink:type="simple" xlink:href="http://www.newadvent.org/cathen/05716a.htm">
Catholic Encyclopedia</weblink>  states: "In previous ages the sacrament was known by a variety of names, e.g., the holy oil, or unction, of the sick; the unction or blessing of consecrated oil; the unction of God; the office of the unction; etc. In the <link xlink:type="simple" xlink:href="../207/42207.xml">
Eastern Church</link> the later technical name is euchelaion (i.e. prayer-oil); but other names have been and still are in use, e.g. elaion hagion (holy), or hegismenon (consecrated), elaion, elaiou Chrisis, chrisma, etc."</p>
<p>

When these words were written, the official name of the sacrament in the <link xlink:type="simple" xlink:href="../458/104458.xml">
Latin Rite</link> of the <link xlink:type="simple" xlink:href="../848/606848.xml">
Catholic Church</link> was <b>Extreme Unction</b> (meaning, Final Anointing), a name attached to it when it was administered, as one of the "Last Rites", only to people in <it>immediate</it> danger of <link xlink:type="simple" xlink:href="../221/8221.xml">
death</link>. To reflect the restored discipline whereby, in the Latin Church as in other ancient Christian Churches, the sacrament is to be conferred on those who are "dangerously ill",<ref xlink:type="simple" xlink:href="#xpointer(//reflist/entry[@id=%223%22])">3</ref> this Church now always uses the name "Anointing of the Sick". "Extreme Unction" naturally continues in popular use, and is always used by those who prefer to keep the terminology that was customary before the <link xlink:type="simple" xlink:href="../134/28134.xml">
Second Vatican Council</link> (see <social_group wordnetid="107950920" confidence="0.8">
<group wordnetid="100031264" confidence="0.8">
<subculture wordnetid="108288753" confidence="0.8">
<link xlink:type="simple" xlink:href="../211/218211.xml">
Traditionalist Catholic</link></subculture>
</group>
</social_group>
).</p>
<p>

The term "Last Rites" is not equivalent to "Anointing of the Sick", since it refers also to two other distinct rites: <link xlink:type="simple" xlink:href="../718/5589718.xml">
Penance</link> and <link xlink:type="simple" xlink:href="../767/9767.xml">
Eucharist</link>, the last of which, when administered to the dying, is known as "<love wordnetid="107543288" confidence="0.8">
<feeling wordnetid="100026192" confidence="0.8">
<state wordnetid="100024720" confidence="0.8">
<devotion wordnetid="107544491" confidence="0.8">
<emotion wordnetid="107480068" confidence="0.8">
<link xlink:type="simple" xlink:href="../477/67477.xml">
Viaticum</link></emotion>
</devotion>
</state>
</feeling>
</love>
", a word whose original meaning in <language wordnetid="106282651" confidence="0.9508927676800064">
<link xlink:type="simple" xlink:href="../730/17730.xml">
Latin</link></language>
 was "provision for the journey". The normal order of administration is: first Penance (if the dying person is physically unable to confess, absolution, conditional on the existence of contrition, is given), then Anointing, then Viatecum.</p>

<sec>
<st>
Biblical text</st>
<p>

The chief <link xlink:type="simple" xlink:href="../390/3390.xml">
Biblical</link> text concerning anointing of the sick is <weblink xlink:type="simple" xlink:href="http://php.ug.cs.usyd.edu.au/~jnot4610/bibref.php?book=%20James&amp;verse=5:14-15&amp;src=!">
 James 5:14-15</weblink>: "Are any among you sick? They should call for the elders of the Church and have them pray over them, anointing them with oil in the name of the Lord.  And their prayer offered in faith will heal the sick, and the Lord will make them well. And if they have committed sins, these will be forgiven."</p>
<p>

<weblink xlink:type="simple" xlink:href="http://php.ug.cs.usyd.edu.au/~jnot4610/bibref.php?book=%20Matthew&amp;verse=10:8&amp;src=!">
 Matthew 10:8</weblink>, <weblink xlink:type="simple" xlink:href="http://php.ug.cs.usyd.edu.au/~jnot4610/bibref.php?book=%20Luke&amp;verse=10:8-9&amp;src=!">
 Luke 10:8-9</weblink> and <weblink xlink:type="simple" xlink:href="http://php.ug.cs.usyd.edu.au/~jnot4610/bibref.php?book=%20Mark&amp;verse=6:13&amp;src=!">
 Mark 6:13</weblink> are also quoted in this regard.</p>
<p>

An extensive account of the teaching of the Catholic Church on Anointing of the Sick is given in <weblink xlink:type="simple" xlink:href="http://www.usccb.org/catechism/text/pt2sect2chpt2art5.htm">
<it>Catechism of the Catholic Church</it>, 1499-1532</weblink>.</p>

</sec>
<sec>
<st>
Administration</st>
<p>

Anointing of the Sick is one of the seven <link xlink:type="simple" xlink:href="../894/6894.xml">
Sacraments</link>. Only a <link xlink:type="simple" xlink:href="../707/23707.xml">
priest</link> (<link xlink:type="simple" xlink:href="../092/4092.xml">
bishop</link> or <link xlink:type="simple" xlink:href="../222/74222.xml">
presbyter</link>) can administer it <ref xlink:type="simple" xlink:href="#xpointer(//reflist/entry[@id=%224%22])">4</ref>, because of its relationship to the forgiveness of sins. Canon 1004 of the <link xlink:type="simple" xlink:href="../532/5131532.xml">
<it>Code of Canon Law''</it></link> indicates succinctly who may receive the sacrament: "The anointing of the sick can be administered to any member of the faithful who, having reached the use of reason, begins to be in danger by reason of illness or old age."  A new illness or a renewal or worsening of the first illness enables a person to receive the sacrament a further time.  And "in the case of a person who is chronically ill, or elderly and in a weakened condition, the sacrament of anointing may be repeated when in the pastoral judgment of the priest the condition of the sick person warrants the repetition of the sacrament" (<it>Rite of Anointing of the Sick</it>, 102).</p>
<p>

The text of the <it>Rite</it> (97) also states that the sacrament of anointing can be administered to an individual whether at home, in a hospital or institution, or in church; and several sick persons may be anointed within the rite, especially if the celebration takes place in a church or hospital; the celebration may also take place within <sacrament wordnetid="101034925" confidence="0.8">
<rite wordnetid="101029406" confidence="0.8">
<event wordnetid="100029378" confidence="0.8">
<religious_ceremony wordnetid="101028082" confidence="0.8">
<ceremony wordnetid="101027379" confidence="0.8">
<act wordnetid="100030358" confidence="0.8">
<psychological_feature wordnetid="100023100" confidence="0.8">
<activity wordnetid="100407535" confidence="0.8">
<link xlink:type="simple" xlink:href="../371/56371.xml">
Mass</link></activity>
</psychological_feature>
</act>
</ceremony>
</religious_ceremony>
</event>
</rite>
</sacrament>
.</p>
<p>

As indicated in the <it>Code of Canon Law</it>, it is illicit to administer indiscriminately to the sick and the healthy this sacrament, which, as its very name shows, is intended to benefit only the seriously ill.</p>

</sec>
<sec>
<st>
Effects of the sacrament</st>
<p>

The Catholic Church sees the effects of the sacrament as follows. As the sacrament of Marriage gives grace for the married state, the sacrament of Anointing of the Sick gives grace for the state into which people enter through sickness. Through the sacrament is given a gift of the Holy Spirit that renews confidence and faith in God and strengthens against temptations to discouragement and anguish at the thought of death and the struggle of death. It thus leads to spiritual healing with forgiveness of sins and, sometimes, to bodily healing as well.</p>

</sec>
<sec>
<st>
Established form</st>
<p>

The oil used in the sacrament is usually olive oil, though other vegetable oil may also be used (<it>Catechism of the Catholic Church</it>, 1513). It is blessed by the bishop of the diocese at the <link xlink:type="simple" xlink:href="../295/891295.xml">
Chrism Mass</link> he celebrates on <link xlink:type="simple" xlink:href="../389/170389.xml">
Holy Thursday</link> or on a day close to it.  In case of necessity, the priest administering the sacrament may bless the oil within the framework of the celebration (<it>Code of Canon Law</it>, canon 999).</p>
<p>

In the <rite wordnetid="101029406" confidence="0.8">
<event wordnetid="100029378" confidence="0.8">
<religious_ceremony wordnetid="101028082" confidence="0.8">
<ceremony wordnetid="101027379" confidence="0.8">
<act wordnetid="100030358" confidence="0.8">
<psychological_feature wordnetid="100023100" confidence="0.8">
<activity wordnetid="100407535" confidence="0.8">
<link xlink:type="simple" xlink:href="../448/2493448.xml">
Roman Rite</link></activity>
</psychological_feature>
</act>
</ceremony>
</religious_ceremony>
</event>
</rite>
 of the <link xlink:type="simple" xlink:href="../458/104458.xml">
Catholic Church</link>, the priest anoints the sick person's forehead with oil (usually in the form of a cross), saying: "Through this holy anointing, may the Lord in his love and mercy help you with the grace of the Holy Spirit." He then anoints the hands, saying, "May the Lord who frees you from sin save you and raise you up." He may also, in accordance with local culture and traditions, and the needs of the sick person, anoint other parts of the body, but without repeating the sacramental formula.</p>
<p>

This is the form established for the Roman Rite through the papal document <it>Sacram unctionem infirmorum</it> of  1972. The form used in the Roman Rite in the preceding period included anointing of seven parts of the body (though that of the loins was generally omitted in English-speaking countries), while saying (in <language wordnetid="106282651" confidence="0.9508927676800064">
<link xlink:type="simple" xlink:href="../730/17730.xml">
Latin</link></language>
): "Through this holy anointing, may the Lord pardon you whatever sins/faults you have committed by..."  The sense in question was then mentioned: sight, hearing, smell, taste, touch, walking, carnal delectation.</p>
<p>

Liturgical rites of the Catholic Church, both Western and Eastern, other than the Roman, have a variety of other forms for celebrating the sacrament.</p>

</sec>
<sec>
<st>
In popular culture</st>
<p>

In <it><movie wordnetid="106613686" confidence="0.9508927676800064">
<link xlink:type="simple" xlink:href="../303/1210303.xml">
Constantine (film)</link></movie>
</it>, John Constantine reads Balthazar his last rites, but stops at the last moment.</p>
<p>

In <person wordnetid="100007846" confidence="0.9508927676800064">
<link xlink:type="simple" xlink:href="../750/12750.xml">
Giacomo Puccini</link></person>
's 1900 opera <it><music wordnetid="107020895" confidence="0.8">
<classical_music wordnetid="107025900" confidence="0.8">
<auditory_communication wordnetid="107109019" confidence="0.8">
<opera wordnetid="107026352" confidence="0.8">
<music_genre wordnetid="107071942" confidence="0.8">
<expressive_style wordnetid="107066659" confidence="0.8">
<link xlink:type="simple" xlink:href="../245/38245.xml">
Tosca</link></expressive_style>
</music_genre>
</opera>
</auditory_communication>
</classical_music>
</music>
</it>, the secret policeman Spoletta speaks excerpts from the ritual in order to increase the pressure on the title character while her lover is being tortured.</p>
<p>

<musical_organization wordnetid="108246613" confidence="0.8">
<group wordnetid="100031264" confidence="0.8">
<link xlink:type="simple" xlink:href="../488/887488.xml">
Senses Fail</link></group>
</musical_organization>
's 2006 song "<link xlink:type="simple" xlink:href="../847/9671847.xml">
The Priest and the Matador</link>" includes lyrics in which the singer, dying after a suicide attempt, is given the last rites by a priest.  The singer refuses the sacrament.</p>
<p>

Death metal band <musical_organization wordnetid="108246613" confidence="0.8">
<group wordnetid="100031264" confidence="0.8">
<link xlink:type="simple" xlink:href="../184/1088184.xml">
Necrophagist</link></group>
</musical_organization>
 has a song called "Extreme Unction."</p>
<p>

The priest reading a condemned man his last rites is a staple of prison films.  In  <it><movie wordnetid="106613686" confidence="0.9508927676800064">
<link xlink:type="simple" xlink:href="../425/2093425.xml">
Johnny Dangerously</link></movie>
</it> the 'priest' is brought in to assist Johnny in his escape, and  in <it><movie wordnetid="106613686" confidence="0.9508927676800064">
<link xlink:type="simple" xlink:href="../849/983849.xml">
Top Secret!</link></movie>
</it> the priest, after reading the "last rites" (which includes <message wordnetid="106253690" confidence="0.8">
<event wordnetid="100029378" confidence="0.8">
<social_event wordnetid="107288639" confidence="0.8">
<contest wordnetid="107456188" confidence="0.8">
<cipher wordnetid="106254239" confidence="0.8">
<game wordnetid="100456199" confidence="0.8">
<psychological_feature wordnetid="100023100" confidence="0.8">
<link xlink:type="simple" xlink:href="../973/22973.xml">
Pig Latin</link></psychological_feature>
</game>
</cipher>
</contest>
</social_event>
</event>
</message>
), is himself executed.</p>

</sec>
<sec>
<st>
References</st>

<p>

<reflist>
<entry id="1">
The Council of Trent (Sess. XIV, cap. i, De Extr. Unct.) in an English translation quoted in <weblink xlink:type="simple" xlink:href="http://www.newadvent.org/cathen/05716a.htm">
Catholic Encyclopedia</weblink>; the <link xlink:type="simple" xlink:href="../601/7601.xml">
Coptic Church</link> (<weblink xlink:type="simple" xlink:href="http://www.copticchurch.net/topics/thecopticchurch/sacraments/5_unction_sick.html">
Sacrament of Unction of the Sick</weblink>); <link xlink:type="simple" xlink:href="../370/22370.xml">
Old Catholic Church</link> (<weblink xlink:type="simple" xlink:href="http://anglicanhistory.org/liturgy/old_catholic_ritual/unction.html">
Unction of the Sick</weblink>); etc.</entry>
<entry id="2">
<weblink xlink:type="simple" xlink:href="http://www.cofchrist.org/sacraments/default.asp">
Community of Christ: The Sacraments</weblink></entry>
<entry id="3">
<weblink xlink:type="simple" xlink:href="http://www.vatican.va/archive/ENG1104/__P3J.HTM">
canon 997</weblink> of the Code of Canon Law]; cf. apostolic constitution <weblink xlink:type="simple" xlink:href="http://www.vatican.va/holy_father/paul_vi/apost_constitutions/documents/hf_p-vi_apc_19721130_sacram-unctionem_en.html">
<it>Sacram Unctionem Infirmorum''</it></weblink> of <link xlink:type="simple" xlink:href="../577/21577.xml">
30 November</link> <link xlink:type="simple" xlink:href="../671/34671.xml">
1972</link>; and <weblink xlink:type="simple" xlink:href="http://www.usccb.org/catechism/text/pt2sect2chpt2art5.htm">
Catechism of the Catholic Church, 1512-1513</weblink></entry>
<entry id="4">
"<weblink xlink:type="simple" xlink:href="http://www.usccb.org/catechism/text/pt2sect2chpt2art5.htm">
Catechism of the Catholic Church</weblink>".&#32;Retrieved on <link>
2003-06-03</link>.</entry>
</reflist>
</p>
<p>

<table style=";" class="navbox" cellspacing="0">
<row>
<col style="padding:2px;">
<table style="width:100%;background:transparent;color:inherit;;" class="nowraplinks collapsible autocollapse " cellspacing="0">
<row>
<header colspan="3" style=";" class="navbox-title">
<link xlink:type="simple" xlink:href="../894/6894.xml">
Sacraments</link>, Rites, and Liturgies of the <link xlink:type="simple" xlink:href="../848/606848.xml">
Catholic Church</link></header>
</row>
<row style="height:2px;">

</row>
<row>
<col style=";;" class="navbox-group">
Sacraments</col>
<col style="text-align:left;border-left:2px solid #fdfdfd;width:100%;padding:0px;;;" class="navbox-list navbox-odd">
<link xlink:type="simple" xlink:href="../298/4298.xml#xpointer(//*[./st=%22Catholic+baptism+and+salvation%22])">
Baptism</link>&nbsp;·  <link xlink:type="simple" xlink:href="../718/5589718.xml">
Reconciliation</link>&nbsp;·  <link xlink:type="simple" xlink:href="../673/5581673.xml">
Eucharist</link>&nbsp;·  <link xlink:type="simple" xlink:href="../517/5581517.xml">
Confirmation</link>&nbsp;·  <link xlink:type="simple" xlink:href="../673/395673.xml">
Matrimony</link>&nbsp;·  <office wordnetid="103841666" confidence="0.8">
<structure wordnetid="104341686" confidence="0.8">
<artifact wordnetid="100021939" confidence="0.8">
<place_of_business wordnetid="103953020" confidence="0.8">
<establishment wordnetid="103297735" confidence="0.8">
<link xlink:type="simple" xlink:href="../005/8655005.xml">
Holy Orders</link></establishment>
</place_of_business>
</artifact>
</structure>
</office>
&nbsp;·  <link xlink:type="simple" xlink:href="../740/10904740.xml">
Anointing of the Sick</link></col>
<col style="width:0%;padding:0px 0px 0px 2px;" rowspan="5">
<image width="100px" src="Emblem_of_the_Papacy_SE.svg">
</image>
</col>
</row>
<row style="height:2px">

</row>
<row>
<col style=";;" class="navbox-group">
Rites and
Liturgies</col>
<col style="text-align:left;border-left:2px solid #fdfdfd;width:100%;padding:0px;;;" class="navbox-list navbox-even">
<sacrament wordnetid="101034925" confidence="0.8">
<rite wordnetid="101029406" confidence="0.8">
<event wordnetid="100029378" confidence="0.8">
<religious_ceremony wordnetid="101028082" confidence="0.8">
<ceremony wordnetid="101027379" confidence="0.8">
<act wordnetid="100030358" confidence="0.8">
<psychological_feature wordnetid="100023100" confidence="0.8">
<activity wordnetid="100407535" confidence="0.8">
<link xlink:type="simple" xlink:href="../371/56371.xml">
Mass</link></activity>
</psychological_feature>
</act>
</ceremony>
</religious_ceremony>
</event>
</rite>
</sacrament>
&nbsp;·  <rite wordnetid="101029406" confidence="0.8">
<event wordnetid="100029378" confidence="0.8">
<religious_ceremony wordnetid="101028082" confidence="0.8">
<ceremony wordnetid="101027379" confidence="0.8">
<act wordnetid="100030358" confidence="0.8">
<psychological_feature wordnetid="100023100" confidence="0.8">
<activity wordnetid="100407535" confidence="0.8">
<link xlink:type="simple" xlink:href="../013/1140013.xml">
Papal Mass</link></activity>
</psychological_feature>
</act>
</ceremony>
</religious_ceremony>
</event>
</rite>
&nbsp;·  <link xlink:type="simple" xlink:href="../038/424038.xml">
Pontifical Mass</link>&nbsp;·  <link xlink:type="simple" xlink:href="../047/3387047.xml">
Solemn Mass</link> &nbsp;· <link xlink:type="simple" xlink:href="../884/2494884.xml">
Sung Mass</link>&nbsp;· <link xlink:type="simple" xlink:href="../175/500175.xml">
Low Mass</link>&nbsp;·  <link xlink:type="simple" xlink:href="../842/147842.xml">
Tridentine Mass</link>&nbsp;· <love wordnetid="107543288" confidence="0.8">
<feeling wordnetid="100026192" confidence="0.8">
<state wordnetid="100024720" confidence="0.8">
<devotion wordnetid="107544491" confidence="0.8">
<emotion wordnetid="107480068" confidence="0.8">
<link xlink:type="simple" xlink:href="../796/3594796.xml">
Benediction of the Blessed Sacrament</link></emotion>
</devotion>
</state>
</feeling>
</love>
&nbsp;· <work wordnetid="104599396" confidence="0.8">
<product wordnetid="104007894" confidence="0.8">
<creation wordnetid="103129123" confidence="0.8">
<artifact wordnetid="100021939" confidence="0.8">
<book wordnetid="106410904" confidence="0.8">
<publication wordnetid="106589574" confidence="0.8">
<link xlink:type="simple" xlink:href="../124/1951124.xml">
Liturgy of the Hours</link></publication>
</book>
</artifact>
</creation>
</product>
</work>
&nbsp;· <rite wordnetid="101029406" confidence="0.8">
<event wordnetid="100029378" confidence="0.8">
<religious_ceremony wordnetid="101028082" confidence="0.8">
<ceremony wordnetid="101027379" confidence="0.8">
<act wordnetid="100030358" confidence="0.8">
<psychological_feature wordnetid="100023100" confidence="0.8">
<activity wordnetid="100407535" confidence="0.8">
<link xlink:type="simple" xlink:href="../240/343240.xml">
Ambrosian Rite</link></activity>
</psychological_feature>
</act>
</ceremony>
</religious_ceremony>
</event>
</rite>
&nbsp;·  <rite wordnetid="101029406" confidence="0.8">
<event wordnetid="100029378" confidence="0.8">
<religious_ceremony wordnetid="101028082" confidence="0.8">
<ceremony wordnetid="101027379" confidence="0.8">
<act wordnetid="100030358" confidence="0.8">
<psychological_feature wordnetid="100023100" confidence="0.8">
<activity wordnetid="100407535" confidence="0.8">
<link xlink:type="simple" xlink:href="../045/4543045.xml">
Antiochene Rite</link></activity>
</psychological_feature>
</act>
</ceremony>
</religious_ceremony>
</event>
</rite>
&nbsp;· <rite wordnetid="101029406" confidence="0.8">
<event wordnetid="100029378" confidence="0.8">
<religious_ceremony wordnetid="101028082" confidence="0.8">
<ceremony wordnetid="101027379" confidence="0.8">
<act wordnetid="100030358" confidence="0.8">
<psychological_feature wordnetid="100023100" confidence="0.8">
<activity wordnetid="100407535" confidence="0.8">
<link xlink:type="simple" xlink:href="../318/588318.xml">
Byzantine Rite</link></activity>
</psychological_feature>
</act>
</ceremony>
</religious_ceremony>
</event>
</rite>
&nbsp;·  <order wordnetid="107168623" confidence="0.8">
<event wordnetid="100029378" confidence="0.8">
<command wordnetid="107168131" confidence="0.8">
<act wordnetid="100030358" confidence="0.8">
<psychological_feature wordnetid="100023100" confidence="0.8">
<speech_act wordnetid="107160883" confidence="0.8">
<link xlink:type="simple" xlink:href="../120/49120.xml#xpointer(//*[./st=%22Liturgy%22])">
Carthusian Rite</link></speech_act>
</psychological_feature>
</act>
</command>
</event>
</order>
&nbsp;·  <rite wordnetid="101029406" confidence="0.8">
<event wordnetid="100029378" confidence="0.8">
<religious_ceremony wordnetid="101028082" confidence="0.8">
<ceremony wordnetid="101027379" confidence="0.8">
<act wordnetid="100030358" confidence="0.8">
<psychological_feature wordnetid="100023100" confidence="0.8">
<activity wordnetid="100407535" confidence="0.8">
<link xlink:type="simple" xlink:href="../789/729789.xml">
Mozarabic Rite</link></activity>
</psychological_feature>
</act>
</ceremony>
</religious_ceremony>
</event>
</rite>
&nbsp;· <link xlink:type="simple" xlink:href="../818/4686818.xml">
Norbertine Rite</link>&nbsp;· <rite wordnetid="101029406" confidence="0.8">
<event wordnetid="100029378" confidence="0.8">
<religious_ceremony wordnetid="101028082" confidence="0.8">
<ceremony wordnetid="101027379" confidence="0.8">
<act wordnetid="100030358" confidence="0.8">
<psychological_feature wordnetid="100023100" confidence="0.8">
<activity wordnetid="100407535" confidence="0.8">
<link xlink:type="simple" xlink:href="../448/2493448.xml">
Roman Rite</link></activity>
</psychological_feature>
</act>
</ceremony>
</religious_ceremony>
</event>
</rite>
 &nbsp;·   <sacrament wordnetid="101034925" confidence="0.8">
<rite wordnetid="101029406" confidence="0.8">
<event wordnetid="100029378" confidence="0.8">
<religious_ceremony wordnetid="101028082" confidence="0.8">
<ceremony wordnetid="101027379" confidence="0.8">
<act wordnetid="100030358" confidence="0.8">
<psychological_feature wordnetid="100023100" confidence="0.8">
<activity wordnetid="100407535" confidence="0.8">
<link xlink:type="simple" xlink:href="../755/1294755.xml">
Sarum Rite</link></activity>
</psychological_feature>
</act>
</ceremony>
</religious_ceremony>
</event>
</rite>
</sacrament>
&nbsp;· <rite wordnetid="101029406" confidence="0.8">
<event wordnetid="100029378" confidence="0.8">
<religious_ceremony wordnetid="101028082" confidence="0.8">
<ceremony wordnetid="101027379" confidence="0.8">
<act wordnetid="100030358" confidence="0.8">
<psychological_feature wordnetid="100023100" confidence="0.8">
<activity wordnetid="100407535" confidence="0.8">
<link xlink:type="simple" xlink:href="../158/4543158.xml">
East Syrian Rite</link></activity>
</psychological_feature>
</act>
</ceremony>
</religious_ceremony>
</event>
</rite>
&nbsp;· <link xlink:type="simple" xlink:href="../994/4542994.xml">
West Syrian Rite</link>&nbsp;· <rite wordnetid="101029406" confidence="0.8">
<event wordnetid="100029378" confidence="0.8">
<religious_ceremony wordnetid="101028082" confidence="0.8">
<ceremony wordnetid="101027379" confidence="0.8">
<act wordnetid="100030358" confidence="0.8">
<psychological_feature wordnetid="100023100" confidence="0.8">
<activity wordnetid="100407535" confidence="0.8">
<link xlink:type="simple" xlink:href="../673/671673.xml">
Anglican Use</link></activity>
</psychological_feature>
</act>
</ceremony>
</religious_ceremony>
</event>
</rite>
&nbsp;·  <link xlink:type="simple" xlink:href="../578/2622578.xml">
Asperges</link>&nbsp;·   <link xlink:type="simple" xlink:href="../127/3700127.xml#xpointer(//*[./st=%22Roman+Catholicism%22])">
Exorcism</link>&nbsp;·  <continuance wordnetid="101017987" confidence="0.8">
<practice wordnetid="100410247" confidence="0.8">
<event wordnetid="100029378" confidence="0.8">
<survival wordnetid="101022178" confidence="0.8">
<act wordnetid="100030358" confidence="0.8">
<psychological_feature wordnetid="100023100" confidence="0.8">
<activity wordnetid="100407535" confidence="0.8">
<custom wordnetid="100413239" confidence="0.8">
<link xlink:type="simple" xlink:href="../165/12422165.xml">
Funeral</link></custom>
</activity>
</psychological_feature>
</act>
</survival>
</event>
</practice>
</continuance>
&nbsp;·  <link xlink:type="simple" xlink:href="../798/184798.xml">
Requiem</link></col>
</row>
<row style="height:2px">

</row>
<row>
<col style=";;" class="navbox-group">
Defunct Rites
and Liturgies</col>
<col style="text-align:left;border-left:2px solid #fdfdfd;width:100%;padding:0px;;;" class="navbox-list navbox-odd">
<link xlink:type="simple" xlink:href="../423/4867423.xml">
Benedictine Rite</link>&nbsp;·  <link xlink:type="simple" xlink:href="../412/4686412.xml">
Carmelite Rite</link>&nbsp;·  <link xlink:type="simple" xlink:href="../419/4686419.xml">
Cistercian Rite</link>&nbsp;·  <rite wordnetid="101029406" confidence="0.8">
<event wordnetid="100029378" confidence="0.8">
<religious_ceremony wordnetid="101028082" confidence="0.8">
<ceremony wordnetid="101027379" confidence="0.8">
<act wordnetid="100030358" confidence="0.8">
<psychological_feature wordnetid="100023100" confidence="0.8">
<activity wordnetid="100407535" confidence="0.8">
<link xlink:type="simple" xlink:href="../741/6718741.xml">
Durham Rite</link></activity>
</psychological_feature>
</act>
</ceremony>
</religious_ceremony>
</event>
</rite>
&nbsp;· <rite wordnetid="101029406" confidence="0.8">
<event wordnetid="100029378" confidence="0.8">
<religious_ceremony wordnetid="101028082" confidence="0.8">
<ceremony wordnetid="101027379" confidence="0.8">
<act wordnetid="100030358" confidence="0.8">
<psychological_feature wordnetid="100023100" confidence="0.8">
<activity wordnetid="100407535" confidence="0.8">
<link xlink:type="simple" xlink:href="../866/3853866.xml">
Pre-Tridentine Mass</link></activity>
</psychological_feature>
</act>
</ceremony>
</religious_ceremony>
</event>
</rite>
&nbsp;·  <rite wordnetid="101029406" confidence="0.8">
<event wordnetid="100029378" confidence="0.8">
<religious_ceremony wordnetid="101028082" confidence="0.8">
<ceremony wordnetid="101027379" confidence="0.8">
<act wordnetid="100030358" confidence="0.8">
<psychological_feature wordnetid="100023100" confidence="0.8">
<activity wordnetid="100407535" confidence="0.8">
<link xlink:type="simple" xlink:href="../051/3729051.xml">
African Rite</link></activity>
</psychological_feature>
</act>
</ceremony>
</religious_ceremony>
</event>
</rite>
&nbsp;·  <rite wordnetid="101029406" confidence="0.8">
<event wordnetid="100029378" confidence="0.8">
<religious_ceremony wordnetid="101028082" confidence="0.8">
<ceremony wordnetid="101027379" confidence="0.8">
<act wordnetid="100030358" confidence="0.8">
<psychological_feature wordnetid="100023100" confidence="0.8">
<activity wordnetid="100407535" confidence="0.8">
<link xlink:type="simple" xlink:href="../540/5150540.xml">
Aquileian Rite</link></activity>
</psychological_feature>
</act>
</ceremony>
</religious_ceremony>
</event>
</rite>
&nbsp;·  <rite wordnetid="101029406" confidence="0.8">
<event wordnetid="100029378" confidence="0.8">
<religious_ceremony wordnetid="101028082" confidence="0.8">
<ceremony wordnetid="101027379" confidence="0.8">
<act wordnetid="100030358" confidence="0.8">
<psychological_feature wordnetid="100023100" confidence="0.8">
<activity wordnetid="100407535" confidence="0.8">
<link xlink:type="simple" xlink:href="../727/3074727.xml">
Celtic Rite</link></activity>
</psychological_feature>
</act>
</ceremony>
</religious_ceremony>
</event>
</rite>
&nbsp;·  <link xlink:type="simple" xlink:href="../822/2187822.xml">
Gallican Rite</link>&nbsp;·  <rite wordnetid="101029406" confidence="0.8">
<event wordnetid="100029378" confidence="0.8">
<religious_ceremony wordnetid="101028082" confidence="0.8">
<ceremony wordnetid="101027379" confidence="0.8">
<act wordnetid="100030358" confidence="0.8">
<psychological_feature wordnetid="100023100" confidence="0.8">
<activity wordnetid="100407535" confidence="0.8">
<link xlink:type="simple" xlink:href="../367/9728367.xml">
Missa Sicca</link></activity>
</psychological_feature>
</act>
</ceremony>
</religious_ceremony>
</event>
</rite>
&nbsp;·  <rite wordnetid="101029406" confidence="0.8">
<event wordnetid="100029378" confidence="0.8">
<religious_ceremony wordnetid="101028082" confidence="0.8">
<ceremony wordnetid="101027379" confidence="0.8">
<act wordnetid="100030358" confidence="0.8">
<psychological_feature wordnetid="100023100" confidence="0.8">
<activity wordnetid="100407535" confidence="0.8">
<link xlink:type="simple" xlink:href="../367/9728367.xml">
Missa Nautica</link></activity>
</psychological_feature>
</act>
</ceremony>
</religious_ceremony>
</event>
</rite>
&nbsp;·  <rite wordnetid="101029406" confidence="0.8">
<event wordnetid="100029378" confidence="0.8">
<religious_ceremony wordnetid="101028082" confidence="0.8">
<ceremony wordnetid="101027379" confidence="0.8">
<act wordnetid="100030358" confidence="0.8">
<psychological_feature wordnetid="100023100" confidence="0.8">
<activity wordnetid="100407535" confidence="0.8">
<link xlink:type="simple" xlink:href="../367/9728367.xml">
Missa Venatoria</link></activity>
</psychological_feature>
</act>
</ceremony>
</religious_ceremony>
</event>
</rite>
</col>
</row>
</table>
</col>
</row>
</table>
</p>

<p>

<table style=";" class="navbox" cellspacing="0">
<row>
<col style="padding:2px;">
<table style="width:100%;background:transparent;color:inherit;;" class="nowraplinks collapsible autocollapse " cellspacing="0">
<row>
<header colspan="3" style="background-color:#FFFF66;background-color:#FFFF66" class="navbox-title">
<b> <link xlink:type="simple" xlink:href="../848/606848.xml">
Catholic Church</link></b></header>
</row>
<row style="height:2px;">

</row>
<row>
<col colspan="3" style="background-color:#FFFF66;" class="navbox-abovebelow">
<b>Organizations, Papacy, Teachings and Liturgical Traditions </b></col>
</row>
<row style="height:2px;">

</row>
<row>
<col style="background-color:#FFFF66;background-color:#FFFF66;" class="navbox-group">
<link xlink:type="simple" xlink:href="../484/18266484.xml">
History</link></col>
<col style="text-align:left;border-left:2px solid #fdfdfd;width:100%;padding:0px;;;" class="navbox-list navbox-odd">
<information wordnetid="105816287" confidence="0.8">
<inflammation wordnetid="114336539" confidence="0.8">
<punishment wordnetid="101160342" confidence="0.8">
<appearance wordnetid="107321772" confidence="0.8">
<belief wordnetid="105941423" confidence="0.8">
<laminitis wordnetid="114348895" confidence="0.8">
<happening wordnetid="107283608" confidence="0.8">
<evidence wordnetid="105823932" confidence="0.8">
<corporal_punishment wordnetid="101161161" confidence="0.8">
<execution wordnetid="101163779" confidence="0.8">
<group_action wordnetid="101080366" confidence="0.8">
<event wordnetid="100029378" confidence="0.8">
<social_control wordnetid="101123598" confidence="0.8">
<deity wordnetid="109505418" confidence="0.8">
<spiritual_being wordnetid="109504135" confidence="0.8">
<act wordnetid="100030358" confidence="0.8">
<psychological_feature wordnetid="100023100" confidence="0.8">
<symptom wordnetid="114299637" confidence="0.8">
<manifestation wordnetid="107323231" confidence="0.8">
<link xlink:type="simple" xlink:href="../706/1095706.xml">
Jesus</link></manifestation>
</symptom>
</psychological_feature>
</act>
</spiritual_being>
</deity>
</social_control>
</event>
</group_action>
</execution>
</corporal_punishment>
</evidence>
</happening>
</laminitis>
</belief>
</appearance>
</punishment>
</inflammation>
</information>
&nbsp;·  <physical_entity wordnetid="100001930" confidence="0.8">
<person wordnetid="100007846" confidence="0.8">
<follower wordnetid="110099375" confidence="0.8">
<supporter wordnetid="110677713" confidence="0.8">
<leader wordnetid="109623038" confidence="0.8">
<causal_agent wordnetid="100007347" confidence="0.8">
<advocate wordnetid="109774783" confidence="0.8">
<believer wordnetid="109848489" confidence="0.8">
<apostle wordnetid="109799461" confidence="0.8">
<link xlink:type="simple" xlink:href="../398/3595398.xml">
Twelve Apostles</link></apostle>
</believer>
</advocate>
</causal_agent>
</leader>
</supporter>
</follower>
</person>
</physical_entity>
&nbsp;·  <message wordnetid="106598915" confidence="0.8">
<subject wordnetid="106599788" confidence="0.8">
<link xlink:type="simple" xlink:href="../957/1027957.xml">
Early Christianity</link></subject>
</message>
&nbsp;·  <link xlink:type="simple" xlink:href="../430/3349430.xml">
History of the Papacy</link>&nbsp;·  <link xlink:type="simple" xlink:href="../762/9762.xml">
Councils</link>&nbsp;·  <link xlink:type="simple" xlink:href="../145/4412145.xml">
Crusades</link>&nbsp;·  <mission wordnetid="108403225" confidence="0.8">
<nongovernmental_organization wordnetid="108009834" confidence="0.8">
<link xlink:type="simple" xlink:href="../270/666270.xml">
Missions</link></nongovernmental_organization>
</mission>
&nbsp;·  <change wordnetid="100191142" confidence="0.8">
<dispute wordnetid="107181935" confidence="0.8">
<separation wordnetid="100383606" confidence="0.8">
<speech_act wordnetid="107160883" confidence="0.8">
<schism wordnetid="100386676" confidence="0.8">
<division wordnetid="100385791" confidence="0.8">
<controversy wordnetid="107183151" confidence="0.8">
<change_of_integrity wordnetid="100376063" confidence="0.8">
<event wordnetid="100029378" confidence="0.8">
<action wordnetid="100037396" confidence="0.8">
<disagreement wordnetid="107180787" confidence="0.8">
<act wordnetid="100030358" confidence="0.8">
<psychological_feature wordnetid="100023100" confidence="0.8">
<link xlink:type="simple" xlink:href="../935/543935.xml">
Great Schism of East</link></psychological_feature>
</act>
</disagreement>
</action>
</event>
</change_of_integrity>
</controversy>
</division>
</schism>
</speech_act>
</separation>
</dispute>
</change>
&nbsp;·  <link xlink:type="simple" xlink:href="../939/543939.xml">
Great Schism of West</link>&nbsp;·  <change wordnetid="100191142" confidence="0.8">
<dispute wordnetid="107181935" confidence="0.8">
<separation wordnetid="100383606" confidence="0.8">
<speech_act wordnetid="107160883" confidence="0.8">
<schism wordnetid="100386676" confidence="0.8">
<division wordnetid="100385791" confidence="0.8">
<controversy wordnetid="107183151" confidence="0.8">
<change_of_integrity wordnetid="100376063" confidence="0.8">
<event wordnetid="100029378" confidence="0.8">
<action wordnetid="100037396" confidence="0.8">
<disagreement wordnetid="107180787" confidence="0.8">
<act wordnetid="100030358" confidence="0.8">
<psychological_feature wordnetid="100023100" confidence="0.8">
<link xlink:type="simple" xlink:href="../857/37857.xml">
Reformation</link></psychological_feature>
</act>
</disagreement>
</action>
</event>
</change_of_integrity>
</controversy>
</division>
</schism>
</speech_act>
</separation>
</dispute>
</change>
&nbsp;·  <link>
Counter-Reformation</link>&nbsp;·  <link xlink:type="simple" xlink:href="../343/1364343.xml">
Roman Catholicism by country</link></col>
<col style="width:0%;padding:0px 0px 0px 2px;" rowspan="21">
<image width="150px" src="Kruis_san_damiano.gif">
</image>
</col>
</row>
<row style="height:2px">

</row>
<row>
<col style="background-color:#FFFF66;background-color:#FFFF66;" class="navbox-group">
<link xlink:type="simple" xlink:href="../063/1714063.xml">
Hierarchy</link></col>
<col style="text-align:left;border-left:2px solid #fdfdfd;width:100%;padding:0px;;background:#FFFFBB;;" class="navbox-list navbox-even">
<work wordnetid="100575741" confidence="0.8">
<duty wordnetid="100719494" confidence="0.8">
<event wordnetid="100029378" confidence="0.8">
<act wordnetid="100030358" confidence="0.8">
<psychological_feature wordnetid="100023100" confidence="0.8">
<activity wordnetid="100407535" confidence="0.8">
<function wordnetid="100720565" confidence="0.8">
<link xlink:type="simple" xlink:href="../056/23056.xml">
Pope</link></function>
</activity>
</psychological_feature>
</act>
</event>
</duty>
</work>
&nbsp;·  <physical_entity wordnetid="100001930" confidence="0.8">
<priest wordnetid="110470779" confidence="0.8">
<person wordnetid="100007846" confidence="0.8">
<clergyman wordnetid="109927451" confidence="0.8">
<bishop wordnetid="109857200" confidence="0.8">
<leader wordnetid="109623038" confidence="0.8">
<spiritual_leader wordnetid="109505153" confidence="0.8">
<causal_agent wordnetid="100007347" confidence="0.8">
<link xlink:type="simple" xlink:href="../221/6221.xml">
Cardinals</link></causal_agent>
</spiritual_leader>
</leader>
</bishop>
</clergyman>
</person>
</priest>
</physical_entity>
&nbsp;·  <link xlink:type="simple" xlink:href="../409/175409.xml">
Patriarchs</link>&nbsp;·  <link xlink:type="simple" xlink:href="../351/2431351.xml">
Major Archbishop</link>s&nbsp;·  <physical_entity wordnetid="100001930" confidence="0.8">
<office wordnetid="103841666" confidence="0.8">
<structure wordnetid="104341686" confidence="0.8">
<person wordnetid="100007846" confidence="0.8">
<artifact wordnetid="100021939" confidence="0.8">
<place_of_business wordnetid="103953020" confidence="0.8">
<establishment wordnetid="103297735" confidence="0.8">
<leader wordnetid="109623038" confidence="0.8">
<causal_agent wordnetid="100007347" confidence="0.8">
<link xlink:type="simple" xlink:href="../672/24672.xml">
Primates</link></causal_agent>
</leader>
</establishment>
</place_of_business>
</artifact>
</person>
</structure>
</office>
</physical_entity>
&nbsp;·  <office wordnetid="103841666" confidence="0.8">
<physical_entity wordnetid="100001930" confidence="0.8">
<person wordnetid="100007846" confidence="0.8">
<priest wordnetid="110470779" confidence="0.8">
<structure wordnetid="104341686" confidence="0.8">
<bishop wordnetid="109857200" confidence="0.8">
<establishment wordnetid="103297735" confidence="0.8">
<artifact wordnetid="100021939" confidence="0.8">
<clergyman wordnetid="109927451" confidence="0.8">
<place_of_business wordnetid="103953020" confidence="0.8">
<leader wordnetid="109623038" confidence="0.8">
<spiritual_leader wordnetid="109505153" confidence="0.8">
<causal_agent wordnetid="100007347" confidence="0.8">
<link xlink:type="simple" xlink:href="../048/336048.xml">
Metropolitans</link></causal_agent>
</spiritual_leader>
</leader>
</place_of_business>
</clergyman>
</artifact>
</establishment>
</bishop>
</structure>
</priest>
</person>
</physical_entity>
</office>
&nbsp;·  <link xlink:type="simple" xlink:href="../557/48557.xml">
Archbishops</link>&nbsp;·  <work wordnetid="100575741" confidence="0.8">
<occupation wordnetid="100582388" confidence="0.8">
<duty wordnetid="100719494" confidence="0.8">
<event wordnetid="100029378" confidence="0.8">
<act wordnetid="100030358" confidence="0.8">
<psychological_feature wordnetid="100023100" confidence="0.8">
<activity wordnetid="100407535" confidence="0.8">
<function wordnetid="100720565" confidence="0.8">
<link xlink:type="simple" xlink:href="../424/8799424.xml">
Diocesan Bishops</link></function>
</activity>
</psychological_feature>
</act>
</event>
</duty>
</occupation>
</work>
</col>
</row>
<row style="height:2px">

</row>
<row>
<col style="background-color:#FFFF66;background-color:#FFFF66;" class="navbox-group">
<document wordnetid="106470073" confidence="0.8">
<written_communication wordnetid="106349220" confidence="0.8">
<writing wordnetid="106362953" confidence="0.8">
<link xlink:type="simple" xlink:href="../260/194260.xml">
Theology</link></writing>
</written_communication>
</document>
</col>
<col style="text-align:left;border-left:2px solid #fdfdfd;width:100%;padding:0px;;;" class="navbox-list navbox-odd">
<link xlink:type="simple" xlink:href="../511/30511.xml">
Trinity</link>&nbsp;·  <link xlink:type="simple" xlink:href="../735/22735.xml">
Original sin</link>&nbsp;·  <link xlink:type="simple" xlink:href="../112/13687112.xml">
One Holy Catholic and Apostolic Church</link>&nbsp;·  <link xlink:type="simple" xlink:href="../963/1680963.xml">
Worship</link>&nbsp;·  <link xlink:type="simple" xlink:href="../756/191756.xml">
Divine Grace</link>&nbsp;·  <link xlink:type="simple" xlink:href="../473/29473.xml">
Salvation</link>&nbsp;·  <music wordnetid="107020895" confidence="0.8">
<message wordnetid="106598915" confidence="0.8">
<episode wordnetid="106396330" confidence="0.8">
<belief wordnetid="105941423" confidence="0.8">
<subject wordnetid="106599788" confidence="0.8">
<auditory_communication wordnetid="107109019" confidence="0.8">
<written_communication wordnetid="106349220" confidence="0.8">
<writing wordnetid="106362953" confidence="0.8">
<doctrine wordnetid="105943300" confidence="0.8">
<section wordnetid="106392001" confidence="0.8">
<link xlink:type="simple" xlink:href="../372/44372.xml">
Sermon on the Mount</link></section>
</doctrine>
</writing>
</written_communication>
</auditory_communication>
</subject>
</belief>
</episode>
</message>
</music>
&nbsp;·  <link xlink:type="simple" xlink:href="../671/2539671.xml">
The Ten Commandments</link>&nbsp;·  <belief wordnetid="105941423" confidence="0.8">
<doctrine wordnetid="105943300" confidence="0.8">
<link xlink:type="simple" xlink:href="../345/17596345.xml">
Dogma</link></doctrine>
</belief>
&nbsp;·  <link xlink:type="simple" xlink:href="../239/18021239.xml">
 Body and Soul</link></col>
</row>
<row style="height:2px">

</row>
<row>
<col style="background-color:#FFFF66;background-color:#FFFF66;" class="navbox-group">
<link xlink:type="simple" xlink:href="../894/6894.xml">
Sacraments</link></col>
<col style="text-align:left;border-left:2px solid #fdfdfd;width:100%;padding:0px;;background:#FFFFBB;;" class="navbox-list navbox-even">
<link xlink:type="simple" xlink:href="../298/4298.xml#xpointer(//*[./st=%22Catholic+baptism+and+salvation%22])">
Baptism</link>&nbsp;·  <link xlink:type="simple" xlink:href="../517/5581517.xml">
Confirmation</link>&nbsp;·  <link xlink:type="simple" xlink:href="../673/5581673.xml">
Eucharist</link>&nbsp;·  <link xlink:type="simple" xlink:href="../718/5589718.xml">
Penance</link>&nbsp;·  <link xlink:type="simple" xlink:href="../740/10904740.xml">
Anointing of the Sick</link>&nbsp;·  <office wordnetid="103841666" confidence="0.8">
<structure wordnetid="104341686" confidence="0.8">
<artifact wordnetid="100021939" confidence="0.8">
<place_of_business wordnetid="103953020" confidence="0.8">
<establishment wordnetid="103297735" confidence="0.8">
<link xlink:type="simple" xlink:href="../005/8655005.xml">
Holy Orders</link></establishment>
</place_of_business>
</artifact>
</structure>
</office>
&nbsp;·  <link xlink:type="simple" xlink:href="../673/395673.xml">
Matrimony</link></col>
</row>
<row style="height:2px">

</row>
<row>
<col style="background-color:#FFFF66;background-color:#FFFF66;" class="navbox-group">
<link xlink:type="simple" xlink:href="../765/16961765.xml">
Mariology</link></col>
<col style="text-align:left;border-left:2px solid #fdfdfd;width:100%;padding:0px;;;" class="navbox-list navbox-odd">
<link xlink:type="simple" xlink:href="../593/1843593.xml">
 Mariology</link>&nbsp;·  <link xlink:type="simple" xlink:href="../208/17424208.xml">
Veneration</link>&nbsp;·  <link xlink:type="simple" xlink:href="../071/17321071.xml">
History of Mariology</link>&nbsp;·  <link xlink:type="simple" xlink:href="../279/17369279.xml">
Mariology of the saints</link>&nbsp;·  <link xlink:type="simple" xlink:href="../397/17377397.xml">
Mariology of the popes</link>&nbsp;·  <link xlink:type="simple" xlink:href="../750/14499750.xml">
Marian Doctrines</link>&nbsp;·  <link xlink:type="simple" xlink:href="../916/36916.xml">
Mother of God</link>&nbsp;·  <link xlink:type="simple" xlink:href="../178/715178.xml">
Perpetual Virginity</link>&nbsp;·  <look wordnetid="100877127" confidence="0.8">
<observation wordnetid="100879759" confidence="0.8">
<belief wordnetid="105941423" confidence="0.8">
<religious_doctrine wordnetid="106789411" confidence="0.8">
<dogma wordnetid="106790042" confidence="0.8">
<state wordnetid="100024720" confidence="0.8">
<sensory_activity wordnetid="100876737" confidence="0.8">
<sensing wordnetid="100876874" confidence="0.8">
<emotion wordnetid="107480068" confidence="0.8">
<love wordnetid="107543288" confidence="0.8">
<fundamental_quantity wordnetid="113575869" confidence="0.8">
<time_period wordnetid="115113229" confidence="0.8">
<time wordnetid="115122231" confidence="0.8">
<event wordnetid="100029378" confidence="0.8">
<feeling wordnetid="100026192" confidence="0.8">
<day wordnetid="115123115" confidence="0.8">
<devotion wordnetid="107544491" confidence="0.8">
<doctrine wordnetid="105943300" confidence="0.8">
<act wordnetid="100030358" confidence="0.8">
<psychological_feature wordnetid="100023100" confidence="0.8">
<activity wordnetid="100407535" confidence="0.8">
<link xlink:type="simple" xlink:href="../256/15256.xml">
Immaculate Conception</link></activity>
</psychological_feature>
</act>
</doctrine>
</devotion>
</day>
</feeling>
</event>
</time>
</time_period>
</fundamental_quantity>
</love>
</emotion>
</sensing>
</sensory_activity>
</state>
</dogma>
</religious_doctrine>
</belief>
</observation>
</look>
  &nbsp;·  <belief wordnetid="105941423" confidence="0.8">
<dogma wordnetid="106790042" confidence="0.8">
<mystery wordnetid="105685538" confidence="0.8">
<religious_doctrine wordnetid="106789411" confidence="0.8">
<condition wordnetid="113920835" confidence="0.8">
<state wordnetid="100024720" confidence="0.8">
<cognitive_state wordnetid="105669934" confidence="0.8">
<perplexity wordnetid="105685363" confidence="0.8">
<fundamental_quantity wordnetid="113575869" confidence="0.8">
<psychological_state wordnetid="114373582" confidence="0.8">
<time_period wordnetid="115113229" confidence="0.8">
<time wordnetid="115122231" confidence="0.8">
<festival wordnetid="115162388" confidence="0.8">
<day wordnetid="115123115" confidence="0.8">
<doctrine wordnetid="105943300" confidence="0.8">
<confusion wordnetid="105683582" confidence="0.8">
<link xlink:type="simple" xlink:href="../335/259335.xml">
Assumption</link></confusion>
</doctrine>
</day>
</festival>
</time>
</time_period>
</psychological_state>
</fundamental_quantity>
</perplexity>
</cognitive_state>
</state>
</condition>
</religious_doctrine>
</mystery>
</dogma>
</belief>
</col>
</row>
<row style="height:2px">

</row>
<row>
<col style="background-color:#FFFF66;background-color:#FFFF66;" class="navbox-group">
<link xlink:type="simple" xlink:href="../345/340345.xml">
Doctors of
the Church</link></col>
<col style="text-align:left;border-left:2px solid #fdfdfd;width:100%;padding:0px;;background:#FFFFBB;;" class="navbox-list navbox-even">
<person wordnetid="100007846" confidence="0.9508927676800064">
<saint wordnetid="110546850" confidence="0.9508927676800064">
<link xlink:type="simple" xlink:href="../573/1573.xml">
Albertus Magnus</link></saint>
</person>
&nbsp;·  <person wordnetid="100007846" confidence="0.9508927676800064">
<saint wordnetid="110546850" confidence="0.9508927676800064">
<link xlink:type="simple" xlink:href="../370/1370.xml">
Ambrose</link></saint>
</person>
&nbsp;·  <person wordnetid="100007846" confidence="0.9508927676800064">
<philosopher wordnetid="110423589" confidence="0.9508927676800064">
<archbishop wordnetid="109805151" confidence="0.9508927676800064">
<saint wordnetid="110546850" confidence="0.9508927676800064">
<link xlink:type="simple" xlink:href="../ury/22nd_century.xml">
Anselm of Canterbury</link></saint>
</archbishop>
</philosopher>
</person>
&nbsp;·  <saint wordnetid="110546850" confidence="0.9508927676800064">
<link xlink:type="simple" xlink:href="../895/86895.xml">
Anthony of Padua</link></saint>
&nbsp;·  <person wordnetid="100007846" confidence="0.9508927676800064">
<philosopher wordnetid="110423589" confidence="0.9508927676800064">
<saint wordnetid="110546850" confidence="0.9508927676800064">
<link xlink:type="simple" xlink:href="../716/30716.xml">
Thomas Aquinas</link></saint>
</philosopher>
</person>
&nbsp;·  <saint wordnetid="110546850" confidence="0.9508927676800064">
<link xlink:type="simple" xlink:href="../225/3225.xml">
Athanasius of Alexandria</link></saint>
&nbsp;·  <person wordnetid="100007846" confidence="0.9508927676800064">
<philosopher wordnetid="110423589" confidence="0.9508927676800064">
<saint wordnetid="110546850" confidence="0.9508927676800064">
<link xlink:type="simple" xlink:href="../030/2030.xml">
Augustine of Hippo</link></saint>
</philosopher>
</person>
&nbsp;·  <person wordnetid="100007846" confidence="0.9508927676800064">
<saint wordnetid="110546850" confidence="0.9508927676800064">
<link xlink:type="simple" xlink:href="../143/175143.xml">
Basil of Caesarea</link></saint>
</person>
&nbsp;·  <saint wordnetid="110546850" confidence="0.9508927676800064">
<link xlink:type="simple" xlink:href="../041/4041.xml">
Bede</link></saint>
&nbsp;·  <saint wordnetid="110546850" confidence="0.9508927676800064">
<link xlink:type="simple" xlink:href="../878/4878.xml">
Robert Bellarmine</link></saint>
&nbsp;·  <person wordnetid="100007846" confidence="0.9508927676800064">
<saint wordnetid="110546850" confidence="0.9508927676800064">
<link xlink:type="simple" xlink:href="../552/4552.xml">
Bernard of Clairvaux</link></saint>
</person>
&nbsp;·  <saint wordnetid="110546850" confidence="0.9508927676800064">
<link xlink:type="simple" xlink:href="../429/95429.xml">
Bonaventure</link></saint>
&nbsp;·  <saint wordnetid="110546850" confidence="0.9508927676800064">
<link xlink:type="simple" xlink:href="../907/642907.xml">
Petrus Canisius</link></saint>
&nbsp;·  <saint wordnetid="110546850" confidence="0.9508927676800064">
<link xlink:type="simple" xlink:href="../471/7471.xml">
Catherine of Siena</link></saint>
&nbsp;·  <physical_entity wordnetid="100001930" confidence="0.8">
<priest wordnetid="110470779" confidence="0.8">
<person wordnetid="100007846" confidence="0.8">
<bishop wordnetid="109857200" confidence="0.8">
<genitor wordnetid="110126708" confidence="0.8">
<good_person wordnetid="110138767" confidence="0.8">
<parent wordnetid="110399491" confidence="0.8">
<adult wordnetid="109605289" confidence="0.8">
<health_professional wordnetid="110165109" confidence="0.8">
<saint wordnetid="110546850" confidence="0.8">
<relative wordnetid="110235549" confidence="0.8">
<professional wordnetid="110480253" confidence="0.8">
<doctor wordnetid="110020890" confidence="0.8">
<father wordnetid="110080869" confidence="0.8">
<clergyman wordnetid="109927451" confidence="0.8">
<medical_practitioner wordnetid="110305802" confidence="0.8">
<leader wordnetid="109623038" confidence="0.8">
<spiritual_leader wordnetid="109505153" confidence="0.8">
<progenitor wordnetid="110126806" confidence="0.8">
<causal_agent wordnetid="100007347" confidence="0.8">
<ancestor wordnetid="109792555" confidence="0.8">
<link xlink:type="simple" xlink:href="../526/1823526.xml">
Peter Chrysologus</link></ancestor>
</causal_agent>
</progenitor>
</spiritual_leader>
</leader>
</medical_practitioner>
</clergyman>
</father>
</doctor>
</professional>
</relative>
</saint>
</health_professional>
</adult>
</parent>
</good_person>
</genitor>
</bishop>
</person>
</priest>
</physical_entity>
&nbsp;·  <person wordnetid="100007846" confidence="0.9508927676800064">
<saint wordnetid="110546850" confidence="0.9508927676800064">
<link xlink:type="simple" xlink:href="../329/16329.xml">
John Chrysostom</link></saint>
</person>
&nbsp;·  <saint wordnetid="110546850" confidence="0.9508927676800064">
<link xlink:type="simple" xlink:href="../383/7383.xml">
Cyril of Alexandria</link></saint>
&nbsp;·  <saint wordnetid="110546850" confidence="0.9508927676800064">
<link xlink:type="simple" xlink:href="../387/7387.xml">
Cyril of Jerusalem</link></saint>
&nbsp;·  <saint wordnetid="110546850" confidence="0.9508927676800064">
<link xlink:type="simple" xlink:href="../690/1569690.xml">
Peter Damian</link></saint>
&nbsp;·  <saint wordnetid="110546850" confidence="0.9508927676800064">
<link xlink:type="simple" xlink:href="../358/10358.xml">
Ephrem the Syrian</link></saint>
&nbsp;·  <saint wordnetid="110546850" confidence="0.9508927676800064">
<link xlink:type="simple" xlink:href="../420/1539420.xml">
Francis de Sales</link></saint>
&nbsp;·  <physical_entity wordnetid="100001930" confidence="0.8">
<person wordnetid="100007846" confidence="0.8">
<genitor wordnetid="110126708" confidence="0.8">
<father wordnetid="110080869" confidence="0.8">
<doctor wordnetid="110020890" confidence="0.8">
<communicator wordnetid="109610660" confidence="0.8">
<leader wordnetid="109623038" confidence="0.8">
<spiritual_leader wordnetid="109505153" confidence="0.8">
<worker wordnetid="109632518" confidence="0.8">
<official wordnetid="110372373" confidence="0.8">
<progenitor wordnetid="110126806" confidence="0.8">
<writer wordnetid="110794014" confidence="0.8">
<ancestor wordnetid="109792555" confidence="0.8">
<visionary wordnetid="110756641" confidence="0.8">
<skilled_worker wordnetid="110605985" confidence="0.8">
<priest wordnetid="110470779" confidence="0.8">
<bishop wordnetid="109857200" confidence="0.8">
<good_person wordnetid="110138767" confidence="0.8">
<parent wordnetid="110399491" confidence="0.8">
<health_professional wordnetid="110165109" confidence="0.8">
<archbishop wordnetid="109805151" confidence="0.8">
<adult wordnetid="109605289" confidence="0.8">
<professional wordnetid="110480253" confidence="0.8">
<relative wordnetid="110235549" confidence="0.8">
<saint wordnetid="110546850" confidence="0.8">
<clergyman wordnetid="109927451" confidence="0.8">
<medical_practitioner wordnetid="110305802" confidence="0.8">
<causal_agent wordnetid="100007347" confidence="0.8">
<diplomat wordnetid="110013927" confidence="0.8">
<link xlink:type="simple" xlink:href="../768/36768.xml">
Gregory the Great</link></diplomat>
</causal_agent>
</medical_practitioner>
</clergyman>
</saint>
</relative>
</professional>
</adult>
</archbishop>
</health_professional>
</parent>
</good_person>
</bishop>
</priest>
</skilled_worker>
</visionary>
</ancestor>
</writer>
</progenitor>
</official>
</worker>
</spiritual_leader>
</leader>
</communicator>
</doctor>
</father>
</genitor>
</person>
</physical_entity>
&nbsp;·  <person wordnetid="100007846" confidence="0.9508927676800064">
<saint wordnetid="110546850" confidence="0.9508927676800064">
<link xlink:type="simple" xlink:href="../172/13172.xml">
Gregory of Nazianzus</link></saint>
</person>
&nbsp;·  <saint wordnetid="110546850" confidence="0.9508927676800064">
<link xlink:type="simple" xlink:href="../384/87384.xml">
Hilary of Poitiers</link></saint>
&nbsp;·  <saint wordnetid="110546850" confidence="0.9508927676800064">
<link xlink:type="simple" xlink:href="../506/15506.xml">
Isidore of Seville</link></saint>
&nbsp;·  <saint wordnetid="110546850" confidence="0.9508927676800064">
<link xlink:type="simple" xlink:href="../005/16005.xml">
Jerome</link></saint>
&nbsp;·  <saint wordnetid="110546850" confidence="0.9508927676800064">
<link xlink:type="simple" xlink:href="../927/42927.xml">
John of Damascus</link></saint>
&nbsp;·  <saint wordnetid="110546850" confidence="0.9508927676800064">
<link xlink:type="simple" xlink:href="../582/44582.xml">
John of the Cross</link></saint>
&nbsp;·  <saint wordnetid="110546850" confidence="0.9508927676800064">
<link xlink:type="simple" xlink:href="../862/2518862.xml">
Lawrence of Brindisi</link></saint>
&nbsp;·  <physical_entity wordnetid="100001930" confidence="0.8">
<person wordnetid="100007846" confidence="0.8">
<genitor wordnetid="110126708" confidence="0.8">
<father wordnetid="110080869" confidence="0.8">
<doctor wordnetid="110020890" confidence="0.8">
<leader wordnetid="109623038" confidence="0.8">
<spiritual_leader wordnetid="109505153" confidence="0.8">
<progenitor wordnetid="110126806" confidence="0.8">
<ancestor wordnetid="109792555" confidence="0.8">
<priest wordnetid="110470779" confidence="0.8">
<bishop wordnetid="109857200" confidence="0.8">
<good_person wordnetid="110138767" confidence="0.8">
<intellectual wordnetid="109621545" confidence="0.8">
<parent wordnetid="110399491" confidence="0.8">
<health_professional wordnetid="110165109" confidence="0.8">
<archbishop wordnetid="109805151" confidence="0.8">
<adult wordnetid="109605289" confidence="0.8">
<theologian wordnetid="110705615" confidence="0.8">
<professional wordnetid="110480253" confidence="0.8">
<relative wordnetid="110235549" confidence="0.8">
<saint wordnetid="110546850" confidence="0.8">
<clergyman wordnetid="109927451" confidence="0.8">
<medical_practitioner wordnetid="110305802" confidence="0.8">
<causal_agent wordnetid="100007347" confidence="0.8">
<scholar wordnetid="110557854" confidence="0.8">
<link xlink:type="simple" xlink:href="../692/44692.xml">
Leo the Great</link></scholar>
</causal_agent>
</medical_practitioner>
</clergyman>
</saint>
</relative>
</professional>
</theologian>
</adult>
</archbishop>
</health_professional>
</parent>
</intellectual>
</good_person>
</bishop>
</priest>
</ancestor>
</progenitor>
</spiritual_leader>
</leader>
</doctor>
</father>
</genitor>
</person>
</physical_entity>
&nbsp;·  <saint wordnetid="110546850" confidence="0.9508927676800064">
<link xlink:type="simple" xlink:href="../671/1545671.xml">
Alphonsus Liguori</link></saint>
&nbsp;·  <link>
Thérèse de Lisieux</link>&nbsp;·  <link>
Teresa of Ávila</link></col>
</row>
<row style="height:2px">

</row>
<row>
<col style="background-color:#FFFF66;background-color:#FFFF66;" class="navbox-group">
<person wordnetid="100007846" confidence="0.9508927676800064">
<link xlink:type="simple" xlink:href="../660/39660.xml">
Pope Benedict XVI</link></person>
</col>
<col style="text-align:left;border-left:2px solid #fdfdfd;width:100%;padding:0px;;;" class="navbox-list navbox-odd">
<social_group wordnetid="107950920" confidence="0.8">
<meeting wordnetid="108307589" confidence="0.8">
<gathering wordnetid="107975026" confidence="0.8">
<conclave wordnetid="108308410" confidence="0.8">
<group wordnetid="100031264" confidence="0.8">
<link xlink:type="simple" xlink:href="../225/1678225.xml">
Conclave</link></group>
</conclave>
</gathering>
</meeting>
</social_group>
&nbsp;·  <link xlink:type="simple" xlink:href="../072/1813072.xml">
Theology</link>&nbsp;·  <link xlink:type="simple" xlink:href="../958/1774958.xml">
Works</link>&nbsp;·  <creation wordnetid="103129123" confidence="0.8">
<text wordnetid="106387980" confidence="0.8">
<document wordnetid="103217458" confidence="0.8">
<artifact wordnetid="100021939" confidence="0.8">
<letter wordnetid="106624161" confidence="0.8">
<representation wordnetid="104076846" confidence="0.8">
<encyclical wordnetid="106625062" confidence="0.8">
<link xlink:type="simple" xlink:href="../645/3592645.xml">
Deus Caritas Est</link></encyclical>
</representation>
</letter>
</artifact>
</document>
</text>
</creation>
&nbsp;·  <exhortation wordnetid="107139700" confidence="0.8">
<link xlink:type="simple" xlink:href="../564/10072564.xml">
Sacramentum Caritatis</link></exhortation>
<it>&nbsp;·  <product wordnetid="104007894" confidence="0.8">
<creation wordnetid="103129123" confidence="0.8">
<document wordnetid="106470073" confidence="0.8">
<artifact wordnetid="100021939" confidence="0.8">
<oeuvre wordnetid="103841417" confidence="0.8">
<written_communication wordnetid="106349220" confidence="0.8">
<writing wordnetid="106362953" confidence="0.8">
<end_product wordnetid="103287178" confidence="0.8">
<link xlink:type="simple" xlink:href="../735/12087735.xml">
Summorum Pontificum</link></end_product>
</writing>
</written_communication>
</oeuvre>
</artifact>
</document>
</creation>
</product>
</it>&nbsp;·  <product wordnetid="104007894" confidence="0.8">
<creation wordnetid="103129123" confidence="0.8">
<text wordnetid="106387980" confidence="0.8">
<document wordnetid="103217458" confidence="0.8">
<artifact wordnetid="100021939" confidence="0.8">
<letter wordnetid="106624161" confidence="0.8">
<representation wordnetid="104076846" confidence="0.8">
<oeuvre wordnetid="103841417" confidence="0.8">
<end_product wordnetid="103287178" confidence="0.8">
<encyclical wordnetid="106625062" confidence="0.8">
<link xlink:type="simple" xlink:href="../770/14463770.xml">
Spe Salvi</link></encyclical>
</end_product>
</oeuvre>
</representation>
</letter>
</artifact>
</document>
</text>
</creation>
</product>
''</col>
</row>
<row style="height:2px">

</row>
<row>
<col style="background-color:#FFFF66;background-color:#FFFF66;" class="navbox-group">
<link xlink:type="simple" xlink:href="../502/61502.xml">
Preceding Popes</link></col>
<col style="text-align:left;border-left:2px solid #fdfdfd;width:100%;padding:0px;;background:#FFFFBB;;" class="navbox-list navbox-even">
<person wordnetid="100007846" confidence="0.9508927676800064">
<link xlink:type="simple" xlink:href="../805/23805.xml">
Pope John Paul II</link></person>
&nbsp;·  <person wordnetid="100007846" confidence="0.9508927676800064">
<link xlink:type="simple" xlink:href="../028/24028.xml">
Pope Paul VI</link></person>
&nbsp;·  <person wordnetid="100007846" confidence="0.9508927676800064">
<link xlink:type="simple" xlink:href="../807/23807.xml">
Pope John XXIII</link></person>
&nbsp;·  <person wordnetid="100007846" confidence="0.9508927676800064">
<link xlink:type="simple" xlink:href="../808/23808.xml">
Pope Pius XII</link></person>
&nbsp;·  <person wordnetid="100007846" confidence="0.9508927676800064">
<link xlink:type="simple" xlink:href="../858/147858.xml">
Pope Pius XI</link></person>
&nbsp;·  <physical_entity wordnetid="100001930" confidence="0.8">
<priest wordnetid="110470779" confidence="0.8">
<person wordnetid="100007846" confidence="0.8">
<clergyman wordnetid="109927451" confidence="0.8">
<bishop wordnetid="109857200" confidence="0.8">
<leader wordnetid="109623038" confidence="0.8">
<spiritual_leader wordnetid="109505153" confidence="0.8">
<causal_agent wordnetid="100007347" confidence="0.8">
<archbishop wordnetid="109805151" confidence="0.8">
<link xlink:type="simple" xlink:href="../855/147855.xml">
Pope Benedict XV</link></archbishop>
</causal_agent>
</spiritual_leader>
</leader>
</bishop>
</clergyman>
</person>
</priest>
</physical_entity>
&nbsp;·  <saint wordnetid="110546850" confidence="0.9508927676800064">
<link xlink:type="simple" xlink:href="../205/59205.xml">
Pope Pius X</link></saint>
&nbsp;·  <link xlink:type="simple" xlink:href="../614/50614.xml">
Pope Leo XIII</link>&nbsp;·  <link xlink:type="simple" xlink:href="../161/54161.xml">
Pope Pius IX</link></col>
</row>
<row style="height:2px">

</row>
<row>
<col style="background-color:#FFFF66;background-color:#FFFF66;" class="navbox-group">
<order wordnetid="107168623" confidence="0.8">
<event wordnetid="100029378" confidence="0.8">
<command wordnetid="107168131" confidence="0.8">
<act wordnetid="100030358" confidence="0.8">
<psychological_feature wordnetid="100023100" confidence="0.8">
<speech_act wordnetid="107160883" confidence="0.8">
<link xlink:type="simple" xlink:href="../817/1088817.xml">
Orders &amp; Societies</link></speech_act>
</psychological_feature>
</act>
</command>
</event>
</order>
</col>
<col style="text-align:left;border-left:2px solid #fdfdfd;width:100%;padding:0px;;;" class="navbox-list navbox-odd">
<order wordnetid="107168623" confidence="0.8">
<event wordnetid="100029378" confidence="0.8">
<command wordnetid="107168131" confidence="0.8">
<act wordnetid="100030358" confidence="0.8">
<psychological_feature wordnetid="100023100" confidence="0.8">
<speech_act wordnetid="107160883" confidence="0.8">
<link xlink:type="simple" xlink:href="../987/3867987.xml">
Assumptionist</link></speech_act>
</psychological_feature>
</act>
</command>
</event>
</order>
&nbsp;·  <link>
Augustinian Order</link>&nbsp;·  <link>
Benedictines</link>&nbsp;·  <link>
Capuchin Order</link>&nbsp;·  <link xlink:type="simple" xlink:href="../577/43577.xml">
 Carmelites</link>&nbsp;·  <link xlink:type="simple" xlink:href="../120/49120.xml">
 Carthusians</link>&nbsp;·  <link>
Congregations of Holy Cross</link>&nbsp;·  <order wordnetid="107168623" confidence="0.8">
<event wordnetid="100029378" confidence="0.8">
<command wordnetid="107168131" confidence="0.8">
<act wordnetid="100030358" confidence="0.8">
<psychological_feature wordnetid="100023100" confidence="0.8">
<speech_act wordnetid="107160883" confidence="0.8">
<link xlink:type="simple" xlink:href="../973/8973.xml">
 Dominican Order</link></speech_act>
</psychological_feature>
</act>
</command>
</event>
</order>
&nbsp;·  <link xlink:type="simple" xlink:href="../176/64176.xml">
Franciscan orders</link>&nbsp;·  <link xlink:type="simple" xlink:href="../083/16083.xml">
 Jesuits</link>&nbsp;·  <social_group wordnetid="107950920" confidence="0.8">
<gathering wordnetid="107975026" confidence="0.8">
<community wordnetid="108223802" confidence="0.8">
<group wordnetid="100031264" confidence="0.8">
<link xlink:type="simple" xlink:href="../700/1172700.xml">
 Oratory of Saint Philip Neri</link></group>
</community>
</gathering>
</social_group>
</col>
</row>
<row style="height:2px">

</row>
<row>
<col style="background-color:#FFFF66;background-color:#FFFF66;" class="navbox-group">
<link xlink:type="simple" xlink:href="../134/28134.xml">
Vatican II</link></col>
<col style="text-align:left;border-left:2px solid #fdfdfd;width:100%;padding:0px;;background:#FFFFBB;;" class="navbox-list navbox-even">
<link xlink:type="simple" xlink:href="../134/28134.xml">
Second Vatican Council</link>&nbsp;·  <link>
 Definition of the Church</link>&nbsp;·  <document wordnetid="106470073" confidence="0.8">
<written_communication wordnetid="106349220" confidence="0.8">
<writing wordnetid="106362953" confidence="0.8">
<link xlink:type="simple" xlink:href="../352/40352.xml">
Gaudium et Spes</link></writing>
</written_communication>
</document>
&nbsp;·  <document wordnetid="106470073" confidence="0.8">
<written_communication wordnetid="106349220" confidence="0.8">
<writing wordnetid="106362953" confidence="0.8">
<link xlink:type="simple" xlink:href="../135/40135.xml">
Lumen Gentium</link></writing>
</written_communication>
</document>
&nbsp;·  <document wordnetid="106470073" confidence="0.8">
<written_communication wordnetid="106349220" confidence="0.8">
<writing wordnetid="106362953" confidence="0.8">
<link xlink:type="simple" xlink:href="../283/42283.xml">
Nostra Aetate</link></writing>
</written_communication>
</document>
</col>
</row>
<row style="height:2px">

</row>
<row>
<col style="background-color:#FFFF66;background-color:#FFFF66;" class="navbox-group">
<link xlink:type="simple" xlink:href="../655/671655.xml">
Particular Churches</link>
sorted by<link xlink:type="simple" xlink:href="../364/86364.xml">
Liturgical Traditions</link></col>
<col style="text-align:left;border-left:2px solid #fdfdfd;width:100%;padding:0px;;;" class="navbox-list navbox-odd">
<b><link xlink:type="simple" xlink:href="../640/5435640.xml">
Alexandrian</link></b>&nbsp;·  <link xlink:type="simple" xlink:href="../220/277220.xml">
Coptic</link>&nbsp;·  <link xlink:type="simple" xlink:href="../516/5167516.xml">
Ethiopic</link>&nbsp;·  <b><rite wordnetid="101029406" confidence="0.8">
<event wordnetid="100029378" confidence="0.8">
<religious_ceremony wordnetid="101028082" confidence="0.8">
<ceremony wordnetid="101027379" confidence="0.8">
<act wordnetid="100030358" confidence="0.8">
<psychological_feature wordnetid="100023100" confidence="0.8">
<activity wordnetid="100407535" confidence="0.8">
<link xlink:type="simple" xlink:href="../045/4543045.xml">
Antiochian</link></activity>
</psychological_feature>
</act>
</ceremony>
</religious_ceremony>
</event>
</rite>
</b>&nbsp;·  <group wordnetid="100031264" confidence="0.9508927676800064">
<link xlink:type="simple" xlink:href="../373/1812373.xml">
Maronite</link></group>
&nbsp;·  <church wordnetid="103028079" confidence="0.9508927676800064">
<link xlink:type="simple" xlink:href="../405/219405.xml">
Syriac</link></church>
&nbsp;·  <church wordnetid="103028079" confidence="0.9508927676800064">
<link xlink:type="simple" xlink:href="../996/489996.xml">
Syro-Malankara</link></church>
&nbsp;·  <b><link xlink:type="simple" xlink:href="../028/1659028.xml">
Armenian</link></b>&nbsp;·  <link xlink:type="simple" xlink:href="../385/523385.xml">
Armenian</link>&nbsp;· <b><rite wordnetid="101029406" confidence="0.8">
<event wordnetid="100029378" confidence="0.8">
<religious_ceremony wordnetid="101028082" confidence="0.8">
<ceremony wordnetid="101027379" confidence="0.8">
<act wordnetid="100030358" confidence="0.8">
<psychological_feature wordnetid="100023100" confidence="0.8">
<activity wordnetid="100407535" confidence="0.8">
<link xlink:type="simple" xlink:href="../318/588318.xml">
Byzantine</link></activity>
</psychological_feature>
</act>
</ceremony>
</religious_ceremony>
</event>
</rite>
</b>&nbsp;·  <link xlink:type="simple" xlink:href="../387/894387.xml">
Albanian</link>&nbsp;·  <link xlink:type="simple" xlink:href="../185/3686185.xml">
Belarusian</link>&nbsp;·  <link xlink:type="simple" xlink:href="../027/5263027.xml">
Bulgarian</link>&nbsp;·  <link xlink:type="simple" xlink:href="../452/3280452.xml">
Croatian</link>&nbsp;·  <link xlink:type="simple" xlink:href="../695/3666695.xml">
Greek</link>&nbsp;·  <link xlink:type="simple" xlink:href="../367/5261367.xml">
Hungarian</link>&nbsp;·  <link xlink:type="simple" xlink:href="../519/291519.xml">
Italo-Greek</link>&nbsp;·  <link xlink:type="simple" xlink:href="../761/5513761.xml">
Macedonian</link>&nbsp;·  <link xlink:type="simple" xlink:href="../713/1361713.xml">
Melkite</link>&nbsp;·  <church wordnetid="103028079" confidence="0.9508927676800064">
<link xlink:type="simple" xlink:href="../193/638193.xml">
Romanian</link></church>
&nbsp;·  <link xlink:type="simple" xlink:href="../927/1795927.xml">
Russian</link>&nbsp;·  <link xlink:type="simple" xlink:href="../553/676553.xml">
Ruthenian</link>&nbsp;·  <link xlink:type="simple" xlink:href="../748/5516748.xml">
Slovak</link>&nbsp;·  <structure wordnetid="104341686" confidence="0.8">
<building wordnetid="102913152" confidence="0.8">
<artifact wordnetid="100021939" confidence="0.8">
<church wordnetid="103028079" confidence="0.8">
<place_of_worship wordnetid="103953416" confidence="0.8">
<link xlink:type="simple" xlink:href="../856/461856.xml">
Ukrainian</link></place_of_worship>
</church>
</artifact>
</building>
</structure>
&nbsp;·  <b><rite wordnetid="101029406" confidence="0.8">
<event wordnetid="100029378" confidence="0.8">
<religious_ceremony wordnetid="101028082" confidence="0.8">
<ceremony wordnetid="101027379" confidence="0.8">
<act wordnetid="100030358" confidence="0.8">
<psychological_feature wordnetid="100023100" confidence="0.8">
<activity wordnetid="100407535" confidence="0.8">
<link xlink:type="simple" xlink:href="../158/4543158.xml">
East Syrian</link></activity>
</psychological_feature>
</act>
</ceremony>
</religious_ceremony>
</event>
</rite>
</b>&nbsp;·  <link xlink:type="simple" xlink:href="../821/698821.xml">
Chaldean</link>&nbsp;·  <group wordnetid="100031264" confidence="0.9508927676800064">
<link xlink:type="simple" xlink:href="../298/541298.xml">
Syro-Malabar</link></group>
&nbsp;·  <b><rite wordnetid="101029406" confidence="0.8">
<event wordnetid="100029378" confidence="0.8">
<religious_ceremony wordnetid="101028082" confidence="0.8">
<ceremony wordnetid="101027379" confidence="0.8">
<act wordnetid="100030358" confidence="0.8">
<psychological_feature wordnetid="100023100" confidence="0.8">
<activity wordnetid="100407535" confidence="0.8">
<link xlink:type="simple" xlink:href="../448/2493448.xml">
Roman</link></activity>
</psychological_feature>
</act>
</ceremony>
</religious_ceremony>
</event>
</rite>
</b>&nbsp;·  <b><rite wordnetid="101029406" confidence="0.8">
<event wordnetid="100029378" confidence="0.8">
<religious_ceremony wordnetid="101028082" confidence="0.8">
<ceremony wordnetid="101027379" confidence="0.8">
<act wordnetid="100030358" confidence="0.8">
<psychological_feature wordnetid="100023100" confidence="0.8">
<activity wordnetid="100407535" confidence="0.8">
<link xlink:type="simple" xlink:href="../240/343240.xml">
Ambrosian</link></activity>
</psychological_feature>
</act>
</ceremony>
</religious_ceremony>
</event>
</rite>
</b>&nbsp;·  <b><sacrament wordnetid="101034925" confidence="0.8">
<rite wordnetid="101029406" confidence="0.8">
<event wordnetid="100029378" confidence="0.8">
<religious_ceremony wordnetid="101028082" confidence="0.8">
<ceremony wordnetid="101027379" confidence="0.8">
<act wordnetid="100030358" confidence="0.8">
<psychological_feature wordnetid="100023100" confidence="0.8">
<activity wordnetid="100407535" confidence="0.8">
<link xlink:type="simple" xlink:href="../755/1294755.xml">
Sarum</link></activity>
</psychological_feature>
</act>
</ceremony>
</religious_ceremony>
</event>
</rite>
</sacrament>
</b>&nbsp;·  <b><rite wordnetid="101029406" confidence="0.8">
<event wordnetid="100029378" confidence="0.8">
<religious_ceremony wordnetid="101028082" confidence="0.8">
<ceremony wordnetid="101027379" confidence="0.8">
<act wordnetid="100030358" confidence="0.8">
<psychological_feature wordnetid="100023100" confidence="0.8">
<activity wordnetid="100407535" confidence="0.8">
<link xlink:type="simple" xlink:href="../789/729789.xml">
Mozarabic</link></activity>
</psychological_feature>
</act>
</ceremony>
</religious_ceremony>
</event>
</rite>
</b>&nbsp;·  <b><rite wordnetid="101029406" confidence="0.8">
<event wordnetid="100029378" confidence="0.8">
<religious_ceremony wordnetid="101028082" confidence="0.8">
<ceremony wordnetid="101027379" confidence="0.8">
<act wordnetid="100030358" confidence="0.8">
<psychological_feature wordnetid="100023100" confidence="0.8">
<activity wordnetid="100407535" confidence="0.8">
<link xlink:type="simple" xlink:href="../673/671673.xml">
Anglican Use</link></activity>
</psychological_feature>
</act>
</ceremony>
</religious_ceremony>
</event>
</rite>
</b>&nbsp;·  <link xlink:type="simple" xlink:href="../458/104458.xml">
Latin</link>&nbsp;·  <social_group wordnetid="107950920" confidence="0.8">
<order wordnetid="107168623" confidence="0.8">
<society wordnetid="107966140" confidence="0.8">
<event wordnetid="100029378" confidence="0.8">
<command wordnetid="107168131" confidence="0.8">
<group wordnetid="100031264" confidence="0.8">
<act wordnetid="100030358" confidence="0.8">
<psychological_feature wordnetid="100023100" confidence="0.8">
<speech_act wordnetid="107160883" confidence="0.8">
<link xlink:type="simple" xlink:href="../437/1253437.xml">
Priestly Fraternity of St. Peter</link></speech_act>
</psychological_feature>
</act>
</group>
</command>
</event>
</society>
</order>
</social_group>
</col>
</row>
<row style="height:2px;">

</row>
<row>
<col colspan="3" style="background-color:#FFFF66;" class="navbox-abovebelow">
<image width="20px" src="Coat_of_arms_of_the_Holy_See.svg">
</image>
 
<b>Pope Portal</b>     <image width="25px" src="046CupolaSPietro.jpg">
</image>
 <b>
Catholicism Portal</b></col>
</row>
</table>
</col>
</row>
</table>
</p>

</sec>
</bdy>
</article>
