<?xml version="1.0" encoding="UTF-8"?>
<!-- generated by CLiX/Wiki2XML [MPI-Inf, MMCI@UdS] $LastChangedRevision: 92 $ on 17.04.2009 00:30:34[mciao0826] -->
<!DOCTYPE article SYSTEM "../article.dtd">
<article xmlns:xlink="http://www.w3.org/1999/xlink">
<bus  confidence="0.9508927676800064" wordnetid="102924116">
<bus_route  confidence="0.9511911446218017" wordnetid="108517554">
<header>
<title>London Buses route N207</title>
<id>10914169</id>
<revision>
<id>217767838</id>
<timestamp>2008-06-07T16:02:49Z</timestamp>
<contributor>
<username>Denham331</username>
<id>2848800</id>
</contributor>
</revision>
<categories>
<category>Transport in Hammersmith &amp; Fulham</category>
<category>Transport in Hillingdon</category>
<category>Transport in Westminster</category>
<category>Transport in Ealing</category>
<category>Transport in Camden</category>
<category>Bus routes in London</category>
</categories>
</header>
<bdy>
<template>
<name>Infobox London Bus</name>
<parameters>

<image width="150px" src="">

</image>
<pvr>
21</pvr>
<via>
HayesSouthallHanwellEalingActonShepherd's BushNotting HillMarble Arch</via>
<garage>
<mathematical_relation wordnetid="113783581" confidence="0.8">
<operator wordnetid="113786413" confidence="0.8">
<function wordnetid="113783816" confidence="0.8">
<link xlink:type="simple" xlink:href="../334/2193334.xml#xpointer(//*[./st=%22Uxbridge%22])">
Uxbridge</link></function>
</operator>
</mathematical_relation>
<mathematical_relation wordnetid="113783581" confidence="0.8">
<operator wordnetid="113786413" confidence="0.8">
<function wordnetid="113783816" confidence="0.8">
<link xlink:type="simple" xlink:href="../334/2193334.xml#xpointer(//*[./st=%22Hayes%22])">
Hayes</link></function>
</operator>
</mathematical_relation>
</garage>
<vehicle>
<conveyance wordnetid="103100490" confidence="0.8">
<artifact wordnetid="100021939" confidence="0.8">
<instrumentality wordnetid="103575240" confidence="0.8">
<bus wordnetid="102924116" confidence="0.8">
<public_transport wordnetid="104019101" confidence="0.8">
<vehicle wordnetid="104524313" confidence="0.8">
<link xlink:type="simple" xlink:href="../525/3564525.xml">
Dennis Trident 2</link></vehicle>
</public_transport>
</bus>
</instrumentality>
</artifact>
</conveyance>
 10.5m/<conveyance wordnetid="103100490" confidence="0.8">
<artifact wordnetid="100021939" confidence="0.8">
<instrumentality wordnetid="103575240" confidence="0.8">
<bus wordnetid="102924116" confidence="0.8">
<public_transport wordnetid="104019101" confidence="0.8">
<link xlink:type="simple" xlink:href="../466/2251466.xml">
Plaxton President</link></public_transport>
</bus>
</instrumentality>
</artifact>
</conveyance>
</vehicle>
<number>
N207</number>
<frequency>
About every 10-30 minutes</frequency>
<operator>
<mathematical_relation wordnetid="113783581" confidence="0.8">
<operator wordnetid="113786413" confidence="0.8">
<function wordnetid="113783816" confidence="0.8">
<link xlink:type="simple" xlink:href="../334/2193334.xml">
First London</link></function>
</operator>
</mathematical_relation>
</operator>
<time>
63-94 minutes</time>
<level>
Nights</level>
<ibus>
yes</ibus>
<start>
<site wordnetid="108651247" confidence="0.9508927676800064">
<link xlink:type="simple" xlink:href="../342/94342.xml">
Uxbridge</link></site>
</start>
<length>
17 miles (28 km)</length>
<night>
0:00am until 5:00am</night>
<day>
<bus wordnetid="102924116" confidence="0.9508927676800064">
<link xlink:type="simple" xlink:href="../553/9808553.xml">
Route 207</link></bus>
<bus wordnetid="102924116" confidence="0.9508927676800064">
<link xlink:type="simple" xlink:href="../224/9814224.xml">
Route 427</link></bus>
<bus wordnetid="102924116" confidence="0.9508927676800064">
<link xlink:type="simple" xlink:href="../960/9809960.xml">
Route 607</link></bus>
</day>
<end>
<site wordnetid="108651247" confidence="0.9508927676800064">
<link xlink:type="simple" xlink:href="../101/94101.xml">
Holborn</link></site>
</end>
</parameters>
</template>

<p>

<b>London Buses route N207</b> is a <company wordnetid="108058098" confidence="0.9508927676800064">
<link xlink:type="simple" xlink:href="../145/31145.xml">
Transport for London</link></company>
 contracted bus route in <village wordnetid="108672738" confidence="0.9508927676800064">
<link xlink:type="simple" xlink:href="../867/17867.xml">
London</link></village>
, <autocracy wordnetid="108361001" confidence="0.8">
<system wordnetid="108435388" confidence="0.8">
<social_group wordnetid="107950920" confidence="0.8">
<political_orientation wordnetid="106212839" confidence="0.8">
<monarchy wordnetid="108363812" confidence="0.8">
<state wordnetid="108168978" confidence="0.8">
<political_unit wordnetid="108359949" confidence="0.8">
<political_system wordnetid="108367880" confidence="0.8">
<economy wordnetid="108366753" confidence="0.8">
<group wordnetid="100031264" confidence="0.8">
<democracy wordnetid="106217103" confidence="0.8">
<link xlink:type="simple" xlink:href="../717/31717.xml">
United Kingdom</link></democracy>
</group>
</economy>
</political_system>
</political_unit>
</state>
</monarchy>
</political_orientation>
</social_group>
</system>
</autocracy>
. The service is currently contracted to <mathematical_relation wordnetid="113783581" confidence="0.8">
<operator wordnetid="113786413" confidence="0.8">
<function wordnetid="113783816" confidence="0.8">
<link xlink:type="simple" xlink:href="../334/2193334.xml">
First London</link></function>
</operator>
</mathematical_relation>
.</p>

<sec>
<st>
History</st>
<p>

Night bus N207 is the night service for the <bus wordnetid="102924116" confidence="0.9508927676800064">
<link xlink:type="simple" xlink:href="../553/9808553.xml">
207</link></bus>
, <bus wordnetid="102924116" confidence="0.9508927676800064">
<link xlink:type="simple" xlink:href="../224/9814224.xml">
427</link></bus>
 and <bus wordnetid="102924116" confidence="0.9508927676800064">
<link xlink:type="simple" xlink:href="../960/9809960.xml">
607</link></bus>
 between Uxbridge and Shepherd's Bush and then continues to Holborn <it>Red Lion Square</it>. The route runs every 15 minutes (10 minutes weekends) between Holborn and Hayes-by-pass, and every 30 between Hayes-by-pass and Uxbridge.</p>
<p>

N207 replaced the former night bus N89, which ran from Uxbridge Station to Victoria Station, in 2001. It was then rerouted to Aldwych, and in 2005 it was rerouted once more, this time to Holborn.</p>
<p>

Night bus N207's Acton allocation was transferred to Hayes in <link xlink:type="simple" xlink:href="../294/13292294.xml">
March 2008</link>. </p>


</sec>
<sec>
<st>
Current route</st>

<p>

<table style="background:transparent; width:100%;" cellpadding="0" class=" multicol" cellspacing="0">
<row>
<col align="left" width="50%" valign="top">
<ss1>
<st>
Route departing Uxbridge</st>
<p>

<list>
<entry level="1" type="bullet">

<b><artifact wordnetid="100021939" confidence="0.8">
<facility wordnetid="103315023" confidence="0.8">
<station wordnetid="104306080" confidence="0.8">
<link xlink:type="simple" xlink:href="../077/339077.xml">
Uxbridge Station</link></station>
</facility>
</artifact>
</b></entry>
<entry level="1" type="bullet">

Belmont Road</entry>
<entry level="1" type="bullet">

High Street</entry>
<entry level="1" type="bullet">

Harefield Road</entry>
<entry level="1" type="bullet">

Oxford Road</entry>
<entry level="1" type="bullet">

Hillingdon Road</entry>
<entry level="1" type="bullet">

Vine Street</entry>
<entry level="1" type="bullet">

High Street</entry>
<entry level="1" type="bullet">

Hillingdon Road</entry>
<entry level="1" type="bullet">

Hillingdon Hill</entry>
<entry level="1" type="bullet">

<artifact wordnetid="100021939" confidence="0.8">
<street wordnetid="104334599" confidence="0.8">
<way wordnetid="104564698" confidence="0.8">
<thoroughfare wordnetid="104426618" confidence="0.8">
<road wordnetid="104096066" confidence="0.8">
<link xlink:type="simple" xlink:href="../338/5361338.xml">
Uxbridge Road</link></road>
</thoroughfare>
</way>
</street>
</artifact>
 <it>Lansbury Drive</it> </entry>
<entry level="1" type="bullet">

<site wordnetid="108651247" confidence="0.9508927676800064">
<link xlink:type="simple" xlink:href="../386/95386.xml">
Hayes</link></site>
 <it>Grapes''</it></entry>
<entry level="1" type="bullet">

Hayes By-Pass</entry>
<entry level="1" type="bullet">

Uxbridge Road</entry>
<entry level="1" type="bullet">

Southall Broadway</entry>
<entry level="1" type="bullet">

High Street</entry>
<entry level="1" type="bullet">

<link xlink:type="simple" xlink:href="../990/2010990.xml">
Iron Bridge</link></entry>
<entry level="1" type="bullet">

Uxbridge Road <it><link xlink:type="simple" xlink:href="../739/6797739.xml">
Ealing Hospital</link>''</it></entry>
<entry level="1" type="bullet">

<site wordnetid="108651247" confidence="0.9508927676800064">
<link xlink:type="simple" xlink:href="../040/94040.xml">
Hanwell</link></site>
 Broadway</entry>
<entry level="1" type="bullet">

West Ealing Broadway</entry>
<entry level="1" type="bullet">

New Broadway</entry>
<entry level="1" type="bullet">

The Broadway</entry>
<entry level="1" type="bullet">

<b><station wordnetid="104306080" confidence="0.9508927676800064">
<link xlink:type="simple" xlink:href="../582/372582.xml">
Ealing Broadway Station</link></station>
</b> <it>Christchurch''</it></entry>
<entry level="1" type="bullet">

The Mall</entry>
<entry level="1" type="bullet">

<b><artifact wordnetid="100021939" confidence="0.8">
<facility wordnetid="103315023" confidence="0.8">
<station wordnetid="104306080" confidence="0.8">
<link xlink:type="simple" xlink:href="../345/811345.xml">
Ealing Common Station</link></station>
</facility>
</artifact>
</b></entry>
<entry level="1" type="bullet">

<site wordnetid="108651247" confidence="0.9508927676800064">
<link xlink:type="simple" xlink:href="../846/93846.xml">
Acton</link></site>
 High Street</entry>
<entry level="1" type="bullet">

<link xlink:type="simple" xlink:href="../757/1519757.xml">
Acton Vale</link> </entry>
<entry level="1" type="bullet">

Uxbridge Road <it>Old Oak Road''</it></entry>
<entry level="1" type="bullet">

<b><link xlink:type="simple" xlink:href="../957/263957.xml">
Shepherd's Bush Station</link></b> <it>for Hammersmith &amp; City Line''</it></entry>
<entry level="1" type="bullet">

<b><site wordnetid="108651247" confidence="0.9508927676800064">
<link xlink:type="simple" xlink:href="../275/234275.xml">
Shepherd's Bush Green</link></site>
</b> <it>for Central Line Station''</it></entry>
<entry level="1" type="bullet">

Holland Park Avenue</entry>
<entry level="1" type="bullet">

<b><artifact wordnetid="100021939" confidence="0.8">
<facility wordnetid="103315023" confidence="0.8">
<station wordnetid="104306080" confidence="0.8">
<link xlink:type="simple" xlink:href="../520/1185520.xml">
Holland Park Station</link></station>
</facility>
</artifact>
</b></entry>
<entry level="1" type="bullet">

<b><artifact wordnetid="100021939" confidence="0.8">
<facility wordnetid="103315023" confidence="0.8">
<station wordnetid="104306080" confidence="0.8">
<link xlink:type="simple" xlink:href="../581/181581.xml">
Notting Hill Gate Station</link></station>
</facility>
</artifact>
</b></entry>
<entry level="1" type="bullet">

<artifact wordnetid="100021939" confidence="0.8">
<street wordnetid="104334599" confidence="0.8">
<way wordnetid="104564698" confidence="0.8">
<thoroughfare wordnetid="104426618" confidence="0.8">
<road wordnetid="104096066" confidence="0.8">
<link xlink:type="simple" xlink:href="../325/1150325.xml">
Notting Hill Gate</link></road>
</thoroughfare>
</way>
</street>
</artifact>
</entry>
<entry level="1" type="bullet">

<artifact wordnetid="100021939" confidence="0.8">
<street wordnetid="104334599" confidence="0.8">
<way wordnetid="104564698" confidence="0.8">
<thoroughfare wordnetid="104426618" confidence="0.8">
<road wordnetid="104096066" confidence="0.8">
<link xlink:type="simple" xlink:href="../625/1329625.xml">
Bayswater Road</link></road>
</thoroughfare>
</way>
</street>
</artifact>
</entry>
<entry level="1" type="bullet">

<b><artifact wordnetid="100021939" confidence="0.8">
<facility wordnetid="103315023" confidence="0.8">
<station wordnetid="104306080" confidence="0.8">
<link xlink:type="simple" xlink:href="../530/373530.xml">
Queensway Station</link></station>
</facility>
</artifact>
</b></entry>
<entry level="1" type="bullet">

<b><artifact wordnetid="100021939" confidence="0.8">
<facility wordnetid="103315023" confidence="0.8">
<station wordnetid="104306080" confidence="0.8">
<link xlink:type="simple" xlink:href="../520/373520.xml">
Lancaster Gate Station</link></station>
</facility>
</artifact>
</b></entry>
<entry level="1" type="bullet">

Lancaster Terrace</entry>
<entry level="1" type="bullet">

Westbourne Street</entry>
<entry level="1" type="bullet">

Bayswater Road</entry>
<entry level="1" type="bullet">

<b><misfortune wordnetid="114475405" confidence="0.8">
<artifact wordnetid="100021939" confidence="0.8">
<facility wordnetid="103315023" confidence="0.8">
<station wordnetid="104306080" confidence="0.8">
<condition wordnetid="113920429" confidence="0.8">
<state wordnetid="100024720" confidence="0.8">
<catastrophe wordnetid="114476290" confidence="0.8">
<adversity wordnetid="114475661" confidence="0.8">
<fortune wordnetid="114473222" confidence="0.8">
<link xlink:type="simple" xlink:href="../526/373526.xml">
Marble Arch Station</link></fortune>
</adversity>
</catastrophe>
</state>
</condition>
</station>
</facility>
</artifact>
</misfortune>
</b></entry>
<entry level="1" type="bullet">

<artifact wordnetid="100021939" confidence="0.8">
<street wordnetid="104334599" confidence="0.8">
<way wordnetid="104564698" confidence="0.8">
<thoroughfare wordnetid="104426618" confidence="0.8">
<road wordnetid="104096066" confidence="0.8">
<link xlink:type="simple" xlink:href="../195/229195.xml">
Oxford Street</link></road>
</thoroughfare>
</way>
</street>
</artifact>
</entry>
<entry level="1" type="bullet">

<b><artifact wordnetid="100021939" confidence="0.8">
<facility wordnetid="103315023" confidence="0.8">
<station wordnetid="104306080" confidence="0.8">
<link xlink:type="simple" xlink:href="../048/370048.xml">
Bond Street Station</link></station>
</facility>
</artifact>
</b></entry>
<entry level="1" type="bullet">

<b><artifact wordnetid="100021939" confidence="0.8">
<facility wordnetid="103315023" confidence="0.8">
<station wordnetid="104306080" confidence="0.8">
<link xlink:type="simple" xlink:href="../568/241568.xml">
Oxford Circus Station</link></station>
</facility>
</artifact>
</b></entry>
<entry level="1" type="bullet">

<b><artifact wordnetid="100021939" confidence="0.8">
<facility wordnetid="103315023" confidence="0.8">
<station wordnetid="104306080" confidence="0.8">
<link xlink:type="simple" xlink:href="../845/173845.xml">
Tottenham Court Road Station</link></station>
</facility>
</artifact>
</b></entry>
<entry level="1" type="bullet">

<link xlink:type="simple" xlink:href="../195/229195.xml">
New Oxford Street</link></entry>
<entry level="1" type="bullet">

Bloomsbury Way <it>for </it>'<artifact wordnetid="100021939" confidence="0.8">
<facility wordnetid="103315023" confidence="0.8">
<station wordnetid="104306080" confidence="0.8">
<link xlink:type="simple" xlink:href="../834/211834.xml">
Holborn Station</link></station>
</facility>
</artifact>
<b> ''</b></entry>
<entry level="1" type="bullet">

Theobald's Road</entry>
<entry level="1" type="bullet">

Drake Street</entry>
<entry level="1" type="bullet">

<b><site wordnetid="108651247" confidence="0.9508927676800064">
<link xlink:type="simple" xlink:href="../101/94101.xml">
Holborn</link></site>
</b> <it>Red Lion Square''</it></entry>
</list>
</p>
</ss1>
</col>
<col align="left" width="" valign="top">
<ss1>
<st>
Route departing Holborn</st>
<p>

<list>
<entry level="1" type="bullet">

<b><site wordnetid="108651247" confidence="0.9508927676800064">
<link xlink:type="simple" xlink:href="../101/94101.xml">
Holborn</link></site>
</b> <it>Red Lion Square''</it></entry>
<entry level="1" type="bullet">

Procter Street</entry>
<entry level="1" type="bullet">

High Holborn</entry>
<entry level="1" type="bullet">

<b><artifact wordnetid="100021939" confidence="0.8">
<facility wordnetid="103315023" confidence="0.8">
<station wordnetid="104306080" confidence="0.8">
<link xlink:type="simple" xlink:href="../834/211834.xml">
Holborn Station</link></station>
</facility>
</artifact>
</b></entry>
<entry level="1" type="bullet">

High Holborn</entry>
<entry level="1" type="bullet">

New Oxford Street</entry>
<entry level="1" type="bullet">

<b><artifact wordnetid="100021939" confidence="0.8">
<facility wordnetid="103315023" confidence="0.8">
<station wordnetid="104306080" confidence="0.8">
<link xlink:type="simple" xlink:href="../845/173845.xml">
Tottenham Court Road Station</link></station>
</facility>
</artifact>
</b></entry>
<entry level="1" type="bullet">

<artifact wordnetid="100021939" confidence="0.8">
<street wordnetid="104334599" confidence="0.8">
<way wordnetid="104564698" confidence="0.8">
<thoroughfare wordnetid="104426618" confidence="0.8">
<road wordnetid="104096066" confidence="0.8">
<link xlink:type="simple" xlink:href="../195/229195.xml">
Oxford Street</link></road>
</thoroughfare>
</way>
</street>
</artifact>
</entry>
<entry level="1" type="bullet">

<b><artifact wordnetid="100021939" confidence="0.8">
<facility wordnetid="103315023" confidence="0.8">
<station wordnetid="104306080" confidence="0.8">
<link xlink:type="simple" xlink:href="../568/241568.xml">
Oxford Circus Station</link></station>
</facility>
</artifact>
</b></entry>
<entry level="1" type="bullet">

<b><artifact wordnetid="100021939" confidence="0.8">
<facility wordnetid="103315023" confidence="0.8">
<station wordnetid="104306080" confidence="0.8">
<link xlink:type="simple" xlink:href="../048/370048.xml">
Bond Street Station</link></station>
</facility>
</artifact>
</b></entry>
<entry level="1" type="bullet">

<b><misfortune wordnetid="114475405" confidence="0.8">
<artifact wordnetid="100021939" confidence="0.8">
<facility wordnetid="103315023" confidence="0.8">
<station wordnetid="104306080" confidence="0.8">
<condition wordnetid="113920429" confidence="0.8">
<state wordnetid="100024720" confidence="0.8">
<catastrophe wordnetid="114476290" confidence="0.8">
<adversity wordnetid="114475661" confidence="0.8">
<fortune wordnetid="114473222" confidence="0.8">
<link xlink:type="simple" xlink:href="../526/373526.xml">
Marble Arch Station</link></fortune>
</adversity>
</catastrophe>
</state>
</condition>
</station>
</facility>
</artifact>
</misfortune>
</b></entry>
<entry level="1" type="bullet">

<artifact wordnetid="100021939" confidence="0.8">
<street wordnetid="104334599" confidence="0.8">
<way wordnetid="104564698" confidence="0.8">
<thoroughfare wordnetid="104426618" confidence="0.8">
<road wordnetid="104096066" confidence="0.8">
<link xlink:type="simple" xlink:href="../625/1329625.xml">
Bayswater Road</link></road>
</thoroughfare>
</way>
</street>
</artifact>
</entry>
<entry level="1" type="bullet">

<b><artifact wordnetid="100021939" confidence="0.8">
<facility wordnetid="103315023" confidence="0.8">
<station wordnetid="104306080" confidence="0.8">
<link xlink:type="simple" xlink:href="../520/373520.xml">
Lancaster Gate Station</link></station>
</facility>
</artifact>
</b></entry>
<entry level="1" type="bullet">

<b><artifact wordnetid="100021939" confidence="0.8">
<facility wordnetid="103315023" confidence="0.8">
<station wordnetid="104306080" confidence="0.8">
<link xlink:type="simple" xlink:href="../530/373530.xml">
Queensway Station</link></station>
</facility>
</artifact>
</b></entry>
<entry level="1" type="bullet">

<artifact wordnetid="100021939" confidence="0.8">
<street wordnetid="104334599" confidence="0.8">
<way wordnetid="104564698" confidence="0.8">
<thoroughfare wordnetid="104426618" confidence="0.8">
<road wordnetid="104096066" confidence="0.8">
<link xlink:type="simple" xlink:href="../325/1150325.xml">
Notting Hill Gate</link></road>
</thoroughfare>
</way>
</street>
</artifact>
</entry>
<entry level="1" type="bullet">

<b><artifact wordnetid="100021939" confidence="0.8">
<facility wordnetid="103315023" confidence="0.8">
<station wordnetid="104306080" confidence="0.8">
<link xlink:type="simple" xlink:href="../581/181581.xml">
Notting Hill Gate Station</link></station>
</facility>
</artifact>
</b></entry>
<entry level="1" type="bullet">

Holland Park Avenue</entry>
<entry level="1" type="bullet">

<b><artifact wordnetid="100021939" confidence="0.8">
<facility wordnetid="103315023" confidence="0.8">
<station wordnetid="104306080" confidence="0.8">
<link xlink:type="simple" xlink:href="../520/1185520.xml">
Holland Park Station</link></station>
</facility>
</artifact>
</b></entry>
<entry level="1" type="bullet">

<b><site wordnetid="108651247" confidence="0.9508927676800064">
<link xlink:type="simple" xlink:href="../275/234275.xml">
Shepherd's Bush Green</link></site>
</b> <it>for Central Line station''</it></entry>
<entry level="1" type="bullet">

<site wordnetid="108651247" confidence="0.9508927676800064">
<link xlink:type="simple" xlink:href="../275/234275.xml">
Shepherd's Bush</link></site>
</entry>
<entry level="1" type="bullet">

<artifact wordnetid="100021939" confidence="0.8">
<street wordnetid="104334599" confidence="0.8">
<way wordnetid="104564698" confidence="0.8">
<thoroughfare wordnetid="104426618" confidence="0.8">
<road wordnetid="104096066" confidence="0.8">
<link xlink:type="simple" xlink:href="../338/5361338.xml">
Uxbridge Road</link></road>
</thoroughfare>
</way>
</street>
</artifact>
</entry>
<entry level="1" type="bullet">

<b><link xlink:type="simple" xlink:href="../560/1297560.xml">
Shepherd's Bush Station</link></b> for <it>Hammersmith &amp; City Line''</it></entry>
<entry level="1" type="bullet">

<artifact wordnetid="100021939" confidence="0.8">
<street wordnetid="104334599" confidence="0.8">
<way wordnetid="104564698" confidence="0.8">
<thoroughfare wordnetid="104426618" confidence="0.8">
<road wordnetid="104096066" confidence="0.8">
<link xlink:type="simple" xlink:href="../338/5361338.xml">
Uxbridge Road</link></road>
</thoroughfare>
</way>
</street>
</artifact>
 <it>Old Oak Road''</it></entry>
<entry level="1" type="bullet">

The Vale</entry>
<entry level="1" type="bullet">

High Street</entry>
<entry level="1" type="bullet">

<b><artifact wordnetid="100021939" confidence="0.8">
<facility wordnetid="103315023" confidence="0.8">
<station wordnetid="104306080" confidence="0.8">
<link xlink:type="simple" xlink:href="../345/811345.xml">
Ealing Common Station</link></station>
</facility>
</artifact>
</b></entry>
<entry level="1" type="bullet">

The Mall</entry>
<entry level="1" type="bullet">

<b><station wordnetid="104306080" confidence="0.9508927676800064">
<link xlink:type="simple" xlink:href="../582/372582.xml">
Ealing Broadway Station</link></station>
</b> <it>Christchurch''</it></entry>
<entry level="1" type="bullet">

The Broadway</entry>
<entry level="1" type="bullet">

New Broadway</entry>
<entry level="1" type="bullet">

West Ealing Broadway</entry>
<entry level="1" type="bullet">

Hanwell Broadway</entry>
<entry level="1" type="bullet">

Uxbridge Road <it><link xlink:type="simple" xlink:href="../739/6797739.xml">
Ealing Hospital</link>''</it></entry>
<entry level="1" type="bullet">

<link xlink:type="simple" xlink:href="../990/2010990.xml">
Iron Bridge</link></entry>
<entry level="1" type="bullet">

Southall Broadway</entry>
<entry level="1" type="bullet">

High Street</entry>
<entry level="1" type="bullet">

Hayes By-Pass</entry>
<entry level="1" type="bullet">

<site wordnetid="108651247" confidence="0.9508927676800064">
<link xlink:type="simple" xlink:href="../386/95386.xml">
Hayes</link></site>
 <it>Grapes''</it></entry>
<entry level="1" type="bullet">

Uxbridge Road <it>Lansbury Drive''</it></entry>
<entry level="1" type="bullet">

Hillingdon Hill</entry>
<entry level="1" type="bullet">

Hillingdon Road</entry>
<entry level="1" type="bullet">

High Street</entry>
<entry level="1" type="bullet">

Vine Street</entry>
<entry level="1" type="bullet">

Oxford Road</entry>
<entry level="1" type="bullet">

Harefield Road</entry>
<entry level="1" type="bullet">

High Street</entry>
<entry level="1" type="bullet">

Belmont Road</entry>
<entry level="1" type="bullet">

<b><artifact wordnetid="100021939" confidence="0.8">
<facility wordnetid="103315023" confidence="0.8">
<station wordnetid="104306080" confidence="0.8">
<link xlink:type="simple" xlink:href="../077/339077.xml">
Uxbridge Station</link></station>
</facility>
</artifact>
</b></entry>
</list>
</p>
</ss1>
</col>
</row>
</table>
</p>

</sec>
<sec>
<st>
See also</st>
<p>

<list>
<entry level="1" type="bullet">

 <link xlink:type="simple" xlink:href="../207/5179207.xml">
List of bus routes in London</link></entry>
<entry level="1" type="bullet">

 <mathematical_relation wordnetid="113783581" confidence="0.8">
<operator wordnetid="113786413" confidence="0.8">
<function wordnetid="113783816" confidence="0.8">
<link xlink:type="simple" xlink:href="../334/2193334.xml">
First London</link></function>
</operator>
</mathematical_relation>
</entry>
<entry level="1" type="bullet">

<bus wordnetid="102924116" confidence="0.9508927676800064">
<link xlink:type="simple" xlink:href="../553/9808553.xml">
London Buses route 207</link></bus>
</entry>
<entry level="1" type="bullet">

<bus wordnetid="102924116" confidence="0.9508927676800064">
<link xlink:type="simple" xlink:href="../224/9814224.xml">
London Buses route 427</link></bus>
</entry>
<entry level="1" type="bullet">

<bus wordnetid="102924116" confidence="0.9508927676800064">
<link xlink:type="simple" xlink:href="../960/9809960.xml">
London Buses route 607</link></bus>
</entry>
</list>
</p>

</sec>
<sec>
<st>
External links</st>
<p>

<list>
<entry level="1" type="bullet">

 <weblink xlink:type="simple" xlink:href="http://www.tfl.gov.uk">
Transport for London</weblink></entry>
<entry level="1" type="bullet">

 <weblink xlink:type="simple" xlink:href="http://www.londonbusesbyadam.fotopic.net">
London Bus Routes Fotopic</weblink></entry>
<entry level="1" type="bullet">

 <weblink xlink:type="simple" xlink:href="http://www.busesatwork.co.uk">
London Bus Routes</weblink></entry>
<entry level="1" type="bullet">

 <weblink xlink:type="simple" xlink:href="http://www.busmap.org/tt4/N207.pdf">
Full timetable (PDF)</weblink></entry>
</list>
</p>

<p>

<table style="margin: 0 auto; border-collapse: collapse;" cellpadding="3" class="toccolours" border="1" cellspacing="0">
<row>
<header align="center" bgcolor="#efefef">
 <b><link xlink:type="simple" xlink:href="../207/5179207.xml">
List of bus routes in London</link></b></header>
</row>
<row>
<col style="font-size: 90%;" align="center">
<link xlink:type="simple" xlink:href="../207/5179207.xml#xpointer(//*[./st=%221-99%22])">
1-99</link> |
<link xlink:type="simple" xlink:href="../207/5179207.xml#xpointer(//*[./st=%22100-199%22])">
100-199</link> |
<link xlink:type="simple" xlink:href="../207/5179207.xml#xpointer(//*[./st=%22200-299%22])">
200-299</link> |
<link xlink:type="simple" xlink:href="../207/5179207.xml#xpointer(//*[./st=%22300-399%22])">
300-399</link> |
<link xlink:type="simple" xlink:href="../207/5179207.xml#xpointer(//*[./st=%22400-499%22])">
400-499</link> |
<link xlink:type="simple" xlink:href="../207/5179207.xml#xpointer(//*[./st=%22500-599%22])">
500-599</link> |
<link xlink:type="simple" xlink:href="../207/5179207.xml#xpointer(//*[./st=%22600-699%22])">
600-699</link> |
<link xlink:type="simple" xlink:href="../207/5179207.xml#xpointer(//*[./st=%22Letter+prefixed%22])">
Letter prefix</link> |
<link xlink:type="simple" xlink:href="../207/5179207.xml#xpointer(//*[./st=%22Routes+which+only+run+at+night+(N+prefixed)%22])">
Night only</link></col>
</row>
</table>
</p>


</sec>
</bdy>
</bus_route>
</bus>
</article>
