<?xml version="1.0" encoding="UTF-8"?>
<!-- generated by CLiX/Wiki2XML [MPI-Inf, MMCI@UdS] $LastChangedRevision: 92 $ on 17.04.2009 00:29:15[mciao0825] -->
<!DOCTYPE article SYSTEM "../article.dtd">
<article xmlns:xlink="http://www.w3.org/1999/xlink">
<physical_entity  confidence="0.8" wordnetid="100001930">
<communicator  confidence="0.8" wordnetid="109610660">
<person  confidence="0.8" wordnetid="100007846">
<causal_agent  confidence="0.8" wordnetid="100007347">
<academician  confidence="0.8" wordnetid="109759069">
<scientist  confidence="0.8" wordnetid="110560637">
<adult  confidence="0.8" wordnetid="109605289">
<writer  confidence="0.8" wordnetid="110794014">
<inventor  confidence="0.8" wordnetid="110214637">
<professional  confidence="0.8" wordnetid="110480253">
<educator  confidence="0.8" wordnetid="110045713">
<creator  confidence="0.8" wordnetid="109614315">
<header>
<title>Christoph Meinel</title>
<id>10916453</id>
<revision>
<id>225343599</id>
<timestamp>2008-07-13T05:08:09Z</timestamp>
<contributor>
<username>SmackBot</username>
<id>433328</id>
</contributor>
</revision>
<categories>
<category>German inventors</category>
<category>Living people</category>
<category>German computer scientists</category>
<category>German academics</category>
<category>German writers</category>
</categories>
</header>
<bdy>

Univ.-Prof. Dr. sc. nat. <b>Christoph Meinel</b> (born <link xlink:type="simple" xlink:href="../862/1862.xml">
14 April</link> <link xlink:type="simple" xlink:href="../982/34982.xml">
1954</link>, <location wordnetid="100027167" confidence="0.9508927676800064">
<link xlink:type="simple" xlink:href="../674/40674.xml">
Meißen</link></location>
, Germany) is a German scientist and university professor of computer-science. He is president and CEO of the <link xlink:type="simple" xlink:href="../936/10919936.xml">
Hasso Plattner Institute</link> (HPI) for IT Systems Engineering at the <university wordnetid="108286163" confidence="0.9508927676800064">
<link xlink:type="simple" xlink:href="../448/4039448.xml">
University of Potsdam</link></university>
 (Germany), which is ranked among top 5 departments in computer sciences in Germany . <p>

1974-79 Meinel studied Mathematics and Computer Sciences at the <link xlink:type="simple" xlink:href="../234/308234.xml">
Humboldt-University</link> Berlin were he received also his PhD degree in 1981. 1988 he defensed his State Doctorate (“Habilitation”) at the Institute of Mathematics of the Academy of Sciences in Berlin. After visiting positions at the universities of Saarbrücken and Paderborn, in 1992 he was appointed a full professor (C4) for computer science at the <university wordnetid="108286163" confidence="0.9508927676800064">
<link xlink:type="simple" xlink:href="../696/541696.xml">
University of Trier</link></university>
 (Germany). In that time his research activities were concentrated in <link xlink:type="simple" xlink:href="../132/6132.xml">
complexity theory</link> and efficient <link xlink:type="simple" xlink:href="../519/8519.xml">
data structures</link> (esp. <link xlink:type="simple" xlink:href="../855/576855.xml">
binary decision diagrams</link> - BDDs) for chip design. In the midnineteeth he extended his research focus to Internet and Web-technologies, particularly he startet applied research and development in IT-Security and Teleteaching. In that time he founded the Institut für Telematik e.V., which was supervised by the Fraunhofer Society for applied research. There he invented technologies like <link xlink:type="simple" xlink:href="../839/10961839.xml">
Lock-Keeper</link> and <link xlink:type="simple" xlink:href="../690/10916690.xml">
Tele-TASK</link>. 2004, when he was appointed scientific director of the HPI he continued his research work in these fields. Meanwhile Lock-Keeper is licensed by <company wordnetid="108058098" confidence="0.9508927676800064">
<link xlink:type="simple" xlink:href="../632/168632.xml">
Siemens AG</link></company>
 and tele-TASK is regularly used for recording and Internet-broadcasting lectures of HPI and several other universities. Beside his professorship in Potsdam he is a visiting professor both at the University of Luxembourg and at the School of Computer Science of the Technical University of Beijing (China). </p>
<p>

Meinel is author or co-author of 7 text books and monographs and of various conference proceedings. He has published more than 300 scientific papers in well-known international scientific journals and conferences. 
His actual research interests and activities focus on applied research and Engineering in Internet Technology and Systems, particularly in the fields Trust and <link xlink:type="simple" xlink:href="../730/28730.xml">
security engineering</link>, Teleteaching / E-learning and <work wordnetid="100575741" confidence="0.8">
<event wordnetid="100029378" confidence="0.8">
<service wordnetid="100577525" confidence="0.8">
<act wordnetid="100030358" confidence="0.8">
<psychological_feature wordnetid="100023100" confidence="0.8">
<activity wordnetid="100407535" confidence="0.8">
<link xlink:type="simple" xlink:href="../123/29123.xml">
Semantic Web</link></activity>
</psychological_feature>
</act>
</service>
</event>
</work>
 and Secure <work wordnetid="100575741" confidence="0.8">
<event wordnetid="100029378" confidence="0.8">
<service wordnetid="100577525" confidence="0.8">
<act wordnetid="100030358" confidence="0.8">
<psychological_feature wordnetid="100023100" confidence="0.8">
<activity wordnetid="100407535" confidence="0.8">
<link xlink:type="simple" xlink:href="../446/774446.xml">
Telemedicine</link></activity>
</psychological_feature>
</act>
</service>
</event>
</work>
. His high-security solution Lock-Keeper is international patented and licensed by <company wordnetid="108058098" confidence="0.9508927676800064">
<link xlink:type="simple" xlink:href="../632/168632.xml">
Siemens AG</link></company>
. In 1994 he initiated the foundation of the scientific electronic journal <it>ECCC - Electronic Colloquium on Computational Complexity</it>. He is the chief editor of ECCC as well as of the IT-Gipfelblog, an actively ongoing blog about ICT in Germany. In between 1996-2007 Meinel was member of the scientific board of the IBFI Schloß <institute wordnetid="108407330" confidence="0.8">
<social_group wordnetid="107950920" confidence="0.8">
<association wordnetid="108049401" confidence="0.8">
<meeting wordnetid="108307589" confidence="0.8">
<gathering wordnetid="107975026" confidence="0.8">
<group wordnetid="100031264" confidence="0.8">
<conference wordnetid="108308497" confidence="0.8">
<link xlink:type="simple" xlink:href="../386/1367386.xml">
Dagstuhl</link></conference>
</group>
</gathering>
</meeting>
</association>
</social_group>
</institute>
 and speaker of the special interest group on complexity of the German computer science society <it>Gesellschaft für Informatik</it>. He is also member of various other international scientific boards and program committees, and has organised several symposia and conferences. Since 2007 he is chairman of the German <message wordnetid="106598915" confidence="0.8">
<protocol wordnetid="106665108" confidence="0.8">
<direction wordnetid="106786629" confidence="0.8">
<rule wordnetid="106652242" confidence="0.8">
<link xlink:type="simple" xlink:href="../318/15318.xml">
IPv6</link></rule>
</direction>
</protocol>
</message>
 Council.</p>

<sec>
<st>
 External links </st>
<p>

<list>
<entry level="1" type="bullet">

 <weblink xlink:type="simple" xlink:href="http://www.hpi-web.de">
Hasso-Plattner-Institut, Potsdam, Germany</weblink></entry>
<entry level="1" type="bullet">

 <weblink xlink:type="simple" xlink:href="http://www.hpi-web.de/meinel/">
Personal Homepage</weblink></entry>
<entry level="1" type="bullet">

 <weblink xlink:type="simple" xlink:href="http://www.informatik.uni-trier.de/~ley/db/indices/a-tree/m/Meinel:Christoph.html">
List of Publications on the DBLP-Server</weblink></entry>
<entry level="1" type="bullet">

 <weblink xlink:type="simple" xlink:href="http://www.tele-task.de">
Archive of tele-TASK lectures</weblink></entry>
<entry level="1" type="bullet">

 <weblink xlink:type="simple" xlink:href="http://www.hpi-web.de/meinel/projects/lockkeeper.html">
High-security network solution Lock-Keeper</weblink></entry>
<entry level="1" type="bullet">

 <weblink xlink:type="simple" xlink:href="http://eccc.hpi-web.de">
ECCC - The Electronic Colloqium on Computational Complexity</weblink></entry>
<entry level="1" type="bullet">

 <weblink xlink:type="simple" xlink:href="http://www.it-gipfelblog.de">
Blog about ICT in Germany</weblink></entry>
<entry level="1" type="bullet">

 <weblink xlink:type="simple" xlink:href="http://ipv6council.de">
German IPv6 Council</weblink></entry>
</list>
</p>



</sec>
</bdy>
</creator>
</educator>
</professional>
</inventor>
</writer>
</adult>
</scientist>
</academician>
</causal_agent>
</person>
</communicator>
</physical_entity>
</article>
