<?xml version="1.0" encoding="UTF-8"?>
<!-- generated by CLiX/Wiki2XML [MPI-Inf, MMCI@UdS] $LastChangedRevision: 92 $ on 16.04.2009 18:06:32[mciao0825] -->
<!DOCTYPE article SYSTEM "../article.dtd">
<article xmlns:xlink="http://www.w3.org/1999/xlink">
<person  confidence="0.9508927676800064" wordnetid="100007846">
<entity  confidence="0.9511911446218017" wordnetid="100001740">
<alumnus  confidence="0.9511911446218017" wordnetid="109786338">
<actor  confidence="0.9508927676800064" wordnetid="109765278">
<header>
<title>Moira Kelly</title>
<id>1092940</id>
<revision>
<id>240098808</id>
<timestamp>2008-09-21T22:27:58Z</timestamp>
<contributor>
<username>Ebyabe</username>
<id>1349228</id>
</contributor>
</revision>
<categories>
<category>American film actors</category>
<category>American voice actors</category>
<category>American television actors</category>
<category>Living people</category>
<category>1968 births</category>
<category>Irish-Americans</category>
<category>Marymount Manhattan College alumni</category>
<category>People from Queens</category>
</categories>
</header>
<bdy>
<template>
<name>Infobox actor</name>
<parameters>

<image width="150px" src="Replace_this_image_female.svg">
<caption>

Replace this image female.svg
</caption>
</image>
<sagawards>
<b><symbol wordnetid="106806469" confidence="0.8">
<award wordnetid="106696483" confidence="0.8">
<signal wordnetid="106791372" confidence="0.8">
<link xlink:type="simple" xlink:href="../668/4722668.xml">
Outstanding Performance by an Ensemble - Drama Series</link></signal>
</award>
</symbol>
</b>  2000 <it><series wordnetid="108457976" confidence="0.9508927676800064">
<link xlink:type="simple" xlink:href="../449/59449.xml">
The West Wing</link></series>
''</it></sagawards>
<location>
<link xlink:type="simple" xlink:href="../394/4994394.xml">
Queens</link>, <region wordnetid="108630985" confidence="0.8">
<administrative_district wordnetid="108491826" confidence="0.8">
<location wordnetid="100027167" confidence="0.8">
<district wordnetid="108552138" confidence="0.8">
<country wordnetid="108544813" confidence="0.8">
<link xlink:type="simple" xlink:href="../131/8210131.xml">
New York</link></country>
</district>
</location>
</administrative_district>
</region>
, <body wordnetid="107965085" confidence="0.8">
<social_group wordnetid="107950920" confidence="0.8">
<political_orientation wordnetid="106212839" confidence="0.8">
<colony wordnetid="108374049" confidence="0.8">
<state wordnetid="108168978" confidence="0.8">
<political_unit wordnetid="108359949" confidence="0.8">
<group wordnetid="100031264" confidence="0.8">
<democracy wordnetid="106217103" confidence="0.8">
<link xlink:type="simple" xlink:href="../750/3434750.xml">
U.S.</link></democracy>
</group>
</political_unit>
</state>
</colony>
</political_orientation>
</social_group>
</body>
</location>
<imagesize>
150px</imagesize>
<children>
Ella Hewitt, Eamon Hewitt</children>
<spouse>
Steve Hewitt</spouse>
<name>
Moira Kelly</name>
<birthdate>
March 6, 1968 (1968-03-06) (age&nbsp;41)</birthdate>
</parameters>
</template>

<p>

<b>Moira Kelly</b> (born <link xlink:type="simple" xlink:href="../865/19865.xml">
March 6</link>, <link xlink:type="simple" xlink:href="../655/34655.xml">
1968</link> in <link xlink:type="simple" xlink:href="../394/4994394.xml">
Queens</link>, <region wordnetid="108630985" confidence="0.8">
<administrative_district wordnetid="108491826" confidence="0.8">
<location wordnetid="100027167" confidence="0.8">
<district wordnetid="108552138" confidence="0.8">
<country wordnetid="108544813" confidence="0.8">
<link xlink:type="simple" xlink:href="../131/8210131.xml">
New York</link></country>
</district>
</location>
</administrative_district>
</region>
) is an <body wordnetid="107965085" confidence="0.8">
<social_group wordnetid="107950920" confidence="0.8">
<political_orientation wordnetid="106212839" confidence="0.8">
<colony wordnetid="108374049" confidence="0.8">
<state wordnetid="108168978" confidence="0.8">
<political_unit wordnetid="108359949" confidence="0.8">
<group wordnetid="100031264" confidence="0.8">
<democracy wordnetid="106217103" confidence="0.8">
<link xlink:type="simple" xlink:href="../750/3434750.xml">
American</link></democracy>
</group>
</political_unit>
</state>
</colony>
</political_orientation>
</social_group>
</body>
 <link xlink:type="simple" xlink:href="../753/753.xml">
actress</link>.</p>
<p>

She is the third of six children. Her father, Peter, was trained as a concert violinist. Her mother, Anne, is a nurse. Both are Irish immigrants. Moira was raised in <link xlink:type="simple" xlink:href="../365/127365.xml">
Ronkonkoma, NY</link>. She attended <school wordnetid="108276720" confidence="0.9508927676800064">
<link xlink:type="simple" xlink:href="../892/14294892.xml">
Connetquot Senior High School</link></school>
 in <village wordnetid="108672738" confidence="0.9508927676800064">
<link xlink:type="simple" xlink:href="../255/127255.xml">
Bohemia, Long Island</link></village>
, graduating in the class of 1986. Later she attended <university wordnetid="108286163" confidence="0.9508927676800064">
<link xlink:type="simple" xlink:href="../489/1843489.xml">
Marymount Manhattan College</link></university>
. </p>
<p>

In her youth, Kelly was cast in a small role in her high school's 1984 production of <it><musical wordnetid="107019172" confidence="0.9508927676800064">
<link xlink:type="simple" xlink:href="../505/357505.xml">
Annie</link></musical>
</it>. Due to illness, the young woman playing Miss Hannigan was replaced, causing a series of cast changes. Director Eric Martinsen chose to recast Moira as Grace Farrell. She was a great success, and so began her career.</p>
<p>

She has appeared in the movies <it><link xlink:type="simple" xlink:href="../058/171058.xml">
Chaplin</link></it>, <it><album wordnetid="106591815" confidence="0.9508927676800064">
<movie wordnetid="106613686" confidence="0.9508927676800064">
<link xlink:type="simple" xlink:href="../901/733901.xml">
With Honors</link></movie>
</album>
</it>, <it>,</it> and, in arguably her best-known film appearance, as <link xlink:type="simple" xlink:href="../152/11152.xml">
figure skater</link> Kate Moseley in <it><movie wordnetid="106613686" confidence="0.9508927676800064">
<link xlink:type="simple" xlink:href="../183/1679183.xml">
The Cutting Edge</link></movie>
</it>. She had the starring role of activist <person wordnetid="100007846" confidence="0.9508927676800064">
<link xlink:type="simple" xlink:href="../094/264094.xml">
Dorothy Day</link></person>
 in the independent film  and provided the adult voice of <fictional_character wordnetid="109587565" confidence="0.8">
<imaginary_being wordnetid="109483738" confidence="0.8">
<link xlink:type="simple" xlink:href="../308/3494308.xml">
Nala</link></imaginary_being>
</fictional_character>
 in Disney's <it><movie wordnetid="106613686" confidence="0.9508927676800064">
<link xlink:type="simple" xlink:href="../678/88678.xml">
The Lion King</link></movie>
</it>, <it><link>
The Lion King 1 1/2</link></it>, and .</p>
<p>

Kelly is known to television viewers for playing <fictional_character wordnetid="109587565" confidence="0.9508927676800064">
<link xlink:type="simple" xlink:href="../291/976291.xml">
Mandy Hampton</link></fictional_character>
 in the first season of the <building wordnetid="102913152" confidence="0.9508927676800064">
<link xlink:type="simple" xlink:href="../057/33057.xml">
White House</link></building>
 drama <it><link xlink:type="simple" xlink:href="../449/59449.xml">
The West Wing</link></it>. In 2003 Kelly returned to the small screen playing single mother <fictional_character wordnetid="109587565" confidence="0.9508927676800064">
<link xlink:type="simple" xlink:href="../823/4427823.xml">
Karen Roe</link></fictional_character>
 on the <link xlink:type="simple" xlink:href="../218/2595218.xml">
teen drama</link> <it><series wordnetid="108457976" confidence="0.9508927676800064">
<link xlink:type="simple" xlink:href="../957/999957.xml">
One Tree Hill</link></series>
</it>. In the fifth season she ceased to be a regular cast member but made a guest appearance in the 100th episode. It is not known whether she will return for season six.</p>
<p>

In March 2008 Kelly made an appearance on <it><series wordnetid="108457976" confidence="0.9508927676800064">
<link xlink:type="simple" xlink:href="../629/173629.xml">
Law &amp; Order</link></series>
</it> as the wife of a murdered psychiatrist.</p>
<p>

In 2000, Moira Kelly married Steve Hewitt, a <physical_entity wordnetid="100001930" confidence="0.8">
<causal_agent wordnetid="100007347" confidence="0.8">
<link xlink:type="simple" xlink:href="../810/29810.xml">
Texas</link></causal_agent>
</physical_entity>
 businessman. They have two children, Ella and Eamon.</p>

<sec>
<st>
Filmography</st>

<p>

<table class="wikitable">
<row>
<header>
Year</header>
<header>
Title</header>
<header>
Role</header>
</row>
<row>
<col rowspan="1">
2008</col>
<col>
 <it><series wordnetid="108457976" confidence="0.9508927676800064">
<link xlink:type="simple" xlink:href="../629/173629.xml">
Law &amp; Order</link></series>
</it> (<link>
TV series</link>)</col>
<col>
Catherine Waxman</col>
</row>
<row>
<col>
 <fundamental_quantity wordnetid="113575869" confidence="0.8">
<time_period wordnetid="115113229" confidence="0.8">
<year wordnetid="115203791" confidence="0.8">
<link xlink:type="simple" xlink:href="../634/294634.xml">
2004</link></year>
</time_period>
</fundamental_quantity>
</col>
<col>
 <it><link>
The Lion King 1 1/2</link></it> <link xlink:type="simple" xlink:href="../720/221720.xml">
Direct-to-video</link></col>
<col>
 <fictional_character wordnetid="109587565" confidence="0.8">
<imaginary_being wordnetid="109483738" confidence="0.8">
<link xlink:type="simple" xlink:href="../308/3494308.xml">
Adult Nala</link></imaginary_being>
</fictional_character>
 (<link xlink:type="simple" xlink:href="../673/95673.xml">
voice</link>)</col>
</row>
<row>
<col rowspan="2">
 <fundamental_quantity wordnetid="113575869" confidence="0.8">
<time_period wordnetid="115113229" confidence="0.8">
<year wordnetid="115203791" confidence="0.8">
<link xlink:type="simple" xlink:href="../212/169212.xml">
2003</link></year>
</time_period>
</fundamental_quantity>
</col>
<col>
 <it><series wordnetid="108457976" confidence="0.9508927676800064">
<link xlink:type="simple" xlink:href="../957/999957.xml">
One Tree Hill</link></series>
</it> (<link>
TV series</link>) (2003 - present)</col>
<col>
 <fictional_character wordnetid="109587565" confidence="0.9508927676800064">
<link xlink:type="simple" xlink:href="../823/4427823.xml">
Karen Roe</link></fictional_character>
</col>
</row>
<row>
<col>
 <it><movie wordnetid="106613686" confidence="0.9508927676800064">
<link xlink:type="simple" xlink:href="../880/4913880.xml">
The Safety of Objects</link></movie>
''</it></col>
<col>
Susan Train</col>
</row>
<row>
<col>
 <fundamental_quantity wordnetid="113575869" confidence="0.8">
<time_period wordnetid="115113229" confidence="0.8">
<year wordnetid="115203791" confidence="0.8">
<link xlink:type="simple" xlink:href="../091/167091.xml">
2000</link></year>
</time_period>
</fundamental_quantity>
</col>
<col>
 <it><person wordnetid="100007846" confidence="0.9508927676800064">
<link xlink:type="simple" xlink:href="../295/2749295.xml">
Henry Hill</link></person>
''</it></col>

</row>
<row>
<col rowspan="3">
 <fundamental_quantity wordnetid="113575869" confidence="0.8">
<time_period wordnetid="115113229" confidence="0.8">
<year wordnetid="115203791" confidence="0.8">
<link xlink:type="simple" xlink:href="../577/169577.xml">
1999</link></year>
</time_period>
</fundamental_quantity>
</col>
<col>
 <it><link>
Drive, She Said</link>''</it></col>
<col>
Nadine Ship</col>
</row>
<row>
<col>
 <it><person wordnetid="100007846" confidence="0.9508927676800064">
<link xlink:type="simple" xlink:href="../295/2749295.xml">
Henry Hill</link></person>
''</it></col>
<col>
Cynthia</col>
</row>
<row>
<col>
 <it><link xlink:type="simple" xlink:href="../449/59449.xml">
The West Wing</link></it> (<link>
TV series</link>) (1999&ndash;2000)</col>
<col>
 <fictional_character wordnetid="109587565" confidence="0.9508927676800064">
<link xlink:type="simple" xlink:href="../291/976291.xml">
Mandy Hampton</link></fictional_character>
</col>
</row>
<row>
<col rowspan="5">
 <fundamental_quantity wordnetid="113575869" confidence="0.8">
<time_period wordnetid="115113229" confidence="0.8">
<year wordnetid="115203791" confidence="0.8">
<link xlink:type="simple" xlink:href="../574/169574.xml">
1998</link></year>
</time_period>
</fundamental_quantity>
</col>
<col>
 <it><movie wordnetid="106613686" confidence="0.9508927676800064">
<link xlink:type="simple" xlink:href="../395/2952395.xml">
Dangerous Beauty</link></movie>
''</it></col>
<col>
Beatrice</col>
</row>
<row>
<col>
   <link xlink:type="simple" xlink:href="../720/221720.xml">
Direct-to-video</link></col>
<col>
 <fictional_character wordnetid="109587565" confidence="0.8">
<imaginary_being wordnetid="109483738" confidence="0.8">
<link xlink:type="simple" xlink:href="../308/3494308.xml">
Adult Nala</link></imaginary_being>
</fictional_character>
 (<link xlink:type="simple" xlink:href="../673/95673.xml">
voice</link>)</col>
</row>
<row>
<col>
 <it> <link>
Hi-Life</link>''</it></col>
<col>
Susan</col>
</row>
<row>
<col>
 <it><music wordnetid="107020895" confidence="0.8">
<song wordnetid="107048000" confidence="0.8">
<auditory_communication wordnetid="107109019" confidence="0.8">
<musical_composition wordnetid="107037465" confidence="0.8">
<link xlink:type="simple" xlink:href="../186/11467186.xml">
Love Walked In</link></musical_composition>
</auditory_communication>
</song>
</music>
''</it></col>
<col>
Vera</col>
</row>
<row>
<col>
 <it><beginning wordnetid="100235435" confidence="0.8">
<change wordnetid="100191142" confidence="0.8">
<show wordnetid="100520257" confidence="0.8">
<entertainment wordnetid="100429048" confidence="0.8">
<ending wordnetid="106308765" confidence="0.8">
<morpheme wordnetid="106306233" confidence="0.8">
<change_of_state wordnetid="100199130" confidence="0.8">
<diversion wordnetid="100426928" confidence="0.8">
<event wordnetid="100029378" confidence="0.8">
<action wordnetid="100037396" confidence="0.8">
<part wordnetid="113809207" confidence="0.8">
<act wordnetid="100030358" confidence="0.8">
<psychological_feature wordnetid="100023100" confidence="0.8">
<activity wordnetid="100407535" confidence="0.8">
<introduction wordnetid="100238022" confidence="0.8">
<language_unit wordnetid="106284225" confidence="0.8">
<link xlink:type="simple" xlink:href="../940/8051940.xml">
To Have &amp; to Hold</link></language_unit>
</introduction>
</activity>
</psychological_feature>
</act>
</part>
</action>
</event>
</diversion>
</change_of_state>
</morpheme>
</ending>
</entertainment>
</show>
</change>
</beginning>
</it> (TV series) (1998)</col>
<col>
Annie Cornell</col>
</row>
<row>
<col rowspan="3">
 <fundamental_quantity wordnetid="113575869" confidence="0.8">
<time_period wordnetid="115113229" confidence="0.8">
<year wordnetid="115203791" confidence="0.8">
<link xlink:type="simple" xlink:href="../568/169568.xml">
1996</link></year>
</time_period>
</fundamental_quantity>
</col>
<col>
 <it><link>
Changing Habits</link>''</it></col>

</row>
<row>
<col>
 <it>''</it></col>
<col>
Dorothy Day</col>
</row>
<row>
<col>
 <it><movie wordnetid="106613686" confidence="0.9508927676800064">
<link xlink:type="simple" xlink:href="../656/6953656.xml">
Unhook the Stars</link></movie>
''</it></col>
<col>
Ann Mary Margaret</col>
</row>
<row>
<col rowspan="2">
 <fundamental_quantity wordnetid="113575869" confidence="0.8">
<time_period wordnetid="115113229" confidence="0.8">
<year wordnetid="115203791" confidence="0.8">
<link xlink:type="simple" xlink:href="../220/169220.xml">
1995</link></year>
</time_period>
</fundamental_quantity>
</col>
<col>
 <it><movie wordnetid="106613686" confidence="0.9508927676800064">
<link xlink:type="simple" xlink:href="../664/909664.xml">
Little Odessa</link></movie>
''</it></col>
<col>
Alla Shustervich</col>
</row>
<row>
<col>
 <it><literary_composition wordnetid="106364329" confidence="0.8">
<written_communication wordnetid="106349220" confidence="0.8">
<writing wordnetid="106362953" confidence="0.8">
<fiction wordnetid="106367107" confidence="0.8">
<novel wordnetid="106367879" confidence="0.8">
<link xlink:type="simple" xlink:href="../029/71029.xml">
The Tie That Binds</link></novel>
</fiction>
</writing>
</written_communication>
</literary_composition>
''</it></col>
<col>
Dana Clifton</col>
</row>
<row>
<col rowspan="2">
 <fundamental_quantity wordnetid="113575869" confidence="0.8">
<time_period wordnetid="115113229" confidence="0.8">
<year wordnetid="115203791" confidence="0.8">
<link xlink:type="simple" xlink:href="../019/171019.xml">
1994</link></year>
</time_period>
</fundamental_quantity>
</col>
<col>
 <it><album wordnetid="106591815" confidence="0.9508927676800064">
<movie wordnetid="106613686" confidence="0.9508927676800064">
<link xlink:type="simple" xlink:href="../901/733901.xml">
With Honors</link></movie>
</album>
''</it></col>
<col>
Courtney Blumenthal</col>
</row>
<row>
<col>
 <it><movie wordnetid="106613686" confidence="0.9508927676800064">
<link xlink:type="simple" xlink:href="../678/88678.xml">
The Lion King</link></movie>
''</it></col>
<col>
 <fictional_character wordnetid="109587565" confidence="0.8">
<imaginary_being wordnetid="109483738" confidence="0.8">
<link xlink:type="simple" xlink:href="../308/3494308.xml">
Adult Nala</link></imaginary_being>
</fictional_character>
 (<link xlink:type="simple" xlink:href="../673/95673.xml">
voice</link>)</col>
</row>
<row>
<col>
 <fundamental_quantity wordnetid="113575869" confidence="0.8">
<time_period wordnetid="115113229" confidence="0.8">
<year wordnetid="115203791" confidence="0.8">
<link xlink:type="simple" xlink:href="../575/171575.xml">
1993</link></year>
</time_period>
</fundamental_quantity>
</col>
<col>
 <it><link>
Daybreak</link>''</it></col>
<col>
Blue</col>
</row>
<row>
<col rowspan="3">
 <fundamental_quantity wordnetid="113575869" confidence="0.8">
<time_period wordnetid="115113229" confidence="0.8">
<year wordnetid="115203791" confidence="0.8">
<link xlink:type="simple" xlink:href="../581/171581.xml">
1992</link></year>
</time_period>
</fundamental_quantity>
</col>
<col>
 <it><link xlink:type="simple" xlink:href="../058/171058.xml">
Chaplin</link>''</it></col>
<col>
Hetty Kelly/ Oona O'Neil</col>
</row>
<row>
<col>
 <it><movie wordnetid="106613686" confidence="0.9508927676800064">
<link xlink:type="simple" xlink:href="../183/1679183.xml">
The Cutting Edge</link></movie>
''</it></col>
<col>
Kate Moseley</col>
</row>
<row>
<col>
 <it>''</it></col>
<col>
 <fictional_character wordnetid="109587565" confidence="0.8">
<imaginary_being wordnetid="109483738" confidence="0.8">
<link xlink:type="simple" xlink:href="../064/2392064.xml">
Donna Hayward</link></imaginary_being>
</fictional_character>
</col>
</row>
<row>
<col rowspan="3">
 <fundamental_quantity wordnetid="113575869" confidence="0.8">
<time_period wordnetid="115113229" confidence="0.8">
<year wordnetid="115203791" confidence="0.8">
<link xlink:type="simple" xlink:href="../587/171587.xml">
1991</link></year>
</time_period>
</fundamental_quantity>
</col>
<col>
 <it><literary_composition wordnetid="106364329" confidence="0.8">
<written_communication wordnetid="106349220" confidence="0.8">
<writing wordnetid="106362953" confidence="0.8">
<fiction wordnetid="106367107" confidence="0.8">
<novel wordnetid="106367879" confidence="0.8">
<link xlink:type="simple" xlink:href="../872/697872.xml">
Billy Bathgate</link></novel>
</fiction>
</writing>
</written_communication>
</literary_composition>
''</it></col>
<col>
Rebecca</col>
</row>
<row>
<col>
 <it><link xlink:type="simple" xlink:href="../764/7922764.xml">
Love, Lies and Murder</link>''</it></col>
<col>
Cinnamon</col>
</row>
<row>
<col>
 <it><movie wordnetid="106613686" confidence="0.9508927676800064">
<link xlink:type="simple" xlink:href="../226/11111226.xml">
The Boy Who Cried Bitch</link></movie>
''</it></col>
<col>
Jessica</col>
</row>
</table>
</p>

</sec>
<sec>
<st>
 External links </st>

<p>

<list>
<entry level="1" type="bullet">

<weblink xlink:type="simple" xlink:href="http://www.imdb.com/name/nm0446702/">
Moira Kelly</weblink> at the <web_site wordnetid="106359193" confidence="0.9508927676800064">
<link xlink:type="simple" xlink:href="../554/2855554.xml">
Internet Movie Database</link></web_site>
</entry>
<entry level="1" type="bullet">

<weblink xlink:type="simple" xlink:href="http://www.tv.com/person/1320/summary.html">
Moira Kelly</weblink> at <web_site wordnetid="106359193" confidence="0.9508927676800064">
<link xlink:type="simple" xlink:href="../055/2026055.xml">
TV.com</link></web_site>
</entry>
<entry level="1" type="bullet">

<weblink xlink:type="simple" xlink:href="http://www.nbc.com/The_West_Wing/">
NBC.com &amp;gt; The West Wing</weblink></entry>
<entry level="1" type="bullet">

<weblink xlink:type="simple" xlink:href="http://www.ultimatedisney.com/moirakelly-interview.html">
"The Lion Queen": An Interview with Moira Kelly by Aaron Wallace at UltimateDisney.com</weblink></entry>
</list>
</p>



<p>

<table id="persondata" class="persondata">
<header colspan="2">
 </header>
<row>
<col class="persondata-label">
NAME</col>
<col>
Kelly, Moira</col>
</row>
<row>
<col class="persondata-label">
ALTERNATIVE NAMES</col>

</row>
<row>
<col class="persondata-label">
SHORT DESCRIPTION</col>
<col>
 <link xlink:type="simple" xlink:href="../753/753.xml">
Actor</link></col>
</row>
<row>
<col class="persondata-label">
DATE OF BIRTH</col>
<col>
1968-3-6</col>
</row>
<row>
<col class="persondata-label">
PLACE OF BIRTH</col>
<col>
 <link xlink:type="simple" xlink:href="../394/4994394.xml">
Queens</link>, <region wordnetid="108630985" confidence="0.8">
<administrative_district wordnetid="108491826" confidence="0.8">
<location wordnetid="100027167" confidence="0.8">
<district wordnetid="108552138" confidence="0.8">
<country wordnetid="108544813" confidence="0.8">
<link xlink:type="simple" xlink:href="../131/8210131.xml">
New York</link></country>
</district>
</location>
</administrative_district>
</region>
, <body wordnetid="107965085" confidence="0.8">
<social_group wordnetid="107950920" confidence="0.8">
<political_orientation wordnetid="106212839" confidence="0.8">
<colony wordnetid="108374049" confidence="0.8">
<state wordnetid="108168978" confidence="0.8">
<political_unit wordnetid="108359949" confidence="0.8">
<group wordnetid="100031264" confidence="0.8">
<democracy wordnetid="106217103" confidence="0.8">
<link xlink:type="simple" xlink:href="../750/3434750.xml">
U.S.</link></democracy>
</group>
</political_unit>
</state>
</colony>
</political_orientation>
</social_group>
</body>
</col>
</row>
<row>
<col class="persondata-label">
DATE OF DEATH</col>

</row>
<row>
<col class="persondata-label">
PLACE OF DEATH</col>

</row>
</table>
</p>


</sec>
</bdy>
</actor>
</alumnus>
</entity>
</person>
</article>
