<?xml version="1.0" encoding="UTF-8"?>
<!-- generated by CLiX/Wiki2XML [MPI-Inf, MMCI@UdS] $LastChangedRevision: 92 $ on 17.04.2009 00:22:37[mciao0828] -->
<!DOCTYPE article SYSTEM "../article.dtd">
<article xmlns:xlink="http://www.w3.org/1999/xlink">
<politics  confidence="0.8" wordnetid="113840719">
<social_relation  confidence="0.8" wordnetid="100032823">
<header>
<title>Couverture maladie universelle</title>
<id>10930792</id>
<revision>
<id>192767853</id>
<timestamp>2008-02-20T09:46:55Z</timestamp>
<contributor>
<username>Anne97432</username>
<id>2200391</id>
</contributor>
</revision>
<categories>
<category>Politics of France</category>
</categories>
</header>
<bdy>

The <b>CMU</b> (<b><it>Couverture maladie universelle</it></b>, Universal health care coverage) is a French <link xlink:type="simple" xlink:href="../250/3332250.xml">
social welfare</link> program concerning <link xlink:type="simple" xlink:href="../734/463734.xml">
public health</link>. It was voted by <chancellor wordnetid="109906986" confidence="0.9508927676800064">
<link xlink:type="simple" xlink:href="../519/67519.xml">
Lionel Jospin</link></chancellor>
's <it><link xlink:type="simple" xlink:href="../635/6570635.xml">
gauche plurielle</link></it> government (27 July 1999 law), at the initiative of the minister <politician wordnetid="110451263" confidence="0.9508927676800064">
<link xlink:type="simple" xlink:href="../327/2636327.xml">
Martine Aubry</link></politician>
. The CMU has been implemented since January 2000.<p>

It offers the possibility to all people who legally reside in France for more than three months to have health expenses reimbursed by the <idea wordnetid="105833840" confidence="0.8">
<plan wordnetid="105898568" confidence="0.8">
<link xlink:type="simple" xlink:href="../691/27691.xml">
Social security</link></plan>
</idea>
. Furthermore, for people with low revenues, the CMU also offers a complementary health protection of 100%, which adds itself to the standard Social Security (instead of having to pay additional private insurances). <link xlink:type="simple" xlink:href="../155/1703155.xml">
Illegal alien</link>s may benefit from the <it><link>
Aide médicale d'Etat</link></it> (AME, State medical aid).</p>
<p>

A 2006 investigation by the NGO <link>
Médecins du monde</link> (Doctors of the World) showed that 10% of French physicians illegally refused to treat patients covered by the CMU, while 40% refused to treat AME patients <ref xlink:type="simple" xlink:href="#xpointer(//reflist/entry[@id=%221%22])">1</ref>. </p>
<p>

One of the main argument made by proponents of CMU and of the State medical aid programs is that, beyond <link xlink:type="simple" xlink:href="../081/175081.xml">
humanitarian</link> concerns, it is a matter of <link xlink:type="simple" xlink:href="../734/463734.xml">
public health</link> to avoid having certain categories of the <link xlink:type="simple" xlink:href="../949/22949.xml">
population</link> not well treated, thus preventing the development of <link xlink:type="simple" xlink:href="../981/66981.xml">
epidemics</link>. Furthermore, proponents point out that it is cheaper to treat patients at the beginning of health problems than when these ones get worse.</p>

<sec>
<st>
 References </st>

<p>

<reflist>
<entry id="1">
<weblink xlink:type="simple" xlink:href="http://www.lemonde.fr/web/article/0,1-0@2-3226,36-824233@51-824256,0.html">
« 34 % des généralistes refusent des patients relevant de l'aide médicale d'Etat, selon Médecins du monde »</weblink>, in <it><newspaper wordnetid="106267145" confidence="0.9508927676800064">
<link xlink:type="simple" xlink:href="../071/127071.xml">
Le Monde</link></newspaper>
</it>, 16/10/2006 (French) </entry>
</reflist>
</p>

</sec>
<sec>
<st>
 See also </st>
<p>

<list>
<entry level="1" type="bullet">

<link xlink:type="simple" xlink:href="../661/570661.xml">
Universal health care</link></entry>
<entry level="1" type="bullet">

<link xlink:type="simple" xlink:href="../839/222839.xml">
Welfare state</link></entry>
<entry level="1" type="bullet">

<link xlink:type="simple" xlink:href="../476/67476.xml">
Politics of France</link></entry>
<entry level="1" type="bullet">

<chancellor wordnetid="109906986" confidence="0.9508927676800064">
<link xlink:type="simple" xlink:href="../519/67519.xml">
Lionel Jospin</link></chancellor>
's <it><politics wordnetid="113840719" confidence="0.8">
<social_relation wordnetid="100032823" confidence="0.8">
<link xlink:type="simple" xlink:href="../635/6570635.xml">
Gauche plurielle</link></social_relation>
</politics>
</it> (Plural left) government</entry>
</list>
</p>


</sec>
</bdy>
</social_relation>
</politics>
</article>
