<?xml version="1.0" encoding="UTF-8"?>
<!-- generated by CLiX/Wiki2XML [MPI-Inf, MMCI@UdS] $LastChangedRevision: 92 $ on 17.04.2009 00:37:22[mciao0827] -->
<!DOCTYPE article SYSTEM "../article.dtd">
<article xmlns:xlink="http://www.w3.org/1999/xlink">
<church  confidence="0.9511911446218017" wordnetid="103028079">
<header>
<title>List of churches in Oxford</title>
<id>10965447</id>
<revision>
<id>242221162</id>
<timestamp>2008-10-01T11:18:40Z</timestamp>
<contributor>
<username>John Campbell</username>
<id>401902</id>
</contributor>
</revision>
<categories>
<category>Churches in Oxford</category>
<category>Oxford</category>
</categories>
</header>
<bdy>
<p>

<b>List of churches in Oxford</b> records <link xlink:type="simple" xlink:href="../325/6325.xml">
church</link>es in the city of <village wordnetid="108672738" confidence="0.9508927676800064">
<link xlink:type="simple" xlink:href="../308/22308.xml">
Oxford</link></village>
, <country wordnetid="108544813" confidence="0.9508927676800064">
<link xlink:type="simple" xlink:href="../316/9316.xml">
England</link></country>
. "<it>Oxford's famous "Dreaming Spires" refer to the medieval churches and colleges that dominate the bustling modern town in all their <link xlink:type="simple" xlink:href="../044/54044.xml">
Gothic</link> splendour.</it>"<ref xlink:type="simple" xlink:href="#xpointer(//reflist/entry[@id=%221%22])">1</ref></p>

<sec>
<st>
Anglican</st>
<p>

<image location="left" width="150px" src="St._Cross_church,_Oxford.jpg" type="thumb">
<caption>

St. Cross
</caption>
</image>
</p>
<p>

<list>
<entry level="1" type="bullet">

 <structure wordnetid="104341686" confidence="0.8">
<building wordnetid="102913152" confidence="0.8">
<artifact wordnetid="100021939" confidence="0.8">
<church wordnetid="103028079" confidence="0.8">
<place_of_worship wordnetid="103953416" confidence="0.8">
<chapel wordnetid="103007130" confidence="0.8">
<link xlink:type="simple" xlink:href="../119/4662119.xml">
St Bartholomew's Chapel</link></chapel>
</place_of_worship>
</church>
</artifact>
</building>
</structure>
, Bartlemas, <link xlink:type="simple" xlink:href="../523/1285523.xml">
Cowley Road</link></entry>
<entry level="1" type="bullet">

 St Luke's Church, Canning Crescent</entry>
<entry level="1" type="bullet">

 <structure wordnetid="104341686" confidence="0.8">
<religious_residence wordnetid="104073948" confidence="0.8">
<building wordnetid="102913152" confidence="0.8">
<artifact wordnetid="100021939" confidence="0.8">
<residence wordnetid="104079244" confidence="0.8">
<dwelling wordnetid="103259505" confidence="0.8">
<housing wordnetid="103546340" confidence="0.8">
<monastery wordnetid="103781244" confidence="0.8">
<house wordnetid="103544360" confidence="0.8">
<link xlink:type="simple" xlink:href="../325/128325.xml">
Christ Church</link></house>
</monastery>
</housing>
</dwelling>
</residence>
</artifact>
</building>
</religious_residence>
</structure>
 <link xlink:type="simple" xlink:href="../883/45883.xml">
Cathedral</link>, <link xlink:type="simple" xlink:href="../281/5165281.xml">
St Aldate's</link></entry>
<entry level="1" type="bullet">

 Cowley Parish Church (St James), Beauchamp Lane,</entry>
<entry level="1" type="bullet">

 St Aldate's Church, St Aldate's</entry>
<entry level="1" type="bullet">

 St Clements, <artifact wordnetid="100021939" confidence="0.8">
<street wordnetid="104334599" confidence="0.8">
<way wordnetid="104564698" confidence="0.8">
<thoroughfare wordnetid="104426618" confidence="0.8">
<road wordnetid="104096066" confidence="0.8">
<link xlink:type="simple" xlink:href="../502/5180502.xml">
Marston Road</link></road>
</thoroughfare>
</way>
</street>
</artifact>
</entry>
<entry level="1" type="bullet">

 <link>
St Frideswide's</link>, <artifact wordnetid="100021939" confidence="0.8">
<street wordnetid="104334599" confidence="0.8">
<way wordnetid="104564698" confidence="0.8">
<thoroughfare wordnetid="104426618" confidence="0.8">
<road wordnetid="104096066" confidence="0.8">
<link xlink:type="simple" xlink:href="../647/5328647.xml">
Botley Road</link></road>
</thoroughfare>
</way>
</street>
</artifact>
</entry>
<entry level="1" type="bullet">

 <link xlink:type="simple" xlink:href="../413/4803413.xml">
St Giles'</link>, 10 <artifact wordnetid="100021939" confidence="0.8">
<street wordnetid="104334599" confidence="0.8">
<way wordnetid="104564698" confidence="0.8">
<thoroughfare wordnetid="104426618" confidence="0.8">
<road wordnetid="104096066" confidence="0.8">
<link xlink:type="simple" xlink:href="../944/4802944.xml">
Woodstock Road</link></road>
</thoroughfare>
</way>
</street>
</artifact>
</entry>
<entry level="1" type="bullet">

 St Margaret, <artifact wordnetid="100021939" confidence="0.8">
<street wordnetid="104334599" confidence="0.8">
<way wordnetid="104564698" confidence="0.8">
<thoroughfare wordnetid="104426618" confidence="0.8">
<road wordnetid="104096066" confidence="0.8">
<link xlink:type="simple" xlink:href="../936/5732936.xml">
St Margaret's Road</link></road>
</thoroughfare>
</way>
</street>
</artifact>
</entry>
<entry level="1" type="bullet">

 <structure wordnetid="104341686" confidence="0.8">
<building wordnetid="102913152" confidence="0.8">
<artifact wordnetid="100021939" confidence="0.8">
<church wordnetid="103028079" confidence="0.8">
<place_of_worship wordnetid="103953416" confidence="0.8">
<link xlink:type="simple" xlink:href="../668/18080668.xml">
St Martin's Church</link></place_of_worship>
</church>
</artifact>
</building>
</structure>
, <tower wordnetid="104460130" confidence="0.8">
<structure wordnetid="104341686" confidence="0.8">
<building wordnetid="102913152" confidence="0.8">
<artifact wordnetid="100021939" confidence="0.8">
<church wordnetid="103028079" confidence="0.8">
<place_of_worship wordnetid="103953416" confidence="0.8">
<link xlink:type="simple" xlink:href="../871/206871.xml">
Carfax, Oxford</link></place_of_worship>
</church>
</artifact>
</building>
</structure>
</tower>
 (part demolished, only <link xlink:type="simple" xlink:href="../871/206871.xml">
Carfax Tower</link> survives)</entry>
<entry level="1" type="bullet">

 <structure wordnetid="104341686" confidence="0.8">
<building wordnetid="102913152" confidence="0.8">
<artifact wordnetid="100021939" confidence="0.8">
<church wordnetid="103028079" confidence="0.8">
<place_of_worship wordnetid="103953416" confidence="0.8">
<link xlink:type="simple" xlink:href="../165/6601165.xml">
St Mary Magdalen</link></place_of_worship>
</church>
</artifact>
</building>
</structure>
, <artifact wordnetid="100021939" confidence="0.8">
<street wordnetid="104334599" confidence="0.8">
<way wordnetid="104564698" confidence="0.8">
<thoroughfare wordnetid="104426618" confidence="0.8">
<road wordnetid="104096066" confidence="0.8">
<link xlink:type="simple" xlink:href="../802/5224802.xml">
Magdalen Street</link></road>
</thoroughfare>
</way>
</street>
</artifact>
</entry>
<entry level="1" type="bullet">

 <tower wordnetid="104460130" confidence="0.8">
<structure wordnetid="104341686" confidence="0.8">
<building wordnetid="102913152" confidence="0.8">
<artifact wordnetid="100021939" confidence="0.8">
<church wordnetid="103028079" confidence="0.8">
<place_of_worship wordnetid="103953416" confidence="0.8">
<link xlink:type="simple" xlink:href="../467/5352467.xml">
St Michael at the Northgate</link></place_of_worship>
</church>
</artifact>
</building>
</structure>
</tower>
, <artifact wordnetid="100021939" confidence="0.8">
<street wordnetid="104334599" confidence="0.8">
<way wordnetid="104564698" confidence="0.8">
<thoroughfare wordnetid="104426618" confidence="0.8">
<road wordnetid="104096066" confidence="0.8">
<link xlink:type="simple" xlink:href="../872/206872.xml">
Cornmarket Street</link></road>
</thoroughfare>
</way>
</street>
</artifact>
</entry>
<entry level="1" type="bullet">

 <link>
St Paul's</link>, <link xlink:type="simple" xlink:href="../401/5275401.xml">
Walton Street</link> (deconsecrated, now "Freud's" bar)</entry>
<entry level="1" type="bullet">

 <link xlink:type="simple" xlink:href="../286/10755286.xml">
St Thomas the Martyr</link>, Becket Street</entry>
<entry level="1" type="bullet">

 St Andrew's, <artifact wordnetid="100021939" confidence="0.8">
<street wordnetid="104334599" confidence="0.8">
<way wordnetid="104564698" confidence="0.8">
<thoroughfare wordnetid="104426618" confidence="0.8">
<road wordnetid="104096066" confidence="0.8">
<link xlink:type="simple" xlink:href="../148/5317148.xml">
Linton Road</link></road>
</thoroughfare>
</way>
</street>
</artifact>
</entry>
<entry level="1" type="bullet">

 St Barnabas, Cardigan Street</entry>
<entry level="1" type="bullet">

 St Matthew, Marlborough Road</entry>
<entry level="1" type="bullet">

 Parish Church of SS Mary and John, <link xlink:type="simple" xlink:href="../523/1285523.xml">
Cowley Road</link></entry>
<entry level="1" type="bullet">

 <link xlink:type="simple" xlink:href="../370/128370.xml">
Pusey House</link>, St Giles, <link xlink:type="simple" xlink:href="../413/4803413.xml">
St Giles' Street</link></entry>
<entry level="1" type="bullet">

 St Alban the Martyr, Charles Street</entry>
<entry level="1" type="bullet">

 <link xlink:type="simple" xlink:href="../734/2574734.xml">
St Ebbe's</link>, Pennyfarthing Place (off <link xlink:type="simple" xlink:href="../308/8101308.xml">
St Ebbe's</link>)</entry>
<entry level="1" type="bullet">

 St Cross, <artifact wordnetid="100021939" confidence="0.8">
<street wordnetid="104334599" confidence="0.8">
<way wordnetid="104564698" confidence="0.8">
<thoroughfare wordnetid="104426618" confidence="0.8">
<road wordnetid="104096066" confidence="0.8">
<link xlink:type="simple" xlink:href="../834/5165834.xml">
St Cross Road</link></road>
</thoroughfare>
</way>
</street>
</artifact>
 (near junction with Manor Road).</entry>
<entry level="1" type="bullet">

 St John the Evangelist Church, Vicarage Road</entry>
<entry level="1" type="bullet">

 <structure wordnetid="104341686" confidence="0.8">
<building wordnetid="102913152" confidence="0.8">
<artifact wordnetid="100021939" confidence="0.8">
<church wordnetid="103028079" confidence="0.8">
<place_of_worship wordnetid="103953416" confidence="0.8">
<link xlink:type="simple" xlink:href="../071/5258071.xml">
University Church of St Mary the Virgin</link></place_of_worship>
</church>
</artifact>
</building>
</structure>
, <structure wordnetid="104341686" confidence="0.8">
<building wordnetid="102913152" confidence="0.8">
<artifact wordnetid="100021939" confidence="0.8">
<street wordnetid="104334599" confidence="0.8">
<way wordnetid="104564698" confidence="0.8">
<thoroughfare wordnetid="104426618" confidence="0.8">
<road wordnetid="104096066" confidence="0.8">
<link xlink:type="simple" xlink:href="../544/3688544.xml">
High Street</link></road>
</thoroughfare>
</way>
</street>
</artifact>
</building>
</structure>
</entry>
</list>
</p>
<p>

One church has been converted to  a college chapel:
<list>
<entry level="1" type="bullet">

 St Peter-le-Bailey, <artifact wordnetid="100021939" confidence="0.8">
<street wordnetid="104334599" confidence="0.8">
<way wordnetid="104564698" confidence="0.8">
<thoroughfare wordnetid="104426618" confidence="0.8">
<road wordnetid="104096066" confidence="0.8">
<link xlink:type="simple" xlink:href="../705/6555705.xml">
New Inn Hall Street</link></road>
</thoroughfare>
</way>
</street>
</artifact>
, now the chapel of <body wordnetid="107965085" confidence="0.8">
<social_group wordnetid="107950920" confidence="0.8">
<college wordnetid="108278169" confidence="0.8">
<educational_institution wordnetid="108276342" confidence="0.8">
<group wordnetid="100031264" confidence="0.8">
<institution wordnetid="108053576" confidence="0.8">
<link xlink:type="simple" xlink:href="../383/128383.xml">
St Peter's College, Oxford</link></institution>
</group>
</educational_institution>
</college>
</social_group>
</body>
</entry>
</list>
</p>
<p>

There are also two churches that have been converted into college libraries:
<list>
<entry level="1" type="bullet">

 <link>
All Saints</link> in the <structure wordnetid="104341686" confidence="0.8">
<building wordnetid="102913152" confidence="0.8">
<artifact wordnetid="100021939" confidence="0.8">
<street wordnetid="104334599" confidence="0.8">
<way wordnetid="104564698" confidence="0.8">
<thoroughfare wordnetid="104426618" confidence="0.8">
<road wordnetid="104096066" confidence="0.8">
<link xlink:type="simple" xlink:href="../544/3688544.xml">
High Street</link></road>
</thoroughfare>
</way>
</street>
</artifact>
</building>
</structure>
 (<link xlink:type="simple" xlink:href="../636/38636.xml">
1706</link>-<link xlink:type="simple" xlink:href="../634/38634.xml">
1708</link>), now the library of <structure wordnetid="104341686" confidence="0.8">
<building wordnetid="102913152" confidence="0.8">
<artifact wordnetid="100021939" confidence="0.8">
<link xlink:type="simple" xlink:href="../353/128353.xml">
Lincoln College</link></artifact>
</building>
</structure>
</entry>
<entry level="1" type="bullet">

 <link>
St Peter-in-the-East</link> in <artifact wordnetid="100021939" confidence="0.8">
<street wordnetid="104334599" confidence="0.8">
<way wordnetid="104564698" confidence="0.8">
<thoroughfare wordnetid="104426618" confidence="0.8">
<road wordnetid="104096066" confidence="0.8">
<link xlink:type="simple" xlink:href="../912/5728912.xml">
Queen's Lane</link></road>
</thoroughfare>
</way>
</street>
</artifact>
, now the library of <structure wordnetid="104341686" confidence="0.8">
<building wordnetid="102913152" confidence="0.8">
<artifact wordnetid="100021939" confidence="0.8">
<link xlink:type="simple" xlink:href="../377/128377.xml">
St Edmund Hall</link></artifact>
</building>
</structure>
</entry>
</list>
</p>

</sec>
<sec>
<st>
Roman Catholic</st>

<p>

<list>
<entry level="1" type="bullet">

 <order wordnetid="107168623" confidence="0.8">
<event wordnetid="100029378" confidence="0.8">
<command wordnetid="107168131" confidence="0.8">
<act wordnetid="100030358" confidence="0.8">
<psychological_feature wordnetid="100023100" confidence="0.8">
<speech_act wordnetid="107160883" confidence="0.8">
<link xlink:type="simple" xlink:href="../973/8973.xml">
Blackfriar</link></speech_act>
</psychological_feature>
</act>
</command>
</event>
</order>
s (<link xlink:type="simple" xlink:href="../504/25504.xml">
Roman Catholic</link>) <order wordnetid="107168623" confidence="0.8">
<event wordnetid="100029378" confidence="0.8">
<command wordnetid="107168131" confidence="0.8">
<act wordnetid="100030358" confidence="0.8">
<psychological_feature wordnetid="100023100" confidence="0.8">
<speech_act wordnetid="107160883" confidence="0.8">
<link xlink:type="simple" xlink:href="../973/8973.xml">
Dominican</link></speech_act>
</psychological_feature>
</act>
</command>
</event>
</order>
 Priory, 64 St Giles'</entry>
<entry level="1" type="bullet">

 St Aloysius Gonzaga, (<structure wordnetid="104341686" confidence="0.8">
<building wordnetid="102913152" confidence="0.8">
<artifact wordnetid="100021939" confidence="0.8">
<church wordnetid="103028079" confidence="0.8">
<place_of_worship wordnetid="103953416" confidence="0.8">
<link xlink:type="simple" xlink:href="../911/4820911.xml">
The Oxford Oratory</link></place_of_worship>
</church>
</artifact>
</building>
</structure>
), <artifact wordnetid="100021939" confidence="0.8">
<street wordnetid="104334599" confidence="0.8">
<way wordnetid="104564698" confidence="0.8">
<thoroughfare wordnetid="104426618" confidence="0.8">
<road wordnetid="104096066" confidence="0.8">
<link xlink:type="simple" xlink:href="../944/4802944.xml">
Woodstock Road</link></road>
</thoroughfare>
</way>
</street>
</artifact>
</entry>
<entry level="1" type="bullet">

 St Anthony of Padua, <link>
Headley Way</link></entry>
<entry level="1" type="bullet">

 Holyrood Church (Hinksey Parish), <artifact wordnetid="100021939" confidence="0.8">
<street wordnetid="104334599" confidence="0.8">
<way wordnetid="104564698" confidence="0.8">
<thoroughfare wordnetid="104426618" confidence="0.8">
<road wordnetid="104096066" confidence="0.8">
<link xlink:type="simple" xlink:href="../950/5271950.xml">
Abingdon Road</link></road>
</thoroughfare>
</way>
</street>
</artifact>
</entry>
<entry level="1" type="bullet">

 St Edmund of Abingdon and St Frideswide, (<passageway wordnetid="103895585" confidence="0.8">
<artifact wordnetid="100021939" confidence="0.8">
<passage wordnetid="103895293" confidence="0.8">
<corridor wordnetid="103112099" confidence="0.8">
<way wordnetid="104564698" confidence="0.8">
<hallway wordnetid="103479952" confidence="0.8">
<link xlink:type="simple" xlink:href="../342/128342.xml">
Greyfriars</link></hallway>
</way>
</corridor>
</passage>
</artifact>
</passageway>
), <structure wordnetid="104341686" confidence="0.8">
<building wordnetid="102913152" confidence="0.8">
<artifact wordnetid="100021939" confidence="0.8">
<street wordnetid="104334599" confidence="0.8">
<way wordnetid="104564698" confidence="0.8">
<thoroughfare wordnetid="104426618" confidence="0.8">
<road wordnetid="104096066" confidence="0.8">
<link xlink:type="simple" xlink:href="../324/5180324.xml">
Iffley Road</link></road>
</thoroughfare>
</way>
</street>
</artifact>
</building>
</structure>
, Oxford.</entry>
<entry level="1" type="bullet">

 Catholic <link xlink:type="simple" xlink:href="../232/183232.xml">
Chaplaincy</link>, Rose Place, <link xlink:type="simple" xlink:href="../281/5165281.xml">
St Aldate's</link></entry>
</list>
</p>

</sec>
<sec>
<st>
Baptist</st>

<p>

<list>
<entry level="1" type="bullet">

 New Road <family wordnetid="108078020" confidence="0.8">
<link xlink:type="simple" xlink:href="../979/3979.xml">
Baptist</link></family>
 Church, <region wordnetid="108630985" confidence="0.8">
<isogon wordnetid="113866515" confidence="0.8">
<park wordnetid="108615149" confidence="0.8">
<location wordnetid="100027167" confidence="0.8">
<shape wordnetid="100027807" confidence="0.8">
<plane_figure wordnetid="113863186" confidence="0.8">
<polygon wordnetid="113866144" confidence="0.8">
<rectangle wordnetid="113883346" confidence="0.8">
<regular_polygon wordnetid="113867133" confidence="0.8">
<figure wordnetid="113862780" confidence="0.8">
<tract wordnetid="108673395" confidence="0.8">
<parallelogram wordnetid="113881175" confidence="0.8">
<geographical_area wordnetid="108574314" confidence="0.8">
<square wordnetid="113878634" confidence="0.8">
<quadrilateral wordnetid="113879126" confidence="0.8">
<link xlink:type="simple" xlink:href="../542/5165542.xml">
Bonn Square</link></quadrilateral>
</square>
</geographical_area>
</parallelogram>
</tract>
</figure>
</regular_polygon>
</rectangle>
</polygon>
</plane_figure>
</shape>
</location>
</park>
</isogon>
</region>
</entry>
<entry level="1" type="bullet">

 <region wordnetid="108630985" confidence="0.8">
<village wordnetid="108672738" confidence="0.8">
<location wordnetid="100027167" confidence="0.8">
<settlement wordnetid="108672562" confidence="0.8">
<geographical_area wordnetid="108574314" confidence="0.8">
<district wordnetid="108552138" confidence="0.8">
<link xlink:type="simple" xlink:href="../920/2271920.xml">
Headington</link></district>
</geographical_area>
</settlement>
</location>
</village>
</region>
 Baptist Church</entry>
<entry level="1" type="bullet">

 Botley Baptist, Westminster Way</entry>
<entry level="1" type="bullet">

 <preacher wordnetid="110464178" confidence="0.9173553029164789">
<writer wordnetid="110794014" confidence="0.9508927676800064">
<link xlink:type="simple" xlink:href="../661/39661.xml">
John Bunyan</link></writer>
</preacher>
 Baptist Church, Crowell Road</entry>
<entry level="1" type="bullet">

 <artifact wordnetid="100021939" confidence="0.8">
<street wordnetid="104334599" confidence="0.8">
<way wordnetid="104564698" confidence="0.8">
<thoroughfare wordnetid="104426618" confidence="0.8">
<road wordnetid="104096066" confidence="0.8">
<link xlink:type="simple" xlink:href="../944/4802944.xml">
Woodstock Road</link></road>
</thoroughfare>
</way>
</street>
</artifact>
 Baptist</entry>
<entry level="1" type="bullet">

 Albert Street Baptist</entry>
</list>
</p>

</sec>
<sec>
<st>
Methodist</st>

<p>

<list>
<entry level="1" type="bullet">

 Wesley Memorial <physical_entity wordnetid="100001930" confidence="0.8">
<causal_agent wordnetid="100007347" confidence="0.8">
<link xlink:type="simple" xlink:href="../119/20119.xml">
Methodist</link></causal_agent>
</physical_entity>
 Church, <artifact wordnetid="100021939" confidence="0.8">
<street wordnetid="104334599" confidence="0.8">
<way wordnetid="104564698" confidence="0.8">
<thoroughfare wordnetid="104426618" confidence="0.8">
<road wordnetid="104096066" confidence="0.8">
<link xlink:type="simple" xlink:href="../705/6555705.xml">
New Inn Hall Street</link></road>
</thoroughfare>
</way>
</street>
</artifact>
</entry>
<entry level="1" type="bullet">

 The Methodist Church, Lime Walk</entry>
<entry level="1" type="bullet">

 <link xlink:type="simple" xlink:href="../092/1312092.xml">
Rose Hill</link> Methodist Church</entry>
<entry level="1" type="bullet">

 Cowley Road Methodist Church</entry>
</list>
</p>

</sec>
<sec>
<st>
United Reformed</st>

<p>

<list>
<entry level="1" type="bullet">

 <person wordnetid="100007846" confidence="0.9508927676800064">
<saint wordnetid="110546850" confidence="0.9508927676800064">
<link xlink:type="simple" xlink:href="../561/6561.xml">
St Columba</link></saint>
</person>
's <nongovernmental_organization wordnetid="108009834" confidence="0.8">
<denomination wordnetid="108146782" confidence="0.8">
<link xlink:type="simple" xlink:href="../055/211055.xml">
United Reformed Church</link></denomination>
</nongovernmental_organization>
, <artifact wordnetid="100021939" confidence="0.8">
<street wordnetid="104334599" confidence="0.8">
<way wordnetid="104564698" confidence="0.8">
<thoroughfare wordnetid="104426618" confidence="0.8">
<road wordnetid="104096066" confidence="0.8">
<link xlink:type="simple" xlink:href="../665/5335665.xml">
Alfred Street</link></road>
</thoroughfare>
</way>
</street>
</artifact>
</entry>
<entry level="1" type="bullet">

 <region wordnetid="108630985" confidence="0.8">
<location wordnetid="100027167" confidence="0.8">
<district wordnetid="108552138" confidence="0.8">
<link xlink:type="simple" xlink:href="../938/4802938.xml">
Summertown</link></district>
</location>
</region>
 <nongovernmental_organization wordnetid="108009834" confidence="0.8">
<denomination wordnetid="108146782" confidence="0.8">
<link xlink:type="simple" xlink:href="../055/211055.xml">
United Reformed Church</link></denomination>
</nongovernmental_organization>
</entry>
<entry level="1" type="bullet">

 <link xlink:type="simple" xlink:href="../841/1229841.xml">
Temple Cowley</link> <nongovernmental_organization wordnetid="108009834" confidence="0.8">
<denomination wordnetid="108146782" confidence="0.8">
<link xlink:type="simple" xlink:href="../055/211055.xml">
United Reformed Church</link></denomination>
</nongovernmental_organization>
</entry>
<entry level="1" type="bullet">

 Collinwood Road <nongovernmental_organization wordnetid="108009834" confidence="0.8">
<denomination wordnetid="108146782" confidence="0.8">
<link xlink:type="simple" xlink:href="../055/211055.xml">
United Reformed Church</link></denomination>
</nongovernmental_organization>
, <region wordnetid="108630985" confidence="0.8">
<village wordnetid="108672738" confidence="0.8">
<location wordnetid="100027167" confidence="0.8">
<settlement wordnetid="108672562" confidence="0.8">
<geographical_area wordnetid="108574314" confidence="0.8">
<district wordnetid="108552138" confidence="0.8">
<link xlink:type="simple" xlink:href="../920/2271920.xml">
Headington</link></district>
</geographical_area>
</settlement>
</location>
</village>
</region>
</entry>
<entry level="1" type="bullet">

 Marston <nongovernmental_organization wordnetid="108009834" confidence="0.8">
<denomination wordnetid="108146782" confidence="0.8">
<link xlink:type="simple" xlink:href="../055/211055.xml">
United Reformed Church</link></denomination>
</nongovernmental_organization>
, <artifact wordnetid="100021939" confidence="0.8">
<street wordnetid="104334599" confidence="0.8">
<way wordnetid="104564698" confidence="0.8">
<thoroughfare wordnetid="104426618" confidence="0.8">
<road wordnetid="104096066" confidence="0.8">
<link xlink:type="simple" xlink:href="../502/5180502.xml">
Marston Road</link></road>
</thoroughfare>
</way>
</street>
</artifact>
</entry>
</list>
</p>

</sec>
<sec>
<st>
Ecumenical</st>

<p>

<list>
<entry level="1" type="bullet">

 Holy Family Church, 1 Cuddesdon Way (Anglican/Methodist/Baptist/United Reformed)</entry>
</list>
</p>

</sec>
<sec>
<st>
Other denominations</st>

<p>

<list>
<entry level="1" type="bullet">

 Assemblies of God, Oxford, Bracegirdle Road</entry>
<entry level="1" type="bullet">

 <link xlink:type="simple" xlink:href="../261/385261.xml">
Calvary Chapel</link> - meets in Botley Primary school</entry>
<entry level="1" type="bullet">

 Chinese Christian Church, 15 Gorse Leas</entry>
<entry level="1" type="bullet">

 Elim Pentecostal, <artifact wordnetid="100021939" confidence="0.8">
<street wordnetid="104334599" confidence="0.8">
<way wordnetid="104564698" confidence="0.8">
<thoroughfare wordnetid="104426618" confidence="0.8">
<road wordnetid="104096066" confidence="0.8">
<link xlink:type="simple" xlink:href="../647/5328647.xml">
Botley Road</link></road>
</thoroughfare>
</way>
</street>
</artifact>
</entry>
<entry level="1" type="bullet">

 First Church of Christ, Scientist, Oxford, 36a St Giles'</entry>
<entry level="1" type="bullet">

 <language wordnetid="106282651" confidence="0.9508927676800064">
<link xlink:type="simple" xlink:href="../884/11884.xml">
German</link></language>
 <link xlink:type="simple" xlink:href="../503/18503.xml">
Lutheran</link> services at St Mary the Virgin, High Street</entry>
<entry level="1" type="bullet">

 Grace Springs Church</entry>
<entry level="1" type="bullet">

 <social_group wordnetid="107950920" confidence="0.8">
<gathering wordnetid="107975026" confidence="0.8">
<community wordnetid="108223802" confidence="0.8">
<group wordnetid="100031264" confidence="0.8">
<link xlink:type="simple" xlink:href="../193/764193.xml">
Jesus Army</link></group>
</community>
</gathering>
</social_group>
 <ref xlink:type="simple" xlink:href="#xpointer(//reflist/entry[@id=%222%22])">2</ref></entry>
<entry level="1" type="bullet">

 Living Faith international</entry>
<entry level="1" type="bullet">

 Magdalen Road Church,<ref xlink:type="simple" xlink:href="#xpointer(//reflist/entry[@id=%223%22])">3</ref> Magdalen Road</entry>
<entry level="1" type="bullet">

 Oxford <link xlink:type="simple" xlink:href="../476/218476.xml">
Unitarians</link> at <body wordnetid="107965085" confidence="0.8">
<social_group wordnetid="107950920" confidence="0.8">
<college wordnetid="108278169" confidence="0.8">
<educational_institution wordnetid="108276342" confidence="0.8">
<group wordnetid="100031264" confidence="0.8">
<institution wordnetid="108053576" confidence="0.8">
<link xlink:type="simple" xlink:href="../947/157947.xml">
Harris Manchester College</link></institution>
</group>
</educational_institution>
</college>
</social_group>
</body>
 Chapel, <link xlink:type="simple" xlink:href="../206/9429206.xml">
Mansfield Road</link></entry>
<entry level="1" type="bullet">

 Orthodox Church of the Holy Trinity and the Annuciation, 1 <artifact wordnetid="100021939" confidence="0.8">
<street wordnetid="104334599" confidence="0.8">
<way wordnetid="104564698" confidence="0.8">
<thoroughfare wordnetid="104426618" confidence="0.8">
<road wordnetid="104096066" confidence="0.8">
<link xlink:type="simple" xlink:href="../282/5322282.xml">
Canterbury Road</link></road>
</thoroughfare>
</way>
</street>
</artifact>
 (off <structure wordnetid="104341686" confidence="0.8">
<building wordnetid="102913152" confidence="0.8">
<artifact wordnetid="100021939" confidence="0.8">
<street wordnetid="104334599" confidence="0.8">
<way wordnetid="104564698" confidence="0.8">
<thoroughfare wordnetid="104426618" confidence="0.8">
<road wordnetid="104096066" confidence="0.8">
<link xlink:type="simple" xlink:href="../832/4802832.xml">
Banbury Road</link></road>
</thoroughfare>
</way>
</street>
</artifact>
</building>
</structure>
)</entry>
<entry level="1" type="bullet">

 Oxford Bible Church</entry>
<entry level="1" type="bullet">

 Oxford <link xlink:type="simple" xlink:href="../586/7586.xml">
Christadelphian</link> Church, Tyndale Road.<ref xlink:type="simple" xlink:href="#xpointer(//reflist/entry[@id=%224%22])">4</ref></entry>
<entry level="1" type="bullet">

 Oxford Community Church (OCC),<ref xlink:type="simple" xlink:href="#xpointer(//reflist/entry[@id=%225%22])">5</ref> <link xlink:type="simple" xlink:href="../005/4493005.xml">
Osney Mead</link></entry>
<entry level="1" type="bullet">

 Oxford Vineyard</entry>
<entry level="1" type="bullet">

 Redeemed Christian Church of God, Barton Neighbourhood Centre, Headington, Oxford. <ref xlink:type="simple" xlink:href="#xpointer(//reflist/entry[@id=%226%22])">6</ref></entry>
<entry level="1" type="bullet">

 <nongovernmental_organization wordnetid="108009834" confidence="0.8">
<denomination wordnetid="108146782" confidence="0.8">
<link xlink:type="simple" xlink:href="../151/4812151.xml">
Religious Society of Friends</link></denomination>
</nongovernmental_organization>
 (<link xlink:type="simple" xlink:href="../151/4812151.xml">
Quaker</link>s), 43 St Giles'</entry>
<entry level="1" type="bullet">

 <link xlink:type="simple" xlink:href="../382/15007382.xml">
Rivers of Life Church</link>,<ref xlink:type="simple" xlink:href="#xpointer(//reflist/entry[@id=%227%22])">7</ref> <artifact wordnetid="100021939" confidence="0.8">
<street wordnetid="104334599" confidence="0.8">
<way wordnetid="104564698" confidence="0.8">
<thoroughfare wordnetid="104426618" confidence="0.8">
<road wordnetid="104096066" confidence="0.8">
<link xlink:type="simple" xlink:href="../502/5180502.xml">
Marston Road</link></road>
</thoroughfare>
</way>
</street>
</artifact>
</entry>
<entry level="1" type="bullet">

 <link xlink:type="simple" xlink:href="../801/88801.xml">
Salvation Army</link>, Oxford Citadel, Albion Place</entry>
<entry level="1" type="bullet">

 <link xlink:type="simple" xlink:href="../803/1496803.xml">
Sant Nirankari Mandal</link>, <artifact wordnetid="100021939" confidence="0.8">
<street wordnetid="104334599" confidence="0.8">
<way wordnetid="104564698" confidence="0.8">
<thoroughfare wordnetid="104426618" confidence="0.8">
<road wordnetid="104096066" confidence="0.8">
<link xlink:type="simple" xlink:href="../502/5180502.xml">
Marston Road</link></road>
</thoroughfare>
</way>
</street>
</artifact>
</entry>
</list>
</p>

</sec>
<sec>
<st>
Former churches</st>

<p>

<list>
<entry level="1" type="bullet">

 <link xlink:type="simple" xlink:href="../881/5144881.xml">
St Philip and St James Church</link>, now the <body wordnetid="107965085" confidence="0.8">
<social_group wordnetid="107950920" confidence="0.8">
<group wordnetid="100031264" confidence="0.8">
<administration wordnetid="108164585" confidence="0.8">
<link xlink:type="simple" xlink:href="../875/5144875.xml">
Oxford Centre for Mission Studies</link></administration>
</group>
</social_group>
</body>
, <artifact wordnetid="100021939" confidence="0.8">
<street wordnetid="104334599" confidence="0.8">
<way wordnetid="104564698" confidence="0.8">
<thoroughfare wordnetid="104426618" confidence="0.8">
<road wordnetid="104096066" confidence="0.8">
<link xlink:type="simple" xlink:href="../944/4802944.xml">
Woodstock Road</link></road>
</thoroughfare>
</way>
</street>
</artifact>
, <region wordnetid="108630985" confidence="0.8">
<location wordnetid="100027167" confidence="0.8">
<district wordnetid="108552138" confidence="0.8">
<link xlink:type="simple" xlink:href="../018/3277018.xml">
North Oxford</link></district>
</location>
</region>
</entry>
</list>
</p>

</sec>
<sec>
<st>
References</st>


<ss1>
<st>
Notes</st>

<p>

<reflist>
<entry id="1">
<weblink xlink:type="simple" xlink:href="http://wikitravel.org/en/Oxford">
Wikitravel</weblink></entry>
<entry id="2">
<weblink xlink:type="simple" xlink:href="http://www.jesus.org.uk/oxford">
Jesus Army - Jesus Fellowship, Oxford</weblink>. Official Website. Retrieval Date: 27 June 2008.</entry>
<entry id="3">
<weblink xlink:type="simple" xlink:href="http://www.magdalenroadchurch.org">
Magdalen Road Church</weblink>. Official Website. Retrieval Date: 5 December, 2007.</entry>
<entry id="4">
<weblink xlink:type="simple" xlink:href="http://www.oxfordchristadelphians.org.uk">
Oxford Christadelphian Church.</weblink> Official Website. Retrieval Date: 5 December, 2007.</entry>
<entry id="5">
<weblink xlink:type="simple" xlink:href="http://www.occ.org.uk/oxford">
Oxford Community Church</weblink>. Official Website. Retrieval Date: December 5, 2007.</entry>
<entry id="6">
<weblink xlink:type="simple" xlink:href="http://www.oxrccg.org.uk">
http://www.oxrccg.org.uk</weblink> Official Website. Retrieval Date: October 1, 2008./</entry>
<entry id="7">
<weblink xlink:type="simple" xlink:href="http://www.riversoflife.co.uk/">
Rivers of Life Church.</weblink> Official Website. Retrieval Date: 5 December, 2007.</entry>
</reflist>
</p>

</ss1>
<ss1>
<st>
Bibliographic and other References</st>
<p>

<list>
<entry level="1" type="bullet">

<weblink xlink:type="simple" xlink:href="http://anglicansonline.org/uk-europe/england/dioceses/oxford.html">
Diocese of Oxford information.</weblink> Anglicans Online Official Website. Retrieval Date: December 5, 2007.</entry>
<entry level="1" type="bullet">

<weblink xlink:type="simple" xlink:href="http://www.oxford.anglican.org">
Oxford Diocesan Website.</weblink> Retrieval Date: 5 December, 2007.</entry>
<entry level="1" type="bullet">

<weblink xlink:type="simple" xlink:href="http://www.riversoflife.co.uk/">
Rivers of Life Church</weblink></entry>
</list>
</p>

</ss1>
</sec>
</bdy>
</church>
</article>
