<?xml version="1.0" encoding="UTF-8"?>
<!-- generated by CLiX/Wiki2XML [MPI-Inf, MMCI@UdS] $LastChangedRevision: 92 $ on 16.04.2009 18:07:31[mciao0826] -->
<!DOCTYPE article SYSTEM "../article.dtd">
<article xmlns:xlink="http://www.w3.org/1999/xlink">
<physical_entity  confidence="0.8" wordnetid="100001930">
<person  confidence="0.8" wordnetid="100007846">
<entity  confidence="0.9511911446218017" wordnetid="100001740">
<leader  confidence="0.8" wordnetid="109623038">
<administrator  confidence="0.8" wordnetid="109770949">
<performer  confidence="0.8" wordnetid="110415638">
<causal_agent  confidence="0.8" wordnetid="100007347">
<actor  confidence="0.8" wordnetid="109765278">
<head  confidence="0.8" wordnetid="110162991">
<director  confidence="0.8" wordnetid="110014939">
<entertainer  confidence="0.8" wordnetid="109616922">
<header>
<title>Amjad Khan</title>
<id>1096019</id>
<revision>
<id>244164429</id>
<timestamp>2008-10-09T16:39:51Z</timestamp>
<contributor>
<username>Proofreader77</username>
<id>6572180</id>
</contributor>
</revision>
<categories>
<category>1940 births</category>
<category>Indian film actors</category>
<category>Indian Muslims</category>
<category>Indian actors</category>
<category>1992 deaths</category>
<category>Indian film directors</category>
</categories>
</header>
<bdy>

For the cricket player, see <physical_entity wordnetid="100001930" confidence="0.8">
<cricketer wordnetid="109977326" confidence="0.8">
<person wordnetid="100007846" confidence="0.8">
<contestant wordnetid="109613191" confidence="0.8">
<causal_agent wordnetid="100007347" confidence="0.8">
<athlete wordnetid="109820263" confidence="0.8">
<link xlink:type="simple" xlink:href="../011/3536011.xml">
Amjad Khan (cricketer)</link></athlete>
</causal_agent>
</contestant>
</person>
</cricketer>
</physical_entity>
.
For the squash player, see <physical_entity wordnetid="100001930" confidence="0.8">
<person wordnetid="100007846" confidence="0.8">
<player wordnetid="110439851" confidence="0.8">
<contestant wordnetid="109613191" confidence="0.8">
<causal_agent wordnetid="100007347" confidence="0.8">
<link xlink:type="simple" xlink:href="../957/13212957.xml">
Amjad Khan (squash)</link></causal_agent>
</contestant>
</player>
</person>
</physical_entity>
.
<image location="right" width="150px" src="Sholay.jpg" type="thumbnail">
<caption>

Amjad Khan (top), <movie wordnetid="106613686" confidence="0.9508927676800064">
<link xlink:type="simple" xlink:href="../216/648216.xml">
Sholay</link></movie>
 (1975)
</caption>
</image>
<p>

<b>Amjad Khan</b> (<link xlink:type="simple" xlink:href="../117/15295117.xml">
Hindi</link>: अमजद खान, <link xlink:type="simple" xlink:href="../631/21631.xml">
12 November</link> <link xlink:type="simple" xlink:href="../708/34708.xml">
1940</link> – <link xlink:type="simple" xlink:href="../922/15922.xml">
27 July</link> <link xlink:type="simple" xlink:href="../669/34669.xml">
1992</link>) was an acclaimed <country wordnetid="108544813" confidence="0.9508927676800064">
<link xlink:type="simple" xlink:href="../533/14533.xml">
India</link></country>
n <link xlink:type="simple" xlink:href="../753/753.xml">
actor</link> and <link xlink:type="simple" xlink:href="../181/506181.xml">
director</link> He worked in over 130 films in his film career spanning nearly twenty years. He enjoyed iconic popularity for his <link xlink:type="simple" xlink:href="../515/254515.xml">
villain</link> roles in <link xlink:type="simple" xlink:href="../117/15295117.xml">
Hindi language</link> films — he is most famous for playing the role of the <link xlink:type="simple" xlink:href="../121/9121.xml">
dacoit</link> <it><physical_entity wordnetid="100001930" confidence="0.8">
<person wordnetid="100007846" confidence="0.8">
<principal wordnetid="110474950" confidence="0.8">
<wrongdoer wordnetid="109633969" confidence="0.8">
<criminal wordnetid="109977660" confidence="0.8">
<fictional_character wordnetid="109587565" confidence="0.8">
<imaginary_being wordnetid="109483738" confidence="0.8">
<causal_agent wordnetid="100007347" confidence="0.8">
<bad_person wordnetid="109831962" confidence="0.8">
<link xlink:type="simple" xlink:href="../134/12923134.xml">
Gabbar Singh</link></bad_person>
</causal_agent>
</imaginary_being>
</fictional_character>
</criminal>
</wrongdoer>
</principal>
</person>
</physical_entity>
</it> in <it><movie wordnetid="106613686" confidence="0.9508927676800064">
<link xlink:type="simple" xlink:href="../216/648216.xml">
Sholay</link></movie>
</it> (1975).</p>

<sec>
<st>
Early life</st>
<p>

Amjad Khan the son of legendary actor <physical_entity wordnetid="100001930" confidence="0.8">
<person wordnetid="100007846" confidence="0.8">
<performer wordnetid="110415638" confidence="0.8">
<causal_agent wordnetid="100007347" confidence="0.8">
<actor wordnetid="109765278" confidence="0.8">
<entertainer wordnetid="109616922" confidence="0.8">
<link xlink:type="simple" xlink:href="../937/3926937.xml">
Jayant</link></entertainer>
</actor>
</causal_agent>
</performer>
</person>
</physical_entity>
 was born in <region wordnetid="108630985" confidence="0.8">
<administrative_district wordnetid="108491826" confidence="0.8">
<village wordnetid="108672738" confidence="0.8">
<location wordnetid="100027167" confidence="0.8">
<municipality wordnetid="108626283" confidence="0.8">
<settlement wordnetid="108672562" confidence="0.8">
<geographical_area wordnetid="108574314" confidence="0.8">
<district wordnetid="108552138" confidence="0.8">
<urban_area wordnetid="108675967" confidence="0.8">
<city wordnetid="108524735" confidence="0.8">
<link xlink:type="simple" xlink:href="../534/37534.xml">
Hyderabad</link></city>
</urban_area>
</district>
</geographical_area>
</settlement>
</municipality>
</location>
</village>
</administrative_district>
</region>
 in 1940 to <link xlink:type="simple" xlink:href="../541/19541.xml">
Muslim</link> parents. He was the brother of fellow actor <link xlink:type="simple" xlink:href="../045/19408045.xml">
Imtiaz Khan</link> and <physical_entity wordnetid="100001930" confidence="0.8">
<mystic wordnetid="110343554" confidence="0.8">
<person wordnetid="100007846" confidence="0.8">
<causal_agent wordnetid="100007347" confidence="0.8">
<religious_person wordnetid="109628382" confidence="0.8">
<believer wordnetid="109847727" confidence="0.8">
<link xlink:type="simple" xlink:href="../459/53459.xml">
Inayat Khan</link></believer>
</religious_person>
</causal_agent>
</person>
</mystic>
</physical_entity>
 who only acted in one film. In 1957, he was cast in the movie <it>Ab Dili Dur Nahin</it>, as a child artist. Around 1972, he married Sheila Khan, and the following year, she gave birth to their first child, <physical_entity wordnetid="100001930" confidence="0.8">
<person wordnetid="100007846" confidence="0.8">
<performer wordnetid="110415638" confidence="0.8">
<causal_agent wordnetid="100007347" confidence="0.8">
<actor wordnetid="109765278" confidence="0.8">
<entertainer wordnetid="109616922" confidence="0.8">
<link xlink:type="simple" xlink:href="../798/11384798.xml">
Shadaab Khan</link></entertainer>
</actor>
</causal_agent>
</performer>
</person>
</physical_entity>
, who acted in a few films only. He also had a daughter Ahlam Khan and son <link xlink:type="simple" xlink:href="../019/1096019.xml">
Seemaab Khan</link>.</p>
<p>

Amjad Khan did schooling at St Theresa's High School , Bandra. He attended R D National College in Bandra and was the General Secretary - the highest elected student body representative. He had already gained a reputation of being a heavyweight "dada" and was feared and respected.</p>

</sec>
<sec>
<st>
Career</st>
<p>

Before Amjad came to films he was a theatre actor. His first film was as a child artist at the age of 17 in the film <it><movie wordnetid="106613686" confidence="0.9508927676800064">
<link xlink:type="simple" xlink:href="../217/9022217.xml">
Ab Dilli Dur Nahin</link></movie>
</it> (1957). He had assisted <film_director wordnetid="110088200" confidence="0.9173553029164789">
<person wordnetid="100007846" confidence="0.9508927676800064">
<actor wordnetid="109765278" confidence="0.9508927676800064">
<link xlink:type="simple" xlink:href="../786/6444786.xml">
K. Asif</link></actor>
</person>
</film_director>
 in the film <it><link>
Love and God</link></it> in the late 1960s and had also made a brief appearance in the film which would have been his official film debut. But the film was left incomplete after <film_director wordnetid="110088200" confidence="0.9173553029164789">
<person wordnetid="100007846" confidence="0.9508927676800064">
<actor wordnetid="109765278" confidence="0.9508927676800064">
<link xlink:type="simple" xlink:href="../786/6444786.xml">
K. Asif</link></actor>
</person>
</film_director>
's death in 1971 and it ended up releasing in 1986. In 1973, he made his film debut in <it><movie wordnetid="106613686" confidence="0.9508927676800064">
<link xlink:type="simple" xlink:href="../292/9538292.xml">
Hindustan Ki Kasam</link></movie>
</it> (1973).</p>
<p>

In 1975 he was offered the role of a dacoit Gabbar Singh for the film <it><movie wordnetid="106613686" confidence="0.9508927676800064">
<link xlink:type="simple" xlink:href="../216/648216.xml">
Sholay</link></movie>
</it> (meaning <it>flames</it>) by <physical_entity wordnetid="100001930" confidence="0.8">
<communicator wordnetid="109610660" confidence="0.8">
<person wordnetid="100007846" confidence="0.8">
<performer wordnetid="110415638" confidence="0.8">
<screenwriter wordnetid="110564400" confidence="0.8">
<causal_agent wordnetid="100007347" confidence="0.8">
<scriptwriter wordnetid="110564905" confidence="0.8">
<actor wordnetid="109765278" confidence="0.8">
<writer wordnetid="110794014" confidence="0.8">
<entertainer wordnetid="109616922" confidence="0.8">
<link xlink:type="simple" xlink:href="../616/2586616.xml">
Salim</link></entertainer>
</writer>
</actor>
</scriptwriter>
</causal_agent>
</screenwriter>
</performer>
</person>
</communicator>
</physical_entity>
 who was one of the film's writers. For his preparation for the role Amjad read <it>Abhishapth Chambal</it>, a book on <link xlink:type="simple" xlink:href="../460/1979460.xml">
Chambal</link> dacoits written by <link>
Taroon Kumar Bhaduri</link> (actress <link xlink:type="simple" xlink:href="../400/1133400.xml">
Jaya Bhaduri</link>'s father). Amjad shot to stardom with the movie. His portrayal of Gabbar Singh is considered by many to be the first depiction of pure evil on the screen in <link xlink:type="simple" xlink:href="../402/402402.xml">
Indian Cinema</link>; a totally evil character who doesn't make excuses for its evil. </p>
<p>

The movie <it>Sholay</it> is one of the all time blockbuster movies in India and one of the highest earners, and although the movie had a cast of superstars including <person wordnetid="100007846" confidence="0.9508927676800064">
<singer wordnetid="110599806" confidence="0.9173553029164789">
<film_maker wordnetid="110088390" confidence="0.9173553029164789">
<actor wordnetid="109765278" confidence="0.9173553029164789">
<link xlink:type="simple" xlink:href="../828/1828.xml">
Amitabh Bachchan</link></actor>
</film_maker>
</singer>
</person>
 and <politician wordnetid="110451263" confidence="0.9173553029164789">
<actor wordnetid="109765278" confidence="0.9173553029164789">
<link xlink:type="simple" xlink:href="../817/539817.xml">
Dharmendra</link></actor>
</politician>
 the most memorable character was considered to be that of Gabbar Singh. Amjad Khan later appeared in advertisements as Gabbar Singh endorsing Brittania biscuits, and it was the first incidence of a villain being used to sell a popular product.</p>
<p>

After the success of <it>Sholay</it> Khan continued to play villain roles in many subsequent Hindi films in the 1970s, 1980s and early 1990s - superseding, in terms of popularity and demand, the earlier Indian actor, <celebrity wordnetid="109903153" confidence="0.9508927676800064">
<actor wordnetid="109765278" confidence="0.9173553029164789">
<link xlink:type="simple" xlink:href="../812/2322812.xml">
Ajit</link></actor>
</celebrity>
 - portraying more sophisticated and urbane criminal bosses, mastermind of bank robberies, murders and conspiracies to seize power. He often acted as villain opposite <person wordnetid="100007846" confidence="0.9508927676800064">
<singer wordnetid="110599806" confidence="0.9173553029164789">
<film_maker wordnetid="110088390" confidence="0.9173553029164789">
<actor wordnetid="109765278" confidence="0.9173553029164789">
<link xlink:type="simple" xlink:href="../828/1828.xml">
Amitabh Bachchan</link></actor>
</film_maker>
</singer>
</person>
 as the hero.</p>
<p>

Khan was also acclaimed for playing many other unconventional roles. In the critically acclaimed film <it><link xlink:type="simple" xlink:href="../109/1407109.xml">
Shatranj Ke Khiladi</link></it> (1977), directed by <link xlink:type="simple" xlink:href="../424/18933424.xml">
Satyajit Ray</link>, Khan played the helpless and deluded monarch <sovereign wordnetid="110628644" confidence="0.9508927676800064">
<link xlink:type="simple" xlink:href="../125/3120125.xml">
Wajid Ali Shah</link></sovereign>
, whose kingdom, <link xlink:type="simple" xlink:href="../078/392078.xml">
Avadh</link>, is being targeted by British colonialists from the <link xlink:type="simple" xlink:href="../281/43281.xml">
British East India Company</link>. He played his only positive roles opposite Amitabh Bachchan in <it><movie wordnetid="106613686" confidence="0.9508927676800064">
<link xlink:type="simple" xlink:href="../634/9892634.xml">
Yaarana</link></movie>
</it> (1981) where he played Bachchan's character's best friend and in <it><link xlink:type="simple" xlink:href="../005/9057005.xml">
Laawaris</link></it> as Amitabh's father. In the <link xlink:type="simple" xlink:href="../784/540784.xml">
art film</link> <it><movie wordnetid="106613686" confidence="0.9508927676800064">
<link xlink:type="simple" xlink:href="../560/11337560.xml">
Utsav</link></movie>
</it> (1984), he portrayed <link xlink:type="simple" xlink:href="../780/740780.xml">
Vatsayana</link>, the author of the <it><link xlink:type="simple" xlink:href="../559/42559.xml">
Kama Sutra</link></it>. In 1988 he appeared in the <link xlink:type="simple" xlink:href="../901/298901.xml">
Merchant-Ivory</link> <language wordnetid="106282651" confidence="0.8">
<link xlink:type="simple" xlink:href="../916/8569916.xml">
English</link></language>
 film <it><link xlink:type="simple" xlink:href="../320/12664320.xml">
The Perfect Murder</link></it> as an underworld don. He also played comic characters in films such as <it><movie wordnetid="106613686" confidence="0.9508927676800064">
<link xlink:type="simple" xlink:href="../268/5008268.xml">
Qurbani</link></movie>
</it> (1980) and <it><movie wordnetid="106613686" confidence="0.9508927676800064">
<link xlink:type="simple" xlink:href="../006/13074006.xml">
Chameli Ki Shaadi</link></movie>
</it> (1986). In 1991, he again played Gabbar Singh in <it><movie wordnetid="106613686" confidence="0.9508927676800064">
<link xlink:type="simple" xlink:href="../565/9099565.xml">
Ramgarh Ke Sholay</link></movie>
</it>, a <link xlink:type="simple" xlink:href="../192/18960192.xml">
parody</link> of the legendary film which also included a look-alike of <person wordnetid="100007846" confidence="0.9508927676800064">
<singer wordnetid="110599806" confidence="0.9173553029164789">
<film_maker wordnetid="110088390" confidence="0.9173553029164789">
<actor wordnetid="109765278" confidence="0.9173553029164789">
<link xlink:type="simple" xlink:href="../828/1828.xml">
Amitabh Bachchan</link></actor>
</film_maker>
</singer>
</person>
 and <link xlink:type="simple" xlink:href="../152/396152.xml">
Dev Anand</link>. </p>
<p>

He also ventured into directing for a brief period in the 1980s directing and also starring in <it><link>
Chor Police</link></it> (1983) and <it><link>
Ameer Aadmi Gareeb Aadmi</link></it> (1985) but both films failed to do well at the box office.</p>
<p>

Amjad was also the President of the Actor's GUILD association. As mentioned earlier, he had been a leader in college and was respected in the film industry too. He would intervene and negotiate disputes between actors and directors/producers. There was one such dispute in which Dimple Kapadia had agreed to play a role of a mother in a movie and later backed down. The entire film producer community tried to boycott her. Amjad did intervene on behalf of the actor's guild.</p>

</sec>
<sec>
<st>
Death</st>
<p>

In 1976, he had met with a near fatal accident on the Bombay-Goa road, when he drove his car into a tree while trying to avoid a boulder. The drugs administered to him for treatment caused a serious weight problem for the rest of his life. As a result of his increasing weight he died in 1992 after suffering from a <link xlink:type="simple" xlink:href="../930/249930.xml">
heart failure</link> at the age of 51.</p>
<p>

Several of the films he had completed when he was alive were released after his death - right until 1996.</p>
<p>

His funeral procession passed from his house in Pali Hill to the <link xlink:type="simple" xlink:href="../541/19541.xml">
Muslim</link> Burial in Bandra East. All major movie stars at that time attended and could be seen walking through the narrow lanes of Bandra.</p>

</sec>
<sec>
<st>
Selected Filmography</st>

<p>

<indent level="1">

<it>Main article: <link xlink:type="simple" xlink:href="../301/7342301.xml">
Amjad Khan (filmography)</link></it>
</indent>
===Actor===
<list>
<entry level="1" type="bullet">

 <it><movie wordnetid="106613686" confidence="0.9508927676800064">
<link xlink:type="simple" xlink:href="../331/8053331.xml">
Rudaali</link></movie>
</it> (1993)</entry>
<entry level="1" type="bullet">

 <it><movie wordnetid="106613686" confidence="0.9508927676800064">
<link xlink:type="simple" xlink:href="../084/2776084.xml">
In Custody</link></movie>
</it> (1993)</entry>
<entry level="1" type="bullet">

<it><movie wordnetid="106613686" confidence="0.9508927676800064">
<link xlink:type="simple" xlink:href="../565/9099565.xml">
Ramgarh Ke Sholay</link></movie>
</it> (1991)</entry>
<entry level="1" type="bullet">

<it><movie wordnetid="106613686" confidence="0.9508927676800064">
<link xlink:type="simple" xlink:href="../197/2775197.xml">
Love</link></movie>
</it> (1991)</entry>
<entry level="1" type="bullet">

<it><movie wordnetid="106613686" confidence="0.9508927676800064">
<link xlink:type="simple" xlink:href="../705/12320705.xml">
Lekin</link></movie>
</it> (1990)</entry>
<entry level="1" type="bullet">

<it><link xlink:type="simple" xlink:href="../320/12664320.xml">
The Perfect Murder</link></it> (1988)</entry>
<entry level="1" type="bullet">

<it><movie wordnetid="106613686" confidence="0.9508927676800064">
<link xlink:type="simple" xlink:href="../195/9127195.xml">
Vikram</link></movie>
</it> (1986)</entry>
<entry level="1" type="bullet">

<it><movie wordnetid="106613686" confidence="0.9508927676800064">
<link xlink:type="simple" xlink:href="../006/13074006.xml">
Chameli Ki Shaadi</link></movie>
</it> (1986)</entry>
<entry level="1" type="bullet">

<it><movie wordnetid="106613686" confidence="0.9508927676800064">
<link xlink:type="simple" xlink:href="../560/11337560.xml">
Utsav</link></movie>
</it> (1984)</entry>
<entry level="1" type="bullet">

<it><movie wordnetid="106613686" confidence="0.9508927676800064">
<link xlink:type="simple" xlink:href="../183/11448183.xml">
Bindiya Chamkegi</link></movie>
</it> (1984)</entry>
<entry level="1" type="bullet">

<it><movie wordnetid="106613686" confidence="0.9508927676800064">
<link xlink:type="simple" xlink:href="../749/11055749.xml">
Nastik</link></movie>
</it> (1983)</entry>
<entry level="1" type="bullet">

<it><movie wordnetid="106613686" confidence="0.9508927676800064">
<link xlink:type="simple" xlink:href="../849/10619849.xml">
Mahaan</link></movie>
</it> (1983)</entry>
<entry level="1" type="bullet">

 <it><movie wordnetid="106613686" confidence="0.9508927676800064">
<link xlink:type="simple" xlink:href="../413/4980413.xml">
Satte Pe Satta</link></movie>
</it> (1982)</entry>
<entry level="1" type="bullet">

 <it><movie wordnetid="106613686" confidence="0.9508927676800064">
<link xlink:type="simple" xlink:href="../647/8220647.xml">
Desh Premee</link></movie>
</it> (1982)</entry>
<entry level="1" type="bullet">

 <it><movie wordnetid="106613686" confidence="0.9508927676800064">
<link xlink:type="simple" xlink:href="../471/10595471.xml">
Kaalia</link></movie>
</it> (1981)</entry>
<entry level="1" type="bullet">

 <it><movie wordnetid="106613686" confidence="0.9508927676800064">
<link xlink:type="simple" xlink:href="../970/10645970.xml">
Rocky</link></movie>
</it> (1981)</entry>
<entry level="1" type="bullet">

 <it><movie wordnetid="106613686" confidence="0.9508927676800064">
<link xlink:type="simple" xlink:href="../005/9057005.xml">
Lawaaris</link></movie>
</it> (1981)</entry>
<entry level="1" type="bullet">

 <it><movie wordnetid="106613686" confidence="0.9508927676800064">
<link xlink:type="simple" xlink:href="../221/5177221.xml">
Katilon Ke Kaatil</link></movie>
</it> (1981)</entry>
<entry level="1" type="bullet">

 <it><movie wordnetid="106613686" confidence="0.9508927676800064">
<link xlink:type="simple" xlink:href="../634/9892634.xml">
Yaarana</link></movie>
</it> (1981)</entry>
<entry level="1" type="bullet">

 <it><movie wordnetid="106613686" confidence="0.9508927676800064">
<link xlink:type="simple" xlink:href="../544/5114544.xml">
Barsaat Ki Ek Raat</link></movie>
</it> (1981)</entry>
<entry level="1" type="bullet">

 <it><link xlink:type="simple" xlink:href="../126/10593126.xml">
Naseeb</link></it> (1981)</entry>
<entry level="1" type="bullet">

 <it><movie wordnetid="106613686" confidence="0.9508927676800064">
<link xlink:type="simple" xlink:href="../349/10373349.xml">
Zamane Ko Dikhana Hai</link></movie>
</it> (1981)</entry>
<entry level="1" type="bullet">

 <it><link>
Maan Gaye Ustad</link></it> (1981)</entry>
<entry level="1" type="bullet">

 <it><movie wordnetid="106613686" confidence="0.9508927676800064">
<link xlink:type="simple" xlink:href="../100/9713100.xml">
Love Story</link></movie>
</it> (1981)</entry>
<entry level="1" type="bullet">

 <it><movie wordnetid="106613686" confidence="0.9508927676800064">
<link xlink:type="simple" xlink:href="../268/5008268.xml">
Qurbani</link></movie>
</it> (1980)</entry>
<entry level="1" type="bullet">

 <it><movie wordnetid="106613686" confidence="0.9508927676800064">
<link xlink:type="simple" xlink:href="../601/5420601.xml">
Ram Balram</link></movie>
</it> (1980)</entry>
<entry level="1" type="bullet">

 <it><movie wordnetid="106613686" confidence="0.9508927676800064">
<link xlink:type="simple" xlink:href="../291/11235291.xml">
Ahsaas</link></movie>
</it> (1979)</entry>
<entry level="1" type="bullet">

 <it><link xlink:type="simple" xlink:href="../400/16455400.xml">
Suhaag</link></it> (1979)</entry>
<entry level="1" type="bullet">

 <it><movie wordnetid="106613686" confidence="0.9508927676800064">
<link xlink:type="simple" xlink:href="../974/10617974.xml">
Mr. Natwarlal</link></movie>
</it> (1979)</entry>
<entry level="1" type="bullet">

 <it><movie wordnetid="106613686" confidence="0.9508927676800064">
<link xlink:type="simple" xlink:href="../524/5089524.xml">
Muqaddar Ka Sikander</link></movie>
</it> (1978)</entry>
<entry level="1" type="bullet">

 <it><movie wordnetid="106613686" confidence="0.9508927676800064">
<link xlink:type="simple" xlink:href="../209/10618209.xml">
Ganga Ki Saugandh</link></movie>
</it> (1978)</entry>
<entry level="1" type="bullet">

 <it><movie wordnetid="106613686" confidence="0.9508927676800064">
<link xlink:type="simple" xlink:href="../523/10616523.xml">
Des Pardes</link></movie>
</it> (1978)</entry>
<entry level="1" type="bullet">

<it> <movie wordnetid="106613686" confidence="0.9508927676800064">
<link xlink:type="simple" xlink:href="../089/5179089.xml">
Kasme Vaade</link></movie>
</it> (1978)</entry>
<entry level="1" type="bullet">

<it> <movie wordnetid="106613686" confidence="0.9508927676800064">
<link xlink:type="simple" xlink:href="../996/5178996.xml">
Parvarish</link></movie>
</it> (1977)</entry>
<entry level="1" type="bullet">

 <it><link xlink:type="simple" xlink:href="../109/1407109.xml">
Shatranj Ke Khiladi</link></it> (1977)</entry>
<entry level="1" type="bullet">

 <it><movie wordnetid="106613686" confidence="0.9508927676800064">
<link xlink:type="simple" xlink:href="../194/5117194.xml">
Hum Kisi Se Kum Nahin</link></movie>
</it> (1977)</entry>
<entry level="1" type="bullet">

 <it><movie wordnetid="106613686" confidence="0.9508927676800064">
<link xlink:type="simple" xlink:href="../256/10891256.xml">
Ginny Aur Johnny</link></movie>
</it> (1976)</entry>
<entry level="1" type="bullet">

 <it><movie wordnetid="106613686" confidence="0.9508927676800064">
<link xlink:type="simple" xlink:href="../216/648216.xml">
Sholay</link></movie>
</it> (1975)</entry>
<entry level="1" type="bullet">

 <it><movie wordnetid="106613686" confidence="0.9508927676800064">
<link xlink:type="simple" xlink:href="../292/9538292.xml">
Hindustan Ki Kasam</link></movie>
</it> (1973)</entry>
<entry level="1" type="bullet">

 <it><movie wordnetid="106613686" confidence="0.9508927676800064">
<link xlink:type="simple" xlink:href="../217/9022217.xml">
Ab Dilli Dur Nahin</link></movie>
</it> (1957)</entry>
</list>
</p>

<ss1>
<st>
Director</st>
<p>

<list>
<entry level="1" type="bullet">

<it><link>
Ameer Aadmi Gareeb Aadmi</link></it> (1985)</entry>
<entry level="1" type="bullet">

<it><link>
Chor Police</link></it> (1983)</entry>
</list>
</p>

</ss1>
</sec>
<sec>
<st>
External links</st>
<p>

<list>
<entry level="1" type="bullet">

 <weblink xlink:type="simple" xlink:href="http://www.imdb.com/name/nm0451166/">
Amjad Khan</weblink> at the <web_site wordnetid="106359193" confidence="0.9508927676800064">
<link xlink:type="simple" xlink:href="../554/2855554.xml">
Internet Movie Database</link></web_site>
</entry>
</list>
</p>



</sec>
</bdy>
</entertainer>
</director>
</head>
</actor>
</causal_agent>
</performer>
</administrator>
</leader>
</entity>
</person>
</physical_entity>
</article>
