<?xml version="1.0" encoding="UTF-8"?>
<!-- generated by CLiX/Wiki2XML [MPI-Inf, MMCI@UdS] $LastChangedRevision: 92 $ on 16.04.2009 18:06:58[mciao0827] -->
<!DOCTYPE article SYSTEM "../article.dtd">
<article xmlns:xlink="http://www.w3.org/1999/xlink">
<actor  confidence="0.9508927676800064" wordnetid="109765278">
<header>
<title>Carolyn McCormick</title>
<id>1097306</id>
<revision>
<id>243155072</id>
<timestamp>2008-10-05T11:28:27Z</timestamp>
<contributor>
<username>Savolya</username>
<id>6014161</id>
</contributor>
</revision>
<categories>
<category>1959 births</category>
<category>Articles to be expanded since January 2008</category>
<category>American voice actors</category>
<category>American television actors</category>
<category>Living people</category>
<category>Articles with invalid date parameter in template</category>
<category>People from Midland, Texas</category>
<category>All articles to be expanded</category>
<category>American stage actors</category>
</categories>
</header>
<bdy>
<template>
<name>Infobox actor</name>
<parameters>

<image width="150px" src="">
</image>
<birthplace>
<village wordnetid="108672738" confidence="0.9508927676800064">
<link xlink:type="simple" xlink:href="../222/151222.xml">
Midland, Texas</link></village>
, <body wordnetid="107965085" confidence="0.8">
<social_group wordnetid="107950920" confidence="0.8">
<political_orientation wordnetid="106212839" confidence="0.8">
<colony wordnetid="108374049" confidence="0.8">
<state wordnetid="108168978" confidence="0.8">
<political_unit wordnetid="108359949" confidence="0.8">
<group wordnetid="100031264" confidence="0.8">
<democracy wordnetid="106217103" confidence="0.8">
<link xlink:type="simple" xlink:href="../750/3434750.xml">
United States</link></democracy>
</group>
</political_unit>
</state>
</colony>
</political_orientation>
</social_group>
</body>
</birthplace>
<name>
Carolyn McCormick</name>
<birthdate>
September 19, 1959 (1959-09-19) (age&nbsp;49)</birthdate>
<birthname>
Carolyn Inez McCormick</birthname>
</parameters>
</template>

<p>

<table class="metadata plainlinks ambox ">
<row>
<col>

ambox-notice" style=""</col>
</row>
<row>
<col class="mbox-image"><p>

<image width="44px" src="Wiki_letter_w.svg">
</image>
</p>
</col>
<col style="" class="mbox-text">
 <b>Please help <weblink xlink:type="simple" xlink:href="http://localhost:18088/wiki/index.php?title=Carolyn_McCormick&amp;action=edit">
improve this article or section</weblink> by expanding it.</b> Further information might be found on the  or at . 
<it>(January 2008)''</it></col>
</row>
</table>

</p>

<p>

<b>Carolyn Inez McCormick</b> (born <link xlink:type="simple" xlink:href="../147/28147.xml">
September 19</link>, <link xlink:type="simple" xlink:href="../662/34662.xml">
1959</link>) is an American <link xlink:type="simple" xlink:href="../753/753.xml">
actress</link>.</p>
<p>

McCormick was born in <village wordnetid="108672738" confidence="0.9508927676800064">
<link xlink:type="simple" xlink:href="../222/151222.xml">
Midland, Texas</link></village>
 to a father who owned an oil drilling company.<ref xlink:type="simple" xlink:href="#xpointer(//reflist/entry[@id=%221%22])">1</ref> She graduated from <university wordnetid="108286163" confidence="0.9508927676800064">
<link xlink:type="simple" xlink:href="../105/34105.xml">
Williams College</link></university>
 in 1981 with a B.A. in theatre. She also holds a <link xlink:type="simple" xlink:href="../486/894486.xml">
M.F.A.</link> from the American Conservatory Theater in San Francisco. She has worked in <link xlink:type="simple" xlink:href="../831/29831.xml">
television</link>, <link xlink:type="simple" xlink:href="../571/10571.xml">
movies</link>, <link xlink:type="simple" xlink:href="../776/29776.xml">
theatre</link> and <link xlink:type="simple" xlink:href="../673/95673.xml">
voice acting</link>. Her "break" into television was on  in the 1980s.  She had appeared as the holodeck simulation <link xlink:type="simple" xlink:href="../004/654004.xml">
Minuet</link> in "<music wordnetid="107020895" confidence="0.8">
<episode wordnetid="106396330" confidence="0.8">
<auditory_communication wordnetid="107109019" confidence="0.8">
<written_communication wordnetid="106349220" confidence="0.8">
<writing wordnetid="106362953" confidence="0.8">
<section wordnetid="106392001" confidence="0.8">
<link xlink:type="simple" xlink:href="../004/654004.xml">
11001001</link></section>
</writing>
</written_communication>
</auditory_communication>
</episode>
</music>
", a first-season episode of , and later as Minuet Riker (<fictional_character wordnetid="109587565" confidence="0.8">
<imaginary_being wordnetid="109483738" confidence="0.8">
<link xlink:type="simple" xlink:href="../142/51142.xml">
Will Riker's</link></imaginary_being>
</fictional_character>
 wife) in a fantasy-alternate universe during the fourth season episode "<music wordnetid="107020895" confidence="0.8">
<episode wordnetid="106396330" confidence="0.8">
<auditory_communication wordnetid="107109019" confidence="0.8">
<written_communication wordnetid="106349220" confidence="0.8">
<writing wordnetid="106362953" confidence="0.8">
<section wordnetid="106392001" confidence="0.8">
<link xlink:type="simple" xlink:href="../969/562969.xml">
Future Imperfect</link></section>
</writing>
</written_communication>
</auditory_communication>
</episode>
</music>
".The role she would become best known for was on NBC network as <physical_entity wordnetid="100001930" confidence="0.8">
<person wordnetid="100007846" confidence="0.8">
<fictional_character wordnetid="109587565" confidence="0.8">
<imaginary_being wordnetid="109483738" confidence="0.8">
<causal_agent wordnetid="100007347" confidence="0.8">
<scientist wordnetid="110560637" confidence="0.8">
<psychologist wordnetid="110488865" confidence="0.8">
<link xlink:type="simple" xlink:href="../242/2736242.xml">
Dr. Elizabeth Olivet</link></psychologist>
</scientist>
</causal_agent>
</imaginary_being>
</fictional_character>
</person>
</physical_entity>
 on <it><series wordnetid="108457976" confidence="0.9508927676800064">
<link xlink:type="simple" xlink:href="../629/173629.xml">
Law &amp; Order</link></series>
</it> during 1991 to 1997. In 1997, she played the the unhappy wife of a police psychiatrist played by Robert Pastorelli in the short-lived Americanized version of the British series <it><link xlink:type="simple" xlink:href="../982/5982.xml">
Cracker</link></it>.<ref xlink:type="simple" xlink:href="#xpointer(//reflist/entry[@id=%222%22])">2</ref></p>
<p>

She appeared at the Cherry Hill Theatre in <region wordnetid="108630985" confidence="0.8">
<administrative_district wordnetid="108491826" confidence="0.8">
<location wordnetid="100027167" confidence="0.8">
<district wordnetid="108552138" confidence="0.8">
<country wordnetid="108544813" confidence="0.8">
<link xlink:type="simple" xlink:href="../131/8210131.xml">
New York</link></country>
</district>
</location>
</administrative_district>
</region>
 in "Eve-olution" with <it><series wordnetid="108457976" confidence="0.9508927676800064">
<link xlink:type="simple" xlink:href="../325/170325.xml">
The Cosby Show</link></series>
</it> star <actor wordnetid="109765278" confidence="0.9508927676800064">
<link xlink:type="simple" xlink:href="../346/921346.xml">
Sabrina Le Beauf</link></actor>
.</p>
<p>

Married to Byron Jennings, actor, who appeared with McCormick in <it><movie wordnetid="106613686" confidence="0.9508927676800064">
<link xlink:type="simple" xlink:href="../981/4856981.xml">
A Simple Twist of Fate</link></movie>
</it> (1994) film.</p>

<sec>
<st>
Filmography</st>
<p>

<list>
<entry level="1" type="bullet">

  (1985) – Asst. Dist. Atty. Rita Fiore (season 2)</entry>
<entry level="1" type="bullet">

 <it><movie wordnetid="106613686" confidence="0.9508927676800064">
<link xlink:type="simple" xlink:href="../691/6276691.xml">
Enemy Mine</link></movie>
</it> (1985) – Morse</entry>
<entry level="1" type="bullet">

 <it><series wordnetid="108457976" confidence="0.9508927676800064">
<link xlink:type="simple" xlink:href="../629/173629.xml">
Law &amp; Order</link></series>
</it> (1990) – <physical_entity wordnetid="100001930" confidence="0.8">
<person wordnetid="100007846" confidence="0.8">
<fictional_character wordnetid="109587565" confidence="0.8">
<imaginary_being wordnetid="109483738" confidence="0.8">
<causal_agent wordnetid="100007347" confidence="0.8">
<scientist wordnetid="110560637" confidence="0.8">
<psychologist wordnetid="110488865" confidence="0.8">
<link xlink:type="simple" xlink:href="../242/2736242.xml">
Dr. Elizabeth Olivet</link></psychologist>
</scientist>
</causal_agent>
</imaginary_being>
</fictional_character>
</person>
</physical_entity>
 (1991 – 1997, 2002-)</entry>
<entry level="1" type="bullet">

 <it><link xlink:type="simple" xlink:href="../592/798592.xml">
Cracker</link></it> (1997) – Judith Fitzgerald</entry>
<entry level="1" type="bullet">

 <it><event wordnetid="100029378" confidence="0.8">
<social_event wordnetid="107288639" confidence="0.8">
<contest wordnetid="107456188" confidence="0.8">
<game wordnetid="100456199" confidence="0.8">
<psychological_feature wordnetid="100023100" confidence="0.8">
<link xlink:type="simple" xlink:href="../484/8484.xml">
Deus Ex</link></psychological_feature>
</game>
</contest>
</social_event>
</event>
</it> (2000) – Anna Navarre/Maggie Chow Other female characters (as Carolyn McCormack) (voice)</entry>
<entry level="1" type="bullet">

 <it>Women Docs</it> (2001) – Narrator (voice)</entry>
<entry level="1" type="bullet">

 <it>Emmett's Mark</it> (2002) – Mrs. Carlin</entry>
<entry level="1" type="bullet">

 <it>This Is Not a Chair</it> (2002) – Mrs. Morrison</entry>
<entry level="1" type="bullet">

 <it><evil_spirit wordnetid="109541919" confidence="0.8">
<vampire wordnetid="109544109" confidence="0.8">
<belief wordnetid="105941423" confidence="0.8">
<event wordnetid="100029378" confidence="0.8">
<spirit wordnetid="109545324" confidence="0.8">
<social_event wordnetid="107288639" confidence="0.8">
<contest wordnetid="107456188" confidence="0.8">
<spiritual_being wordnetid="109504135" confidence="0.8">
<game wordnetid="100456199" confidence="0.8">
<psychological_feature wordnetid="100023100" confidence="0.8">
<link xlink:type="simple" xlink:href="../529/875529.xml">
BloodRayne</link></psychological_feature>
</game>
</spiritual_being>
</contest>
</social_event>
</spirit>
</event>
</belief>
</vampire>
</evil_spirit>
</it> (2002) – (voice)</entry>
</list>
</p>

</sec>
<sec>
<st>
References</st>

<p>

<reflist>
<entry id="1">
http://www.filmreference.com/film/61/Carolyn-Mccormick.html</entry>
<entry id="2">
http://www.carolynmccormick.com/</entry>
</reflist>

</p>
</sec>
<sec>
<st>
External links</st>
<p>

<list>
<entry level="1" type="bullet">

 <weblink xlink:type="simple" xlink:href="http://www.imdb.com/name/nm0566509/">
Carolyn McCormick</weblink> at the <web_site wordnetid="106359193" confidence="0.9508927676800064">
<link xlink:type="simple" xlink:href="../554/2855554.xml">
Internet Movie Database</link></web_site>
</entry>
</list>
</p>


</sec>
</bdy>
</actor>
</article>
