<?xml version="1.0" encoding="UTF-8"?>
<!-- generated by CLiX/Wiki2XML [MPI-Inf, MMCI@UdS] $LastChangedRevision: 92 $ on 17.04.2009 00:35:40[mciao0825] -->
<!DOCTYPE article SYSTEM "../article.dtd">
<article xmlns:xlink="http://www.w3.org/1999/xlink">
<physical_entity  confidence="0.8" wordnetid="100001930">
<person  confidence="0.8" wordnetid="100007846">
<model  confidence="0.8" wordnetid="110324560">
<assistant  confidence="0.8" wordnetid="109815790">
<worker  confidence="0.8" wordnetid="109632518">
<causal_agent  confidence="0.8" wordnetid="100007347">
<header>
<title>Statistical interference</title>
<id>10988372</id>
<revision>
<id>229225878</id>
<timestamp>2008-08-01T13:56:10Z</timestamp>
<contributor>
<username>Rlsheehan</username>
<id>2414730</id>
</contributor>
</revision>
<categories>
<category>Engineering</category>
<category>Quality</category>
<category>Probability theory</category>
<category>Statistical models</category>
<category>Standards</category>
</categories>
</header>
<bdy>

When two <link xlink:type="simple" xlink:href="../543/23543.xml">
probability distribution</link>s overlap, <b>statistical interference</b> exists.  Knowledge of the distributions can be used to determine the likelihood that one parameter exceeds another, and by how much. <p>

This technique can be used for dimensioning of mechanical parts, determining when an applied load exceeds the strength of a structure, and in many other situations.   This type of analysis can also be used to estimate the <it>probability of failure</it> or the <it>frequency of failure</it>.</p>

<sec>
<st>
Dimensional interference</st>
<p>

<image location="right" width="300px" src="Interference.jpg" type="thumb">
<caption>

Interference of measurement distributions to determine fit of parts
</caption>
</image>
</p>
<p>

Mechanical parts are usually designed to fit precicely together. For example, if a shaft is designed to have a "sliding fit" in a hole, the shaft must be a little smaller than the hole. (Traditional <link>
tolerances</link> may suggest that all dimensions fall within those intended tolerances.  A <link xlink:type="simple" xlink:href="../314/2731314.xml">
process capability</link> study of actual production, however, may reveal <link xlink:type="simple" xlink:href="../462/21462.xml">
normal distribution</link>s with long tails.) Both the shaft and hole sizes will usually form normal distributions with some average (<link xlink:type="simple" xlink:href="../612/612.xml">
arithmetic mean</link>) and <link xlink:type="simple" xlink:href="../590/27590.xml">
standard deviation</link>.</p>
<p>

With two such normal distributions, a distribution of interference can be calculated.  The derived distribution will also be normal, and its average will be equal to the difference between the means of the two base distributions.  The <link xlink:type="simple" xlink:href="../344/32344.xml">
variance</link> of the derived distribution will be the sum of the variances of the two base distributions.</p>
<p>

This derived distribution can be used to determine how often the difference in dimensions will be less than zero (i.e., the shaft cannot fit in the hole), how often the difference will be less than the required sliding gap (the shaft fits, but too tightly), and how often the difference will be greater than the maximum acceptable gap (the shaft fits, but not tightly enough).</p>

</sec>
<sec>
<st>
Physical property interference</st>
<p>
 
<image location="right" width="300px" src="Interference_Forces.jpg" type="thumb">
<caption>

Interference of distributions of applied load and strength
</caption>
</image>
</p>
<p>

Physical properties and the conditions of use are also inherently variable.  For example, the applied load (stress) on a mechanical part may vary.  The measured strength of that part (tensile strength, etc) may also be variable.  The part will break when the stress exceeds the strength.</p>
<p>

With two normal distributions, the statistical interference may be calculated as above. (This problem is also workable for transformed units such as the <link xlink:type="simple" xlink:href="../476/102476.xml">
log-normal distribution</link>).  With other distributions, or combinations of different distributions, a <technique wordnetid="105665146" confidence="0.8">
<know-how wordnetid="105616786" confidence="0.8">
<method wordnetid="105660268" confidence="0.8">
<link xlink:type="simple" xlink:href="../098/56098.xml">
Monte Carlo method</link></method>
</know-how>
</technique>
 or simulation is often the most practical way to quantify the effects of statistical interference.</p>

</sec>
<sec>
<st>
See also</st>
<p>

<list>
<entry level="1" type="bullet">

<link xlink:type="simple" xlink:href="../062/522062.xml">
Tolerance (engineering)</link></entry>
<entry level="1" type="bullet">

<link xlink:type="simple" xlink:href="../448/14171448.xml">
Specification</link></entry>
<entry level="1" type="bullet">

<link xlink:type="simple" xlink:href="../314/2731314.xml">
Process capability</link></entry>
<entry level="1" type="bullet">

<link xlink:type="simple" xlink:href="../804/9499804.xml">
Probabilistic design</link></entry>
<entry level="1" type="bullet">

<link xlink:type="simple" xlink:href="../836/1724836.xml">
Reliability engineering</link></entry>
<entry level="1" type="bullet">

<idea wordnetid="105833840" confidence="0.8">
<concept wordnetid="105835747" confidence="0.8">
<category wordnetid="105838765" confidence="0.8">
<type wordnetid="105840188" confidence="0.8">
<kind wordnetid="105839024" confidence="0.8">
<link xlink:type="simple" xlink:href="../637/879637.xml">
Joint probability distribution</link></kind>
</type>
</category>
</concept>
</idea>
</entry>
</list>
</p>

</sec>
<sec>
<st>
References</st>
<p>

<list>
<entry level="1" type="bullet">

Paul H. Garthwaite, Byron Jones, Ian T. Jolliffe ‘’Statistical Inference’’, 2002, ISBN 0198572263</entry>
<entry level="1" type="bullet">

Haugen, "Probabilistic mechanical design", (1980) Wiley. ISBN 0471058475</entry>
</list>
</p>

</sec>
</bdy>
</causal_agent>
</worker>
</assistant>
</model>
</person>
</physical_entity>
</article>
