<?xml version="1.0" encoding="UTF-8"?>
<!-- generated by CLiX/Wiki2XML [MPI-Inf, MMCI@UdS] $LastChangedRevision: 92 $ on 16.04.2009 18:08:46[mciao0828] -->
<!DOCTYPE article SYSTEM "../article.dtd">
<article xmlns:xlink="http://www.w3.org/1999/xlink">
<physical_entity  confidence="0.8" wordnetid="100001930">
<communicator  confidence="0.8" wordnetid="109610660">
<person  confidence="0.8" wordnetid="100007846">
<causal_agent  confidence="0.8" wordnetid="100007347">
<writer  confidence="0.8" wordnetid="110794014">
<dramatist  confidence="0.8" wordnetid="110030277">
<header>
<title>Conor McPherson</title>
<id>1098615</id>
<revision>
<id>237017397</id>
<timestamp>2008-09-08T06:29:15Z</timestamp>
<contributor>
<username>Cydebot</username>
<id>1215485</id>
</contributor>
</revision>
<categories>
<category>Living people</category>
<category>People from County Dublin</category>
<category>Irish dramatists and playwrights</category>
<category>1971 births</category>
</categories>
</header>
<bdy>

<b>Conor McPherson</b> (born <link xlink:type="simple" xlink:href="../019/1019.xml">
August 6</link>, <link xlink:type="simple" xlink:href="../748/34748.xml">
1971</link>) is an <ethnic_group wordnetid="107967382" confidence="0.8">
<group wordnetid="100031264" confidence="0.8">
<link xlink:type="simple" xlink:href="../859/775859.xml">
Irish</link></group>
</ethnic_group>
 <link xlink:type="simple" xlink:href="../262/39262.xml">
playwright</link> and <link xlink:type="simple" xlink:href="../181/506181.xml">
director</link>.<p>

Born in <site wordnetid="108651247" confidence="0.9508927676800064">
<link xlink:type="simple" xlink:href="../504/8504.xml">
Dublin</link></site>
 and educated at <university wordnetid="108286163" confidence="0.9508927676800064">
<link xlink:type="simple" xlink:href="../095/738095.xml">
University College Dublin</link></university>
, McPherson began writing his first plays there as a member of <social_group wordnetid="107950920" confidence="0.8">
<society wordnetid="107966140" confidence="0.8">
<group wordnetid="100031264" confidence="0.8">
<link xlink:type="simple" xlink:href="../511/11437511.xml">
UCD Dramsoc</link></group>
</society>
</social_group>
, the college's dramatic society, and went on to found <link xlink:type="simple" xlink:href="../323/15555323.xml">
Fly by night theatre company</link> which produced several of his plays. He is considered one of the best contemporary Irish playwrights; his plays have attracted good reviews, and have been performed internationally (notably in the West End and on Broadway).  <it><dramatic_composition wordnetid="107007684" confidence="0.8">
<play wordnetid="107007945" confidence="0.8">
<written_communication wordnetid="106349220" confidence="0.8">
<writing wordnetid="106362953" confidence="0.8">
<link xlink:type="simple" xlink:href="../125/11266125.xml">
The Weir</link></writing>
</written_communication>
</play>
</dramatic_composition>
</it> won the Laurence Olivier Award for Best New Play for 1999. His 2004 play <it><link xlink:type="simple" xlink:href="../345/5167345.xml">
Shining City</link></it> prompted the London Telegraph to describe him as 'the finest dramatist of his generation...' A meditation on regret, guilt and confusion, the play is set entirely within the Dublin offices of a psychiatrist who himself has psychological secrets. Whilst much of the play takes the form of <link xlink:type="simple" xlink:href="../095/161095.xml">
monologues</link> delivered by a patient, the everyday stories and subtle poignancy and humour make it a riveting experience. It subsequently opened on Broadway in 2006 and was nominated for two Tony Awards, including Best Play.</p>
<p>

In September 2006, to great critical acclaim, McPherson made his <link xlink:type="simple" xlink:href="../062/550062.xml">
National Theatre</link> debut as both author and director with <it><link xlink:type="simple" xlink:href="../365/14116365.xml">
The Seafarer</link></it> at the <link xlink:type="simple" xlink:href="../362/2389362.xml">
Cottesloe</link>, starring <physical_entity wordnetid="100001930" confidence="0.8">
<person wordnetid="100007846" confidence="0.8">
<performer wordnetid="110415638" confidence="0.8">
<causal_agent wordnetid="100007347" confidence="0.8">
<actor wordnetid="109765278" confidence="0.8">
<entertainer wordnetid="109616922" confidence="0.8">
<link xlink:type="simple" xlink:href="../110/9216110.xml">
Karl Johnson</link></entertainer>
</actor>
</causal_agent>
</performer>
</person>
</physical_entity>
 and <link xlink:type="simple" xlink:href="../768/6895768.xml">
Jim Norton</link>, with <physical_entity wordnetid="100001930" confidence="0.8">
<person wordnetid="100007846" confidence="0.8">
<performer wordnetid="110415638" confidence="0.8">
<causal_agent wordnetid="100007347" confidence="0.8">
<actor wordnetid="109765278" confidence="0.8">
<entertainer wordnetid="109616922" confidence="0.8">
<link xlink:type="simple" xlink:href="../283/4442283.xml">
Ron Cook</link></entertainer>
</actor>
</causal_agent>
</performer>
</person>
</physical_entity>
 as their poker-playing, Mephistophelean guest. Jim Norton won an Olivier Award for his performance while  McPherson was nominated for both the Olivier and Evening Standard Awards for Best Play. In October of 2007 The Seafarer came to Broadway keeping with it most of its creative team, including McPherson as director and both Jim Norton and Conleth Hill in their respective roles (with stage and film actor David Morse taking over as Sharky, and <link>
Ciarán Hinds</link> portraying Mr. Lockhart.) The production on Broadway received rave reviews including such statements as 'McPherson is quite possibly the finest playwright of his generation' from Ben Brantley at the New York Times and 'Succinct, startling and eerie, and the funniest McPherson play to date' from the Observer, in the press.  Jim Norton's performance as Richard Harkin in The Seafarer at The National Theatre won the 2007 Best Supporting Actor Laurence Olivier Award, and he picked up a Tony Award in 2008 for Best Featured Actor in a play.   </p>
<p>

The film of his first <link xlink:type="simple" xlink:href="../597/83597.xml">
screenplay</link>, <it><link xlink:type="simple" xlink:href="../302/8399302.xml">
I Went Down (Film)</link></it>, was critically acclaimed and a great commercial success. His first feature film as director, <it><link>
Saltwater</link></it> won the CICAE award for Best Film at the <link xlink:type="simple" xlink:href="../039/18948039.xml">
Berlin Film Festival</link>. His second feature film was <it><movie wordnetid="106613686" confidence="0.9508927676800064">
<link xlink:type="simple" xlink:href="../720/5326720.xml">
The Actors</link></movie>
," </it>which he wrote and directed.<it>    
__NOTOC__
</it></p>
<sec>
<st>
Selected films</st>

<p>

<list>
<entry level="1" type="bullet">

 <it><link xlink:type="simple" xlink:href="../302/8399302.xml">
I Went Down (Film)</link></it> (1997) (writer)</entry>
<entry level="1" type="bullet">

 <it><product wordnetid="104007894" confidence="0.8">
<creation wordnetid="103129123" confidence="0.8">
<artifact wordnetid="100021939" confidence="0.8">
<event wordnetid="100029378" confidence="0.8">
<social_event wordnetid="107288639" confidence="0.8">
<movie wordnetid="106613686" confidence="0.8">
<show wordnetid="106619065" confidence="0.8">
<psychological_feature wordnetid="100023100" confidence="0.8">
<link>
Endgame</link></psychological_feature>
</show>
</movie>
</social_event>
</event>
</artifact>
</creation>
</product>
</it> (2000) (director)</entry>
<entry level="1" type="bullet">

 <it><movie wordnetid="106613686" confidence="0.9508927676800064">
<link xlink:type="simple" xlink:href="../720/5326720.xml">
The Actors</link></movie>
</it> (2003) (writer &amp; director)</entry>
</list>
</p>

</sec>
<sec>
<st>
Plays</st>
<p>

<list>
<entry level="1" type="bullet">

 <it>Rum and Vodka</it> (1992)</entry>
<entry level="1" type="bullet">

 <it>The Good Thief</it> (1994)</entry>
<entry level="1" type="bullet">

 <it><dramatic_composition wordnetid="107007684" confidence="0.8">
<play wordnetid="107007945" confidence="0.8">
<written_communication wordnetid="106349220" confidence="0.8">
<writing wordnetid="106362953" confidence="0.8">
<link xlink:type="simple" xlink:href="../215/11929215.xml">
This Lime Tree Bower</link></writing>
</written_communication>
</play>
</dramatic_composition>
</it> (1995)</entry>
<entry level="1" type="bullet">

 <it>St. Nicholas</it> (1997)</entry>
<entry level="1" type="bullet">

 <it><dramatic_composition wordnetid="107007684" confidence="0.8">
<play wordnetid="107007945" confidence="0.8">
<written_communication wordnetid="106349220" confidence="0.8">
<writing wordnetid="106362953" confidence="0.8">
<link xlink:type="simple" xlink:href="../125/11266125.xml">
The Weir</link></writing>
</written_communication>
</play>
</dramatic_composition>
</it> (1997)</entry>
<entry level="1" type="bullet">

 <it><dramatic_composition wordnetid="107007684" confidence="0.8">
<play wordnetid="107007945" confidence="0.8">
<written_communication wordnetid="106349220" confidence="0.8">
<writing wordnetid="106362953" confidence="0.8">
<link xlink:type="simple" xlink:href="../303/13662303.xml">
Dublin Carol</link></writing>
</written_communication>
</play>
</dramatic_composition>
</it> (2000)</entry>
<entry level="1" type="bullet">

 <it><link xlink:type="simple" xlink:href="../553/15054553.xml">
Port Authority</link></it> (2001)</entry>
<entry level="1" type="bullet">

 <it><link>
Come on Over</link></it> (2001)</entry>
<entry level="1" type="bullet">

 <it><link xlink:type="simple" xlink:href="../345/5167345.xml">
Shining City</link></it> (2004)</entry>
<entry level="1" type="bullet">

 <it><link xlink:type="simple" xlink:href="../365/14116365.xml">
The Seafarer</link></it> (2006)</entry>
</list>
</p>

</sec>
<sec>
<st>
See also</st>
<p>

<list>
<entry level="1" type="bullet">

 <genre wordnetid="105845332" confidence="0.8">
<idea wordnetid="105833840" confidence="0.8">
<concept wordnetid="105835747" confidence="0.8">
<category wordnetid="105838765" confidence="0.8">
<event wordnetid="100029378" confidence="0.8">
<change wordnetid="100191142" confidence="0.8">
<action wordnetid="100037396" confidence="0.8">
<motion wordnetid="100331950" confidence="0.8">
<act wordnetid="100030358" confidence="0.8">
<psychological_feature wordnetid="100023100" confidence="0.8">
<kind wordnetid="105839024" confidence="0.8">
<link xlink:type="simple" xlink:href="../486/1427486.xml">
In-yer-face theatre</link></kind>
</psychological_feature>
</act>
</motion>
</action>
</change>
</event>
</category>
</concept>
</idea>
</genre>
</entry>
</list>

the shining city</p>

</sec>
<sec>
<st>
External links</st>
<p>

<list>
<entry level="1" type="bullet">

 </entry>
<entry level="1" type="bullet">

 <weblink xlink:type="simple" xlink:href="http://www.irishplayography.com/search/person.asp?PersonID=341">
Comprehensive Playography</weblink></entry>
</list>
</p>



</sec>
</bdy>
</dramatist>
</writer>
</causal_agent>
</person>
</communicator>
</physical_entity>
</article>
