<?xml version="1.0" encoding="UTF-8"?>
<!-- generated by CLiX/Wiki2XML [MPI-Inf, MMCI@UdS] $LastChangedRevision: 92 $ on 16.04.2009 18:07:17[mciao0827] -->
<!DOCTYPE article SYSTEM "../article.dtd">
<article xmlns:xlink="http://www.w3.org/1999/xlink">
<header>
<title>Mona (operating system)</title>
<id>1100856</id>
<revision>
<id>139807713</id>
<timestamp>2007-06-22T02:23:38Z</timestamp>
<contributor>
<username>Rwwww</username>
<id>411604</id>
</contributor>
</revision>
<categories>
<category>2channel</category>
<category>Free software operating systems</category>
</categories>
</header>
<bdy>

<b>Mona</b> (<b><it>M</it></b><it>icrokernel </it>'O<b>perating System with </b>N<b>etwork Suite </b>A<b>rchitecture<it>) is an <link xlink:type="simple" xlink:href="../194/22194.xml">
operating system</link> written in <programming_language wordnetid="106898352" confidence="0.9508927676800064">
<link xlink:type="simple" xlink:href="../038/72038.xml">
C++</link></programming_language>
. It is named after <link>
Mona</link>, an <link xlink:type="simple" xlink:href="../538/1123538.xml">
Shift JIS art</link> character found on <system wordnetid="108435388" confidence="0.8">
<possession wordnetid="100032613" confidence="0.8">
<property wordnetid="113244109" confidence="0.8">
<group wordnetid="100031264" confidence="0.8">
<network wordnetid="108434259" confidence="0.8">
<link xlink:type="simple" xlink:href="../794/217794.xml">
2channel</link></network>
</group>
</property>
</possession>
</system>
, a popular Japanese <link xlink:type="simple" xlink:href="../430/3430.xml">
BBS</link>.</it></b>
<sec>
<st>
 External links </st>
<p>

<list>
<entry level="1" type="bullet">

<weblink xlink:type="simple" xlink:href="http://www.monaos.org">
Free Operating System - Mona OS</weblink> Project website</entry>
<entry level="1" type="bullet">

<weblink xlink:type="simple" xlink:href="http://higepon.blogspot.com/">
Higepon blog</weblink> Developer's blog</entry>
</list>
</p>





</sec>
</bdy>
</article>
