<?xml version="1.0" encoding="UTF-8"?>
<!-- generated by CLiX/Wiki2XML [MPI-Inf, MMCI@UdS] $LastChangedRevision: 92 $ on 16.04.2009 18:07:53[mciao0826] -->
<!DOCTYPE article SYSTEM "../article.dtd">
<article xmlns:xlink="http://www.w3.org/1999/xlink">
<problem  confidence="0.9511911446218017" wordnetid="114410605">
<header>
<title>Unsolved problems in computer science</title>
<id>1101069</id>
<revision>
<id>240846636</id>
<timestamp>2008-09-25T07:14:29Z</timestamp>
<contributor>
<username>RussBot</username>
<id>279219</id>
</contributor>
</revision>
<categories>
<category>Artificial intelligence</category>
<category>Theory of computation</category>
<category>Unsolved problems in computer science</category>
<category>Articles with invalid date parameter in template</category>
<category>Articles to be expanded since August 2008</category>
<category>Conjectures</category>
<category>All articles to be expanded</category>
<category>Lists of unsolved problems</category>
<category>Cryptography</category>
<category>Computer lists</category>
</categories>
</header>
<bdy>

<table class="metadata plainlinks ambox ">
<row>
<col>

ambox-notice" style=""</col>
</row>
<row>
<col class="mbox-image"><p>

<image width="44px" src="Wiki_letter_w.svg">
</image>
</p>
</col>
<col style="" class="mbox-text">
 <b>Please help <weblink xlink:type="simple" xlink:href="http://localhost:18088/wiki/index.php?title=Unsolved_problems_in_computer_science&amp;action=edit">
improve this article or section</weblink> by expanding it.</b> Further information might be found on the  or at . 
<it>(August 2008)''</it></col>
</row>
</table>


<p>

This article is a <b><link xlink:type="simple" xlink:href="../819/10917819.xml">
list of open problems</link> in <link xlink:type="simple" xlink:href="../323/5323.xml">
computer science</link></b>.
A solution to the problems in this list will have a major impact on the field of study to which they belong.</p>

<sec>
<st>
P = NP</st>
<p>
=</p>
<p>

<indent level="1">

<it>Main article: <link xlink:type="simple" xlink:href="../115/6115.xml">
P and NP</link></it>
</indent>
;Field : <link xlink:type="simple" xlink:href="../402/30402.xml">
Theory of computation</link>
<list>
<entry level="1" type="definition">

Source : <person wordnetid="100007846" confidence="0.9508927676800064">
<scientist wordnetid="110560637" confidence="0.9508927676800064">
<link xlink:type="simple" xlink:href="../432/39432.xml">
S. A. Cook</link></scientist>
</person>
 and <person wordnetid="100007846" confidence="0.9508927676800064">
<link xlink:type="simple" xlink:href="../708/402708.xml">
Leonid Levin</link></person>
, <it>Proceedings of the 3rd Annual ACM Symposium on Theory of Computing</it> (1971), pp. 151&ndash;158.</entry>
<entry level="1" type="definition">

Description : <class wordnetid="107997703" confidence="0.8">
<collection wordnetid="107951464" confidence="0.8">
<group wordnetid="100031264" confidence="0.8">
<link xlink:type="simple" xlink:href="../550/658550.xml">
P</link></group>
</collection>
</class>
 is the class of problems whose solution can be found in <link xlink:type="simple" xlink:href="../576/44576.xml">
polynomial time</link>. <class wordnetid="107997703" confidence="0.8">
<collection wordnetid="107951464" confidence="0.8">
<group wordnetid="100031264" confidence="0.8">
<link xlink:type="simple" xlink:href="../562/21562.xml">
NP</link></group>
</collection>
</class>
 is the class of problems whose solution can be found in polynomial time with a non-deterministic algorithm or, equivalently, whose solution (if it exists) can be deterministically verified in polynomial time. Naturally, any problem in P is also in NP. The P versus NP question is whether NP is also a subset of P, and hence whether the classes are equal. One can see the question as a specific case of the problem in proving lower bounds for computational problems.</entry>
<entry level="1" type="definition">

Importance : If the classes are equal then we can solve many problems that are currently considered intractable. If they are not, then <class wordnetid="107997703" confidence="0.8">
<collection wordnetid="107951464" confidence="0.8">
<group wordnetid="100031264" confidence="0.8">
<link xlink:type="simple" xlink:href="../466/39466.xml">
NP-complete</link></group>
</collection>
</class>
 problems are problems that are probably <class wordnetid="107997703" confidence="0.8">
<collection wordnetid="107951464" confidence="0.8">
<group wordnetid="100031264" confidence="0.8">
<link xlink:type="simple" xlink:href="../681/54681.xml">
hard</link></group>
</collection>
</class>
.</entry>
<entry level="1" type="definition">

Conjecture : Though the question is far from being settled, most experts believe that the classes are different.<ref xlink:type="simple" xlink:href="#xpointer(//reflist/entry[@id=%221%22])">1</ref></entry>
</list>
</p>

</sec>
<sec>
<st>
The existence of one-way functions</st>

<p>

<indent level="1">

<it>Main article: <physical_entity wordnetid="100001930" confidence="0.8">
<person wordnetid="100007846" confidence="0.8">
<causal_agent wordnetid="100007347" confidence="0.8">
<primitive wordnetid="109627462" confidence="0.8">
<link xlink:type="simple" xlink:href="../890/363890.xml">
One-way function</link></primitive>
</causal_agent>
</person>
</physical_entity>
</it>
</indent>
;Field : <link xlink:type="simple" xlink:href="../432/18934432.xml">
Cryptography</link>
<list>
<entry level="1" type="definition">

Source : <physical_entity wordnetid="100001930" confidence="0.8">
<person wordnetid="100007846" confidence="0.8">
<cryptanalyst wordnetid="109981540" confidence="0.8">
<intellectual wordnetid="109621545" confidence="0.8">
<causal_agent wordnetid="100007347" confidence="0.8">
<decoder wordnetid="109995398" confidence="0.8">
<link xlink:type="simple" xlink:href="../776/427776.xml">
W. Diffie</link></decoder>
</causal_agent>
</intellectual>
</cryptanalyst>
</person>
</physical_entity>
, <physical_entity wordnetid="100001930" confidence="0.8">
<person wordnetid="100007846" confidence="0.8">
<cryptanalyst wordnetid="109981540" confidence="0.8">
<intellectual wordnetid="109621545" confidence="0.8">
<scientist wordnetid="110560637" confidence="0.8">
<inventor wordnetid="110214637" confidence="0.8">
<creator wordnetid="109614315" confidence="0.8">
<alumnus wordnetid="109786338" confidence="0.8">
<worker wordnetid="109632518" confidence="0.8">
<causal_agent wordnetid="100007347" confidence="0.8">
<employee wordnetid="110053808" confidence="0.8">
<decoder wordnetid="109995398" confidence="0.8">
<scholar wordnetid="110557854" confidence="0.8">
<link xlink:type="simple" xlink:href="../387/422387.xml">
M. E. Hellman</link></scholar>
</decoder>
</employee>
</causal_agent>
</worker>
</alumnus>
</creator>
</inventor>
</scientist>
</intellectual>
</cryptanalyst>
</person>
</physical_entity>
, <it>IEEE Trans. Inform. Theory</it>, IT-22, 6, 1976, pp.644&ndash;654 <weblink xlink:type="simple" xlink:href="http://citeseer.ist.psu.edu/340126.html">
Online copy (HTML)</weblink></entry>
<entry level="1" type="definition">

Description : One-way functions are easy to compute but hard to invert. Although there are several candidates for which no good (i.e. quick) reverse algorithms are currently known, it hasn't yet been proven that any function exists for which <it>no</it> such reverse algorithms exist.</entry>
<entry level="1" type="definition">

Importance : If one-way functions do not exist then <link>
public key cryptography</link> is impossible. Their existence would imply that many complexity classes are not learnable, and that P≠NP.</entry>
<entry level="1" type="definition">

Conjecture : It is assumed but unproven that they do exist. Several encryption systems are based on the assumption that <link xlink:type="simple" xlink:href="../032/903032.xml">
modular exponentiation</link> is a one-way function.</entry>
</list>
</p>

</sec>
<sec>
<st>
 Formalize (axiomatize) the <link xlink:type="simple" xlink:href="../854/6854.xml">
Church-Turing thesis</link> so that it can be proved or disproved </st>
<p>

<b>Source:</b> 
<list>
<entry level="1" type="bullet">

 Nachum Dershowitz and Yuri Gurevich 2007, “A Natural axiomization of Church’s Thesis”. It appears on Gurevich’s website at http://research.microsoft.com/~gurevich. Observe not only the title, but the very first lines of the paper &ndash; a quote from Shoenfield:</entry>
<entry level="2" type="indent">

 ”We can write down some axioms about computable functions which most people would agree are evidently true. It might be possible to prove Church’s Thesis from such axioms – Joseph Shoenfield (1993)” (Dershowitz and Gurevich, 2007:1)</entry>
<entry level="1" type="indent">

 Dershowitz and Gurevich deliver their thesis in a nutshell:</entry>
<entry level="2" type="indent">

”Hence, it remains of real importance to provide a small number of convincing postulates in support of Church’s Thesis. Indeed, Gödel has been reported (by Church in a letter to Kleene cited by Davis in [18] [18: Martin Davis, “Why Gödel didn’t have Church’s thesis”, ‘’Information and Control’’, vol. 54, pp. 3&ndash;24, July/August 1982] ) to have believed “that it  might be possible . . . to state a set of axioms which would embody the generally accepted properties of [effective calculability], and do something on that basis.”</entry>
</list>
</p>
<p>

<indent level="2">

”[Georg] Kriesel described the discovery of “evident axioms about constructive functions” as “one of the really important open problems [40] [40: Georg Kreisel, “Mathematical logic,” in T. L. Sasty, ed., ''Lectures in Modern Mathematics III'', Wiley and Sons, New York, pp. 95&ndash;195, 1965 ] and “one of the more feasible problems at the present time” [41] [41: Georg Kreisel, “Mathematical logic: what has it done for the philosophy of mathematics”, in Ralph Schoenman, ed., ''Bertrand Russell: Philosopher of the Century'', Allen &amp; Unwin, London, pp. 201&ndash;272, 1967.]
</indent>

<indent level="2">

”We propose just such an axiomatization in the sections that follow. We demonstrate that, under certain very natural hypotheses regarding algorithmic activity . . . Church’s Thesis is in fact provable.” (Dershowitz and Gurevich 2007:4)
</indent>

<list>
<entry level="1" type="bullet">

 Samual R. Buss, Alexander S. Kechris, Anand Pillay, and Richard A. Shore, June 2000, “The Prospects for Mathematical Logic in the Twenty-first Century”. This paper came from a panel discussion of the Association for Symbolic Logic held in Urbana-Champain. Shore stated the following three problems under the heading “Computer Science”: </entry>
<entry level="1" type="indent">

”1. “Prove the Church-Turing thesis by finding intuitively obvious or at least clearly acceptable properties of computation that suffice to guarantee that any function so computed is recursive . . .. Perhaps the question is whether we can be sufficiently precise about what we mean by computation without reference to the method of carrying out the computation so as to give a more general or more convincing argument independent of the physical or logical implementation.</entry>
</list>
</p>
<p>

<indent level="1">

”2. What does physics have to say about computability (and provability or logic)? Do physical restrictions on the one hand, or quantum computing on the other, mean that we should modify our understanding of computability or at least study other notions?
</indent>

<indent level="1">

”3. Find, and argue conclusively for, a formal definition of algorithm and the appropriate analog of the Church-Turing thesis. . ..Thus we want a definition that will  up to some precise equivalence relation capture the notion that two algorithms are the same as opposed to just computing the same function.” (p. 7&ndash;8)
</indent>

<b>Description:</b>
<indent level="1">

The thesis states that "effective computation" (calculation) or <link xlink:type="simple" xlink:href="../775/775.xml">
algorithm</link> can be carried out by a <invention wordnetid="105633385" confidence="0.8">
<know-how wordnetid="105616786" confidence="0.8">
<method wordnetid="105660268" confidence="0.8">
<link xlink:type="simple" xlink:href="../403/30403.xml">
Turing machine</link></method>
</know-how>
</invention>
 (or an equivalent abstract computational device), for example, a deterministic, discrete-state, sequential, space-time limited (i.e. "bounded") process/method.  But since such notions of “effective computation” are not well-enough defined and not presented as a small collection of axioms (Gödel's proposal), the thesis cannot be proven; rather, as was done by Kleene (who proposed the thesis) it must either be accepted as a conjecture based on "intuition" i.e. heuristics and empirical methods (observation and accumulation of evidence), or perhaps presented as a "definition" (the approach taken by Church and hotly criticized by Post), or else deemed a "natural law" requiring "continual verification" (Post's proposal hotly criticized by Church).
</indent>

<b>Importance:</b> 
<indent level="1">

Acceptable axioms and a proof of the thesis will show that any behavior that can be called "computational" can be done by a <invention wordnetid="105633385" confidence="0.8">
<know-how wordnetid="105616786" confidence="0.8">
<method wordnetid="105660268" confidence="0.8">
<link xlink:type="simple" xlink:href="../403/30403.xml">
Turing machine</link></method>
</know-how>
</invention>
 or equivalent. To show that the thesis is wrong will demonstrate or lead to new kinds of problems that are not computable and/or new methods that compute what cannot otherwise be computed by a Turing machine (or equivalent). 
</indent>

<b>Current conjecture:</b></p>
<p>

<indent level="1">

”We propose just such an axiomatization in the sections that follow. We demonstrate that, under certain very natural hypotheses regarding algorithmic activity . . . Church’s Thesis is in fact provable.” (Dershowitz and Gurevich 2007:4)
</indent>

</p>
</sec>
<sec>
<st>
 Design a skilled <game wordnetid="100456199" confidence="0.9508927676800064">
<link xlink:type="simple" xlink:href="../971/64971.xml">
go</link></game>
-playing program </st>


<p>

<indent level="1">

<it>Main article: <link xlink:type="simple" xlink:href="../021/227021.xml">
Computer go</link></it>
</indent>

<b>Field:</b>
<indent level="1">

<link xlink:type="simple" xlink:href="../164/1164.xml">
Artificial intelligence</link>
</indent>

<b>Source:</b> 
<list>
<entry level="1" type="bullet">

 <link>
Zobrist, Albert L.</link> <it>A model of visual organisation for the game Go</it>. In <link>
Proceedings of the Spring Joint Computer Conference</link>, volume 34, pages 103&ndash;112, 1969. </entry>
<entry level="1" type="bullet">

 Zobrist, Albert L. <it>Feature Extractions and Representation for Pattern Recognition and the Game of Go</it>. Phd, Graduate School of the <university wordnetid="108286163" confidence="0.9508927676800064">
<link xlink:type="simple" xlink:href="../711/347711.xml">
University of Wisconsin-Madison</link></university>
, August 1970. </entry>
</list>
</p>
<p>

<b>Description:</b>
<indent level="1">

Go has long been considered a difficult challenge in the field of <link xlink:type="simple" xlink:href="../268/1268.xml">
AI</link> and has not yielded as easily as <link xlink:type="simple" xlink:href="../134/5134.xml">
Chess</link>. The first Go program was written by <link>
Albert Zobrist</link> in <link xlink:type="simple" xlink:href="../655/34655.xml">
1968</link> as part of his thesis on <link xlink:type="simple" xlink:href="../706/126706.xml">
pattern recognition</link>. It introduced an <link xlink:type="simple" xlink:href="../001/311001.xml">
influence function</link> to estimate territory and <link xlink:type="simple" xlink:href="../880/1963880.xml">
Zobrist hashing</link> to detect <link>
ko</link>. Recent developments have brought the best programs close to <link xlink:type="simple" xlink:href="../017/2081017.xml">
shodan</link> level on the small 9x9 board; however, it is not yet clear to what extent the success of the techniques used there will transfer to the case of the standard boardsize.
</indent>

<indent level="1">

Currently, even mediocre human players find it easy to beat the best Go programs. Some strong players have even beaten computer programs at handicaps of 25&ndash;30 stones, an enormous handicap that few human players would ever take. There is a case where the winning program in the 1994 World Computer Go Championship, Go Intellect, lost all 3 games against the youth players on a 15 stone handicap.<ref xlink:type="simple" xlink:href="#xpointer(//reflist/entry[@id=%222%22])">2</ref> Strong players have not shown much interest in computer go programs as serious opponents in contrast to examples such as the Chess match between <person wordnetid="100007846" confidence="0.9508927676800064">
<chess_player wordnetid="109915834" confidence="0.9508927676800064">
<link xlink:type="simple" xlink:href="../810/12810.xml">
Garry Kasparov</link></chess_player>
</person>
 and <computer wordnetid="103082979" confidence="0.8">
<artifact wordnetid="100021939" confidence="0.8">
<instrumentality wordnetid="103575240" confidence="0.8">
<mainframe wordnetid="103711711" confidence="0.8">
<engine wordnetid="103287733" confidence="0.8">
<motor wordnetid="103789946" confidence="0.8">
<device wordnetid="103183080" confidence="0.8">
<machine wordnetid="103699975" confidence="0.8">
<digital_computer wordnetid="103196324" confidence="0.8">
<supercomputer wordnetid="104358117" confidence="0.8">
<link xlink:type="simple" xlink:href="../387/49387.xml">
Deep Blue</link></supercomputer>
</digital_computer>
</machine>
</device>
</motor>
</engine>
</mainframe>
</instrumentality>
</artifact>
</computer>
.
</indent>

<b>Importance:</b> 
<indent level="1">

Go is unlike chess, where the massive computing power of modern computer systems (and in particular dedicated chess machines like <computer wordnetid="103082979" confidence="0.8">
<artifact wordnetid="100021939" confidence="0.8">
<instrumentality wordnetid="103575240" confidence="0.8">
<engine wordnetid="103287733" confidence="0.8">
<motor wordnetid="103789946" confidence="0.8">
<device wordnetid="103183080" confidence="0.8">
<machine wordnetid="103699975" confidence="0.8">
<link xlink:type="simple" xlink:href="../074/2074074.xml">
Hydra</link></machine>
</device>
</motor>
</engine>
</instrumentality>
</artifact>
</computer>
) together with relatively simple search and evaluation heuristics have proven marginally superior to the best  human players. It is possible that techniques learned in the course of developing a strong Go program would transfer to more general problems in artificial intelligence to a greater degree than has been the case with chess.<ref xlink:type="simple" xlink:href="#xpointer(//reflist/entry[@id=%223%22])">3</ref>
</indent>

</p>
</sec>
<sec>
<st>
 See also </st>
<p>

<list>
<entry level="1" type="bullet">

<link xlink:type="simple" xlink:href="../854/6854.xml">
Church-Turing thesis</link></entry>
<entry level="1" type="bullet">

<link xlink:type="simple" xlink:href="../840/43840.xml">
Turing test</link></entry>
<entry level="1" type="bullet">

<link xlink:type="simple" xlink:href="../351/454351.xml">
List of publications in computer science</link></entry>
<entry level="1" type="bullet">

<link xlink:type="simple" xlink:href="../862/2862.xml">
AI-complete</link></entry>
<entry level="1" type="bullet">

<condition wordnetid="113920835" confidence="0.8">
<state wordnetid="100024720" confidence="0.8">
<problem wordnetid="114410605" confidence="0.8">
<difficulty wordnetid="114408086" confidence="0.8">
<link xlink:type="simple" xlink:href="../754/439754.xml">
Grand Challenge problem</link></difficulty>
</problem>
</state>
</condition>
</entry>
</list>
</p>

</sec>
<sec>
<st>
 References </st>
<p>

<list>
<entry level="1" type="bullet">

<weblink xlink:type="simple" xlink:href="http://garden.irmacs.sfu.ca/?q=category/theoretical_computer_science">
Theoretical Computer Science at Open Problem Garden</weblink> The collection of open problems in mathematics and Computer Science build on the principle of user editable ("wiki") site</entry>
</list>
</p>
<p>

<reflist>
<entry id="1">
 <cite style="font-style:normal">Gasarch, William&#32;(<link xlink:type="simple" xlink:href="../502/35502.xml">
2002</link>).&#32;"<weblink xlink:type="simple" xlink:href="http://www.cs.umd.edu/~gasarch/papers/poll.pdf">
The P=?NP Poll</weblink>"&#32;(<link xlink:type="simple" xlink:href="../077/24077.xml">
PDF</link>). <it>SIGACT News</it>&#32;<b>33</b>&#32;(2): 34–47.&#32;<link>
ACM Press</link>. <document wordnetid="106470073" confidence="0.8">
<written_communication wordnetid="106349220" confidence="0.8">
<writing wordnetid="106362953" confidence="0.8">
<link xlink:type="simple" xlink:href="../994/422994.xml">
doi</link></writing>
</written_communication>
</document>
:<weblink xlink:type="simple" xlink:href="http://dx.doi.org/10.1145%2F564585.564599">
10.1145/564585.564599</weblink>. ISSN: 0163-5700. Retrieved on <link>
2007-06-12</link>.</cite>&nbsp;</entry>
<entry id="2">
See http://www.itee.uq.edu.au/~janetw/Computer%20Go/CS-TR-339.html#6.2</entry>
<entry id="3">
Read this article for more explanations on <weblink xlink:type="simple" xlink:href="http://www.intelligentgo.org/en/computer-go/overview.html">
why computer go is so hard to write</weblink></entry>
</reflist>
</p>


<p>

<table style=";" class="navbox" cellspacing="0">
<row>
<col style="padding:2px;">
<table style="width:100%;background:transparent;color:inherit;;" class="nowraplinks collapsible autocollapse " cellspacing="0">
<row>
<header colspan="2" style=";" class="navbox-title">
Unsolved scientific problems</header>
</row>
<row style="height:2px;">

</row>
<row>
<col colspan="2" style="width:100%;padding:0px;;;" class="navbox-list navbox-odd"><p>

<link xlink:type="simple" xlink:href="../864/2865864.xml">
chemistry</link> &nbsp;&amp;bull; 
<link xlink:type="simple" xlink:href="../540/1455540.xml">
cognitive science</link> &nbsp;&amp;bull; 
<link xlink:type="simple" xlink:href="../069/1101069.xml">
computer science</link> &nbsp;&amp;bull; 
<condition wordnetid="113920835" confidence="0.8">
<state wordnetid="100024720" confidence="0.8">
<problem wordnetid="114410605" confidence="0.8">
<difficulty wordnetid="114408086" confidence="0.8">
<link xlink:type="simple" xlink:href="../187/4122187.xml">
economics</link></difficulty>
</problem>
</state>
</condition>
 &nbsp;&amp;bull; 
<link xlink:type="simple" xlink:href="../167/4847167.xml">
linguistics</link> &nbsp;&amp;bull; 
<link xlink:type="simple" xlink:href="../091/183091.xml">
mathematics</link> &nbsp;&amp;bull; 
<link xlink:type="simple" xlink:href="../133/1391133.xml">
neuroscience</link> &nbsp;&amp;bull; 
<condition wordnetid="113920835" confidence="0.8">
<state wordnetid="100024720" confidence="0.8">
<problem wordnetid="114410605" confidence="0.8">
<difficulty wordnetid="114408086" confidence="0.8">
<link xlink:type="simple" xlink:href="../977/3052977.xml">
philosophy</link></difficulty>
</problem>
</state>
</condition>
 &nbsp;&amp;bull; 
<link xlink:type="simple" xlink:href="../089/183089.xml">
physics</link> &nbsp;&amp;bull; 
<link xlink:type="simple" xlink:href="../382/15433382.xml">
statistics</link></p>
</col>
</row>
</table>
</col>
</row>
</table>
</p>



</sec>
</bdy>
</problem>
</article>
