<?xml version="1.0" encoding="UTF-8"?>
<!-- generated by CLiX/Wiki2XML [MPI-Inf, MMCI@UdS] $LastChangedRevision: 92 $ on 16.04.2009 18:07:14[mciao0825] -->
<!DOCTYPE article SYSTEM "../article.dtd">
<article xmlns:xlink="http://www.w3.org/1999/xlink">
<actor  confidence="0.9508927676800064" wordnetid="109765278">
<header>
<title>Henry Thomas</title>
<id>1101461</id>
<revision>
<id>243090401</id>
<timestamp>2008-10-05T02:57:01Z</timestamp>
<contributor>
<username>SieBot</username>
<id>4005189</id>
</contributor>
</revision>
<categories>
<category>American film actors</category>
<category>Texas actors</category>
<category>American television actors</category>
<category>Living people</category>
<category>American child actors</category>
<category>People from San Antonio, Texas</category>
<category>1971 births</category>
</categories>
</header>
<bdy>
<template>
<name>Infobox actor</name>
<parameters>

<image width="150px" src="Replace_this_image_male.svg">
</image>
<birthplace>
<village wordnetid="108672738" confidence="0.9508927676800064">
<link xlink:type="simple" xlink:href="../848/53848.xml">
San Antonio, Texas</link></village>
, <body wordnetid="107965085" confidence="0.8">
<social_group wordnetid="107950920" confidence="0.8">
<political_orientation wordnetid="106212839" confidence="0.8">
<colony wordnetid="108374049" confidence="0.8">
<state wordnetid="108168978" confidence="0.8">
<political_unit wordnetid="108359949" confidence="0.8">
<group wordnetid="100031264" confidence="0.8">
<democracy wordnetid="106217103" confidence="0.8">
<link xlink:type="simple" xlink:href="../750/3434750.xml">
United States</link></democracy>
</group>
</political_unit>
</state>
</colony>
</political_orientation>
</social_group>
</body>
</birthplace>
<spouse>
Marie Zielcke (<link xlink:type="simple" xlink:href="../524/35524.xml">
2004</link> - present)Kelly Hill (<link xlink:type="simple" xlink:href="../548/34548.xml">
2000</link> - <link xlink:type="simple" xlink:href="../502/35502.xml">
2002</link>)</spouse>
<name>
Henry Thomas</name>
<birthdate>
September 9, 1971 (1971-09-09) (age&nbsp;37)</birthdate>
<yearsactive>
<link xlink:type="simple" xlink:href="../776/34776.xml">
1981</link> ─ present</yearsactive>
<birthname>
Henry Jackson Thomas Jr.</birthname>
</parameters>
</template>


For other persons named Henry Thomas, see <link xlink:type="simple" xlink:href="../221/4848221.xml">
Henry Thomas (disambiguation)</link>.<p>

<b>Henry Jackson Thomas, Jr.</b> (born <link xlink:type="simple" xlink:href="../544/28544.xml">
September 9</link>, <link xlink:type="simple" xlink:href="../748/34748.xml">
1971</link>) is an <body wordnetid="107965085" confidence="0.8">
<social_group wordnetid="107950920" confidence="0.8">
<political_orientation wordnetid="106212839" confidence="0.8">
<colony wordnetid="108374049" confidence="0.8">
<state wordnetid="108168978" confidence="0.8">
<political_unit wordnetid="108359949" confidence="0.8">
<group wordnetid="100031264" confidence="0.8">
<democracy wordnetid="106217103" confidence="0.8">
<link xlink:type="simple" xlink:href="../750/3434750.xml">
American</link></democracy>
</group>
</political_unit>
</state>
</colony>
</political_orientation>
</social_group>
</body>
 <link xlink:type="simple" xlink:href="../753/753.xml">
actor</link> and <link xlink:type="simple" xlink:href="../284/38284.xml">
musician</link>. He has appeared in more than 40 films and is best known for his role as Elliott in the 1982 <person wordnetid="100007846" confidence="0.9508927676800064">
<actor wordnetid="109765278" confidence="0.9508927676800064">
<link xlink:type="simple" xlink:href="../940/26940.xml">
Steven Spielberg</link></actor>
</person>
 film <it><movie wordnetid="106613686" confidence="0.9508927676800064">
<link xlink:type="simple" xlink:href="../441/73441.xml">
E.T. the Extra-Terrestrial</link></movie>
</it>. </p>

<sec>
<st>
Biography</st>

<ss1>
<st>
Personal life</st>
<p>

Thomas was born in <village wordnetid="108672738" confidence="0.9508927676800064">
<link xlink:type="simple" xlink:href="../848/53848.xml">
San Antonio, Texas</link></village>
, the son of Carolyn L. (<link xlink:type="simple" xlink:href="../912/61912.xml">
née</link> Davis), a homemaker, and Henry Jackson Thomas, a hydraulic machinist.<ref xlink:type="simple" xlink:href="#xpointer(//reflist/entry[@id=%221%22])">1</ref> In San Antonio he attended East Central High School, in the ECISD district, and <university wordnetid="108286163" confidence="0.9508927676800064">
<link xlink:type="simple" xlink:href="../005/1246005.xml">
Blinn College</link></university>
 in <village wordnetid="108672738" confidence="0.9508927676800064">
<link xlink:type="simple" xlink:href="../767/136767.xml">
Brenham, Texas</link></village>
.<ref xlink:type="simple" xlink:href="#xpointer(//reflist/entry[@id=%222%22])">2</ref></p>
<p>

Thomas' first marriage to Kelly Hill ended in divorce.   He married <link>
Marie Zielcke</link> in May 2004. They have a daughter, Hazel. The couple are currently separated.</p>

</ss1>
<ss1>
<st>
Career</st>
<p>

After <it>E.T.</it>, Thomas returned to Texas, acting in film and on TV from time to time while attending school and generally leading the life of a regular child. </p>
<p>

Short after his appearance in <it>E.T.</it>, Thomas also made some appearances in commercials for the <system wordnetid="104377057" confidence="0.9508927676800064">
<link xlink:type="simple" xlink:href="../309/15309.xml">
Intellivision</link></system>
 console by <company wordnetid="108058098" confidence="0.9508927676800064">
<link xlink:type="simple" xlink:href="../642/20642.xml">
Mattel</link></company>
, alongside <person wordnetid="100007846" confidence="0.9508927676800064">
<editor wordnetid="110044879" confidence="0.9173553029164789">
<actor wordnetid="109765278" confidence="0.9173553029164789">
<writer wordnetid="110794014" confidence="0.9173553029164789">
<journalist wordnetid="110224578" confidence="0.9173553029164789">
<link xlink:type="simple" xlink:href="../036/242036.xml">
George Plimpton</link></journalist>
</writer>
</actor>
</editor>
</person>
,<ref xlink:type="simple" xlink:href="#xpointer(//reflist/entry[@id=%223%22])">3</ref> whom he always referred as "Mr. Intellivision". In all these commercials, Plimpton always asked what Thomas's name is, but is never mentioned. According to Intellivision Products, Inc., <company wordnetid="108058098" confidence="0.9508927676800064">
<link xlink:type="simple" xlink:href="../ury/23rd_century.xml">
Atari</link></company>
 threatened to sue Mattel if Thomas was identified in the commercials, since Atari was securing at that time the rights for the <artifact wordnetid="100021939" confidence="0.8">
<instrumentality wordnetid="103575240" confidence="0.8">
<furnishing wordnetid="103405265" confidence="0.8">
<table wordnetid="104379243" confidence="0.8">
<furniture wordnetid="103405725" confidence="0.8">
<console_table wordnetid="103092883" confidence="0.8">
<link xlink:type="simple" xlink:href="../779/2779.xml">
Atari 2600</link></console_table>
</furniture>
</table>
</furnishing>
</instrumentality>
</artifact>
 <link xlink:type="simple" xlink:href="../289/106289.xml">
<it>E.T.</it> video game</link><weblink xlink:type="simple" xlink:href="http://youtube.com/watch?v=KsmIma0ZQtQ">
http://youtube.com/watch?v=KsmIma0ZQtQ</weblink>.</p>
<p>

Thomas returned to film in the late 1980s and early 1990s and began to prove himself in adult roles. His most prominent adult role to date was as Samuel Ludlow in 1994's <it><movie wordnetid="106613686" confidence="0.9508927676800064">
<link xlink:type="simple" xlink:href="../530/654530.xml">
Legends of the Fall</link></movie>
</it>. He is currently both an actor and musician. Moving to Los Angeles in 1998, the band <link>
The Blueheelers</link> called it quits but Thomas continues to write and record songs. He posts them on Myspace.com
</p>
</ss1>
</sec>
<sec>
<st>
Awards and honors</st>
<p>

<list>
<entry level="1" type="bullet">

 <channel wordnetid="106259898" confidence="0.9508927676800064">
<link xlink:type="simple" xlink:href="../619/215619.xml">
VH1</link></channel>
's "100 Greatest Kid Stars"</entry>
<entry level="1" type="bullet">

 2005, ranked #4, <channel wordnetid="106259898" confidence="0.9508927676800064">
<link xlink:type="simple" xlink:href="../107/528107.xml">
E!</link></channel>
's "50 Cutest Child Stars All Grown-up"</entry>
</list>
</p>

</sec>
<sec>
<st>
Filmography</st>
<p>

<list>
<entry level="1" type="bullet">

<it><movie wordnetid="106613686" confidence="0.9508927676800064">
<link xlink:type="simple" xlink:href="../322/11395322.xml">
The Last Sin Eater</link></movie>
 </it> (2007) ... Man of God</entry>
<entry level="1" type="bullet">

<it><movie wordnetid="106613686" confidence="0.9508927676800064">
<link xlink:type="simple" xlink:href="../263/6227263.xml">
Suffering Man's Charity</link></movie>
</it> (2006) ... Eric</entry>
<entry level="1" type="bullet">

<it><link xlink:type="simple" xlink:href="../899/265899.xml">
Desperation</link></it> (2006) (TV) ... Peter Jackson</entry>
<entry level="1" type="bullet">

<it><episode wordnetid="106396330" confidence="0.9508927676800064">
<link xlink:type="simple" xlink:href="../323/5125323.xml">
Masters of Horror-Chocolate</link></episode>
 (2005) (TV) ... Jamie</it></entry>
<entry level="1" type="bullet">

<it><link>
Hard Easy, The</link></it> (2005) .... Paul Weston</entry>
<entry level="1" type="bullet">

<it><link xlink:type="simple" xlink:href="../585/2894585.xml">
Dead Birds</link></it> (2004) .... William</entry>
<entry level="1" type="bullet">

<it><link>
Honey Baby</link></it> (2003) .... Tom</entry>
<entry level="1" type="bullet">

 (2003) .... Jack</entry>
<entry level="1" type="bullet">

<it><link>
plain dirty</link></it> (2003)</entry>
<entry level="1" type="bullet">

<it><link>
Briar Patch</link></it> (2003) .... Edgar MacBeth</entry>
<entry level="1" type="bullet">

<it><movie wordnetid="106613686" confidence="0.9508927676800064">
<link xlink:type="simple" xlink:href="../215/10506215.xml">
I Capture the Castle</link></movie>
</it> (2003) .... Simon Cotton</entry>
<entry level="1" type="bullet">

<it><movie wordnetid="106613686" confidence="0.9508927676800064">
<link xlink:type="simple" xlink:href="../902/188902.xml">
Gangs of New York</link></movie>
</it> (2002) .... Johnny Sirocco</entry>
<entry level="1" type="bullet">

<it><link xlink:type="simple" xlink:href="../623/10629623.xml">
I'm with Lucy</link></it> (2002) .... Barry</entry>
<entry level="1" type="bullet">

<it><link xlink:type="simple" xlink:href="../927/7451927.xml">
Dead in the Water</link></it> (2002) .... Jeff</entry>
<entry level="1" type="bullet">

 (2002) .... Elliott</entry>
<entry level="1" type="bullet">

<it><link>
Quickie, The</link></it> (2001) .... Alex</entry>
<entry level="1" type="bullet">

<it><literary_composition wordnetid="106364329" confidence="0.8">
<written_communication wordnetid="106349220" confidence="0.8">
<writing wordnetid="106362953" confidence="0.8">
<fiction wordnetid="106367107" confidence="0.8">
<novel wordnetid="106367879" confidence="0.8">
<link xlink:type="simple" xlink:href="../753/1528753.xml">
All the Pretty Horses</link></novel>
</fiction>
</writing>
</written_communication>
</literary_composition>
</it> (2000) .... Lacey Rawlins </entry>
<entry level="1" type="bullet">

<it><link>
A Good Baby</link></it> (2000) .... Raymond Toker</entry>
<entry level="1" type="bullet">

<it><link>
Happy Face Murders</link></it> (1999) (TV) .... Dylan McCarthy </entry>
<entry level="1" type="bullet">

<it><product wordnetid="104007894" confidence="0.8">
<creation wordnetid="103129123" confidence="0.8">
<artifact wordnetid="100021939" confidence="0.8">
<event wordnetid="100029378" confidence="0.8">
<social_event wordnetid="107288639" confidence="0.8">
<movie wordnetid="106613686" confidence="0.8">
<show wordnetid="106619065" confidence="0.8">
<psychological_feature wordnetid="100023100" confidence="0.8">
<link xlink:type="simple" xlink:href="../605/3726605.xml">
Fever</link></psychological_feature>
</show>
</movie>
</social_event>
</event>
</artifact>
</creation>
</product>
</it> (1999) .... Nick Parker </entry>
<entry level="1" type="bullet">

<it><physical_entity wordnetid="100001930" confidence="0.8">
<causal_agent wordnetid="100007347" confidence="0.8">
<link xlink:type="simple" xlink:href="../859/19859.xml">
Moby Dick (TV movie)</link></causal_agent>
</physical_entity>
</it> (1998) (TV) .... Ishmael </entry>
<entry level="1" type="bullet">

<it><movie wordnetid="106613686" confidence="0.9508927676800064">
<link xlink:type="simple" xlink:href="../353/1337353.xml">
Suicide Kings</link></movie>
</it> (1997) .... Avery Chasten </entry>
<entry level="1" type="bullet">

<it><movie wordnetid="106613686" confidence="0.9508927676800064">
<link xlink:type="simple" xlink:href="../977/7064977.xml">
Niagara, Niagara</link></movie>
</it> (1997) .... Seth</entry>
<entry level="1" type="bullet">

<it><link>
Hijacking Hollywood</link></it> (1997) .... Kevin </entry>
<entry level="1" type="bullet">

<it><link>
Bombshell</link></it> (1996) .... Buck Hogan </entry>
<entry level="1" type="bullet">

<it><book wordnetid="106410904" confidence="0.9508927676800064">
<link xlink:type="simple" xlink:href="../298/992298.xml">
Riders of the Purple Sage</link></book>
</it> (1996) (TV) .... Bern Venters </entry>
<entry level="1" type="bullet">

 (1995) (TV) .... Ray Buckey </entry>
<entry level="1" type="bullet">

<it><movie wordnetid="106613686" confidence="0.9508927676800064">
<link xlink:type="simple" xlink:href="../530/654530.xml">
Legends of the Fall</link></movie>
</it> (1994) .... Samuel Ludlow </entry>
<entry level="1" type="bullet">

<it><dramatic_composition wordnetid="107007684" confidence="0.8">
<play wordnetid="107007945" confidence="0.8">
<written_communication wordnetid="106349220" confidence="0.8">
<writing wordnetid="106362953" confidence="0.8">
<link xlink:type="simple" xlink:href="../195/4681195.xml">
Curse of the Starving Class</link></writing>
</written_communication>
</play>
</dramatic_composition>
</it> (1994) .... Wesley Tate </entry>
<entry level="1" type="bullet">

<it><link>
Beyond Obsession</link></it> (1994) (TV) .... John Thompson</entry>
<entry level="1" type="bullet">

<it><movie wordnetid="106613686" confidence="0.9508927676800064">
<link xlink:type="simple" xlink:href="../551/722551.xml">
Fire in the Sky</link></movie>
</it> (1993) .... Greg Hayes </entry>
<entry level="1" type="bullet">

<it><link>
A Taste for Killing</link></it> (1992) (TV) .... Cary Sloan </entry>
<entry level="1" type="bullet">

 (1990) (TV) .... Young Norman Bates</entry>
<entry level="1" type="bullet">

<it><link xlink:type="simple" xlink:href="../559/2055559.xml">
Valmont</link></it> (1989) .... Raphael Danceny </entry>
<entry level="1" type="bullet">

<it><link>
Murder One</link></it> (1988) .... Billy Isaacs </entry>
<entry level="1" type="bullet">

<it><movie wordnetid="106613686" confidence="0.9508927676800064">
<link xlink:type="simple" xlink:href="../999/7556999.xml">
Frog Dreaming</link></movie>
</it> (1986) .... Cody</entry>
<entry level="2" type="bullet">

(a.k.a. <it><link xlink:type="simple" xlink:href="../621/1448621.xml">
The Quest</link></it>)</entry>
<entry level="1" type="bullet">

<it><link xlink:type="simple" xlink:href="../852/1324852.xml">
Cloak and Dagger</link></it> (1984) .... Davey Osborne </entry>
<entry level="1" type="bullet">

<it><link>
Misunderstood</link></it> (1984) .... Andrew</entry>
<entry level="1" type="bullet">

<it><movie wordnetid="106613686" confidence="0.9508927676800064">
<link xlink:type="simple" xlink:href="../441/73441.xml">
E.T. the Extra-Terrestrial</link></movie>
</it> (1982) .... Elliott</entry>
<entry level="1" type="bullet">

<it><link>
The Steeler and the Pittsburgh Kid</link></it> (1981) (TV) .... The Kid </entry>
<entry level="1" type="bullet">

<it><movie wordnetid="106613686" confidence="0.9508927676800064">
<link xlink:type="simple" xlink:href="../694/5942694.xml">
Raggedy Man</link></movie>
</it> (1981) .... Harry</entry>
</list>
</p>

</sec>
<sec>
<st>
References</st>

<p>

<reflist>
<entry id="1">
<weblink xlink:type="simple" xlink:href="http://www.filmreference.com/film/82/Henry-Thomas.html">
Henry Thomas Biography (1971-)</weblink></entry>
<entry id="2">
<weblink xlink:type="simple" xlink:href="http://www.hs.ecisd.net/index.htm">
East Central High School</weblink></entry>
<entry id="3">
<weblink xlink:type="simple" xlink:href="http://www.intellivisionlives.com/media.shtml">
Intellivision News</weblink></entry>
</reflist>
</p>

</sec>
<sec>
<st>
External links</st>
<p>

<list>
<entry level="1" type="bullet">

 <weblink xlink:type="simple" xlink:href="http://www.imdb.com/name/nm0001794/">
Henry Thomas</weblink> at the <web_site wordnetid="106359193" confidence="0.9508927676800064">
<link xlink:type="simple" xlink:href="../554/2855554.xml">
Internet Movie Database</link></web_site>
</entry>
<entry level="1" type="bullet">

 <weblink xlink:type="simple" xlink:href="http://movies.yahoo.com/shop?d=hc&amp;id=1800020156&amp;cf=biog&amp;intl=us">
Yahoo! Movies Henry Thomas Biography</weblink></entry>
<entry level="1" type="bullet">

 <weblink xlink:type="simple" xlink:href="http://www.myspace.com/henrythomasmusic">
Myspace Page</weblink></entry>
</list>
</p>



</sec>
</bdy>
</actor>
</article>
