<?xml version="1.0" encoding="UTF-8"?>
<!-- generated by CLiX/Wiki2XML [MPI-Inf, MMCI@UdS] $LastChangedRevision: 92 $ on 17.04.2009 00:30:16[mciao0828] -->
<!DOCTYPE article SYSTEM "../article.dtd">
<article xmlns:xlink="http://www.w3.org/1999/xlink">
<actor  confidence="0.9508927676800064" wordnetid="109765278">
<header>
<title>Teri McMinn</title>
<id>11045716</id>
<revision>
<id>236581883</id>
<timestamp>2008-09-06T03:11:14Z</timestamp>
<contributor>
<username>Chainsawgal</username>
<id>7794066</id>
</contributor>
</revision>
<categories>
<category>American film actors</category>
<category>Texas actors</category>
<category>Living people</category>
<category>People from Houston, Texas</category>
<category>University of Texas at Austin alumni</category>
<category>1953 births</category>
</categories>
</header>
<bdy>
<template>
<name>Infobox actor</name>
<parameters>

<image width="150px" src="TeriSmall.jpg">
</image>
<othername>
Teri McMinn</othername>
<homepage>
terimcminn.com</homepage>
<birthplace>
<village wordnetid="108672738" confidence="0.9508927676800064">
<link xlink:type="simple" xlink:href="../774/13774.xml">
Houston, Texas</link></village>
</birthplace>
<birthdate>
August 18, 1951 (1951-08-18) (age&nbsp;57)</birthdate>
<birthname>
Teri McMinn</birthname>
</parameters>
</template>


<b>Teri McMinn</b> (born <link xlink:type="simple" xlink:href="../496/1496.xml">
August 18</link>, <link xlink:type="simple" xlink:href="../602/34602.xml">
1951</link>) now 57, is an <body wordnetid="107965085" confidence="0.8">
<social_group wordnetid="107950920" confidence="0.8">
<political_orientation wordnetid="106212839" confidence="0.8">
<colony wordnetid="108374049" confidence="0.8">
<state wordnetid="108168978" confidence="0.8">
<political_unit wordnetid="108359949" confidence="0.8">
<group wordnetid="100031264" confidence="0.8">
<democracy wordnetid="106217103" confidence="0.8">
<link xlink:type="simple" xlink:href="../750/3434750.xml">
American</link></democracy>
</group>
</political_unit>
</state>
</colony>
</political_orientation>
</social_group>
</body>
 <link xlink:type="simple" xlink:href="../753/753.xml">
actress</link>, known for her role as Pam in <it><movie wordnetid="106613686" confidence="0.9508927676800064">
<link xlink:type="simple" xlink:href="../781/29781.xml">
The Texas Chain Saw Massacre</link></movie>
</it> (1974).<p>

In <it>The Texas Chain Saw Massacre</it> (directed by <creator wordnetid="109614315" confidence="0.9508927676800064">
<link xlink:type="simple" xlink:href="../429/304429.xml">
Tobe Hooper</link></creator>
), McMinn stars as Pam, a teenager who travels (along with her boyfriend and some friends) to the cemetery where Sally Hardesty and her brother Franklin's grandfather is buried to investigate reports of recent grave vandalism.</p>
<p>

McMinn was born and raised in Houston, Texas|Houston, Texas, grew up with an interest in the arts. 
After graduating high school Teri was on scholarship with The Dallas Theatre Center, in Dallas, Texas. Moving to Austin, Texas for further study, the actress attended the University of Texas and St Edwards University in Austin, Texas. 
She was discovered by Hooper and producer, Henkle, after seeing an article about her in the local newspaper. After auditioning, Teri was chosen for the part. Hooper and Henkle offered her the role of "Pam" in their film project.</p>

<p>

Following the arduous film shoot, Teri continued acting in Regional Theater in Texas, and the mid west. 
After the film’s 1974 release, she studied acting in Los Angeles and New York, was a leg and foot model, doing commercials 
and print work, while continuing her work in theatre.  
At Monster Mania Horror Convention in 2008, in Cherry Hill, N.J., Teri made a Personal Appearance, as "Pam", the 'girl on the meat hook', in a cast reunion, her first appearance 
Another first, in September 2008,the new 4 set Hi-Def DVD release of the movie, contains an interview with her about the making and release of the film.  </p>
<p>

In 2009, the film's 35th anniversary, since it's release, Teri is to make several more Personal Appearances.</p>


<sec>
<st>
External links</st>
<p>

Official Website: http://terimcminn.com/
<list>
<entry level="1" type="bullet">

<weblink xlink:type="simple" xlink:href="http://www.imdb.com/name/nm0573374/">
Teri McMinn</weblink> at the <web_site wordnetid="106359193" confidence="0.9508927676800064">
<link xlink:type="simple" xlink:href="../554/2855554.xml">
Internet Movie Database</link></web_site>
</entry>
<entry level="1" type="bullet">

<weblink xlink:type="simple" xlink:href="http://www.texaschainsawmassacre.net/Where/Teri.htm">
Interview with Teri McMinn</weblink></entry>
</list>
</p>



</sec>
</bdy>
</actor>
</article>
