<?xml version="1.0" encoding="UTF-8"?>
<!-- generated by CLiX/Wiki2XML [MPI-Inf, MMCI@UdS] $LastChangedRevision: 92 $ on 16.04.2009 15:25:33[mciao0825] -->
<!DOCTYPE article SYSTEM "../article.dtd">
<article xmlns:xlink="http://www.w3.org/1999/xlink">
<header>
<title>Fat</title>
<id>11042</id>
<revision>
<id>244084339</id>
<timestamp>2008-10-09T07:39:59Z</timestamp>
<contributor>
<username>Slakr</username>
<id>849713</id>
</contributor>
</revision>
<categories>
<category>Semi-protected</category>
<category>Nutrition</category>
</categories>
</header>
<bdy>

<image width="150px" src="">

</image>


For other uses, see <link xlink:type="simple" xlink:href="../045/6278045.xml">
fat (disambiguation)</link>&#32;and <link xlink:type="simple" xlink:href="../094/419094.xml">
body fat</link>.<p>

<table class="infobox">
<header style="text-align: center; background: #eee;">
 Types of <link xlink:type="simple" xlink:href="../042/11042.xml">
fat</link>s in <link xlink:type="simple" xlink:href="../646/10646.xml">
food</link></header>
<row>
<col>
<list>
<entry level="1" type="bullet">

 <link xlink:type="simple" xlink:href="../748/264748.xml">
Unsaturated fat</link></entry>
<entry level="2" type="bullet">

 <link xlink:type="simple" xlink:href="../404/1051404.xml">
Monounsaturated fat</link></entry>
<entry level="2" type="bullet">

 <link xlink:type="simple" xlink:href="../513/1610513.xml">
Polyunsaturated fat</link></entry>
<entry level="2" type="bullet">

 <link xlink:type="simple" xlink:href="../487/263487.xml">
Trans fat</link></entry>
<entry level="2" type="bullet">

 Omega fatty acids:</entry>
<entry level="3" type="bullet">

 <link xlink:type="simple" xlink:href="../594/22594.xml">
ω−3</link></entry>
<entry level="3" type="bullet">

 <link xlink:type="simple" xlink:href="../218/681218.xml">
ω−6</link></entry>
<entry level="3" type="bullet">

 <link xlink:type="simple" xlink:href="../439/3110439.xml">
ω−9</link></entry>
<entry level="1" type="bullet">

 <link xlink:type="simple" xlink:href="../746/264746.xml">
Saturated fat</link></entry>
<entry level="2" type="bullet">

 <link xlink:type="simple" xlink:href="../034/9057034.xml">
Interesterified fat</link></entry>
</list>
</col>
</row>
<row>
<header style="text-align: center; background: #eee;">
See also</header>
</row>
<row>
<col>
<list>
<entry level="1" type="bullet">

 <link xlink:type="simple" xlink:href="../975/10975.xml">
Fatty acid</link></entry>
<entry level="1" type="bullet">

 <link xlink:type="simple" xlink:href="../948/105948.xml">
Essential fatty acid</link> style="background:#f9f9f9; font-size:85%; line-height:110%; "</entry>
</list>

| <image width="50x28px" src="Bananen.jpg">
</image>

| style="padding:0 0.2em;" | <b><it>
Food&#32;portal</it></b>
|}</col>
</row>
</table>

<b>Fats</b> consist of a wide group of compounds that are generally soluble in organic solvents and largely insoluble in water. <link xlink:type="simple" xlink:href="../180/5180.xml">
Chemically</link>, fats are generally <link xlink:type="simple" xlink:href="../675/9675.xml">
triesters</link> of <link xlink:type="simple" xlink:href="../732/172732.xml">
glycerol</link> and <link xlink:type="simple" xlink:href="../975/10975.xml">
fatty acid</link>s. Fats may be either <link xlink:type="simple" xlink:href="../816/18993816.xml">
solid</link> or <link xlink:type="simple" xlink:href="../825/18993825.xml">
liquid</link> at normal room <link xlink:type="simple" xlink:href="../300/19572300.xml">
temperature</link>, depending on their structure and composition. Although the words "<link xlink:type="simple" xlink:href="../510/4207510.xml">
oil</link>s", "fats", and "<link xlink:type="simple" xlink:href="../940/17940.xml">
lipid</link>s" are all used to refer to fats, "oils" is usually used to refer to fats that are liquids at normal room temperature, while "fats" is usually used to refer to fats that are solids at normal room temperature. "Lipids" is used to refer to both liquid and solid fats, along with other related substances. The word "<link xlink:type="simple" xlink:href="../401/22401.xml">
oil</link>" is used for any substance that does not mix with water and has a greasy feel, such as <link xlink:type="simple" xlink:href="../195/23195.xml">
petroleum</link> (or crude oil) and <link xlink:type="simple" xlink:href="../478/1242478.xml">
heating oil</link>, regardless of its chemical structure.<ref xlink:type="simple" xlink:href="#xpointer(//reflist/entry[@id=%221%22])">1</ref></p>
<p>

Fats form a category of <link xlink:type="simple" xlink:href="../940/17940.xml">
lipid</link>, distinguished from other lipids by their <link xlink:type="simple" xlink:href="../009/474009.xml">
chemical structure</link> and physical properties. This category of molecules is important for many forms of life, serving both structural and metabolic functions.  They are an important part of the <link xlink:type="simple" xlink:href="../924/639924.xml">
diet</link> of most <link xlink:type="simple" xlink:href="../114/97114.xml">
heterotroph</link>s (including humans). Fats or lipids are broken down in the body by enzymes called <link xlink:type="simple" xlink:href="../592/374592.xml">
lipase</link>s produced in the pancreas.</p>
<p>

Examples of edible animal fats are <link xlink:type="simple" xlink:href="../997/18621997.xml">
lard</link> (pig fat), <link xlink:type="simple" xlink:href="../306/999306.xml">
fish oil</link>, and <link xlink:type="simple" xlink:href="../183/46183.xml">
butter</link> or <link xlink:type="simple" xlink:href="../394/212394.xml">
ghee</link>. They are obtained from fats in the milk, meat and under the skin of the animal. Examples of edible plant fats are peanut, soya bean, sunflower, sesame, coconut, olive, and vegetable oils. <link xlink:type="simple" xlink:href="../276/193276.xml">
Margarine</link> and <link xlink:type="simple" xlink:href="../154/667154.xml">
vegetable shortening</link>, which can be derived from the above oils, are used mainly for baking. 
These examples of fats can be categorized into <link xlink:type="simple" xlink:href="../746/264746.xml">
saturated fat</link>s and <link xlink:type="simple" xlink:href="../748/264748.xml">
unsaturated fat</link>s.</p>

<sec>
<st>
Chemical structure</st>
<p>

<image location="right" width="250px" src="Trimyristin-3D-vdW.png" type="thumb">
<caption>

A <link xlink:type="simple" xlink:href="../525/56525.xml">
triglyceride</link> molecule
</caption>
</image>

There are many different kinds of fats, but each is a variation on the same chemical structure.  All fats consist of <link xlink:type="simple" xlink:href="../975/10975.xml">
fatty acid</link>s (chains of <link xlink:type="simple" xlink:href="../299/5299.xml">
carbon</link> and <link xlink:type="simple" xlink:href="../255/13255.xml">
hydrogen</link> atoms, with a <link xlink:type="simple" xlink:href="../099/6099.xml">
carboxylic acid</link> group at one end) bonded to a backbone structure, often <link xlink:type="simple" xlink:href="../732/172732.xml">
glycerol</link> (a "backbone" of carbon, hydrogen, and oxygen). Chemically, this is a <link xlink:type="simple" xlink:href="../675/9675.xml">
triester</link> of glycerol, an ester being the molecule formed from the reaction of the carboxylic acid and an organic alcohol. As a simple visual illustration, if the kinks and <link xlink:type="simple" xlink:href="../278/996278.xml">
angles</link> of these chains were straightened out, the molecule would have the shape of a capital letter E.  The fatty acids would each be a horizontal line; the glycerol "backbone" would be the vertical line that joins the horizontal lines. Fats therefore have "ester" <link xlink:type="simple" xlink:href="../993/5993.xml">
bonds</link>. </p>
<p>

The properties of any specific fat molecule depend on the particular fatty acids that constitute it.  Different fatty acids are comprised of different numbers of carbon and hydrogen atoms.  The carbon atoms, each bonded to two neighboring carbon atoms, form a zigzagging chain; the more carbon atoms there are in any fatty acid, the longer its chain will be.  Fatty acids with long chains are more susceptible to intermolecular forces of attraction (in this case, <link xlink:type="simple" xlink:href="../657/70657.xml">
van der Waals forces</link>), raising its <link xlink:type="simple" xlink:href="../283/40283.xml">
melting point</link>. Long chains also yield more <link xlink:type="simple" xlink:href="../649/9649.xml">
energy</link> per molecule when metabolized. </p>
<p>

A fat's constituent fatty acids may also differ in the number of hydrogen atoms that are bonded to the chain of carbon atoms. Each carbon atom is typically bonded to two hydrogen atoms. When a fatty acid has this typical arrangement, it is called <link xlink:type="simple" xlink:href="../676/41676.xml">
"saturated"</link>, because the carbon atoms are saturated with hydrogen; meaning they are <link xlink:type="simple" xlink:href="../246/6246.xml">
bonded</link> to as many hydrogens as possible. In other fats, a carbon atom may instead bond to only one other hydrogen atom, and have a <link xlink:type="simple" xlink:href="../246/6246.xml">
double bond</link> to a neighboring carbon atom. This results in an "unsaturated" fatty acid. More specifically, it would be a "monounsaturated" fatty acid, whereas, a "polyunsaturated" fatty acid would be a fatty acid with more than one double bond. 
Saturated and unsaturated fats differ in their energy content and melting point.  Since an unsaturated fat contains fewer carbon-hydrogen bonds than a saturated fat with the same number of carbon atoms, unsaturated fats will yield slightly less energy during metabolism than saturated fats with the same number of carbon atoms.  Saturated fats can stack themselves in a closely packed arrangement, so they can freeze easily and are typically solid at room temperature.  But the rigid double bond in an unsaturated fat fundamentally changes the chemistry of the fat. There are two ways the double bond may be arranged: the isomer with both parts of the chain on the same side of the double bond (the <it><link xlink:type="simple" xlink:href="../445/9130445.xml">
cis</link></it>-isomer), or the isomer with the parts of the chain on opposite sides of the double bond (the <it><link xlink:type="simple" xlink:href="../534/264534.xml">
trans</link></it>-isomer). Most <it>trans</it>-isomer fats (commonly called <link xlink:type="simple" xlink:href="../487/263487.xml">
trans fat</link>s) are commercially produced rather than naturally occurring. The <it>cis</it>-isomer introduces a kink into the molecule that prevents the fats from stacking efficiently as in the case of fats with saturated chains. This decreases intermolecular forces between the fat molecules, making it more difficult for unsaturated cis-fats to freeze; they are typically liquid at room temperature. Trans fats may still stack like saturated fats, and are not as susceptible to metabolization as other fats. Trans fats and saturated fats significantly increase the risk of <link xlink:type="simple" xlink:href="../735/5069735.xml">
coronary heart disease</link>.<ref xlink:type="simple" xlink:href="#xpointer(//reflist/entry[@id=%222%22])">2</ref></p>

</sec>
<sec>
<st>
Importance for living organisms</st>
<p>

<link xlink:type="simple" xlink:href="../512/32512.xml">
Vitamin</link>s <link xlink:type="simple" xlink:href="../114/54114.xml">
A</link>, <link xlink:type="simple" xlink:href="../106/54106.xml">
D</link>, <link xlink:type="simple" xlink:href="../104/54104.xml">
E</link>, and <link xlink:type="simple" xlink:href="../541/32541.xml">
K</link> are fat-soluble, meaning they can only be digested, absorbed, and transported in conjunction with fats. Fats are also sources of <link xlink:type="simple" xlink:href="../948/105948.xml">
essential fatty acid</link>s, an important dietary requirement.</p>
<p>

Fats play a vital role in maintaining healthy <link xlink:type="simple" xlink:href="../978/27978.xml">
skin</link> and <link xlink:type="simple" xlink:href="../313/14313.xml">
hair</link>, insulating body organs against shock, maintaining body temperature, and promoting healthy cell function. They also serve as energy stores for the body.  Fats are broken down in the body to release <link xlink:type="simple" xlink:href="../732/172732.xml">
glycerol</link> and free <link xlink:type="simple" xlink:href="../975/10975.xml">
fatty acid</link>s.  The glycerol can be converted to <link xlink:type="simple" xlink:href="../950/12950.xml">
glucose</link> by the liver and thus used as a source of energy.</p>
<p>

Fat also serves as a useful buffer towards a host of diseases. When a particular substance, whether chemical or biotic&mdash;reaches unsafe levels in the bloodstream, the body can effectively dilute&mdash;or at least maintain equilibrium of&mdash;the offending substances by storing it in new fat tissue. This helps to protect vital organs, until such time as the offending substances can be metabolized and/or removed from the body by such means as <link xlink:type="simple" xlink:href="../468/255468.xml">
excretion</link>, <link xlink:type="simple" xlink:href="../421/159421.xml">
urination</link>, accidental or intentional <link xlink:type="simple" xlink:href="../196/64196.xml">
bloodletting</link>, <link>
sebum</link> excretion, and <link xlink:type="simple" xlink:href="../313/14313.xml">
hair</link> growth.</p>
<p>

While it is nearly impossible to remove fat completely from the diet, it would be unhealthy to do so. Some fatty acids are essential nutrients, meaning that they can't be produced in the body from other compounds and need to be consumed in small amounts. All other fats required by the body are non-essential and can be produced in the body from other compounds.</p>

</sec>
<sec>
<st>
Adipose tissue</st>
<p>

<image location="right" width="150px" src="Fatmouse.jpg" type="thumb">
<caption>

The <link xlink:type="simple" xlink:href="../435/56435.xml">
obese</link> <link xlink:type="simple" xlink:href="../845/18845.xml">
mouse</link> on the left has large stores of adipose tissue. For comparison, a mouse with a normal amount of adipose tissue is shown on the right.
</caption>
</image>
</p>
<p>

<indent level="1">

<it>Main article: <link xlink:type="simple" xlink:href="../094/419094.xml">
Adipose tissue</link></it>
</indent>
In animals, <link xlink:type="simple" xlink:href="../094/419094.xml">
adipose</link>, or fatty tissue is the body's means of storing metabolic energy over extended periods of time. Depending on current <link xlink:type="simple" xlink:href="../597/23597.xml">
physiological</link> conditions, <link xlink:type="simple" xlink:href="../229/625229.xml">
adipocytes</link> store fat derived from the diet and liver <link xlink:type="simple" xlink:href="../374/20374.xml">
metabolism</link> or degrade stored fat to supply <link xlink:type="simple" xlink:href="../975/10975.xml">
fatty acids</link> and <link xlink:type="simple" xlink:href="../732/172732.xml">
glycerol</link> to the <link xlink:type="simple" xlink:href="../330/57330.xml">
circulation</link>. These metabolic activities are regulated by several hormones (i.e., <link xlink:type="simple" xlink:href="../895/14895.xml">
insulin</link>, <link xlink:type="simple" xlink:href="../953/249953.xml">
glucagon</link> and <link xlink:type="simple" xlink:href="../250/10250.xml">
epinephrine</link>). The location of the tissue determines its metabolic profile: "Visceral fat" is located within the abdominal wall (i.e., beneath the wall of abdominal muscle) whereas "subcutaneous fat" is located beneath the skin (and includes fat that is located in the abdominal area beneath the skin but <it>above</it> the abdominal muscle wall).  It was briefly thought that visceral fat produced a hormone involved in <link xlink:type="simple" xlink:href="../448/54448.xml">
insulin resistance</link>, but this has been disproved by clinical tests (see, <link xlink:type="simple" xlink:href="../225/731225.xml">
resistin</link>, a hormone, ultimately misnamed, which is produced by adipose tissue and <it>does</it> cause insulin resistance in mice but not in humans).</p>

</sec>
<sec>
<st>
See also</st>

<p>

<image location="none" width="50px" src="Wikibooks-logo-en.svg">
<caption>

Wikibooks
</caption>
</image>

<work wordnetid="100575741" confidence="0.8">
<possession wordnetid="100032613" confidence="0.8">
<event wordnetid="100029378" confidence="0.8">
<undertaking wordnetid="100795720" confidence="0.8">
<property wordnetid="113244109" confidence="0.8">
<act wordnetid="100030358" confidence="0.8">
<psychological_feature wordnetid="100023100" confidence="0.8">
<activity wordnetid="100407535" confidence="0.8">
<link xlink:type="simple" xlink:href="../006/329006.xml">
Wikibooks</link></activity>
</psychological_feature>
</act>
</property>
</undertaking>
</event>
</possession>
</work>
  has an article on
</p>


<p>

<image location="none" width="50px" src="Wiktionary-logo-en.svg">
<caption>

Wiktionary
</caption>
</image>

Look up  in <web_site wordnetid="106359193" confidence="0.9508927676800064">
<link xlink:type="simple" xlink:href="../658/156658.xml">
Wiktionary</link></web_site>
, the free dictionary.</p>
<p>

<table>
<row>
<col width="50%">
<list>
<entry level="1" type="bullet">

 <link xlink:type="simple" xlink:href="../557/188557.xml">
Animal fat</link></entry>
<entry level="1" type="bullet">

 <link>
Brown fat</link></entry>
<entry level="1" type="bullet">

 <link xlink:type="simple" xlink:href="../932/5932.xml">
Carbohydrate</link></entry>
<entry level="1" type="bullet">

 <link xlink:type="simple" xlink:href="../460/8460.xml">
Dieting</link></entry>
<entry level="1" type="bullet">

 <link xlink:type="simple" xlink:href="../663/537663.xml">
Human weight</link></entry>
<entry level="1" type="bullet">

 <link xlink:type="simple" xlink:href="../940/17940.xml">
Lipid</link></entry>
<entry level="1" type="bullet">

 <link xlink:type="simple" xlink:href="../766/2029766.xml">
National Weight Control Registry</link></entry>
<entry level="1" type="bullet">

 <link xlink:type="simple" xlink:href="../435/56435.xml">
Obesity</link></entry>
</list>
</col>
<col width="50%">
<list>
<entry level="1" type="bullet">

 <link xlink:type="simple" xlink:href="../594/22594.xml">
Omega-3 fatty acid</link></entry>
<entry level="1" type="bullet">

 <link xlink:type="simple" xlink:href="../218/681218.xml">
Omega-6 fatty acid</link></entry>
<entry level="1" type="bullet">

 <link xlink:type="simple" xlink:href="../487/263487.xml">
Trans-fats</link></entry>
<entry level="1" type="bullet">

 <link xlink:type="simple" xlink:href="../525/56525.xml">
Triglyceride</link></entry>
<entry level="1" type="bullet">

 <link xlink:type="simple" xlink:href="../634/23634.xml">
Protein</link></entry>
<entry level="1" type="bullet">

 <link xlink:type="simple" xlink:href="../331/192331.xml">
Vegetable fats and oils</link></entry>
<entry level="1" type="bullet">

 <link xlink:type="simple" xlink:href="../229/625229.xml">
White fat (adipocytes)</link></entry>
<entry level="1" type="bullet">

 <link xlink:type="simple" xlink:href="../057/841057.xml">
Yellow grease</link></entry>
<entry level="1" type="bullet">

 <group wordnetid="100031264" confidence="0.8">
<link xlink:type="simple" xlink:href="../139/1872139.xml">
National Association to Advance Fat Acceptance</link></group>
</entry>
</list>
</col>
</row>
</table>
</p>

</sec>
<sec>
<st>
References</st>

<p>

<reflist>
<entry id="1">
 <cite style="font-style:normal" class="book">Maton, Anthea;&#32;Jean Hopkins, Charles William McLaughlin, Susan Johnson, Maryanna Quon Warner, David LaHart, Jill D. Wright&#32;(1993). Human Biology and Health.&#32;Englewood Cliffs, New Jersey, USA:&#32;Prentice Hall. ISBN 0-13-981176-1. <commercial_enterprise wordnetid="108065093" confidence="0.8">
<company wordnetid="108058098" confidence="0.8">
<cooperative wordnetid="101100877" confidence="0.8">
<enterprise wordnetid="108056231" confidence="0.8">
<institution wordnetid="108053576" confidence="0.8">
<link xlink:type="simple" xlink:href="../885/883885.xml">
OCLC</link></institution>
</enterprise>
</cooperative>
</company>
</commercial_enterprise>
 <weblink xlink:type="simple" xlink:href="http://worldcat.org/oclc/32308337">
32308337</weblink>.</cite>&nbsp;</entry>
<entry id="2">
 <cite style="font-style:normal">Mozaffarian D, Katan MB, Ascherio A, Stampfer MJ, Willett WC&#32;(April 2006).&#32;"Trans Fatty Acids and Cardiovascular Disease". <it>New England Journal of Medicine</it>&#32;<b>354</b>&#32;(15): 1601–1613. <document wordnetid="106470073" confidence="0.8">
<written_communication wordnetid="106349220" confidence="0.8">
<writing wordnetid="106362953" confidence="0.8">
<link xlink:type="simple" xlink:href="../994/422994.xml">
doi</link></writing>
</written_communication>
</document>
:<weblink xlink:type="simple" xlink:href="http://dx.doi.org/10.1056%2FNEJMra054035">
10.1056/NEJMra054035</weblink>. PMID 16611951.</cite>&nbsp; PMID 16611951</entry>
</reflist>
</p>
<p>

<list>
<entry level="1" type="bullet">

  <cite id="Reference-Donatelle-2005" style="font-style:normal" class="book">Donatelle, Rebecca J.&#32;(2005). Health, the Basics, 6th ed,&#32;<link xlink:type="simple" xlink:href="../728/49728.xml">
San Francisco</link>:&#32;Pearson Education, Inc. ISBN 0131206877. <commercial_enterprise wordnetid="108065093" confidence="0.8">
<company wordnetid="108058098" confidence="0.8">
<cooperative wordnetid="101100877" confidence="0.8">
<enterprise wordnetid="108056231" confidence="0.8">
<institution wordnetid="108053576" confidence="0.8">
<link xlink:type="simple" xlink:href="../885/883885.xml">
OCLC</link></institution>
</enterprise>
</cooperative>
</company>
</commercial_enterprise>
 <weblink xlink:type="simple" xlink:href="http://worldcat.org/oclc/51801859">
51801859</weblink>.</cite>&nbsp;</entry>
</list>
</p>


</sec>
</bdy>
</article>
