<?xml version="1.0" encoding="UTF-8"?>
<!-- generated by CLiX/Wiki2XML [MPI-Inf, MMCI@UdS] $LastChangedRevision: 92 $ on 17.04.2009 00:30:09[mciao0828] -->
<!DOCTYPE article SYSTEM "../article.dtd">
<article xmlns:xlink="http://www.w3.org/1999/xlink">
<physical_entity  confidence="0.8" wordnetid="100001930">
<collector  confidence="0.8" wordnetid="109936620">
<person  confidence="0.8" wordnetid="100007846">
<causal_agent  confidence="0.8" wordnetid="100007347">
<archivist  confidence="0.8" wordnetid="109806944">
<header>
<title>Frank G. Burke</title>
<id>11041040</id>
<revision>
<id>239973325</id>
<timestamp>2008-09-21T10:33:17Z</timestamp>
<contributor>
<username>Thismightbezach</username>
<id>2952359</id>
</contributor>
</revision>
<categories>
<category>1927 births</category>
<category>Living people</category>
<category>American archivists</category>
</categories>
</header>
<bdy>

<b>Frank Gerard Burke</b> (born <link xlink:type="simple" xlink:href="../710/1710.xml">
April 22</link>, <link xlink:type="simple" xlink:href="../939/34939.xml">
1927</link>) served as Acting <physical_entity wordnetid="100001930" confidence="0.8">
<collector wordnetid="109936620" confidence="0.8">
<person wordnetid="100007846" confidence="0.8">
<leader wordnetid="109623038" confidence="0.8">
<causal_agent wordnetid="100007347" confidence="0.8">
<archivist wordnetid="109806944" confidence="0.8">
<head wordnetid="110162991" confidence="0.8">
<link xlink:type="simple" xlink:href="../427/1596427.xml">
Archivist of the United States</link></head>
</archivist>
</causal_agent>
</leader>
</person>
</collector>
</physical_entity>
 from April 16, 1985, to December 4, 1987.<p>

Burke joined the staff of the <link xlink:type="simple" xlink:href="../667/70667.xml">
National Archives</link> in 1967 as an information retrieval specialist, after holding previous positions at the <university wordnetid="108286163" confidence="0.9508927676800064">
<link xlink:type="simple" xlink:href="../127/32127.xml">
University of Chicago</link></university>
 library and the Manuscript Division of the <library wordnetid="103660909" confidence="0.9508927676800064">
<link xlink:type="simple" xlink:href="../081/18944081.xml">
Library of Congress</link></library>
. He was one of the first National Archives employees to advocate the development of computer software for storage of archival information.
<ref xlink:type="simple" xlink:href="#xpointer(//reflist/entry[@id=%221%22])">1</ref> He succeeded <person wordnetid="100007846" confidence="0.9638700866880419">
<link xlink:type="simple" xlink:href="../430/11040430.xml">
Robert M. Warner</link></person>
.</p>

<sec>
<st>
References</st>

<p>

<reflist>
<entry id="1">
DeSalvo, Daniel A. An interview on local area networks with Dr. Frank Burke acting archivist of the United States. <it>Telematics and Informatics</it>, Volume 3 ,  Issue 2  (July 1986)</entry>
</reflist>
</p>

</sec>
<sec>
<st>
External links</st>
<p>

<list>
<entry level="1" type="bullet">

<weblink xlink:type="simple" xlink:href="http://www.clis.umd.edu/people/burke/index.shtml">
Dr. Frank G. Burke, Professor Emeritus</weblink> via University of Maryland</entry>
<entry level="1" type="bullet">

<weblink xlink:type="simple" xlink:href="http://www.archives.gov/about/history/archivists/">
Archivists of the United States, 1934-present</weblink></entry>
</list>
</p>

<p>

<table style="margin:0.5em auto; font-size:95%;clear:both;" class="wikitable">
<row>
<header colspan="3" style="background: #bebebe; color: #000000">
Government offices</header>
</row>
<row style="text-align: center;">
</row>
<row style="text-align:center;">
<col align="center" width="30%" rowspan="1">
Preceded&nbsp;by<b><person wordnetid="100007846" confidence="0.9638700866880419">
<link xlink:type="simple" xlink:href="../430/11040430.xml">
Robert M. Warner</link></person>
</b></col>
<col style="text-align: center;" width="40%" rowspan="1">
<b><physical_entity wordnetid="100001930" confidence="0.8">
<collector wordnetid="109936620" confidence="0.8">
<person wordnetid="100007846" confidence="0.8">
<leader wordnetid="109623038" confidence="0.8">
<causal_agent wordnetid="100007347" confidence="0.8">
<archivist wordnetid="109806944" confidence="0.8">
<head wordnetid="110162991" confidence="0.8">
<link xlink:type="simple" xlink:href="../427/1596427.xml">
Archivist of the United States</link></head>
</archivist>
</causal_agent>
</leader>
</person>
</collector>
</physical_entity>
</b>1985&ndash;1987</col>
<col align="center" width="30%" rowspan="1">
 Succeeded&nbsp;by<b><physical_entity wordnetid="100001930" confidence="0.8">
<collector wordnetid="109936620" confidence="0.8">
<person wordnetid="100007846" confidence="0.8">
<intellectual wordnetid="109621545" confidence="0.8">
<causal_agent wordnetid="100007347" confidence="0.8">
<archivist wordnetid="109806944" confidence="0.8">
<historian wordnetid="110177150" confidence="0.8">
<scholar wordnetid="110557854" confidence="0.8">
<link xlink:type="simple" xlink:href="../159/1812159.xml">
Don W. Wilson</link></scholar>
</historian>
</archivist>
</causal_agent>
</intellectual>
</person>
</collector>
</physical_entity>
</b></col>
</row>
</table>
</p>


</sec>
</bdy>
</archivist>
</causal_agent>
</person>
</collector>
</physical_entity>
</article>
