<?xml version="1.0" encoding="UTF-8"?>
<!-- generated by CLiX/Wiki2XML [MPI-Inf, MMCI@UdS] $LastChangedRevision: 92 $ on 17.04.2009 00:37:43[mciao0825] -->
<!DOCTYPE article SYSTEM "../article.dtd">
<article xmlns:xlink="http://www.w3.org/1999/xlink">
<header>
<title>Phage group</title>
<id>11064134</id>
<revision>
<id>144555288</id>
<timestamp>2007-07-14T06:00:21Z</timestamp>
<contributor>
<username>Ragesoss</username>
<id>319203</id>
</contributor>
</revision>
<categories>
<category>History of biology</category>
</categories>
</header>
<bdy>

The <b>phage group</b> (sometimes called the <b>American Phage Group</b>) was an informal network of biologists centered around <link>
Max Delbrück</link> that contributed heavily to <link>
bacterial genetics</link> and the <link xlink:type="simple" xlink:href="../711/4173711.xml">
origins of molecular biology</link> in the mid-20th century.  The phage group takes its name from <link xlink:type="simple" xlink:href="../185/4185.xml">
bacteriophage</link>s, the bacteria-infecting <link xlink:type="simple" xlink:href="../679/19167679.xml">
virus</link>es that group used as experimental <link xlink:type="simple" xlink:href="../374/19374.xml">
model organism</link>s.  In addition to Delbrück, important scientists associated with the phage group include: <scientist wordnetid="110560637" confidence="0.9508927676800064">
<link xlink:type="simple" xlink:href="../313/256313.xml">
Salvador Luria</link></scientist>
, <physical_entity wordnetid="100001930" confidence="0.8">
<person wordnetid="100007846" confidence="0.8">
<honoree wordnetid="110183757" confidence="0.8">
<intellectual wordnetid="109621545" confidence="0.8">
<acquirer wordnetid="109764201" confidence="0.8">
<geneticist wordnetid="110126424" confidence="0.8">
<scientist wordnetid="110560637" confidence="0.8">
<recipient wordnetid="109627906" confidence="0.8">
<biologist wordnetid="109855630" confidence="0.8">
<laureate wordnetid="110249011" confidence="0.8">
<worker wordnetid="109632518" confidence="0.8">
<alumnus wordnetid="109786338" confidence="0.8">
<causal_agent wordnetid="100007347" confidence="0.8">
<chemist wordnetid="109913824" confidence="0.8">
<scholar wordnetid="110557854" confidence="0.8">
<link xlink:type="simple" xlink:href="../179/998179.xml">
Alfred Hershey</link></scholar>
</chemist>
</causal_agent>
</alumnus>
</worker>
</laureate>
</biologist>
</recipient>
</scientist>
</geneticist>
</acquirer>
</intellectual>
</honoree>
</person>
</physical_entity>
, <scientist wordnetid="110560637" confidence="0.9508927676800064">
<link xlink:type="simple" xlink:href="../780/1214780.xml">
Seymour Benzer</link></scientist>
, <scientist wordnetid="110560637" confidence="0.9508927676800064">
<link xlink:type="simple" xlink:href="../658/14392658.xml">
Gunther Stent</link></scientist>
, <person wordnetid="100007846" confidence="0.9508927676800064">
<scientist wordnetid="110560637" confidence="0.9508927676800064">
<link xlink:type="simple" xlink:href="../289/16289.xml">
James D. Watson</link></scientist>
</person>
, <link xlink:type="simple" xlink:href="../849/1645849.xml">
Frank Stahl</link>, and <scientist wordnetid="110560637" confidence="0.9508927676800064">
<link xlink:type="simple" xlink:href="../909/744909.xml">
Renato Dulbecco</link></scientist>
.
<sec>
<st>
Origins of the phage group</st>
<p>

Bacteriophages had been a subject of experimental investigation since <link>
Felix d'Hérelle</link> had isolated and developed methods for detecting and <link xlink:type="simple" xlink:href="../830/1106830.xml">
culturing</link> them, beginning in 1917.  Delbrück, a physicist-turned biologist seeking the simplest possible experimental system to probe the fundamental laws of <link xlink:type="simple" xlink:href="../393/18393.xml">
life</link>, first encountered phage during a 1937 visit to <link xlink:type="simple" xlink:href="../522/31522.xml">
T. H. Morgan</link>'s fly lab at <link xlink:type="simple" xlink:href="../786/5786.xml">
Caltech</link>.  Delbrück was unimpressed with Morgan's experimentally complex model organism <it><link xlink:type="simple" xlink:href="../032/9032.xml">
Drosophila</link></it>, but another researcher, <link>
Emory Ellis</link>, was working with the more elementary phage.  During the next few years, Ellis and Delbrück collaborated on methods of counting phage and tracking <link xlink:type="simple" xlink:href="../810/1254810.xml">
growth curve</link>s; they established the basic step-wise pattern of virus growth (the most obvious features of the <link xlink:type="simple" xlink:href="../350/765350.xml">
lytic cycle</link>).<ref xlink:type="simple" xlink:href="#xpointer(//reflist/entry[@id=%221%22])">1</ref></p>
<p>

The phage group started around 1940, after Delbrück and Luria had met at a physics conference.  Delbrück and Luria began a series of collaborative experiments on the patterns of infection for different strains of bacteria and bacteriophage.  They soon established the "mutual exclusion principle" that an individual bacterium can only be infected by one strain of phage.  In 1943, their "fluctuation test", later dubbed the <link>
Luria-Delbrück experiment</link>, showed that genetic <link xlink:type="simple" xlink:href="../702/19702.xml">
mutations</link> for <link xlink:type="simple" xlink:href="../914/1914.xml">
antibiotic resistance</link> arise in the absence of <link xlink:type="simple" xlink:href="../867/231867.xml">
selection</link>, rather than being a response to selection.  That year, they also began working with <physical_entity wordnetid="100001930" confidence="0.8">
<person wordnetid="100007846" confidence="0.8">
<honoree wordnetid="110183757" confidence="0.8">
<intellectual wordnetid="109621545" confidence="0.8">
<acquirer wordnetid="109764201" confidence="0.8">
<geneticist wordnetid="110126424" confidence="0.8">
<scientist wordnetid="110560637" confidence="0.8">
<recipient wordnetid="109627906" confidence="0.8">
<biologist wordnetid="109855630" confidence="0.8">
<laureate wordnetid="110249011" confidence="0.8">
<worker wordnetid="109632518" confidence="0.8">
<alumnus wordnetid="109786338" confidence="0.8">
<causal_agent wordnetid="100007347" confidence="0.8">
<chemist wordnetid="109913824" confidence="0.8">
<scholar wordnetid="110557854" confidence="0.8">
<link xlink:type="simple" xlink:href="../179/998179.xml">
Alfred Hershey</link></scholar>
</chemist>
</causal_agent>
</alumnus>
</worker>
</laureate>
</biologist>
</recipient>
</scientist>
</geneticist>
</acquirer>
</intellectual>
</honoree>
</person>
</physical_entity>
, another phage experimenter.<ref xlink:type="simple" xlink:href="#xpointer(//reflist/entry[@id=%222%22])">2</ref>  (The three would share the 1969 <symbol wordnetid="106806469" confidence="0.8">
<award wordnetid="106696483" confidence="0.8">
<signal wordnetid="106791372" confidence="0.8">
<link xlink:type="simple" xlink:href="../502/52502.xml">
Nobel Prize in Physiology or Medicine</link></signal>
</award>
</symbol>
, "for work on the replication mechanism and genetics of viruses".)</p>
<p>

Delbrück, through his charm and enthusiasm, brought many biologists (and physicists) into phage research in the early 1940s.<ref xlink:type="simple" xlink:href="#xpointer(//reflist/entry[@id=%223%22])">3</ref>  In 1944, Delbrück promoted the "Phage Treaty", a call for phage researchers to focus on a limited number of phage and bacterial strains, with standardized experimental conditions.  This helped to make research from different laboratories more easily comparable and replicable, helping to unify the field of <link>
bacterial genetics</link>.<ref xlink:type="simple" xlink:href="#xpointer(//reflist/entry[@id=%224%22])">4</ref></p>

</sec>
<sec>
<st>
Phage course at Cold Spring Harbor Laboratory</st>
<p>

Apart from direct collaborations, the main legacy of the phage group resulted from the yearly summer phage course at <institute wordnetid="108407330" confidence="0.8">
<body wordnetid="107965085" confidence="0.8">
<social_group wordnetid="107950920" confidence="0.8">
<association wordnetid="108049401" confidence="0.8">
<college wordnetid="108278169" confidence="0.8">
<group wordnetid="100031264" confidence="0.8">
<institution wordnetid="108053576" confidence="0.8">
<link xlink:type="simple" xlink:href="../300/441300.xml">
Cold Spring Harbor Laboratory</link></institution>
</group>
</college>
</association>
</social_group>
</body>
</institute>
.  Beginning in 1945, Delbrück and others taught young biologists the fundamentals of phage biology and experimentation, instilling the phage group's distinctive math- and physics-oriented approach to biology.  Many of the leaders of the emerging field of <link xlink:type="simple" xlink:href="../200/19200.xml">
molecular biology</link> were alumni of the phage course, which continued to be taught through the 1950s and 1960s.<ref xlink:type="simple" xlink:href="#xpointer(//reflist/entry[@id=%225%22])">5</ref></p>

</sec>
<sec>
<st>
References</st>

<p>

<reflist>
<entry id="1">
Morange, <it>A History of Molecular Biology</it>, pp 41-43</entry>
<entry id="2">
Morange, <it>A History of Molecular Biology</it>, pp 43-44</entry>
<entry id="3">
Morange, <it>A History of Molecular Biology</it>, pp 45-46</entry>
<entry id="4">
<weblink xlink:type="simple" xlink:href="http://www.cshl.edu/History/phagegroup.html">
History: The Phage Group</weblink>, Cold Spring Harbor Laboratory, accessed May 4, 2007</entry>
<entry id="5">
Morange, <it>A History of Molecular Biology</it>, pp 46-47</entry>
</reflist>
</p>
<p>

<list>
<entry level="1" type="bullet">

 <cite style="font-style:normal" class="book">Morange, Michel&#32;(2000-03-04). A History of Molecular Biology, New Ed,&#32;Harvard University Press,&#32;348. ISBN 0674001699.</cite>&nbsp;</entry>
<entry level="1" type="bullet">

<weblink xlink:type="simple" xlink:href="http://www.cshl.edu/History/phagegroup.html">
History: The Phage Group</weblink> - Cold Spring Harbor Laboratory</entry>
</list>
</p>

</sec>
</bdy>
</article>
