<?xml version="1.0" encoding="UTF-8"?>
<!-- generated by CLiX/Wiki2XML [MPI-Inf, MMCI@UdS] $LastChangedRevision: 92 $ on 17.04.2009 00:38:39[mciao0826] -->
<!DOCTYPE article SYSTEM "../article.dtd">
<article xmlns:xlink="http://www.w3.org/1999/xlink">
<scientist  confidence="0.9508927676800064" wordnetid="110560637">
<header>
<title>Manfred K. Warmuth</title>
<id>11076520</id>
<revision>
<id>237373790</id>
<timestamp>2008-09-09T21:48:40Z</timestamp>
<contributor>
<username>Yobot</username>
<id>7328338</id>
</contributor>
</revision>
<categories>
<category>University of Colorado alumni</category>
<category>University of California, Santa Cruz faculty</category>
<category>Living people</category>
<category>Year of birth missing (living people)</category>
</categories>
</header>
<bdy>
<template>
<name>Infobox Scientist</name>
<parameters>

<image width="150px" src="Replace_this_image_male.svg">
</image>
<doctoral_students>
<scientist wordnetid="110560637" confidence="0.9508927676800064">
<link xlink:type="simple" xlink:href="../826/8000826.xml">
Yoav Freund</link></scientist>
</doctoral_students>
<alma_mater>
<link xlink:type="simple" xlink:href="../672/289672.xml">
University of Colorado, Boulder</link></alma_mater>
<field>
<link xlink:type="simple" xlink:href="../323/5323.xml">
Computer Science</link></field>
<known_for>
<link xlink:type="simple" xlink:href="../658/6025658.xml">
Weighted Majority Algorithm</link></known_for>
<doctoral_advisor>
<link>
Hal Gabow</link></doctoral_advisor>
<name>
Manfred Klaus Warmuth</name>
<work_institution>
<university wordnetid="108286163" confidence="0.9508927676800064">
<link xlink:type="simple" xlink:href="../923/31923.xml">
University of California, Santa Cruz</link></university>
</work_institution>
</parameters>
</template>

<p>

<b>Manfred Klaus Warmuth</b> is a researcher and professor at the <university wordnetid="108286163" confidence="0.9508927676800064">
<link xlink:type="simple" xlink:href="../923/31923.xml">
University of California, Santa Cruz</link></university>
.  His main research interest is <link xlink:type="simple" xlink:href="../537/387537.xml">
computational learning theory</link> with a special focus on online learning algorithms.</p>

<sec>
<st>
External links</st>
<p>

<list>
<entry level="1" type="bullet">

 <weblink xlink:type="simple" xlink:href="http://www.soe.ucsc.edu/~manfred/">
Manfred's homepage at UCSC</weblink></entry>
</list>
</p>

</sec>
</bdy>
</scientist>
</article>
