<?xml version="1.0" encoding="UTF-8"?>
<!-- generated by CLiX/Wiki2XML [MPI-Inf, MMCI@UdS] $LastChangedRevision: 92 $ on 16.04.2009 18:08:28[mciao0826] -->
<!DOCTYPE article SYSTEM "../article.dtd">
<article xmlns:xlink="http://www.w3.org/1999/xlink">
<company  confidence="0.9508927676800064" wordnetid="108058098">
<header>
<title>F-Secure</title>
<id>1107998</id>
<revision>
<id>242221478</id>
<timestamp>2008-10-01T11:20:58Z</timestamp>
<contributor>
<username>Cydebot</username>
<id>1215485</id>
</contributor>
</revision>
<categories>
<category>Software companies of Finland</category>
<category>Companies listed on the OMX exchanges</category>
<category>Security software companies</category>
<category>Companies listed on the Helsinki Stock Exchange</category>
<category>Companies established in 1988</category>
<category>Antivirus software</category>
</categories>
</header>
<bdy>
<template>
<name>Infobox Company</name>
<parameters>
<location>
<image width="22x20px" src="Flag_of_Finland.svg">
<caption>

Flag of Finland
</caption>
</image>
 <village wordnetid="108672738" confidence="0.9508927676800064">
<link xlink:type="simple" xlink:href="../696/13696.xml">
Helsinki</link></village>
, <country wordnetid="108544813" confidence="0.9508927676800064">
<link xlink:type="simple" xlink:href="../577/10577.xml">
Finland</link></country>
</location>
<company_type>
<idea wordnetid="105833840" confidence="0.8">
<concept wordnetid="105835747" confidence="0.8">
<category wordnetid="105838765" confidence="0.8">
<company wordnetid="108058098" confidence="0.8">
<type wordnetid="105840188" confidence="0.8">
<kind wordnetid="105839024" confidence="0.8">
<institution wordnetid="108053576" confidence="0.8">
<link xlink:type="simple" xlink:href="../293/262293.xml">
Public</link></institution>
</kind>
</type>
</company>
</category>
</concept>
</idea>
 (<company wordnetid="108058098" confidence="0.9508927676800064">
<link xlink:type="simple" xlink:href="../880/275880.xml">
OMX</link></company>
:&nbsp;<weblink xlink:type="simple" xlink:href="http://www.omxnordicexchange.com/priceinformation/microsite/Shareinformation/?InstrumentIdHEX24270">
FSC1V</weblink>)</company_type>
<homepage>
<weblink xlink:type="simple" xlink:href="http://www.f-secure.com/">
www.f-secure.com</weblink></homepage>
<key_people>
<person wordnetid="100007846" confidence="0.9508927676800064">
<link xlink:type="simple" xlink:href="../929/17542929.xml">
Risto Siilasmaa</link></person>
, founder &amp; <link xlink:type="simple" xlink:href="../243/3452243.xml">
chairman</link> Kimmo Alkio, <link xlink:type="simple" xlink:href="../234/52234.xml">
CEO</link> Mikko Hyppönen, Chief Research Officer</key_people>
<company_name>
F-Secure Corporation</company_name>
<company_logo>
<image width="120px" src="F-Secure_logo.svg">
</image>
</company_logo>
<foundation>
<link xlink:type="simple" xlink:href="../670/34670.xml">
1988</link></foundation>
<industry>
<link xlink:type="simple" xlink:href="../650/517650.xml">
Computer</link></industry>
<products>
F-Secure Anti-VirusF-Secure Internet Security</products>
</parameters>
</template>


<image location="right" width="300px" src="FSIS08.jpg" type="thumb">
<caption>

The user interface of F-Secure Internet Security 2009.
</caption>
</image>
<p>

<b>F-Secure <idea wordnetid="105833840" confidence="0.8">
<concept wordnetid="105835747" confidence="0.8">
<category wordnetid="105838765" confidence="0.8">
<type wordnetid="105840188" confidence="0.8">
<kind wordnetid="105839024" confidence="0.8">
<link xlink:type="simple" xlink:href="../109/25109.xml">
plc</link></kind>
</type>
</category>
</concept>
</idea>
</b> (formerly <b>Data Fellows</b>) is an <link xlink:type="simple" xlink:href="../622/268622.xml">
anti-virus</link> and <link xlink:type="simple" xlink:href="../398/7398.xml">
computer security</link> software company based in <village wordnetid="108672738" confidence="0.9508927676800064">
<link xlink:type="simple" xlink:href="../696/13696.xml">
Helsinki</link></village>
, <country wordnetid="108544813" confidence="0.9508927676800064">
<link xlink:type="simple" xlink:href="../577/10577.xml">
Finland</link></country>
. The company has large branch offices in the USA and Japan, where some antivirus analysis and software development work is also being undertaken. F-Secure Corp. is publicly traded on the <company wordnetid="108058098" confidence="0.8">
<institution wordnetid="108053576" confidence="0.8">
<link xlink:type="simple" xlink:href="../847/246847.xml">
Helsinki Stock Exchange</link></institution>
</company>
 under the symbol FSC.</p>
<p>

<link>
Mikko Hyppönen</link> is the Chief Research Officer.</p>

<sec>
<st>
Products</st>
<p>

The company sells security software to fight malicious code on diverse platforms:
<list>
<entry level="1" type="bullet">

F-Secure's <link xlink:type="simple" xlink:href="../032/15032.xml">
IBM PC</link> compatible offerings traditionally had an emphasis on protecting the <link xlink:type="simple" xlink:href="../890/18890.xml">
Microsoft Windows</link> platform, but <O wordnetid="106832680" confidence="0.9508927676800064">
<link xlink:type="simple" xlink:href="../297/6097297.xml">
Linux</link></O>
 versions of comparable functionality have been introduced during 2004 and 2005.</entry>
<entry level="2" type="bullet">

 F-Secure 2008: Home user and SOHO oriented all-encompassing protection for Windows desktops and laptops, central management is done by the vendor. Rebadged versions are also available via many ISPs selling monthly or yearly subscription plans. Includes powerful child-lock and web-censorship filtering functionality for parents.</entry>
<entry level="2" type="bullet">

 F-Secure Protection Service: Integrated protection suite for smaller companies, with full defensive feature set and hosted web-based central management</entry>
<entry level="2" type="bullet">

 F-Secure Anti-Virus: Traditional antivirus defence for corporate Windows workstations and servers, with Java-based unified central management</entry>
<entry level="2" type="bullet">

 F-Secure Client Security: Integrated protection suite for corporate Windows workstations. Uses antivirus, behavioural analysis, <link xlink:type="simple" xlink:href="../991/1291991.xml">
sandbox</link>ing, anti-<link xlink:type="simple" xlink:href="../942/223942.xml">
rootkit</link> and personal firewall technologies for total security, with Java-based central management</entry>
<entry level="2" type="bullet">

 F-Secure Linux Security: Integrated protection for corporate Linux servers and workstations, available RPM and DEB packages support up to 28 popular Linux distributions, with Java-based central management</entry>
<entry level="2" type="bullet">

 F-Secure for Exchange: Anti-virus and anti-spam defence for corporate Exchange mail server and cluster installations, with Java-based central management</entry>
<entry level="2" type="bullet">

 F-Secure Policy Manager Framework: A combination of <link xlink:type="simple" xlink:href="../446/4718446.xml">
Sun Java</link> based platform independent <link xlink:type="simple" xlink:href="../293/12293.xml">
GUI</link> and a customized <link xlink:type="simple" xlink:href="../581/2581.xml">
Apache webserver</link> to centrally manage up to 15,000 seats of F-Secure corporate installations</entry>
<entry level="2" type="bullet">

 F-Secure Messaging Security Gateway: A family of re-badged <company wordnetid="108058098" confidence="0.9508927676800064">
<link xlink:type="simple" xlink:href="../480/17815480.xml">
Proofpoint</link></company>
 intelligent spam-filtering appliances, which run an extra layer of F-Secure anti-virus protection on custom Linux-based <standard wordnetid="107260623" confidence="0.8">
<system_of_measurement wordnetid="113577171" confidence="0.8">
<link xlink:type="simple" xlink:href="../836/35836.xml">
rack-mount</link></system_of_measurement>
</standard>
 server hardware. Management via local rich web interface.</entry>
</list>
</p>
<p>

<list>
<entry level="1" type="bullet">

F-Secure is one of the leaders in fighting mobile malware threats. Security software for the <O wordnetid="106832680" confidence="0.9508927676800064">
<link xlink:type="simple" xlink:href="../360/230360.xml">
Windows CE</link></O>
 derived handhelds and <link xlink:type="simple" xlink:href="../446/72446.xml">
Symbian</link> <link xlink:type="simple" xlink:href="../079/167079.xml">
smartphone</link>s are available. The company's public weblog closely follows the mobile malware situation and has been voted as one of the web's <weblink xlink:type="simple" xlink:href="http://top500.feedster.com/">
500 most read</weblink> blog sources. The company also claims to be the first antivirus vendor to establish a <invention wordnetid="105633385" confidence="0.8">
<link xlink:type="simple" xlink:href="../139/33139.xml">
World Wide Web</link></invention>
 presence back in 1994.</entry>
<entry level="1" type="bullet">

F-Secure has been building relationships with mobile phone network operators and ISPs to provide its managed security solution as blanket protection for the carriers' clients. This is a strongly growing market segment.</entry>
</list>
</p>

</sec>
<sec>
<st>
 Technology</st>

<p>

F-Secure products for the PC traditionally feature <link>
CounterSign</link>, an exclusive anti-virus technology integrating multiple <link>
scanning engine</link>s for on-access <link xlink:type="simple" xlink:href="../901/20901.xml">
malware</link> and <link xlink:type="simple" xlink:href="../616/2616.xml">
adware</link> identification as well as run-time detection of <link xlink:type="simple" xlink:href="../942/223942.xml">
root kit</link>s. F-Secure has <link xlink:type="simple" xlink:href="../922/69922.xml">
OEM</link> agreements with several security vendors to integrate leading detection technology engines in its own offerings, including a long-standing cooperation with <company wordnetid="108058098" confidence="0.9508927676800064">
<link xlink:type="simple" xlink:href="../619/584619.xml">
Kaspersky Lab</link></company>
, <country wordnetid="108544813" confidence="0.9508927676800064">
<link xlink:type="simple" xlink:href="../391/25391.xml">
Russia</link></country>
, Frisk of <system wordnetid="108435388" confidence="0.8">
<economy wordnetid="108366753" confidence="0.8">
<group wordnetid="100031264" confidence="0.8">
<link xlink:type="simple" xlink:href="../531/14531.xml">
Iceland</link></group>
</economy>
</system>
 and sandbox specialist Norman AB. Its products previously included Kaspersky, Orion, Pegasus, Draco, Libra, Hydra, Gemini, Norman, F-Prot with Blacklight and DeepGuard(F-Secure's own products). However, the newest version includes only Kaspersky extended base engine, Hydra, the new DeepGuard 2.0 and Blacklight, in order to be lighter on system resources. This choice also resulted in an improved detection rate<ref xlink:type="simple" xlink:href="#xpointer(//reflist/entry[@id=%221%22])">1</ref></p>
<p>

DeepGuard, now in its 2.0 incarnation, is an F-Secure in-house developed HIPS or advanced system monitoring technology, which detects new or unknown malware intrusions based on unusual, suspicious changes in the Windows system and automatically blocks processes caught in the act. The solution featured well in <link xlink:type="simple" xlink:href="../462/169462.xml">
c't</link> magazine's 2008 January comparative test, where it uniquely stopped all 12 tested threats without the use of traditional anti-virus signatures. DeepGuard, however is resource intensive and requires fairly strong hardware to work without affecting customer experience (1GHz+ CPU and 512MB RAM or better recommended).</p>
<p>

F-Secure's patented workstation side e-mail and web traffic filtering method is an unusual solution, which relies on a wedge-and-pump software module to syphon off traffic from the <link xlink:type="simple" xlink:href="../684/650684.xml">
NDIS</link> layer, before inspecting and re-inserting the content. This venue is theoretically safer than the "local proxy" based solution used by most competitors, but the strictly on-line nature of checks causes time-out issues with large, complex files and attachments on lower-end hardware based systems.</p>

</sec>
<sec>
<st>
History</st>

<p>

F-Secure is historically related to <company wordnetid="108058098" confidence="0.8">
<institution wordnetid="108053576" confidence="0.8">
<link xlink:type="simple" xlink:href="../840/3775840.xml">
FRISK Software International</link></institution>
</company>
, a company based in <system wordnetid="108435388" confidence="0.8">
<economy wordnetid="108366753" confidence="0.8">
<group wordnetid="100031264" confidence="0.8">
<link xlink:type="simple" xlink:href="../531/14531.xml">
Iceland</link></group>
</economy>
</system>
, which publishes <link xlink:type="simple" xlink:href="../840/3775840.xml">
F-Prot</link> antivirus. The original  F-Prot <idea wordnetid="105833840" confidence="0.8">
<concept wordnetid="105835747" confidence="0.8">
<category wordnetid="105838765" confidence="0.8">
<type wordnetid="105840188" confidence="0.8">
<kind wordnetid="105839024" confidence="0.8">
<link xlink:type="simple" xlink:href="../308/64308.xml">
conglomerate</link></kind>
</type>
</category>
</concept>
</idea>
 of Icelandic, Finnish and American computer antivirus researchers fell apart during the early 1990s and the resulting companies divided the global market. For a while, Data Fellows's product was marketed as "F-Prot Professional". As of 2006, the macro-virus detection capabilities of Frisk's F-Prot scan engine are still present in F-Secure products.</p>
<p>

In November 2005, F-Secure purchased <link>
ROMmon</link>, an information-technology security group for controlling <link xlink:type="simple" xlink:href="../847/459847.xml">
email spam</link>, system attacks, and network abuse.<ref xlink:type="simple" xlink:href="#xpointer(//reflist/entry[@id=%222%22])">2</ref></p>

</sec>
<sec>
<st>
Shaw Secure</st>
<p>

In a bundle with <company wordnetid="108058098" confidence="0.9508927676800064">
<link xlink:type="simple" xlink:href="../975/952975.xml">
Shaw</link></company>
 cable internet, customers receive a program made by F-Secure, that is essentially the same as any other F-Secure application. This version isn't well known among many computer users, as it was only released a few years ago.</p>
<p>

F-Secure also powers 140 other ISP security suites, such as Charter Communications, Dish Network, Cincinnati Bell, Embarq (formerly Sprint), Liberty Media, Airtel PC-Secure, Cogeco, France Telecom, Deutsche Telekom and Optusnet.(<weblink xlink:type="simple" xlink:href="http://www.f-secure.com/f-secure/pressroom/">
F-Secure press room</weblink>)</p>

</sec>
<sec>
<st>
Academia</st>

<p>

In co-operation with <university wordnetid="108286163" confidence="0.9508927676800064">
<link xlink:type="simple" xlink:href="../816/60816.xml">
Helsinki University of Technology</link></university>
, F-Secure specialist educate future virus analysts in a one semester course, with some material available on-line. <weblink xlink:type="simple" xlink:href="http://www.tml.tkk.fi/Opinnot/T-110.6220/">
http://www.tml.tkk.fi/Opinnot/T-110.6220/</weblink></p>

</sec>
<sec>
<st>
Awards</st>
<p>

In 2006, F-Secure Anti-Virus was the recipient of the <weblink xlink:type="simple" xlink:href="http://anti-virus-software-review.toptenreviews.com/f-secure-review.html">
TopTenReviews Bronze Award.</weblink></p>
<p>

In 2007, F-Secure Anti-Virus was awarded Best User Interface Award <weblink xlink:type="simple" xlink:href="http://www.virussoftwarereviews.com/">
Best User Interface Award.</weblink></p>
<p>

F-Secure Internet Security 2007 won <magazine wordnetid="106595351" confidence="0.9508927676800064">
<link xlink:type="simple" xlink:href="../922/796922.xml">
MikroBitti</link></magazine>
's test of anti-virus software, ahead of Norton, McAfee, Panda and TrendMicro.</p>
<p>

F-Secure was Ranked #1 in Consumer Reports 2006 Security Round up.</p>
<p>

F-Secure is typically ranked as one of the top security products, see F-Secure website.</p>

</sec>
<sec>
<st>
References</st>
<p>

<reflist>
<entry id="1">
http://www.virusbtn.com/news/2008/09_02</entry>
<entry id="2">
<weblink xlink:type="simple" xlink:href="http://www.physorg.com/news8612.html">
Physorg - F-Secure buys ROMmon</weblink></entry>
</reflist>

</p>
</sec>
<sec>
<st>
External links</st>
<p>

<list>
<entry level="1" type="bullet">

<weblink xlink:type="simple" xlink:href="http://www.f-secure.com/">
Official website</weblink></entry>
<entry level="1" type="bullet">

<weblink xlink:type="simple" xlink:href="http://www.f-secure.com/weblog">
Anti-Virus Lab weblog</weblink></entry>
<entry level="1" type="bullet">

<weblink xlink:type="simple" xlink:href="http://www.europe.f-secure.com/exclude/blacklight/index.shtml">
Rootkit detection utility <it>Blacklight</it> for the Windows platform</weblink></entry>
</list>
</p>


</sec>
</bdy>
</company>
</article>
