<?xml version="1.0" encoding="UTF-8"?>
<!-- generated by CLiX/Wiki2XML [MPI-Inf, MMCI@UdS] $LastChangedRevision: 92 $ on 16.04.2009 18:08:33[mciao0826] -->
<!DOCTYPE article SYSTEM "../article.dtd">
<article xmlns:xlink="http://www.w3.org/1999/xlink">
<event  confidence="0.8" wordnetid="100029378">
<rule  confidence="0.8" wordnetid="105846932">
<act  confidence="0.8" wordnetid="100030358">
<psychological_feature  confidence="0.8" wordnetid="100023100">
<procedure  confidence="0.8" wordnetid="101023820">
<activity  confidence="0.8" wordnetid="100407535">
<algorithm  confidence="0.8" wordnetid="105847438">
<header>
<title>PAQ</title>
<id>1108598</id>
<revision>
<id>243887811</id>
<timestamp>2008-10-08T13:51:17Z</timestamp>
<contributor>
<username>Underpants</username>
<id>1333703</id>
</contributor>
</revision>
<categories>
<category>Free data compression software</category>
<category>Lossless compression algorithms</category>
</categories>
</header>
<bdy>

<image location="right" width="150px" src="Paq8o_Sample_Session.png" type="thumb">
<caption>

A sample session of PAQ8O
</caption>
</image>

<b>PAQ</b>  is a series of <link xlink:type="simple" xlink:href="../013/8013.xml">
data compression</link> archivers that have evolved through collaborative development to top rankings on several benchmarks measuring compression ratio (although at the expense of speed and memory usage).  Specialized versions of PAQ have won the <symbol wordnetid="106806469" confidence="0.8">
<award wordnetid="106696483" confidence="0.8">
<signal wordnetid="106791372" confidence="0.8">
<link xlink:type="simple" xlink:href="../846/7687846.xml">
Hutter Prize</link></signal>
</award>
</symbol>
 and the <link>
Calgary Challenge</link>.<ref xlink:type="simple" xlink:href="#xpointer(//reflist/entry[@id=%221%22])">1</ref>  PAQ is <link xlink:type="simple" xlink:href="../635/10635.xml">
free software</link> distributed under the <link xlink:type="simple" xlink:href="../683/18938683.xml">
GNU General Public License</link>.<ref xlink:type="simple" xlink:href="#xpointer(//reflist/entry[@id=%222%22])">2</ref>
<sec>
<st>
Algorithm</st>
<p>

PAQ uses a <link xlink:type="simple" xlink:href="../524/1474524.xml">
context mixing</link> algorithm. Context mixing is related to <event wordnetid="100029378" confidence="0.8">
<rule wordnetid="105846932" confidence="0.8">
<act wordnetid="100030358" confidence="0.8">
<psychological_feature wordnetid="100023100" confidence="0.8">
<procedure wordnetid="101023820" confidence="0.8">
<activity wordnetid="100407535" confidence="0.8">
<algorithm wordnetid="105847438" confidence="0.8">
<link xlink:type="simple" xlink:href="../918/527918.xml">
Prediction by Partial Matching</link></algorithm>
</activity>
</procedure>
</psychological_feature>
</act>
</rule>
</event>
 (PPM) in that the compressor is divided into a predictor and an <link xlink:type="simple" xlink:href="../545/62545.xml">
arithmetic code</link>r, but differs in that the next-symbol prediction is computed using a weighed combination of probability estimates from a large number of models conditioned on different contexts.  Unlike PPM, a context doesn't need to be contiguous.  Most PAQ versions collect next-symbol statistics for the following contexts:</p>
<p>

<list>
<entry level="1" type="bullet">

<link xlink:type="simple" xlink:href="../182/986182.xml">
n-gram</link>s.  The context is the last n bytes before the predicted symbol (as in PPM).</entry>
<entry level="1" type="bullet">

whole word n-grams, ignoring case and nonalphabetic characters (useful in text files).</entry>
<entry level="1" type="bullet">

"sparse" contexts, for example, the second and fourth bytes preceding the predicted symbol (useful in some binary formats).</entry>
<entry level="1" type="bullet">

"analog" contexts, consisting of the high order bits of previous 8 or 16 bit words (useful for multimedia files).</entry>
<entry level="1" type="bullet">

two dimensional contexts (useful for images, tables, and spreadsheets).  The row length is determined by finding the stride length of repeating byte patterns.</entry>
<entry level="1" type="bullet">

specialized models, such as x86 executables, or <link xlink:type="simple" xlink:href="../336/250336.xml">
BMP</link>, <link xlink:type="simple" xlink:href="../478/145478.xml">
TIFF</link>, or <format wordnetid="106636806" confidence="0.9508927676800064">
<link xlink:type="simple" xlink:href="../009/16009.xml">
JPEG</link></format>
 images.  These models are active only when the particular file type is detected.</entry>
</list>
</p>
<p>

All PAQ versions predict and compress one bit at a time, but differ in the details of the models and how the predictions are combined and postprocessed.  Once the next-bit probability is determined, it is encoded by <link xlink:type="simple" xlink:href="../545/62545.xml">
arithmetic coding</link>.  There are three methods for combining predictions, depending on the version.</p>
<p>

<list>
<entry level="1" type="bullet">

In PAQ1 through PAQ3, each prediction is represented as a pair of bit counts <math>(n_0, n_1)</math>.  These counts are combined by weighted summation, with greater weights given to longer contexts.</entry>
<entry level="1" type="bullet">

In PAQ4 through PAQ6, the predictions are combined as before, but the weights assigned to each model are adjusted to favor the more accurate models.</entry>
<entry level="1" type="bullet">

In PAQ7 and later, each model outputs a probability rather than a pair of counts.  The probabilities are combined using an <link xlink:type="simple" xlink:href="../523/21523.xml">
artificial neural network</link>.</entry>
</list>
</p>
<p>

PAQ1SSE and later versions postprocess the prediction using secondary symbol estimation (SSE).  The combined prediction and a small context are used to look up a new prediction in a table.  After the bit is encoded, the table entry is adjusted to reduce the prediction error.  SSE stages can be pipelined with different contexts, or computed in parallel with the outputs averaged.</p>

<ss1>
<st>
Arithmetic coding</st>

<p>

A string <it>s</it> is compressed to the shortest byte string representing a base 256 <link xlink:type="simple" xlink:href="../026/43026.xml">
big endian</link> number <it>x</it> in the range [0, 1] such that P(r  s) ≤ x  P(r ≤ s), where P(r  s) is the probability that a random string <it>r</it> with the same length as <it>s</it> will be <link xlink:type="simple" xlink:href="../667/567667.xml">
lexicographically</link> less than <it>s</it>.  It is always possible to find an <it>x</it> such that the length of <it>x</it> is at most one byte longer than the <scientist wordnetid="110560637" confidence="0.9508927676800064">
<link xlink:type="simple" xlink:href="../693/5693.xml">
Shannon</link></scientist>
 limit, -log2 P(r = s) bits.  The length of <it>s</it> is stored in the archive header.</p>
<p>

The arithmetic coder in PAQ is implemented by maintaining for each prediction a lower and upper bound on <it>x</it>, initially [0, 1].  After each prediction, the current range is split into two parts in proportion to <it>P(0)</it> and <it>P(1)</it>, the probability that the next bit of <it>s</it> will be a 0 or 1, respectively, given the previous bits of <it>s</it>.  The next bit is then encoded by selecting the corresponding subrange to be the new range.</p>
<p>

The number <it>x</it> is decompressed back to string <it>s</it> by making an identical series of bit predictions (since the previous bits of <it>s</it> are known).  The range is split as with compression.  The portion containing <it>x</it> becomes the new range, and the corresponding bit is appended to <it>s</it>.</p>
<p>

In PAQ, the lower and upper bounds of the range are represented in 3 parts.  The most significant base-256 digits are identical, so they can be written as the leading bytes of <it>x</it>.  The next 4 bytes are kept in memory, such that the leading byte is different.  The trailing bits are assumed to be all zeros for the lower bound and all ones for the upper bound.  Compression is terminated by writing one more byte from the lower bound.</p>

</ss1>
<ss1>
<st>
 Adaptive model weighting </st>

<p>

In PAQ versions through PAQ6, each model maps a set of distinct contexts to a pair of counts, <math>n_0</math>, a count of zero bits, and <math>n_1</math>, a count of 1 bits.  In order to favor recent history, half of the count over 2 is discarded when the opposite bit is observed.  For example, if the current state associated with a context is <math>(n_0,n_1) = (12,3)</math> and a 1 is observed, then the counts are updated to (7,4).</p>
<p>

A bit is arithmetic coded with space proportional to its probability, either P(1) or P(0) = 1 - P(1).  The probabilities are computed by weighted addition of the 0 and 1 counts:</p>
<p>

<list>
<entry level="1" type="bullet">

S0 = Σi wi n0i</entry>
<entry level="1" type="bullet">

S1 = Σi wi n1i</entry>
<entry level="1" type="bullet">

S = S0 + S1</entry>
<entry level="1" type="bullet">

P(0) = S0 / S</entry>
<entry level="1" type="bullet">

P(1) = S1 / S</entry>
</list>
</p>
<p>

where <math>w_i</math> is the weight of the i'th model.  Through PAQ3, the weights were fixed and set in an ad-hoc manner.  (Order-n contexts had a weight of n².)  Beginning with PAQ4, the weights were adjusted adaptively in the direction that would reduce future errors in the same context set.  If the bit to be coded is <it>y</it>, then the weight adjustment is:</p>
<p>

<list>
<entry level="1" type="bullet">

ni = n0i + n1i</entry>
<entry level="1" type="bullet">

error = y – P(1)</entry>
<entry level="1" type="bullet">

wi ← wi + [(S n1i - S1 ni) / (S0 S1)] error</entry>
</list>
</p>

</ss1>
<ss1>
<st>
 Neural network mixing </st>

<p>

Beginning with PAQ7, each model outputs a prediction (instead of a pair of counts).  These predictions are averaged in the logistic domain:</p>
<p>

<list>
<entry level="1" type="bullet">

xi = stretch(Pi(1))</entry>
<entry level="1" type="bullet">

P(1) = squash(Σi wi xi)</entry>
</list>
</p>
<p>

where P(1) is the probability that the next bit will be a 1, Pi(1) is the probability estimated by the <it>i'th</it> model, and</p>
<p>

<list>
<entry level="1" type="bullet">

stretch(x) = ln(x / (1 - x))</entry>
<entry level="1" type="bullet">

squash(x) = 1 / (1 + e-x) (inverse of stretch).</entry>
</list>
</p>
<p>

After each prediction, the model is updated by adjusting the weights to minimize coding cost.</p>
<p>

<list>
<entry level="1" type="bullet">

wi ← wi + η xi (y - P(1))</entry>
</list>
</p>
<p>

where η is the learning rate (typically 0.002 to 0.01), <it>y</it> is the predicted bit, and (y - P(1)) is the prediction error.  The weight update algorithm differs from <link xlink:type="simple" xlink:href="../091/1360091.xml">
backpropagation</link> in that the terms P(1)P(0) are dropped.  This is because the goal of the neural network is to minimize coding cost, not <link xlink:type="simple" xlink:href="../819/66819.xml">
root mean square</link> error.</p>
<p>

Most versions of PAQ use a small context to select among sets of weights for the neural network.  Some versions use multiple networks whose outputs are combined with one more network prior to the SSE stages.  Furthermore, for each input prediction there may be several inputs which are <link xlink:type="simple" xlink:href="../103/146103.xml">
nonlinear</link> functions of Pi(1) in addition to <it>stretch(P(1))</it></p>

</ss1>
<ss1>
<st>
 Context modeling </st>

<p>

Each model partitions the known bits of <it>s</it> into a set of contexts, and maps each context to a bit history represented by an 8 bit state.  In versions through PAQ6, the state represents a pair of counters <it>(n0, n1)</it>.  In PAQ7 and later versions under certain conditions, the state also represents the value of the last bit or the entire sequence.  The states are mapped to probabilities using a 256 entry table for each model.  After a prediction by the model, the table entry is adjusted slightly (typically by 0.4%) to reduce the prediction error.</p>
<p>

In all PAQ8 versions, the representable states are as follows:</p>
<p>

<list>
<entry level="1" type="bullet">

The exact bit sequence for up to 4 bits.</entry>
<entry level="1" type="bullet">

A pair of counts and an indicator of the most recent bit for sequences of 5 to 15 bits.</entry>
<entry level="1" type="bullet">

A pair of counts for sequences of 16 to 41 bits.</entry>
</list>
</p>
<p>

To keep the number of states to 256, the following limits are placed on the representable counts: (41, 0), (40, 1), (12, 2), (5, 3), (4, 4), (3, 5), (2, 12), (1, 40), (0, 41).  If a count exceeds this limit, then the next state is one chosen to have a similar ratio of n0 to n1.  Thus, if the current state is (n0 = 4, n1 = 4, last bit = 0) and a 1 is observed, then the new state is not (n0 = 4, n1 = 5, last bit = 1).  Rather, it is (n0 = 3, n1 = 4, last bit = 1).</p>
<p>

Most context models are implemented as <link xlink:type="simple" xlink:href="../833/13833.xml">
hash table</link>s.  Some small contexts are implemented as direct <link xlink:type="simple" xlink:href="../457/356457.xml">
lookup table</link>s.</p>

</ss1>
<ss1>
<st>
 Text preprocessing </st>

<p>

Some versions of PAQ, in particular PAsQDa, PAQAR (both PAQ6 derivatives), and PAQ8HP1 through PAQ8HP8 (PAQ8 derivatives and <link xlink:type="simple" xlink:href="../846/7687846.xml">
Hutter prize</link> recipients) preprocess text files by looking up words in an external dictionary and replacing them with 1-3 byte codes.  In addition, uppercase letters are encoded with a special character followed by the lower case letter.  In the PAQ8HP series, the dictionary is organized by grouping syntactically and semantically related words together.  This allows models to use just the most significant bits of the dictionary codes as context.</p>

</ss1>
</sec>
<sec>
<st>
History</st>

<p>

The following lists the major enhancements to the PAQ algorithm.  In addition, there have been a large number of incremental improvements, which are omitted.</p>
<p>

<list>
<entry level="1" type="bullet">

 <b>PAQ1</b> was released on <link xlink:type="simple" xlink:href="../986/15986.xml">
January 6</link>, <link xlink:type="simple" xlink:href="../502/35502.xml">
2002</link> by Matt Mahoney. It used fixed weights and did not include an analog or sparse model.</entry>
</list>
</p>
<p>

<list>
<entry level="1" type="bullet">

 <b>PAQ1SSE/PAQ2</b> was released on <link xlink:type="simple" xlink:href="../452/19452.xml">
May 11</link>, <link xlink:type="simple" xlink:href="../163/36163.xml">
2003</link> by Serge Osnach.  It significantly improved compression by adding a SSE stage between the predictor and encoder.  SSE (secondary symbol estimation) inputs a short context and the current prediction and outputs a new prediction from a table.  The table entry is then adjusted to reflect the actual bit value.</entry>
</list>
</p>
<p>

<list>
<entry level="1" type="bullet">

 <b>PAQ3N</b>, released <link xlink:type="simple" xlink:href="../549/22549.xml">
October 9</link>, <link xlink:type="simple" xlink:href="../163/36163.xml">
2003</link> added a sparse model.</entry>
</list>
</p>
<p>

<list>
<entry level="1" type="bullet">

 <b>PAQ4</b>, released <link xlink:type="simple" xlink:href="../763/21763.xml">
November 15</link>, <link xlink:type="simple" xlink:href="../163/36163.xml">
2003</link> by Matt Mahoney used adaptive weighting.  <b>PAQ5</b> (<link xlink:type="simple" xlink:href="../334/8334.xml">
December 18</link>, <link xlink:type="simple" xlink:href="../163/36163.xml">
2003</link>) and <b>PAQ6</b> (<link xlink:type="simple" xlink:href="../677/8677.xml">
December 30</link>, <link xlink:type="simple" xlink:href="../163/36163.xml">
2003</link>) were minor improvements, including a new analog model.  At this point, PAQ was competitive with the best PPM compressors and attracted the attention of the data compression community, which resulted in a large number of incremental improvements through April 2004.  Berto Destasio tuned the models and adjusted the bit count discounting schedule.  Johan de Bock made improvements to the user interface.  David A. Scott made improvements to the arithmetic coder.  Fabio Buffoni made speed improvements.</entry>
</list>
</p>
<p>

<list>
<entry level="1" type="bullet">

 During the period <link xlink:type="simple" xlink:href="../677/19677.xml">
May 20</link>, <link xlink:type="simple" xlink:href="../524/35524.xml">
2004</link> through <link xlink:type="simple" xlink:href="../922/15922.xml">
July 27</link>, <link xlink:type="simple" xlink:href="../524/35524.xml">
2004</link>, Alexander Ratushnyak released seven versions of <b>PAQAR</b>, which made significant compression improvements by adding many new models, multiple mixers with weights selected by context, adding an SSE stage to each mixer output, and adding a preprocessor to improve the compression of Intel executable files.  PAQAR stood as the top ranked compressor through the end of 2004 but was significantly slower than prior PAQ versions.</entry>
</list>
</p>
<p>

<list>
<entry level="1" type="bullet">

 During the period <link xlink:type="simple" xlink:href="../202/16202.xml">
January 18</link>, <link xlink:type="simple" xlink:href="../984/35984.xml">
2005</link> through <link xlink:type="simple" xlink:href="../063/11063.xml">
February 7</link>, <link xlink:type="simple" xlink:href="../984/35984.xml">
2005</link>, Przemyslaw Skibinski released four versions of <b>PASqDa</b>, based on PAQ6 and PAQAR with the addition of an English dictionary preprocessor.  It achieved the top ranking on the Calgary corpus but not on most other benchmarks.</entry>
</list>
</p>
<p>

<list>
<entry level="1" type="bullet">

 A modified version of <b>PAQ6</b> won the <link>
Calgary Challenge</link> on <link xlink:type="simple" xlink:href="../076/16076.xml">
January 10</link>, <link xlink:type="simple" xlink:href="../524/35524.xml">
2004</link> by Matt Mahoney.  This was bettered by ten subsequent versions of PAQAR by Alexander Ratushnyak.  The most recent was submitted on <link xlink:type="simple" xlink:href="../820/15820.xml">
June 5</link>, <link xlink:type="simple" xlink:href="../164/36164.xml">
2006</link>, consisting of compressed data and program source code totaling 589,862 bytes.</entry>
</list>
</p>
<p>

<list>
<entry level="1" type="bullet">

 <b>PAQ7</b> was released December 2005 by Matt Mahoney. PAQ7 is a complete rewrite of PAQ6 and variants (PAQAR, PAsQDa). Compression ratio was similar to PAQAR but 3 times faster. However it lacked x86 and a dictionary, so it did not compress Windows executables and English text files as well as PAsQDa. It does include models for color .bmp, .tiff, and .jpeg files, so compresses these files better. The primary difference from PAQ6 is it uses a neural network to combine models rather than a gradient descent mixer. Another feature is PAQ7's ability to compress embedded jpeg and bitmap images in Excel-, Word- and pdf-files.</entry>
</list>
</p>
<p>

<list>
<entry level="1" type="bullet">

 <b>PAQ8A</b> was released on <link xlink:type="simple" xlink:href="../866/15866.xml">
January 27</link>, <link xlink:type="simple" xlink:href="../164/36164.xml">
2006</link>, <b>PAQ8C</b> on <link xlink:type="simple" xlink:href="../170/11170.xml">
February 13</link>, <link xlink:type="simple" xlink:href="../164/36164.xml">
2006</link>. These were experimental pre-release of anticipated PAQ8. It fixed several issues in PAQ7 (poor compression in some cases). PAQ8A also included model for compressing (x86) executables.</entry>
</list>
</p>
<p>

<list>
<entry level="1" type="bullet">

 <b>PAQ8F</b> was released on <link xlink:type="simple" xlink:href="../311/11311.xml">
February 28</link>, <link xlink:type="simple" xlink:href="../164/36164.xml">
2006</link>. PAQ8F had 3 improvements over PAQ8A: a more memory efficient context model, a new indirect context model to improve compression, and a new user interface to support drag and drop in Windows. It does not use an English dictionary like the PAQ8B/C/D/E variants.</entry>
</list>
</p>
<p>

<list>
<entry level="1" type="bullet">

 <b>PAQ8G</b> was released <link xlink:type="simple" xlink:href="../633/19633.xml">
March 3</link>, <link xlink:type="simple" xlink:href="../164/36164.xml">
2006</link> by Przemyslaw Skibinski.  PAQ8G is PAQ8F with dictionaries added and some other improvements as a redesigned TextFilter (which does not decrease compression performance on non-textual files)</entry>
</list>
</p>
<p>

<list>
<entry level="1" type="bullet">

 <b>PAQ8H</b> was released on <link xlink:type="simple" xlink:href="../211/20211.xml">
March 22</link>, <link xlink:type="simple" xlink:href="../164/36164.xml">
2006</link> by Alexander Ratushnyak and updated on <link xlink:type="simple" xlink:href="../209/20209.xml">
March 24</link>, <link xlink:type="simple" xlink:href="../164/36164.xml">
2006</link>. PAQ8H is based on PAQ8G with some improvements to the model.</entry>
</list>
</p>
<p>

<list>
<entry level="1" type="bullet">

 <b>PAQ8I</b> was released on <link xlink:type="simple" xlink:href="../496/1496.xml">
August 18</link>, <link xlink:type="simple" xlink:href="../164/36164.xml">
2006</link> by Pavel L. Holoborodko, with bug fixes on <link xlink:type="simple" xlink:href="../629/1629.xml">
August 24</link>, <link xlink:type="simple" xlink:href="../765/27765.xml">
September 4</link>, and <link xlink:type="simple" xlink:href="../030/28030.xml">
September 13</link>.  It added a grayscale image model for <link>
PGM</link> files.</entry>
</list>
</p>
<p>

<list>
<entry level="1" type="bullet">

 <b>PAQ8J</b> was released on <link xlink:type="simple" xlink:href="../761/21761.xml">
November 13</link>, <link xlink:type="simple" xlink:href="../164/36164.xml">
2006</link> by Bill Pettis.  It was based on <b>PAQ8F</b> with some text model improvements taken from PAQ8HP5.  Thus, it did not include the text dictionaries from <b>PAQ8G</b> or PGM model from <b>PAQ8I</b>.</entry>
</list>
</p>
<p>

<list>
<entry level="1" type="bullet">

Serge Osnach released a series of modeling improvements: <b>PAQ8JA</b> on <link xlink:type="simple" xlink:href="../726/21726.xml">
November 16</link>, <link xlink:type="simple" xlink:href="../164/36164.xml">
2006</link>, <b>PAQ8JB</b> on <link xlink:type="simple" xlink:href="../576/21576.xml">
November 21</link>, and <b>PAQ8JC</b> on <link xlink:type="simple" xlink:href="../579/21579.xml">
November 28</link>.</entry>
</list>
</p>
<p>

<list>
<entry level="1" type="bullet">

 <b>PAQ8JD</b> was released on <link xlink:type="simple" xlink:href="../677/8677.xml">
December 30</link>, <link xlink:type="simple" xlink:href="../164/36164.xml">
2006</link> by Bill Pettis.  This version has since been ported to 32 bit <link xlink:type="simple" xlink:href="../890/18890.xml">
Windows</link> for several processors, and 32 and 64 bit <O wordnetid="106832680" confidence="0.9508927676800064">
<link xlink:type="simple" xlink:href="../297/6097297.xml">
Linux</link></O>
.</entry>
</list>
</p>
<p>

<list>
<entry level="1" type="bullet">

 <b>PAQ8K</b> was released on <link xlink:type="simple" xlink:href="../170/11170.xml">
February 13</link>, <link xlink:type="simple" xlink:href="../165/36165.xml">
2007</link> by Bill Pettis.  It includes additional models for binary files.</entry>
</list>
</p>
<p>

<list>
<entry level="1" type="bullet">

 <b>PAQ8L</b> was released on <link xlink:type="simple" xlink:href="../053/20053.xml">
March 8</link>, <link xlink:type="simple" xlink:href="../165/36165.xml">
2007</link> by Matt Mahoney.  It is based on PAQ8JD and adds a <link xlink:type="simple" xlink:href="../633/11014633.xml">
DMC</link> model.</entry>
</list>
</p>
<p>

<list>
<entry level="1" type="bullet">

 <b>PAQ8O</b> was released on <link xlink:type="simple" xlink:href="../629/1629.xml">
August 24</link>, <link xlink:type="simple" xlink:href="../165/36165.xml">
2007</link> by Andreas Morphis. Contains improved <link xlink:type="simple" xlink:href="../741/210741.xml">
bmp</link> and <link xlink:type="simple" xlink:href="../009/16009.xml">
jpg</link> models over PAQ8L. Can be optionally compiled with <message wordnetid="106598915" confidence="0.8">
<direction wordnetid="106786629" confidence="0.8">
<link xlink:type="simple" xlink:href="../203/311203.xml">
SSE2</link></direction>
</message>
 support and for 64-bit Linux. The algorithm has notable performance benefits under 64-bit OS.</entry>
</list>
</p>
<p>

<list>
<entry level="1" type="bullet">

 <b>PAQ8P</b> was released on <link xlink:type="simple" xlink:href="../519/1519.xml">
August 25</link>, <link xlink:type="simple" xlink:href="../825/35825.xml">
2008</link> by Andreas Morphis. Contains improved <link xlink:type="simple" xlink:href="../741/210741.xml">
bmp</link> model and adds a <format wordnetid="106636806" confidence="0.9508927676800064">
<link xlink:type="simple" xlink:href="../062/34062.xml">
WAV</link></format>
 model. </entry>
</list>
</p>
<p>

<list>
<entry level="1" type="bullet">

 <b>PAQ9A</b> was released on <link xlink:type="simple" xlink:href="../204/8204.xml">
December 31</link>, <link xlink:type="simple" xlink:href="../165/36165.xml">
2007</link> by Matt Mahoney. A new experimental version. It does not include models for specific file types and has an LZP preprocessor. </entry>
</list>

</p>
<ss1>
<st>
Hutter Prizes</st>

<p>

The series <b>PAQ8HP1</b> through <b>PAQ8HP8</b> were released by Alexander Ratushnyak from <link xlink:type="simple" xlink:href="../499/1499.xml">
August 21</link>, <link xlink:type="simple" xlink:href="../164/36164.xml">
2006</link> through <link xlink:type="simple" xlink:href="../202/16202.xml">
January 18</link>, <link xlink:type="simple" xlink:href="../165/36165.xml">
2007</link> as <symbol wordnetid="106806469" confidence="0.8">
<award wordnetid="106696483" confidence="0.8">
<signal wordnetid="106791372" confidence="0.8">
<link xlink:type="simple" xlink:href="../846/7687846.xml">
Hutter Prize</link></signal>
</award>
</symbol>
 submissions.  The Hutter Prize is a text compression contest using a 100 MB English and XML data set derived from Wikipedia's source.  The PAQ8HP series was forked from PAQ8H.  The programs include text preprocessing dictionaries and models tuned specifically to the benchmark.  All non-text models were removed.  The dictionaries were organized to group syntactically and semantically related words and to group words by common suffix.  The former strategy improves compression because related words (which are likely to appear in similar context) can be modeled on the high order bits of their dictionary codes.  The latter strategy makes the dictionary easier to compress.  The size of the decompression program and compressed dictionary is included in the contest ranking.</p>
<p>

On <link xlink:type="simple" xlink:href="../434/22434.xml">
October 27</link>, <link xlink:type="simple" xlink:href="../164/36164.xml">
2006</link>, it was announced<ref xlink:type="simple" xlink:href="#xpointer(//reflist/entry[@id=%223%22])">3</ref> that <b>PAQ8HP5</b> won a <symbol wordnetid="106806469" confidence="0.8">
<award wordnetid="106696483" confidence="0.8">
<signal wordnetid="106791372" confidence="0.8">
<link xlink:type="simple" xlink:href="../846/7687846.xml">
Hutter Prize for Lossless Compression of Human Knowledge</link></signal>
</award>
</symbol>
 of 3,416 euro.  </p>
<p>

On <link xlink:type="simple" xlink:href="../843/15843.xml">
June 30</link>, <link xlink:type="simple" xlink:href="../165/36165.xml">
2007</link>, Ratushnyak's <b>paq8hp12</b> was awarded a <weblink xlink:type="simple" xlink:href="http://prize.hutter1.net/award2.gif">
second Hutter prize</weblink> of 1732 euro, improving upon his previous record by 3.46%.</p>

</ss1>
</sec>
<sec>
<st>
Benchmark results</st>

<ss1>
<st>
Maximum Compression</st>

<p>

The <weblink xlink:type="simple" xlink:href="http://www.maximumcompression.com/">
Maximum Compression</weblink> benchmark is maintained by Werner Bergmans.  It uses two data sets, one public and one private.  The public set consists of about 55 MiB in 10 files with a variety of types: text in various formats, executable data, and images.  Programs are run with settings selecting maximum compression at the expense of speed and memory.  It uses two scoring criteria: a point system based on rank on each file, and overall compressed size.  As of <link xlink:type="simple" xlink:href="../533/27533.xml">
September 28</link>, <link xlink:type="simple" xlink:href="../825/35825.xml">
2008</link> it ranked the latest versions of 198 compression programs.  Using the point system, PAQ8P was ranked first (before WinRK 3.0.3). On overall size, PAQ8P was also ranked first.</p>
<p>

The second data set is private.  It consists of 316,355,757 bytes in 510 files of various types.  Programs are ranked by total compressed size, by compression time, and by a formula combining size and time.  There were 260 tests, which include some older versions and some runs of the same program with different options.  By overall size, PAQ8P was ranked first, followed by WinRK 3.0.3, then PAQ8JC.  PAQ ranks near the bottom for compression time.  PAQ8P takes 42,998 seconds to compress the data (232'th place) compared to 3 seconds for the fastest program and 70,444 for the slowest.</p>

</ss1>
<ss1>
<st>
Squeeze Chart</st>

<p>

The <weblink xlink:type="simple" xlink:href="http://web.archive.org/web/20080205114306/http://squeezechart.freehost.ag/">
Squeeze Chart</weblink> by Stephen Busch ranks programs by total compressed size of 16 unpublished data sets totaling 3,271,105,873 bytes.  As of <link xlink:type="simple" xlink:href="../025/16025.xml">
January 20</link>, <link xlink:type="simple" xlink:href="../165/36165.xml">
2007</link>, it ranked PAQ8JC first out of 201 tests.  PAQ8JD was not ranked.</p>

</ss1>
<ss1>
<st>
Black Fox</st>

<p>

The <weblink xlink:type="simple" xlink:href="http://blackfox.wz.cz/pcman/benchmark.htm">
Black Fox Benchmark</weblink> ranked 111 versions of 69 programs on 12 unpublished files totaling 30,309,194 bytes as of <link xlink:type="simple" xlink:href="../359/11359.xml">
February 4</link>, <link xlink:type="simple" xlink:href="../165/36165.xml">
2007</link>.  PAQ8JD was ranked first.</p>

</ss1>
<ss1>
<st>
Large Text Compression Benchmark</st>

<p>

The <weblink xlink:type="simple" xlink:href="http://www.cs.fit.edu/~mmahoney/compression/text.html">
Large Text Compression Benchmark</weblink> by Matt Mahoney ranks programs by compressed size of a published file consisting of 109 bytes of <web_site wordnetid="106359193" confidence="0.9508927676800064">
<link xlink:type="simple" xlink:href="../734/5043734.xml">
Wikipedia</link></web_site>
 English text.  Unlike the other benchmarks, the compressed size includes the size of the decompressor and any associated files needed for decompression, as a <link xlink:type="simple" xlink:href="../488/188488.xml">
zip</link> archive.  As of <link xlink:type="simple" xlink:href="../361/11361.xml">
February 9</link>, <link xlink:type="simple" xlink:href="../165/36165.xml">
2007</link>, it ranked PAQ8HP8 first out of 62 programs.</p>
<p>

PAQ is extremely CPU and memory intensive.  The following table compares output size, compression time (on a 2.2 GHz Athlon-64) and memory usage (in MiB) for some popular programs on this benchmark.</p>


<p>

<table class="wikitable">
<row>
<header>
Rank</header>
<header>
Program</header>
<header>
Compressed size</header>
<header>
Compression time</header>
<header>
Memory</header>
</row>
<row>
<col>
1</col>
<col>
PAQ8HP8</col>
<col>
133,423,109</col>
<col>
64,639 sec.</col>
<col>
1849 MiB</col>
</row>
<row>
<col>
18</col>
<col>
PPMd</col>
<col>
183,976,014</col>
<col>
880 sec.</col>
<col>
256 MiB</col>
</row>
<row>
<col>
44</col>
<col>
bzip2</col>
<col>
254,007,875</col>
<col>
379 sec.</col>
<col>
8 MiB</col>
</row>
<row>
<col>
49</col>
<col>
InfoZIP</col>
<col>
322,649,703</col>
<col>
104 sec.</col>
<col>
0.1 MiB</col>
</row>
</table>
</p>

</ss1>
</sec>
<sec>
<st>
PAQ derivations</st>

<p>

Being <link xlink:type="simple" xlink:href="../635/10635.xml">
free software</link>, the software can be modified and redistributed by anyone who has a copy. This has allowed other authors to <fork wordnetid="103383948" confidence="0.8">
<artifact wordnetid="100021939" confidence="0.8">
<article wordnetid="100022903" confidence="0.8">
<ware wordnetid="104550840" confidence="0.8">
<tableware wordnetid="104381994" confidence="0.8">
<cutlery wordnetid="103153375" confidence="0.8">
<link xlink:type="simple" xlink:href="../506/301506.xml">
fork</link></cutlery>
</tableware>
</ware>
</article>
</artifact>
</fork>
 the PAQ compression engine and add new features such as a <link xlink:type="simple" xlink:href="../293/12293.xml">
graphical user interface</link> or better speed (at the expense of compression ratio). Notable PAQ derivatives include:
<list>
<entry level="1" type="bullet">

 <b>WinUDA 0.291</b>, based on PAQ6 but faster<ref xlink:type="simple" xlink:href="#xpointer(//reflist/entry[@id=%224%22])">4</ref></entry>
<entry level="1" type="bullet">

 <b>UDA 0.301</b>, based on PAQ8I algorithm<ref xlink:type="simple" xlink:href="#xpointer(//reflist/entry[@id=%224%22])">4</ref></entry>
<entry level="1" type="bullet">

 <b><software wordnetid="106566077" confidence="0.9508927676800064">
<link xlink:type="simple" xlink:href="../299/4724299.xml">
KGB</link></software>
</b>, is basically PAQ6v2 with a GUI<ref xlink:type="simple" xlink:href="#xpointer(//reflist/entry[@id=%225%22])">5</ref> (beta version supports PAQ7 compression algorithms)</entry>
<entry level="1" type="bullet">

 <b>Emilcont</b> based on PAQ6<ref xlink:type="simple" xlink:href="#xpointer(//reflist/entry[@id=%226%22])">6</ref></entry>
<entry level="1" type="bullet">

 <b><link xlink:type="simple" xlink:href="../765/9347765.xml">
Peazip</link></b> GUI frontend (for Windows and Linux) for <link>
LPAQ</link> and various PAQ8* algorithms<ref xlink:type="simple" xlink:href="#xpointer(//reflist/entry[@id=%227%22])">7</ref></entry>
<entry level="1" type="bullet">

 PWCM (PAQ weighted context mixing) is an independently developed closed source implementation of the PAQ algorithm.  </entry>
</list>
</p>

</sec>
<sec>
<st>
 See also </st>

<p>

<table style="background:#f9f9f9; font-size:85%; line-height:110%; ">
<row>
<col>
 <image width="32x28px" src="Free_Software_Portal_Logo.svg">
</image>
</col>
<col style="padding:0 0.2em;">
 <b><it>
Free software&#32;portal</it></b></col>
</row>
</table>
</p>

<p>

<list>
<entry level="1" type="bullet">

<link xlink:type="simple" xlink:href="../460/519460.xml">
List of archive formats</link></entry>
<entry level="1" type="bullet">

<link xlink:type="simple" xlink:href="../233/1504233.xml">
Comparison of file archivers</link></entry>
</list>
</p>

</sec>
<sec>
<st>
 References </st>

<p>

<reflist>
<entry id="1">
<weblink xlink:type="simple" xlink:href="http://mailcom.com/challenge/">
The Compression/SHA-1 Challenge</weblink></entry>
<entry id="2">
"<weblink xlink:type="simple" xlink:href="http://www.cs.fit.edu/~mmahoney/compression/">
Homepage of the PAQ compressors</weblink>".&#32;Retrieved on <link>
2007-07-10</link>.&nbsp;"You may download, use, copy, modify, and distribute these programs under the terms of the GNU general public license"</entry>
<entry id="3">
James Bowery. <weblink xlink:type="simple" xlink:href="http://groups.google.com/group/Hutter-Prize/browse_frm/thread/3f3f80c76dd14513/">
Alexander Ratushnyak Wins First Hutter Prize Payout</weblink>. Published <link xlink:type="simple" xlink:href="../434/22434.xml">
October 27</link>, <link xlink:type="simple" xlink:href="../164/36164.xml">
2006</link>, retrieved <link xlink:type="simple" xlink:href="../436/22436.xml">
October 30</link>, <link xlink:type="simple" xlink:href="../164/36164.xml">
2006</link>.</entry>
<entry id="4">
<weblink xlink:type="simple" xlink:href="http://wex.cn/dwing/mycomp.htm">
dwing's homepage</weblink></entry>
<entry id="5">
<weblink xlink:type="simple" xlink:href="http://kgbarchiver.net/">
KGB Archiver homepage</weblink></entry>
<entry id="6">
<weblink xlink:type="simple" xlink:href="http://www.freewebs.com/emilcont/">
EmilCont Ultracompression</weblink></entry>
<entry id="7">
<weblink xlink:type="simple" xlink:href="http://sourceforge.net/projects/peazip/">
SourceForge.net: PeaZip</weblink></entry>
</reflist>
</p>

</sec>
<sec>
<st>
External links</st>
<p>

<list>
<entry level="1" type="bullet">

 <weblink xlink:type="simple" xlink:href="http://www.cs.fit.edu/~mmahoney/compression/">
Project website</weblink> - includes sources and windows command-line executables download.</entry>
<entry level="1" type="bullet">

 <weblink xlink:type="simple" xlink:href="http://powerpaq.sourceforge.net/">
Compiled linux binaries</weblink> - Linux command-line executables download.</entry>
<entry level="1" type="bullet">

 <weblink xlink:type="simple" xlink:href="http://www.maximumcompression.com/">
MaximumCompression.com</weblink>, a site providing test results from compression of various file types using different compression tools.</entry>
</list>
</p>

<p>

<table style=";" class="navbox" cellspacing="0">
<row>
<col style="padding:2px;">
<table style="width:100%;background:transparent;color:inherit;;" class="nowraplinks collapsible autocollapse " cellspacing="0">
<row>
<header colspan="2" style=";" class="navbox-title">
<link xlink:type="simple" xlink:href="../013/8013.xml">
Data compression</link> software <link xlink:type="simple" xlink:href="../704/407704.xml">
implementation</link>s</header>
</row>
<row style="height:2px;">

</row>
<row>
<col style=";;" class="navbox-group">
<link xlink:type="simple" xlink:href="../475/54475.xml">
Video codec</link>s
(<link xlink:type="simple" xlink:href="../132/3229132.xml">
Comparison</link>)</col>
<col style="text-align:left;border-left:2px solid #fdfdfd;width:100%;padding:0px;;;" class="navbox-list navbox-odd">
<table style="width:100%;;;;" class="nowraplinks  navbox-subgroup" cellspacing="0">
<row>
<col style=";padding-left:0em;padding-right:0em;width:11em;;" class="navbox-group">
<link xlink:type="simple" xlink:href="../448/1674448.xml">
MPEG-4 ASP</link></col>
<col style="text-align:left;border-left:2px solid #fdfdfd;width:100%;padding:0px;width:auto;;;" class="navbox-list navbox-odd">
<link xlink:type="simple" xlink:href="../802/67802.xml">
3ivx</link>&nbsp;·  <software wordnetid="106566077" confidence="0.9508927676800064">
<format wordnetid="106636806" confidence="0.9508927676800064">
<link xlink:type="simple" xlink:href="../801/67801.xml">
DivX</link></format>
</software>
&nbsp;·  <link xlink:type="simple" xlink:href="../851/841851.xml">
Nero Digital</link>&nbsp;·  <structure wordnetid="104341686" confidence="0.8">
<model wordnetid="105890249" confidence="0.8">
<idea wordnetid="105833840" confidence="0.8">
<concept wordnetid="105835747" confidence="0.8">
<artifact wordnetid="100021939" confidence="0.8">
<area wordnetid="102735688" confidence="0.8">
<library wordnetid="103660909" confidence="0.8">
<hypothesis wordnetid="105888929" confidence="0.8">
<room wordnetid="104105893" confidence="0.8">
<link xlink:type="simple" xlink:href="../657/214657.xml">
FFmpeg&nbsp;MPEG-4</link></room>
</hypothesis>
</library>
</area>
</artifact>
</concept>
</idea>
</model>
</structure>
&nbsp;·  <link xlink:type="simple" xlink:href="../289/3427289.xml">
HDX4</link>&nbsp;·  <link xlink:type="simple" xlink:href="../544/201544.xml">
Xvid</link></col>
</row>
<row style="height:2px">

</row>
<row>
<col style=";padding-left:0em;padding-right:0em;width:11em;;" class="navbox-group">
<message wordnetid="106598915" confidence="0.8">
<standard wordnetid="107260623" confidence="0.8">
<proposal wordnetid="107162194" confidence="0.8">
<recommendation wordnetid="106671637" confidence="0.8">
<advice wordnetid="106671484" confidence="0.8">
<system_of_measurement wordnetid="113577171" confidence="0.8">
<link xlink:type="simple" xlink:href="../036/237036.xml">
H.264/MPEG-4 AVC</link></system_of_measurement>
</advice>
</recommendation>
</proposal>
</standard>
</message>
</col>
<col style="text-align:left;border-left:2px solid #fdfdfd;width:100%;padding:0px;width:auto;;;" class="navbox-list navbox-even">
<software wordnetid="106566077" confidence="0.9508927676800064">
<link xlink:type="simple" xlink:href="../172/4664172.xml">
CoreAVC</link></software>
&nbsp;·  <link xlink:type="simple" xlink:href="../851/841851.xml">
Nero Digital AVC</link> &nbsp;·  <software wordnetid="106566077" confidence="0.9508927676800064">
<format wordnetid="106636806" confidence="0.9508927676800064">
<link xlink:type="simple" xlink:href="../231/25231.xml">
QuickTime&nbsp;H.264</link></format>
</software>
&nbsp;·  <link xlink:type="simple" xlink:href="../265/1419265.xml">
x264</link></col>
</row>
<row style="height:2px">

</row>
<row>
<col style=";padding-left:0em;padding-right:0em;width:11em;;" class="navbox-group">
<event wordnetid="100029378" confidence="0.8">
<rule wordnetid="105846932" confidence="0.8">
<act wordnetid="100030358" confidence="0.8">
<psychological_feature wordnetid="100023100" confidence="0.8">
<procedure wordnetid="101023820" confidence="0.8">
<activity wordnetid="100407535" confidence="0.8">
<algorithm wordnetid="105847438" confidence="0.8">
<link xlink:type="simple" xlink:href="../209/18209.xml">
Lossless</link></algorithm>
</activity>
</procedure>
</psychological_feature>
</act>
</rule>
</event>
</col>
<col style="text-align:left;border-left:2px solid #fdfdfd;width:100%;padding:0px;width:auto;;;" class="navbox-list navbox-odd">
<link xlink:type="simple" xlink:href="../291/8896291.xml">
CorePNG</link>&nbsp;·  <link xlink:type="simple" xlink:href="../928/8201928.xml">
FFV1</link>&nbsp;·  <event wordnetid="100029378" confidence="0.8">
<rule wordnetid="105846932" confidence="0.8">
<act wordnetid="100030358" confidence="0.8">
<psychological_feature wordnetid="100023100" confidence="0.8">
<procedure wordnetid="101023820" confidence="0.8">
<activity wordnetid="100407535" confidence="0.8">
<algorithm wordnetid="105847438" confidence="0.8">
<link xlink:type="simple" xlink:href="../184/1154184.xml">
Huffyuv</link></algorithm>
</activity>
</procedure>
</psychological_feature>
</act>
</rule>
</event>
&nbsp;·  <event wordnetid="100029378" confidence="0.8">
<rule wordnetid="105846932" confidence="0.8">
<act wordnetid="100030358" confidence="0.8">
<psychological_feature wordnetid="100023100" confidence="0.8">
<procedure wordnetid="101023820" confidence="0.8">
<activity wordnetid="100407535" confidence="0.8">
<algorithm wordnetid="105847438" confidence="0.8">
<link xlink:type="simple" xlink:href="../570/1948570.xml">
Lagarith</link></algorithm>
</activity>
</procedure>
</psychological_feature>
</act>
</rule>
</event>
&nbsp;·  <event wordnetid="100029378" confidence="0.8">
<rule wordnetid="105846932" confidence="0.8">
<act wordnetid="100030358" confidence="0.8">
<psychological_feature wordnetid="100023100" confidence="0.8">
<procedure wordnetid="101023820" confidence="0.8">
<activity wordnetid="100407535" confidence="0.8">
<algorithm wordnetid="105847438" confidence="0.8">
<link xlink:type="simple" xlink:href="../248/14470248.xml">
MSU Lossless</link></algorithm>
</activity>
</procedure>
</psychological_feature>
</act>
</rule>
</event>
 &nbsp;·  <event wordnetid="100029378" confidence="0.8">
<rule wordnetid="105846932" confidence="0.8">
<act wordnetid="100030358" confidence="0.8">
<psychological_feature wordnetid="100023100" confidence="0.8">
<procedure wordnetid="101023820" confidence="0.8">
<activity wordnetid="100407535" confidence="0.8">
<algorithm wordnetid="105847438" confidence="0.8">
<link xlink:type="simple" xlink:href="../946/1174946.xml">
SheerVideo</link></algorithm>
</activity>
</procedure>
</psychological_feature>
</act>
</rule>
</event>
</col>
</row>
<row style="height:2px">

</row>
<row>
<col style=";padding-left:0em;padding-right:0em;width:11em;;" class="navbox-group">
Others</col>
<col style="text-align:left;border-left:2px solid #fdfdfd;width:100%;padding:0px;width:auto;;;" class="navbox-list navbox-even">
<link xlink:type="simple" xlink:href="../851/752851.xml">
Cinepak</link>&nbsp;· <link xlink:type="simple" xlink:href="../475/166475.xml">
Dirac</link>&nbsp;· <artifact wordnetid="100021939" confidence="0.8">
<merchandise wordnetid="103748886" confidence="0.8">
<commodity wordnetid="103076708" confidence="0.8">
<link xlink:type="simple" xlink:href="../697/2318697.xml">
Indeo</link></commodity>
</merchandise>
</artifact>
&nbsp;· <link>
VP3</link>&nbsp;·  <link xlink:type="simple" xlink:href="../301/1654301.xml">
VP7</link>&nbsp;· <link xlink:type="simple" xlink:href="../543/694543.xml">
Pixlet</link>&nbsp;· <link xlink:type="simple" xlink:href="../383/14068383.xml">
RTVideo</link>&nbsp;· <link xlink:type="simple" xlink:href="../652/1883652.xml">
Snow</link>&nbsp;· <link xlink:type="simple" xlink:href="../914/236914.xml">
Sorenson</link>&nbsp;· <link>
Tarkin</link>&nbsp;· <format wordnetid="106636806" confidence="0.9508927676800064">
<link xlink:type="simple" xlink:href="../588/161588.xml">
Theora</link></format>
&nbsp;· <format wordnetid="106636806" confidence="0.9508927676800064">
<link xlink:type="simple" xlink:href="../169/225169.xml">
WMV</link></format>
</col>
</row>
</table>
</col>
</row>
<row style="height:2px">

</row>
<row>
<col style=";;" class="navbox-group">
<link xlink:type="simple" xlink:href="../474/54474.xml">
Audio codec</link>s
(<link xlink:type="simple" xlink:href="../376/3098376.xml">
Comparison</link>)</col>
<col style="text-align:left;border-left:2px solid #fdfdfd;width:100%;padding:0px;;;" class="navbox-list navbox-even">
<table style="width:100%;;;;" class="nowraplinks  navbox-subgroup" cellspacing="0">
<row>
<col style=";padding-left:0em;padding-right:0em;width:11em;;" class="navbox-group">
<link xlink:type="simple" xlink:href="../025/18950025.xml">
General</link></col>
<col style="text-align:left;border-left:2px solid #fdfdfd;width:100%;padding:0px;width:auto;;;" class="navbox-list navbox-odd">
<link>
ADPCM</link>&nbsp;·  <link xlink:type="simple" xlink:href="../008/44008.xml">
ATRAC</link>&nbsp;·   <link xlink:type="simple" xlink:href="../898/82898.xml">
Dolby Digital</link>&nbsp;·   <link xlink:type="simple" xlink:href="../855/2155855.xml">
Dolby Digital Plus</link>&nbsp;·  <link xlink:type="simple" xlink:href="../976/3036976.xml">
DTS</link>&nbsp;·  <format wordnetid="106636806" confidence="0.9508927676800064">
<link xlink:type="simple" xlink:href="../421/670421.xml">
Musepack</link></format>
&nbsp;·   <link xlink:type="simple" xlink:href="../558/1632558.xml">
TwinVQ</link>&nbsp;·   <format wordnetid="106636806" confidence="0.9508927676800064">
<link xlink:type="simple" xlink:href="../489/32489.xml">
Vorbis</link></format>
&nbsp;·  <format wordnetid="106636806" confidence="0.9508927676800064">
<link xlink:type="simple" xlink:href="../082/34082.xml">
WMA</link></format>
</col>
</row>
<row style="height:2px">

</row>
<row>
<col style=";padding-left:0em;padding-right:0em;width:11em;;" class="navbox-group">
<link xlink:type="simple" xlink:href="../618/28618.xml">
Speech/Voice</link></col>
<col style="text-align:left;border-left:2px solid #fdfdfd;width:100%;padding:0px;width:auto;;;" class="navbox-list navbox-even">
<link xlink:type="simple" xlink:href="../808/2915808.xml">
iLBC</link>&nbsp;·  <link xlink:type="simple" xlink:href="../248/8120248.xml">
AMBE</link>&nbsp;·  <link xlink:type="simple" xlink:href="../633/1188633.xml">
IMBE</link>&nbsp;·  <link xlink:type="simple" xlink:href="../343/4653343.xml">
iSAC</link>&nbsp;·  <format wordnetid="106636806" confidence="0.9508927676800064">
<link xlink:type="simple" xlink:href="../592/1188592.xml">
QCELP</link></format>
&nbsp;·  <link xlink:type="simple" xlink:href="../129/14068129.xml">
RTAudio</link> &nbsp;·  <link xlink:type="simple" xlink:href="../716/14785716.xml">
Siren</link>&nbsp;·  <format wordnetid="106636806" confidence="0.9508927676800064">
<link xlink:type="simple" xlink:href="../317/62317.xml">
Speex</link></format>
&nbsp;·  <link xlink:type="simple" xlink:href="../681/6854681.xml">
Truespeech</link></col>
</row>
<row style="height:2px">

</row>
<row>
<col style=";padding-left:0em;padding-right:0em;width:11em;;" class="navbox-group">
<event wordnetid="100029378" confidence="0.8">
<rule wordnetid="105846932" confidence="0.8">
<act wordnetid="100030358" confidence="0.8">
<psychological_feature wordnetid="100023100" confidence="0.8">
<procedure wordnetid="101023820" confidence="0.8">
<activity wordnetid="100407535" confidence="0.8">
<algorithm wordnetid="105847438" confidence="0.8">
<link xlink:type="simple" xlink:href="../209/18209.xml">
Lossless</link></algorithm>
</activity>
</procedure>
</psychological_feature>
</act>
</rule>
</event>
</col>
<col style="text-align:left;border-left:2px solid #fdfdfd;width:100%;padding:0px;width:auto;;;" class="navbox-list navbox-odd">
<format wordnetid="106636806" confidence="0.9508927676800064">
<link xlink:type="simple" xlink:href="../168/694168.xml">
Apple Lossless</link></format>
&nbsp;·  <link xlink:type="simple" xlink:href="../695/4238695.xml">
Dolby TrueHD</link>&nbsp;·  <link xlink:type="simple" xlink:href="../645/6541645.xml">
DTS-HD Master Audio</link>&nbsp;·  <software wordnetid="106566077" confidence="0.9508927676800064">
<format wordnetid="106636806" confidence="0.9508927676800064">
<link xlink:type="simple" xlink:href="../761/77761.xml">
FLAC</link></format>
</software>
&nbsp;· <link>
La</link>&nbsp;·   <software wordnetid="106566077" confidence="0.9508927676800064">
<link xlink:type="simple" xlink:href="../907/172907.xml">
Monkey's Audio</link></software>
&nbsp;·  <software wordnetid="106566077" confidence="0.9508927676800064">
<link xlink:type="simple" xlink:href="../189/9892189.xml">
OptimFROG</link></software>
&nbsp;·  <software wordnetid="106566077" confidence="0.9508927676800064">
<link xlink:type="simple" xlink:href="../487/1059487.xml">
TTA</link></software>
&nbsp;·  <software wordnetid="106566077" confidence="0.9508927676800064">
<format wordnetid="106636806" confidence="0.9508927676800064">
<link xlink:type="simple" xlink:href="../075/1078075.xml">
WavPack</link></format>
</software>
&nbsp;·  <event wordnetid="100029378" confidence="0.8">
<rule wordnetid="105846932" confidence="0.8">
<act wordnetid="100030358" confidence="0.8">
<psychological_feature wordnetid="100023100" confidence="0.8">
<procedure wordnetid="101023820" confidence="0.8">
<activity wordnetid="100407535" confidence="0.8">
<algorithm wordnetid="105847438" confidence="0.8">
<link xlink:type="simple" xlink:href="../261/3669261.xml">
WMA Lossless</link></algorithm>
</activity>
</procedure>
</psychological_feature>
</act>
</rule>
</event>
</col>
</row>
</table>
</col>
</row>
<row style="height:2px">

</row>
<row>
<col style=";;" class="navbox-group">
<link xlink:type="simple" xlink:href="../233/1504233.xml">
Archivers</link>
(<link xlink:type="simple" xlink:href="../233/1504233.xml">
Comparison</link>)</col>
<col style="text-align:left;border-left:2px solid #fdfdfd;width:100%;padding:0px;;;" class="navbox-list navbox-odd">
<table style="width:100%;;;;" class="nowraplinks  navbox-subgroup" cellspacing="0">
<row>
<col style=";padding-left:0em;padding-right:0em;width:11em;;" class="navbox-group">
<link xlink:type="simple" xlink:href="../758/18938758.xml">
Open Source</link></col>
<col style="text-align:left;border-left:2px solid #fdfdfd;width:100%;padding:0px;width:auto;;;" class="navbox-list navbox-odd">
<software wordnetid="106566077" confidence="0.9508927676800064">
<link xlink:type="simple" xlink:href="../689/322689.xml">
7-Zip</link></software>
&nbsp;·  <software wordnetid="106566077" confidence="0.9508927676800064">
<link xlink:type="simple" xlink:href="../612/2147612.xml">
Ark</link></software>
&nbsp;·  <software wordnetid="106566077" confidence="0.9508927676800064">
<link xlink:type="simple" xlink:href="../660/2535660.xml">
File Roller</link></software>
&nbsp;·  <link>
FreeArc</link>&nbsp;·  <software wordnetid="106566077" confidence="0.9508927676800064">
<link xlink:type="simple" xlink:href="../286/304286.xml">
Info-ZIP</link></software>
&nbsp;·  <software wordnetid="106566077" confidence="0.9508927676800064">
<link xlink:type="simple" xlink:href="../299/4724299.xml">
KGB Archiver</link></software>
&nbsp;·  <work wordnetid="100575741" confidence="0.8">
<message wordnetid="106598915" confidence="0.8">
<information wordnetid="106634376" confidence="0.8">
<event wordnetid="100029378" confidence="0.8">
<undertaking wordnetid="100795720" confidence="0.8">
<format wordnetid="106636806" confidence="0.8">
<act wordnetid="100030358" confidence="0.8">
<psychological_feature wordnetid="100023100" confidence="0.8">
<activity wordnetid="100407535" confidence="0.8">
<link xlink:type="simple" xlink:href="../765/9347765.xml">
PeaZip</link></activity>
</psychological_feature>
</act>
</format>
</undertaking>
</event>
</information>
</message>
</work>
&nbsp;·  <software wordnetid="106566077" confidence="0.9508927676800064">
<link xlink:type="simple" xlink:href="../625/9202625.xml">
The Unarchiver</link></software>
</col>
</row>
<row style="height:2px">

</row>
<row>
<col style=";padding-left:0em;padding-right:0em;width:11em;;" class="navbox-group">
<link xlink:type="simple" xlink:href="../592/11592.xml">
Freeware</link></col>
<col style="text-align:left;border-left:2px solid #fdfdfd;width:100%;padding:0px;width:auto;;;" class="navbox-list navbox-even">
<software wordnetid="106566077" confidence="0.9508927676800064">
<link xlink:type="simple" xlink:href="../938/4542938.xml">
7zX</link></software>
&nbsp;·  <format wordnetid="106636806" confidence="0.9508927676800064">
<link xlink:type="simple" xlink:href="../702/322702.xml">
DGCA</link></format>
&nbsp;·  <software wordnetid="106566077" confidence="0.9508927676800064">
<link xlink:type="simple" xlink:href="../799/12732799.xml">
Filzip</link></software>
&nbsp;·  <format wordnetid="106636806" confidence="0.9508927676800064">
<link xlink:type="simple" xlink:href="../188/946188.xml">
GCA</link></format>
&nbsp;·  <software wordnetid="106566077" confidence="0.9508927676800064">
<link xlink:type="simple" xlink:href="../519/1503519.xml">
IZArc</link></software>
&nbsp;·  <software wordnetid="106566077" confidence="0.9508927676800064">
<link xlink:type="simple" xlink:href="../754/442754.xml">
StuffIt Expander</link></software>
&nbsp;·  <software wordnetid="106566077" confidence="0.9508927676800064">
<link xlink:type="simple" xlink:href="../086/1504086.xml">
TUGZip</link></software>
&nbsp;·  <software wordnetid="106566077" confidence="0.9508927676800064">
<link xlink:type="simple" xlink:href="../570/15138570.xml">
Zipeg</link></software>
&nbsp;·  <software wordnetid="106566077" confidence="0.9508927676800064">
<link xlink:type="simple" xlink:href="../976/2377976.xml">
ZipGenius</link></software>
&nbsp;·  <link xlink:type="simple" xlink:href="../751/2186751.xml">
WinUHA</link></col>
</row>
<row style="height:2px">

</row>
<row>
<col style=";padding-left:0em;padding-right:0em;width:11em;;" class="navbox-group">
<link xlink:type="simple" xlink:href="../886/18934886.xml">
Proprietary</link></col>
<col style="text-align:left;border-left:2px solid #fdfdfd;width:100%;padding:0px;width:auto;;;" class="navbox-list navbox-odd">
<software wordnetid="106566077" confidence="0.9508927676800064">
<link xlink:type="simple" xlink:href="../640/6983640.xml">
ALZip</link></software>
&nbsp;·  <software wordnetid="106566077" confidence="0.9508927676800064">
<link xlink:type="simple" xlink:href="../273/3043273.xml">
Archive Utility</link></software>
&nbsp;·  <format wordnetid="106636806" confidence="0.9508927676800064">
<link xlink:type="simple" xlink:href="../704/920704.xml">
MacBinary</link></format>
&nbsp;·  <software wordnetid="106566077" confidence="0.9508927676800064">
<link xlink:type="simple" xlink:href="../954/2288954.xml">
PowerArchiver</link></software>
&nbsp;·  <link xlink:type="simple" xlink:href="../029/2578029.xml">
Squeez</link>&nbsp;·  <software wordnetid="106566077" confidence="0.9508927676800064">
<link xlink:type="simple" xlink:href="../117/428117.xml">
StuffIt</link></software>
&nbsp;·  <software wordnetid="106566077" confidence="0.9508927676800064">
<link xlink:type="simple" xlink:href="../072/2970072.xml">
WinAce</link></software>
&nbsp;·  <software wordnetid="106566077" confidence="0.9508927676800064">
<link xlink:type="simple" xlink:href="../427/887427.xml">
WinRAR</link></software>
&nbsp;·  <software wordnetid="106566077" confidence="0.9508927676800064">
<link xlink:type="simple" xlink:href="../399/147399.xml">
WinZip</link></software>
</col>
</row>
<row style="height:2px">

</row>
<row>
<col style=";padding-left:0em;padding-right:0em;width:11em;;" class="navbox-group">
<link xlink:type="simple" xlink:href="../707/6707.xml">
Command line</link></col>
<col style="text-align:left;border-left:2px solid #fdfdfd;width:100%;padding:0px;width:auto;;;" class="navbox-list navbox-even">
<format wordnetid="106636806" confidence="0.9508927676800064">
<link xlink:type="simple" xlink:href="../465/1517465.xml">
ARC</link></format>
&nbsp;·  <message wordnetid="106598915" confidence="0.8">
<information wordnetid="106634376" confidence="0.8">
<format wordnetid="106636806" confidence="0.8">
<link xlink:type="simple" xlink:href="../734/40734.xml">
ARJ</link></format>
</information>
</message>
&nbsp;·  <link xlink:type="simple" xlink:href="../836/8549836.xml">
JAR</link>&nbsp;·  <link xlink:type="simple" xlink:href="../255/66255.xml">
bzip2</link>&nbsp;·  <link xlink:type="simple" xlink:href="../779/205779.xml">
compress</link>&nbsp;·  <link xlink:type="simple" xlink:href="../783/12783.xml">
gzip</link>&nbsp;·  <software wordnetid="106566077" confidence="0.9508927676800064">
<link xlink:type="simple" xlink:href="../286/304286.xml">
Info-ZIP</link></software>
&nbsp;·  <link xlink:type="simple" xlink:href="../695/915695.xml">
LHA</link>&nbsp;·  <link xlink:type="simple" xlink:href="../569/1108569.xml">
lzop</link>&nbsp;·  <event wordnetid="100029378" confidence="0.8">
<rule wordnetid="105846932" confidence="0.8">
<act wordnetid="100030358" confidence="0.8">
<psychological_feature wordnetid="100023100" confidence="0.8">
<procedure wordnetid="101023820" confidence="0.8">
<activity wordnetid="100407535" confidence="0.8">
<algorithm wordnetid="105847438" confidence="0.8">
<link xlink:type="simple" xlink:href="../598/1108598.xml">
PAQ</link></algorithm>
</activity>
</procedure>
</psychological_feature>
</act>
</rule>
</event>
&nbsp;·  <company wordnetid="108058098" confidence="0.8">
<institution wordnetid="108053576" confidence="0.8">
<link xlink:type="simple" xlink:href="../769/93769.xml">
PKZIP</link></institution>
</company>
&nbsp;·  <link xlink:type="simple" xlink:href="../819/311819.xml">
RAR</link>&nbsp;·  <link xlink:type="simple" xlink:href="../471/1583471.xml">
SBC</link>&nbsp;·  <software wordnetid="106566077" confidence="0.9508927676800064">
<link xlink:type="simple" xlink:href="../630/1727630.xml">
UPX</link></software>
 &nbsp;·  <message wordnetid="106598915" confidence="0.8">
<information wordnetid="106634376" confidence="0.8">
<format wordnetid="106636806" confidence="0.8">
<link xlink:type="simple" xlink:href="../751/2186751.xml">
UHarc</link></format>
</information>
</message>
</col>
</row>
</table>
</col>
</row>
<row style="height:2px;">

</row>
<row>
<col colspan="2" style=";" class="navbox-abovebelow">
See  for methods and for formats</col>
</row>
</table>
</col>
</row>
</table>
</p>



</sec>
</bdy>
</algorithm>
</activity>
</procedure>
</psychological_feature>
</act>
</rule>
</event>
</article>
