<?xml version="1.0" encoding="UTF-8"?>
<!-- generated by CLiX/Wiki2XML [MPI-Inf, MMCI@UdS] $LastChangedRevision: 92 $ on 17.04.2009 00:31:36[mciao0828] -->
<!DOCTYPE article SYSTEM "../article.dtd">
<article xmlns:xlink="http://www.w3.org/1999/xlink">
<header>
<title>Gerry Lincoln</title>
<id>11092150</id>
<revision>
<id>227476660</id>
<timestamp>2008-07-23T19:44:50Z</timestamp>
<contributor>
<username>RandorXeus</username>
<id>404352</id>
</contributor>
</revision>
<categories>
<category>Canadian neo-Nazis</category>
</categories>
</header>
<bdy>

<b>Gerald C. (Gerry) Lincoln</b> was one of the founders of the <event wordnetid="100029378" confidence="0.8">
<change wordnetid="100191142" confidence="0.8">
<action wordnetid="100037396" confidence="0.8">
<motion wordnetid="100331950" confidence="0.8">
<act wordnetid="100030358" confidence="0.8">
<psychological_feature wordnetid="100023100" confidence="0.8">
<link xlink:type="simple" xlink:href="../697/918697.xml">
Heritage Front</link></psychological_feature>
</act>
</motion>
</action>
</change>
</event>
 along with <physical_entity wordnetid="100001930" confidence="0.8">
<person wordnetid="100007846" confidence="0.8">
<immigrant wordnetid="110199489" confidence="0.8">
<victim wordnetid="110752093" confidence="0.8">
<national wordnetid="109625401" confidence="0.8">
<migrant wordnetid="110314952" confidence="0.8">
<traveler wordnetid="109629752" confidence="0.8">
<patriot wordnetid="110407310" confidence="0.8">
<unfortunate wordnetid="109630641" confidence="0.8">
<principal wordnetid="110474950" confidence="0.8">
<wrongdoer wordnetid="109633969" confidence="0.8">
<criminal wordnetid="109977660" confidence="0.8">
<causal_agent wordnetid="100007347" confidence="0.8">
<bad_person wordnetid="109831962" confidence="0.8">
<link xlink:type="simple" xlink:href="../809/737809.xml">
Wolfgang Droege</link></bad_person>
</causal_agent>
</criminal>
</wrongdoer>
</principal>
</unfortunate>
</patriot>
</traveler>
</migrant>
</national>
</victim>
</immigrant>
</person>
</physical_entity>
, <gossip wordnetid="107223170" confidence="0.8">
<scandal wordnetid="107223811" confidence="0.8">
<event wordnetid="100029378" confidence="0.8">
<informing wordnetid="107212190" confidence="0.8">
<report wordnetid="107217924" confidence="0.8">
<act wordnetid="100030358" confidence="0.8">
<psychological_feature wordnetid="100023100" confidence="0.8">
<speech_act wordnetid="107160883" confidence="0.8">
<link xlink:type="simple" xlink:href="../187/2825187.xml">
Grant Bristow</link></speech_act>
</psychological_feature>
</act>
</report>
</informing>
</event>
</scandal>
</gossip>
<ref xlink:type="simple" xlink:href="#xpointer(//reflist/entry[@id=%221%22])">1</ref> and <link>
James Scott Dawson</link>. Lincoln was editor of <it>Up Front</it>, the group's official magazine,<ref xlink:type="simple" xlink:href="#xpointer(//reflist/entry[@id=%222%22])">2</ref> designed the groups logo and also acted as one of its spokespersons.<ref xlink:type="simple" xlink:href="#xpointer(//reflist/entry[@id=%223%22])">3</ref><p>

In 1989, Lincoln travelled with Droege and other members of the <event wordnetid="100029378" confidence="0.8">
<change wordnetid="100191142" confidence="0.8">
<action wordnetid="100037396" confidence="0.8">
<party wordnetid="108256968" confidence="0.8">
<motion wordnetid="100331950" confidence="0.8">
<act wordnetid="100030358" confidence="0.8">
<psychological_feature wordnetid="100023100" confidence="0.8">
<link xlink:type="simple" xlink:href="../490/576490.xml">
Nationalist Party of Canada</link></psychological_feature>
</act>
</motion>
</party>
</action>
</change>
</event>
 to <country wordnetid="108544813" confidence="0.9508927676800064">
<link xlink:type="simple" xlink:href="../633/17633.xml">
Libya</link></country>
 on the invitation of <president wordnetid="110468559" confidence="0.9508927676800064">
<link xlink:type="simple" xlink:href="../029/53029.xml">
Muammar al-Gaddafi</link></president>
 to celebrate the twentieth anniversary of the Libyan regime.<ref xlink:type="simple" xlink:href="#xpointer(//reflist/entry[@id=%224%22])">4</ref> It was on that trip that several members of the Nationalist Party, disaffected by the leadership of <physical_entity wordnetid="100001930" confidence="0.8">
<politician wordnetid="110451263" confidence="0.8">
<person wordnetid="100007846" confidence="0.8">
<immigrant wordnetid="110199489" confidence="0.8">
<leader wordnetid="109623038" confidence="0.8">
<migrant wordnetid="110314952" confidence="0.8">
<traveler wordnetid="109629752" confidence="0.8">
<causal_agent wordnetid="100007347" confidence="0.8">
<link xlink:type="simple" xlink:href="../308/919308.xml">
Don Andrews</link></causal_agent>
</traveler>
</migrant>
</leader>
</immigrant>
</person>
</politician>
</physical_entity>
, decided to found the Heritage Front.<ref xlink:type="simple" xlink:href="#xpointer(//reflist/entry[@id=%225%22])">5</ref> </p>
<p>

In recent years, Lincoln has ceased his political activities. </p>

<sec>
<st>
References</st>

<p>

<reflist>
<entry id="1">
Van Rijn, Nicolaas&#32;(1994-08-16).&#32;"Spy agency probed over hate group link", <it>Toronto Star</it>, Torstar, Inc.&nbsp; </entry>
<entry id="2">
 <cite style="font-style:normal" class="book">Kinsella, Warren&#32;(2001). Web of Hate: Inside Canada's Far-Right Network.&#32;Toronto:&#32;HarperCollins Canada,&#32;p 280. ISBN 0006391249.</cite>&nbsp;</entry>
<entry id="3">
 <cite style="font-style:normal" class="book">Kinsella, Warren&#32;(2001). Web of Hate: Inside Canada's Far-Right Network.&#32;Toronto:&#32;HarperCollins Canada,&#32;p 263. ISBN 0006391249.</cite>&nbsp;</entry>
<entry id="4">
"<weblink xlink:type="simple" xlink:href="http://www.nizkor.org/hweb/orgs/canadian/league-for-human-rights/heritage-front/supporting-cast.html">
The Supporting Cast</weblink>".&#32;  The Nizkor Project.</entry>
<entry id="5">
Security Intelligence Review Committee, <it>The Heritage Front Affair: A report to the Solicitor General of Canada</it>, December 9th, 1995, section 3.2.4 </entry>
</reflist>
</p>

</sec>
</bdy>
</article>
