<?xml version="1.0" encoding="UTF-8"?>
<!-- generated by CLiX/Wiki2XML [MPI-Inf, MMCI@UdS] $LastChangedRevision: 92 $ on 17.04.2009 00:31:53[mciao0828] -->
<!DOCTYPE article SYSTEM "../article.dtd">
<article xmlns:xlink="http://www.w3.org/1999/xlink">
<artifact  confidence="0.8" wordnetid="100021939">
<instrumentality  confidence="0.8" wordnetid="103575240">
<camera  confidence="0.8" wordnetid="102942699">
<equipment  confidence="0.8" wordnetid="103294048">
<photographic_equipment  confidence="0.8" wordnetid="103926148">
<header>
<title>Canon PowerShot S5 IS</title>
<id>11101428</id>
<revision>
<id>239112773</id>
<timestamp>2008-09-17T21:21:36Z</timestamp>
<contributor>
<username>Cataphract 40</username>
<id>661471</id>
</contributor>
</revision>
<categories>
<category>Bridge digital cameras</category>
<category>Canon PowerShot cameras</category>
</categories>
</header>
<bdy>
<template>
<name>Infobox_Digicam</name>
<parameters>

<image width="250px" src="Canon_PowerShot_S5_IS-face.png">
</image>
<image width="250px" src="Canon_PowerShot_S5_IS-full.png">
</image>
<shutterRange>
1/3200 to 15 sec.</shutterRange>
<res>
3264 x 2448 (8.0 <link>
megapixels</link>)</res>
<flash>
Built-in, pop-up (electronic), external EX Speedlite flash supported via Hot Shoe</flash>
<model>
<link xlink:type="simple" xlink:href="../263/5647263.xml">
Canon PowerShot</link> S5 IS</model>
<weight>
450 g (body only)</weight>
<wbbkt>
yes</wbbkt>
<emode>
Full auto, programmed, shutter-priority, aperture priority, manual, movie</emode>
<viewfinder>
Electronic, 100% coverage</viewfinder>
<metering>
Evaluative, Center Weighted, Spot</metering>
<kind>
<link>
Multi Function Hybrid Camera</link></kind>
<sensor>
1/2.5 in (10 mm) (8.0 million pixels) <artifact wordnetid="100021939" confidence="0.8">
<instrumentality wordnetid="103575240" confidence="0.8">
<device wordnetid="103183080" confidence="0.8">
<detector wordnetid="103180969" confidence="0.8">
<link xlink:type="simple" xlink:href="../804/6804.xml">
CCD</link></detector>
</device>
</instrumentality>
</artifact>
</sensor>
<battery>
4x <link xlink:type="simple" xlink:href="../019/1592019.xml">
AA batteries</link></battery>
<speedRange>
80-1600 ISO in 1/2 stops from 100-1600</speedRange>
<cont>
up to 1.5 frame/s.</cont>
<flbkt>
none</flbkt>
<White_Balance>
21? presets, Auto and Manual</White_Balance>
<fmode>
TTL, Center Area AF, Face Detection, Manual</fmode>
<lens>
non-detachable, 36-432 mm equiv. (12x optical zoom)</lens>
<farea>
single-point autofocus (fixed to center or FlexiZone)</farea>
<obp>
none</obp>
<rearLCD>
2.5 in (51 mm), 207,000 pixels, 100% coverage</rearLCD>
<shutter>
Electronic &amp; mechanical shutter</shutter>
<fcbkt>
yes</fcbkt>
<mmode>
Evaluative, Center Weighted, Spot</mmode>
<storage>
<link>
Secure Digital</link>(SD/SDHC) and <link xlink:type="simple" xlink:href="../708/350708.xml">
Multimedia Card</link> (MMC)</storage>
</parameters>
</template>

<p>

The <b>Canon PowerShot S5 IS</b> is an 8.0 megapixel <link xlink:type="simple" xlink:href="../643/3547643.xml">
bridge digital camera</link> that was announced on May 7th 2007 and launched in June of that same year. It is the fourth of Canon's cameras in the superzoom category, with an integrated 12x zoom lens and <link xlink:type="simple" xlink:href="../320/4198320.xml">
image stabilization</link> technology (IS). It has a DIGIC III processor, which has higher performance than DIGIC II used in its predecessor, 6 megapixel <artifact wordnetid="100021939" confidence="0.8">
<instrumentality wordnetid="103575240" confidence="0.8">
<camera wordnetid="102942699" confidence="0.8">
<equipment wordnetid="103294048" confidence="0.8">
<photographic_equipment wordnetid="103926148" confidence="0.8">
<link xlink:type="simple" xlink:href="../802/5231802.xml">
Canon PowerShot S3 IS</link></photographic_equipment>
</equipment>
</camera>
</instrumentality>
</artifact>
.</p>

<sec>
<st>
Features</st>
<p>

<list>
<entry level="1" type="bullet">

8.0 megapixel (effective)</entry>
<entry level="1" type="bullet">

1/2.5 in (10 mm) CCD Sensor </entry>
<entry level="1" type="bullet">

Flash Hotshoe (new compared to S3)</entry>
<entry level="1" type="bullet">

12x optical zoom and 4x digital zoom</entry>
<entry level="1" type="bullet">

<link xlink:type="simple" xlink:href="../320/4198320.xml">
Optical Image Stabilizer</link> (Shift Type)</entry>
<entry level="1" type="bullet">

<link xlink:type="simple" xlink:href="../511/2147511.xml">
Ultrasonic Lens Motor</link> </entry>
<entry level="1" type="bullet">

Extra-long Movie Mode with enhanced VGA resolution and stereo sound </entry>
<entry level="1" type="bullet">

Canon DIGIC III processor with iSAPS </entry>
<entry level="1" type="bullet">

Running the <O wordnetid="106832680" confidence="0.9508927676800064">
<link xlink:type="simple" xlink:href="../275/15114275.xml">
DRYOS</link></O>
 operating system</entry>
<entry level="1" type="bullet">

<link xlink:type="simple" xlink:href="../384/648384.xml">
PictBridge</link>, PhotoStitch, Canon Direct Print compatible – no PC required </entry>
<entry level="1" type="bullet">

20 shooting modes</entry>
<entry level="1" type="bullet">

Aperture Range: F2.7 to F8</entry>
<entry level="1" type="bullet">

Macro focus range: 10 to 50 cm (max wide angle); 30 to 50 cm (with a slight zoom-in); 90cm to infinity (with more than about 3x zoom)</entry>
<entry level="1" type="bullet">

SuperMacro focus range: 0 to 10 cm (forced into max wide angle mode)</entry>
<entry level="1" type="bullet">

Min. shutter: 1/3200 s, max shutter: 15 s</entry>
<entry level="1" type="bullet">

640 x 480 15/30 frame/s movie clips with stereo audio (limited to 4 GB or 1 hour, whichever comes first), and with 320 x 240 mode at 60/30/15 frame/s</entry>
<entry level="1" type="bullet">

Electronic Viewfinder 0.33" (approx 115,000 pixels)</entry>
<entry level="1" type="bullet">

Continuous Drive: 1.5 fps </entry>
<entry level="1" type="bullet">

2.5" (flip-out &amp; twist) LCD (207,000 pixels)</entry>
<entry level="1" type="bullet">

Dimensions: 117 x 80 x 78 mm</entry>
<entry level="1" type="bullet">

Weight: 450 g</entry>
</list>
</p>

</sec>
<sec>
<st>
Reasons for the exclusion of PowerShot S4</st>
<p>

Canon, based in <link xlink:type="simple" xlink:href="../573/15573.xml">
Japan</link>, omitted the <link xlink:type="simple" xlink:href="../161/208161.xml">
number 4</link> from the range due to cultural <link xlink:type="simple" xlink:href="../712/18581712.xml">
superstition</link>.
<indent level="1">

"The word "four" is read as "si" in Chinese Mandarin and "shi" in Japanese, a close <link xlink:type="simple" xlink:href="../126/148126.xml">
homonym</link> for the word for death in both languages and in the <speech wordnetid="107109196" confidence="0.8">
<dialect wordnetid="107155661" confidence="0.8">
<auditory_communication wordnetid="107109019" confidence="0.8">
<language wordnetid="106282651" confidence="0.8">
<non-standard_speech wordnetid="107155081" confidence="0.8">
<link xlink:type="simple" xlink:href="../292/1092292.xml">
Cantonese</link></non-standard_speech>
</language>
</auditory_communication>
</dialect>
</speech>
 dialect spoken in Hong Kong." The EOS 40D, however, is not included in this, as the number 40 is not pronounced the same way, but rather yon-jyuu. <weblink xlink:type="simple" xlink:href="http://www.hardware-one.com/forum/read_msg.php?tid=214&amp;forumid=seriousth">
http://www.hardware-one.com/forum/read_msg.php?tid=214&amp;forumid=seriousth</weblink>
</indent>

<magazine wordnetid="106595351" confidence="0.9508927676800064">
<link xlink:type="simple" xlink:href="../073/487073.xml">
Amateur Photographer</link></magazine>
 magazine also supported this:
<indent level="1">

"the truth behind the leap from 3 to 5 is one based on cultural superstition &mdash; in Japan, the number 4 is considered unlucky. This is because the pronunciation of 4 &mdash; “shi” &mdash; is the same pronunciation as death. This is the reason why the <artifact wordnetid="100021939" confidence="0.8">
<instrumentality wordnetid="103575240" confidence="0.8">
<camera wordnetid="102942699" confidence="0.8">
<equipment wordnetid="103294048" confidence="0.8">
<photographic_equipment wordnetid="103926148" confidence="0.8">
<link xlink:type="simple" xlink:href="../354/887354.xml">
EOS range</link></photographic_equipment>
</equipment>
</camera>
</instrumentality>
</artifact>
 jumps from the EOS 3 to EOS 5, and why the latest <artifact wordnetid="100021939" confidence="0.8">
<instrumentality wordnetid="103575240" confidence="0.8">
<camera wordnetid="102942699" confidence="0.8">
<equipment wordnetid="103294048" confidence="0.8">
<photographic_equipment wordnetid="103926148" confidence="0.8">
<link xlink:type="simple" xlink:href="../130/861130.xml">
IXUS digital</link></photographic_equipment>
</equipment>
</camera>
</instrumentality>
</artifact>
 compacts bucks the trend of the IXUS v2 and IXUS v3 models by becoming the IXUS 400. Indeed, to find a Canon camera with a model number 4 you have to look back as far as the 1950s to the Canon IV."
</indent>

</p>
</sec>
<sec>
<st>
External hot shoe capabilities</st>
<p>

Compatible with most newer flash systems and older flash systems. Older flashes may require adapters to protect the camera from the high voltages (up to 400 volts in some flashes) of the contact sites. Digital cameras use an electronic device to trigger the flash and if this voltage is high, it can eventually destroy the flash triggering system in the camera.</p>

</sec>
<sec>
<st>
External links</st>
<p>

<list>
<entry level="1" type="bullet">

<weblink xlink:type="simple" xlink:href="http://www.usa.canon.com/html/templatedata/pressrelease/20070507_s5is_sd850is.html">
Official press release</weblink></entry>
<entry level="1" type="bullet">

<weblink xlink:type="simple" xlink:href="http://www.dpreview.com/reviews/canons5is/">
Review at dpreview</weblink></entry>
</list>
</p>

<p>

<table style="margin:0.5em auto; font-size:95%;clear:both;" class="wikitable">
<row style="text-align: center;">
</row>
<row style="text-align:center;">
<col align="center" width="30%" rowspan="1">
Preceded&nbsp;by<b><artifact wordnetid="100021939" confidence="0.8">
<instrumentality wordnetid="103575240" confidence="0.8">
<camera wordnetid="102942699" confidence="0.8">
<equipment wordnetid="103294048" confidence="0.8">
<photographic_equipment wordnetid="103926148" confidence="0.8">
<link xlink:type="simple" xlink:href="../802/5231802.xml">
Canon PowerShot S3 IS</link></photographic_equipment>
</equipment>
</camera>
</instrumentality>
</artifact>
</b></col>
<col style="text-align: center;" width="40%" rowspan="1">
<b>Canon "SuperZoom" consumer digital camera</b><link xlink:type="simple" xlink:href="../650/9518650.xml">
July 2007</link>-</col>
<col align="center" width="30%" rowspan="1">
 Succeeded&nbsp;by<b><link>
Canon PowerShot SX1 IS</link>/<link>
Canon PowerShot SX10 IS</link></b></col>
</row>
</table>
</p>


</sec>
</bdy>
</photographic_equipment>
</equipment>
</camera>
</instrumentality>
</artifact>
</article>
