<?xml version="1.0" encoding="UTF-8"?>
<!-- generated by CLiX/Wiki2XML [MPI-Inf, MMCI@UdS] $LastChangedRevision: 92 $ on 16.04.2009 18:08:30[mciao0827] -->
<!DOCTYPE article SYSTEM "../article.dtd">
<article xmlns:xlink="http://www.w3.org/1999/xlink">
<event  confidence="0.8" wordnetid="100029378">
<change  confidence="0.8" wordnetid="100191142">
<action  confidence="0.8" wordnetid="100037396">
<motion  confidence="0.8" wordnetid="100331950">
<act  confidence="0.8" wordnetid="100030358">
<psychological_feature  confidence="0.8" wordnetid="100023100">
<header>
<title>Infoanarchism</title>
<id>1113486</id>
<revision>
<id>238934779</id>
<timestamp>2008-09-17T01:59:50Z</timestamp>
<contributor>
<username>Sardanaphalus</username>
<id>427947</id>
</contributor>
</revision>
<categories>
<category>Anarchism by genre</category>
<category>Crypto-anarchism</category>
<category>Movement against intellectual property</category>
<category>Free speech</category>
<category>Anarchist movements</category>
</categories>
</header>
<bdy>

<table style=" margin:0 0 1.0em 1.0em; text-align:center; line-height:1.4em; font-size:88%; width:18.0em; " cellpadding="0" class="infobox  " cellspacing="0">
<row>
<col style="padding-top:0.2em; padding-bottom:0; font-size:85%; line-height:1.2em; ">
Part of 
Philosophy|the
Philosophy serieson</col>
</row>
<row>
<col style="padding:0.1em 0.4em 0.2em; line-height:1.1em; font-size:145%; font-weight:bold; border-bottom:1px solid #aaa; font-size:220%;  border:none;" class="">
<link xlink:type="simple" xlink:href="../012/12.xml">
Anarchism</link></col>
</row>
<row>
<col style="padding-top:0.4em; padding-right:0.4em; padding-left:0.4em; padding-bottom:0.4em; border-bottom:1px solid #aaa; padding-bottom:0.8em;" class="">
<image width="110px" src="Anarchy-symbol.svg">
<caption>

Circle-A anarchy symbol
</caption>
</image>
</col>
</row>
<row>
<col style=" padding-right:0.4em; padding-bottom:0.4em; padding-left:0.4em; padding-bottom:0.4em; border-bottom:solid 1px #aaa; padding-top:0.4em; "><p>

<event wordnetid="100029378" confidence="0.8">
<change wordnetid="100191142" confidence="0.8">
<issue wordnetid="105814650" confidence="0.8">
<action wordnetid="100037396" confidence="0.8">
<motion wordnetid="100331950" confidence="0.8">
<act wordnetid="100030358" confidence="0.8">
<psychological_feature wordnetid="100023100" confidence="0.8">
<link xlink:type="simple" xlink:href="../456/13550456.xml">
Schools</link></psychological_feature>
</act>
</motion>
</action>
</issue>
</change>
</event>

<school wordnetid="108276720" confidence="0.8">
<educational_institution wordnetid="108276342" confidence="0.8">
<institution wordnetid="108053576" confidence="0.8">
<link xlink:type="simple" xlink:href="../975/770975.xml">
Agorism</link></institution>
</educational_institution>
</school>
&nbsp;·  <position wordnetid="106208751" confidence="0.8">
<link xlink:type="simple" xlink:href="../171/4563171.xml">
Buddhist</link></position>
&nbsp;·  <school wordnetid="108276720" confidence="0.8">
<political_orientation wordnetid="106212839" confidence="0.8">
<educational_institution wordnetid="108276342" confidence="0.8">
<institution wordnetid="108053576" confidence="0.8">
<link xlink:type="simple" xlink:href="../023/1023.xml">
Capitalist</link></institution>
</educational_institution>
</political_orientation>
</school>
 <controversy wordnetid="107183151" confidence="0.8">
<event wordnetid="100029378" confidence="0.8">
<dispute wordnetid="107181935" confidence="0.8">
<change wordnetid="100191142" confidence="0.8">
<action wordnetid="100037396" confidence="0.8">
<disagreement wordnetid="107180787" confidence="0.8">
<motion wordnetid="100331950" confidence="0.8">
<act wordnetid="100030358" confidence="0.8">
<psychological_feature wordnetid="100023100" confidence="0.8">
<speech_act wordnetid="107160883" confidence="0.8">
<link xlink:type="simple" xlink:href="../351/371351.xml">
Christian</link></speech_act>
</psychological_feature>
</act>
</motion>
</disagreement>
</action>
</change>
</dispute>
</event>
</controversy>
&nbsp;·  <school wordnetid="108276720" confidence="0.8">
<educational_institution wordnetid="108276342" confidence="0.8">
<institution wordnetid="108053576" confidence="0.8">
<link xlink:type="simple" xlink:href="../326/4450326.xml">
Collectivist</link></institution>
</educational_institution>
</school>
&nbsp;·  <school wordnetid="108276720" confidence="0.8">
<political_orientation wordnetid="106212839" confidence="0.8">
<educational_institution wordnetid="108276342" confidence="0.8">
<institution wordnetid="108053576" confidence="0.8">
<link xlink:type="simple" xlink:href="../865/17865.xml">
Communist</link></institution>
</educational_institution>
</political_orientation>
</school>
 <software wordnetid="106566077" confidence="0.8">
<application wordnetid="106570110" confidence="0.8">
<program wordnetid="106568978" confidence="0.8">
<written_communication wordnetid="106349220" confidence="0.8">
<writing wordnetid="106359877" confidence="0.8">
<code wordnetid="106355894" confidence="0.8">
<coding_system wordnetid="106353757" confidence="0.8">
<link xlink:type="simple" xlink:href="../427/222427.xml">
Crypto-anarchism</link></coding_system>
</code>
</writing>
</written_communication>
</program>
</application>
</software>
&nbsp;·  <link xlink:type="simple" xlink:href="../074/222074.xml">
Feminist</link> <link xlink:type="simple" xlink:href="../052/470052.xml">
Free market</link>&nbsp;·  <right wordnetid="105174653" confidence="0.8">
<link xlink:type="simple" xlink:href="../514/98514.xml">
Green</link></right>
&nbsp;·  <link xlink:type="simple" xlink:href="../936/14936.xml">
Individualist</link> <event wordnetid="100029378" confidence="0.8">
<change wordnetid="100191142" confidence="0.8">
<action wordnetid="100037396" confidence="0.8">
<motion wordnetid="100331950" confidence="0.8">
<act wordnetid="100030358" confidence="0.8">
<psychological_feature wordnetid="100023100" confidence="0.8">
<link xlink:type="simple" xlink:href="../486/1113486.xml">
Infoanarchism</link></psychological_feature>
</act>
</motion>
</action>
</change>
</event>
&nbsp;·  <link xlink:type="simple" xlink:href="../779/2836779.xml">
Insurrectionary</link> <link xlink:type="simple" xlink:href="../661/1710661.xml">
Leftist</link>&nbsp;·  <school wordnetid="108276720" confidence="0.8">
<political_orientation wordnetid="106212839" confidence="0.8">
<educational_institution wordnetid="108276342" confidence="0.8">
<institution wordnetid="108053576" confidence="0.8">
<link xlink:type="simple" xlink:href="../997/1799997.xml">
Mutualist</link></institution>
</educational_institution>
</political_orientation>
</school>
&nbsp;·  <link xlink:type="simple" xlink:href="../735/179735.xml">
Pacifist</link> <link xlink:type="simple" xlink:href="../796/23796.xml">
Pananarchist</link>&nbsp;·  <political_orientation wordnetid="106212839" confidence="0.8">
<link xlink:type="simple" xlink:href="../545/8817545.xml">
Philosophical</link></political_orientation>
 <link xlink:type="simple" xlink:href="../888/2419888.xml">
Platformist</link>&nbsp;·  <link xlink:type="simple" xlink:href="../010/2557010.xml">
Post-anarchist</link> <link xlink:type="simple" xlink:href="../863/11630863.xml">
Post-colonial</link> <link xlink:type="simple" xlink:href="../266/1547266.xml">
Post-leftist</link>&nbsp;·  <political_orientation wordnetid="106212839" confidence="0.8">
<link xlink:type="simple" xlink:href="../405/98405.xml">
Primitivist</link></political_orientation>
 <link xlink:type="simple" xlink:href="../465/3535465.xml">
Social anarchism</link>&nbsp;·  <school wordnetid="108276720" confidence="0.8">
<political_orientation wordnetid="106212839" confidence="0.8">
<educational_institution wordnetid="108276342" confidence="0.8">
<institution wordnetid="108053576" confidence="0.8">
<link xlink:type="simple" xlink:href="../938/49938.xml">
Syndicalist</link></institution>
</educational_institution>
</political_orientation>
</school>
 <link xlink:type="simple" xlink:href="../697/2052697.xml">
Anarchism without adjectives</link><political_orientation wordnetid="106212839" confidence="0.8">
<link xlink:type="simple" xlink:href="../445/4716445.xml">
Zen</link></political_orientation>
</p>
</col>
</row>
<row>
<col style=" padding-right:0.4em; padding-bottom:0.4em; padding-left:0.4em; border-bottom:solid 1px #aaa; padding-top:0.4em; "><p>

Theory&nbsp;· Practice
<link xlink:type="simple" xlink:href="../784/3857784.xml">
Anarch</link>&nbsp;·   <link xlink:type="simple" xlink:href="../466/2594466.xml">
Anarchy</link> <link xlink:type="simple" xlink:href="../543/172543.xml">
Black bloc</link>&nbsp;·  <link xlink:type="simple" xlink:href="../298/13887298.xml">
Communes</link> <link xlink:type="simple" xlink:href="../903/165903.xml">
Consensus democracy</link> <link xlink:type="simple" xlink:href="../139/49139.xml">
Decentralization</link>&nbsp;·  <link xlink:type="simple" xlink:href="../109/172109.xml">
Deep ecology</link> <link xlink:type="simple" xlink:href="../976/105976.xml">
Direct action</link>&nbsp;·  <politics wordnetid="113840719" confidence="0.8">
<social_relation wordnetid="100032823" confidence="0.8">
<link xlink:type="simple" xlink:href="../816/95816.xml">
Direct democracy</link></social_relation>
</politics>
 <link xlink:type="simple" xlink:href="../163/745163.xml">
Dual power</link>&nbsp;·  <link xlink:type="simple" xlink:href="../558/6205558.xml">
Especifismo</link> <politics wordnetid="113840719" confidence="0.8">
<social_relation wordnetid="100032823" confidence="0.8">
<link xlink:type="simple" xlink:href="../097/9698097.xml">
Horizontalidad</link></social_relation>
</politics>
&nbsp;·  <event wordnetid="100029378" confidence="0.8">
<change wordnetid="100191142" confidence="0.8">
<action wordnetid="100037396" confidence="0.8">
<motion wordnetid="100331950" confidence="0.8">
<act wordnetid="100030358" confidence="0.8">
<psychological_feature wordnetid="100023100" confidence="0.8">
<link xlink:type="simple" xlink:href="../799/2616799.xml">
Illegalism</link></psychological_feature>
</act>
</motion>
</action>
</change>
</event>
 <link xlink:type="simple" xlink:href="../455/16064455.xml">
Individual reclamation</link>&nbsp;·  <issue wordnetid="105814650" confidence="0.8">
<link xlink:type="simple" xlink:href="../237/5483237.xml">
Law</link></issue>
 <link xlink:type="simple" xlink:href="../499/2450499.xml">
Participatory politics</link> <social_group wordnetid="107950920" confidence="0.8">
<gathering wordnetid="107975026" confidence="0.8">
<community wordnetid="108223802" confidence="0.8">
<group wordnetid="100031264" confidence="0.8">
<link xlink:type="simple" xlink:href="../174/1128174.xml">
Permanent Autonomous Zone</link></group>
</community>
</gathering>
</social_group>
 <link xlink:type="simple" xlink:href="../453/10796453.xml">
Prefigurative politics</link> <idea wordnetid="105833840" confidence="0.8">
<concept wordnetid="105835747" confidence="0.8">
<category wordnetid="105838765" confidence="0.8">
<type wordnetid="105840188" confidence="0.8">
<kind wordnetid="105839024" confidence="0.8">
<link xlink:type="simple" xlink:href="../130/8233130.xml">
Private defense agency</link></kind>
</type>
</category>
</concept>
</idea>
 <technique wordnetid="105665146" confidence="0.8">
<know-how wordnetid="105616786" confidence="0.8">
<method wordnetid="105660268" confidence="0.8">
<link xlink:type="simple" xlink:href="../776/400776.xml">
Propaganda of the deed</link></method>
</know-how>
</technique>
 <link xlink:type="simple" xlink:href="../646/760646.xml">
Refusal of work</link>&nbsp;·  <link xlink:type="simple" xlink:href="../858/2159858.xml">
Rewilding</link> <link xlink:type="simple" xlink:href="../286/156286.xml">
Social ecology</link>&nbsp;·  <link xlink:type="simple" xlink:href="../764/866764.xml">
Spontaneous order</link></p>
</col>
</row>
<row>
<col style=" padding-right:0.4em; padding-bottom:0.4em; padding-left:0.4em; border-bottom:solid 1px #aaa; padding-top:0.4em; "><p>

<link xlink:type="simple" xlink:href="../736/5773736.xml">
Issues</link>
<link xlink:type="simple" xlink:href="../125/1905125.xml">
Anarcho-capitalism</link>&nbsp;·  <link xlink:type="simple" xlink:href="../733/4398733.xml">
Animal rights</link> <link xlink:type="simple" xlink:href="../918/1249918.xml">
Capitalism</link>&nbsp;·  <issue wordnetid="105814650" confidence="0.8">
<link xlink:type="simple" xlink:href="../432/5349432.xml">
Criticisms</link></issue>
&nbsp;·  <link xlink:type="simple" xlink:href="../710/2112710.xml">
Islam</link> <link xlink:type="simple" xlink:href="../469/1211469.xml">
Lifestylism</link>&nbsp;·  <link xlink:type="simple" xlink:href="../804/381804.xml">
Marxism</link>&nbsp;·  <link xlink:type="simple" xlink:href="../358/2382358.xml">
Nationalism</link> <link xlink:type="simple" xlink:href="../409/8364409.xml">
Orthodox Judaism</link>&nbsp;·  <link xlink:type="simple" xlink:href="../770/1332770.xml">
Religion</link> <link xlink:type="simple" xlink:href="../859/105859.xml">
Violence</link></p>
</col>
</row>
<row>
<col style="  padding-right:0.4em; padding-bottom:0.4em; padding-left:0.4em; border-bottom:solid 1px #aaa; padding-top:0.4em; "><p>

<link xlink:type="simple" xlink:href="../286/1063286.xml">
History</link>
<link xlink:type="simple" xlink:href="../524/2590524.xml">
Amakasu Incident</link> <social_group wordnetid="107950920" confidence="0.8">
<gathering wordnetid="107975026" confidence="0.8">
<community wordnetid="108223802" confidence="0.8">
<group wordnetid="100031264" confidence="0.8">
<link xlink:type="simple" xlink:href="../391/6552391.xml">
Anarchist Catalonia</link></group>
</community>
</gathering>
</social_group>
 <link xlink:type="simple" xlink:href="../166/14602166.xml">
Anarchist Exclusion Act</link> 
<politics wordnetid="113840719" confidence="0.8">
<social_relation wordnetid="100032823" confidence="0.8">
<link xlink:type="simple" xlink:href="../209/5675209.xml">
Anarchy in Somalia</link></social_relation>
</politics>
 <link xlink:type="simple" xlink:href="../791/10995791.xml">
Australian Anarchist Centenary</link> <link xlink:type="simple" xlink:href="../834/817834.xml">
Barcelona May Days</link> <objection wordnetid="107208338" confidence="0.8">
<event wordnetid="100029378" confidence="0.8">
<protest wordnetid="107210225" confidence="0.8">
<act wordnetid="100030358" confidence="0.8">
<psychological_feature wordnetid="100023100" confidence="0.8">
<speech_act wordnetid="107160883" confidence="0.8">
<link xlink:type="simple" xlink:href="../069/5523069.xml">
Carnival Against Capitalism</link></speech_act>
</psychological_feature>
</act>
</protest>
</event>
</objection>
 <educational_institution wordnetid="108276342" confidence="0.8">
<institution wordnetid="108053576" confidence="0.8">
<link xlink:type="simple" xlink:href="../282/190282.xml">
Escuela Moderna</link></institution>
</educational_institution>
&nbsp;·  <social_group wordnetid="107950920" confidence="0.8">
<congress wordnetid="108308800" confidence="0.8">
<meeting wordnetid="108307589" confidence="0.8">
<gathering wordnetid="107975026" confidence="0.8">
<group wordnetid="100031264" confidence="0.8">
<link xlink:type="simple" xlink:href="../832/1915832.xml">
Hague Congress</link></group>
</gathering>
</meeting>
</congress>
</social_group>
 <aggression wordnetid="100964569" confidence="0.8">
<violence wordnetid="100965404" confidence="0.8">
<event wordnetid="100029378" confidence="0.8">
<action wordnetid="100037396" confidence="0.8">
<riot wordnetid="101170502" confidence="0.8">
<act wordnetid="100030358" confidence="0.8">
<psychological_feature wordnetid="100023100" confidence="0.8">
<link xlink:type="simple" xlink:href="../497/2012497.xml">
Haymarket affair</link></psychological_feature>
</act>
</riot>
</action>
</event>
</violence>
</aggression>
 <link xlink:type="simple" xlink:href="../676/3716676.xml">
High Treason Incident</link> <social_group wordnetid="107950920" confidence="0.8">
<congress wordnetid="108308800" confidence="0.8">
<meeting wordnetid="108307589" confidence="0.8">
<gathering wordnetid="107975026" confidence="0.8">
<group wordnetid="100031264" confidence="0.8">
<link xlink:type="simple" xlink:href="../117/13222117.xml">
Congress of Amsterdam</link></group>
</gathering>
</meeting>
</congress>
</social_group>
 <link xlink:type="simple" xlink:href="../916/3273916.xml">
Kate Sharpley Library</link> <conflict wordnetid="100958896" confidence="0.9508927676800064">
<link xlink:type="simple" xlink:href="../899/287899.xml">
Kronstadt rebellion</link></conflict>
 <structure wordnetid="104341686" confidence="0.8">
<artifact wordnetid="100021939" confidence="0.8">
<area wordnetid="102735688" confidence="0.8">
<facility wordnetid="103315023" confidence="0.8">
<library wordnetid="103660909" confidence="0.8">
<depository wordnetid="103177349" confidence="0.8">
<archive wordnetid="102735086" confidence="0.8">
<room wordnetid="104105893" confidence="0.8">
<link xlink:type="simple" xlink:href="../773/3832773.xml">
Labadie Collection</link></room>
</archive>
</depository>
</library>
</facility>
</area>
</artifact>
</structure>
&nbsp;·  <plant wordnetid="103956922" confidence="0.8">
<structure wordnetid="104341686" confidence="0.8">
<artifact wordnetid="100021939" confidence="0.8">
<factory wordnetid="103316406" confidence="0.8">
<building_complex wordnetid="102914991" confidence="0.8">
<link xlink:type="simple" xlink:href="../837/10793837.xml">
LIP</link></building_complex>
</factory>
</artifact>
</structure>
</plant>
&nbsp;·  <link xlink:type="simple" xlink:href="../205/311205.xml">
May 1968</link> <look wordnetid="100877127" confidence="0.8">
<time_off wordnetid="115118453" confidence="0.8">
<observation wordnetid="100879759" confidence="0.8">
<leisure wordnetid="115137676" confidence="0.8">
<sensory_activity wordnetid="100876737" confidence="0.8">
<sensing wordnetid="100876874" confidence="0.8">
<fundamental_quantity wordnetid="113575869" confidence="0.8">
<time_period wordnetid="115113229" confidence="0.8">
<vacation wordnetid="115137890" confidence="0.8">
<event wordnetid="100029378" confidence="0.8">
<act wordnetid="100030358" confidence="0.8">
<psychological_feature wordnetid="100023100" confidence="0.8">
<activity wordnetid="100407535" confidence="0.8">
<link xlink:type="simple" xlink:href="../829/19829.xml">
May Day</link></activity>
</psychological_feature>
</act>
</event>
</vacation>
</time_period>
</fundamental_quantity>
</sensing>
</sensory_activity>
</leisure>
</observation>
</time_off>
</look>
&nbsp;·  <aggression wordnetid="100964569" confidence="0.8">
<violence wordnetid="100965404" confidence="0.8">
<happening wordnetid="107283608" confidence="0.8">
<event wordnetid="100029378" confidence="0.8">
<change wordnetid="107296428" confidence="0.8">
<revolution wordnetid="107424109" confidence="0.8">
<action wordnetid="100037396" confidence="0.8">
<riot wordnetid="101170502" confidence="0.8">
<act wordnetid="100030358" confidence="0.8">
<psychological_feature wordnetid="100023100" confidence="0.8">
<link xlink:type="simple" xlink:href="../134/59134.xml">
Paris Commune</link></psychological_feature>
</act>
</riot>
</action>
</revolution>
</change>
</event>
</happening>
</violence>
</aggression>
 <politics wordnetid="113840719" confidence="0.8">
<event wordnetid="100029378" confidence="0.8">
<change wordnetid="100191142" confidence="0.8">
<social_relation wordnetid="100032823" confidence="0.8">
<action wordnetid="100037396" confidence="0.8">
<motion wordnetid="100331950" confidence="0.8">
<act wordnetid="100030358" confidence="0.8">
<psychological_feature wordnetid="100023100" confidence="0.8">
<link xlink:type="simple" xlink:href="../264/632264.xml">
Provo</link></psychological_feature>
</act>
</motion>
</action>
</social_relation>
</change>
</event>
</politics>
&nbsp;·  <link xlink:type="simple" xlink:href="../163/2747163.xml">
Red inverted triangle</link> <military_unit wordnetid="108198398" confidence="0.8">
<group_action wordnetid="101080366" confidence="0.8">
<event wordnetid="100029378" confidence="0.8">
<change wordnetid="100191142" confidence="0.8">
<action wordnetid="100037396" confidence="0.8">
<conflict wordnetid="100958896" confidence="0.8">
<rebellion wordnetid="100962129" confidence="0.8">
<motion wordnetid="100331950" confidence="0.8">
<act wordnetid="100030358" confidence="0.8">
<psychological_feature wordnetid="100023100" confidence="0.8">
<link xlink:type="simple" xlink:href="../725/4139725.xml">
Revolutionary Insurrectionary Army of Ukraine</link></psychological_feature>
</act>
</motion>
</rebellion>
</conflict>
</action>
</change>
</event>
</group_action>
</military_unit>
 <happening wordnetid="107283608" confidence="0.8">
<event wordnetid="100029378" confidence="0.8">
<change wordnetid="107296428" confidence="0.8">
<revolution wordnetid="107424109" confidence="0.8">
<psychological_feature wordnetid="100023100" confidence="0.8">
<link xlink:type="simple" xlink:href="../459/88459.xml">
Spanish Revolution</link></psychological_feature>
</revolution>
</change>
</event>
</happening>
 <group_action wordnetid="101080366" confidence="0.8">
<event wordnetid="100029378" confidence="0.8">
<conflict wordnetid="100958896" confidence="0.8">
<act wordnetid="100030358" confidence="0.8">
<psychological_feature wordnetid="100023100" confidence="0.8">
<link xlink:type="simple" xlink:href="../807/16980807.xml">
Third Russian Revolution</link></psychological_feature>
</act>
</conflict>
</event>
</group_action>
 <aggression wordnetid="100964569" confidence="0.8">
<violence wordnetid="100965404" confidence="0.8">
<event wordnetid="100029378" confidence="0.8">
<action wordnetid="100037396" confidence="0.8">
<riot wordnetid="101170502" confidence="0.8">
<act wordnetid="100030358" confidence="0.8">
<psychological_feature wordnetid="100023100" confidence="0.8">
<link xlink:type="simple" xlink:href="../521/3015521.xml">
Tragic Week</link></psychological_feature>
</act>
</riot>
</action>
</event>
</violence>
</aggression>
 <aggression wordnetid="100964569" confidence="0.8">
<violence wordnetid="100965404" confidence="0.8">
<objection wordnetid="107208338" confidence="0.8">
<event wordnetid="100029378" confidence="0.8">
<protest wordnetid="107210225" confidence="0.8">
<action wordnetid="100037396" confidence="0.8">
<riot wordnetid="101170502" confidence="0.8">
<act wordnetid="100030358" confidence="0.8">
<psychological_feature wordnetid="100023100" confidence="0.8">
<speech_act wordnetid="107160883" confidence="0.8">
<link xlink:type="simple" xlink:href="../622/312622.xml">
1999 WTO Conference protest</link></speech_act>
</psychological_feature>
</act>
</riot>
</action>
</protest>
</event>
</objection>
</violence>
</aggression>
</p>
</col>
</row>
<row>
<col style=" padding-right:0.4em; padding-bottom:0.4em; padding-left:0.4em; border-bottom:solid 1px #aaa; padding-top:0.4em; "><p>

Culture
<music_genre wordnetid="107071942" confidence="0.9508927676800064">
<link xlink:type="simple" xlink:href="../676/80676.xml">
Anarcho-punk</link></music_genre>
&nbsp;·  <link xlink:type="simple" xlink:href="../940/1325940.xml">
Arts</link> <politics wordnetid="113840719" confidence="0.8">
<event wordnetid="100029378" confidence="0.8">
<change wordnetid="100191142" confidence="0.8">
<social_relation wordnetid="100032823" confidence="0.8">
<action wordnetid="100037396" confidence="0.8">
<motion wordnetid="100331950" confidence="0.8">
<act wordnetid="100030358" confidence="0.8">
<psychological_feature wordnetid="100023100" confidence="0.8">
<link xlink:type="simple" xlink:href="../742/2287742.xml">
Black anarchism</link></psychological_feature>
</act>
</motion>
</action>
</social_relation>
</change>
</event>
</politics>
 <work wordnetid="100575741" confidence="0.8">
<examination wordnetid="100635850" confidence="0.8">
<event wordnetid="100029378" confidence="0.8">
<survey wordnetid="100644503" confidence="0.8">
<investigation wordnetid="100633864" confidence="0.8">
<act wordnetid="100030358" confidence="0.8">
<psychological_feature wordnetid="100023100" confidence="0.8">
<activity wordnetid="100407535" confidence="0.8">
<link xlink:type="simple" xlink:href="../889/15197889.xml">
Celtic anarchism</link></activity>
</psychological_feature>
</act>
</investigation>
</survey>
</event>
</examination>
</work>
&nbsp;·  <link xlink:type="simple" xlink:href="../565/162565.xml">
Culture jamming</link> <link xlink:type="simple" xlink:href="../399/2377399.xml">
DIY culture</link>&nbsp;·  <link xlink:type="simple" xlink:href="../313/185313.xml">
Freeganism</link> <link xlink:type="simple" xlink:href="../488/44488.xml">
Independent Media Center</link> <event wordnetid="100029378" confidence="0.8">
<change wordnetid="100191142" confidence="0.8">
<action wordnetid="100037396" confidence="0.8">
<motion wordnetid="100331950" confidence="0.8">
<act wordnetid="100030358" confidence="0.8">
<psychological_feature wordnetid="100023100" confidence="0.8">
<link xlink:type="simple" xlink:href="../985/1446985.xml">
Infoshop</link></psychological_feature>
</act>
</motion>
</action>
</change>
</event>
&nbsp;·  <it><anthem wordnetid="107048928" confidence="0.9508927676800064">
<link xlink:type="simple" xlink:href="../637/269637.xml">
The Internationale</link></anthem>
</it> <event wordnetid="100029378" confidence="0.8">
<change wordnetid="100191142" confidence="0.8">
<action wordnetid="100037396" confidence="0.8">
<motion wordnetid="100331950" confidence="0.8">
<act wordnetid="100030358" confidence="0.8">
<psychological_feature wordnetid="100023100" confidence="0.8">
<link xlink:type="simple" xlink:href="../867/4532867.xml">
Jewish anarchism</link></psychological_feature>
</act>
</motion>
</action>
</change>
</event>
&nbsp;·  <link xlink:type="simple" xlink:href="../469/1211469.xml">
Lifestylism</link> <link xlink:type="simple" xlink:href="../066/3859066.xml">
Popular education</link> <link xlink:type="simple" xlink:href="../640/1830640.xml">
Radical cheerleading</link> <link xlink:type="simple" xlink:href="../869/70869.xml">
Radical environmentalism</link> <link xlink:type="simple" xlink:href="../685/28685.xml">
Squatting</link> <issue wordnetid="105814650" confidence="0.8">
<link xlink:type="simple" xlink:href="../360/903360.xml">
Symbolism</link></issue>
&nbsp;·  <music wordnetid="107020895" confidence="0.8">
<song wordnetid="107048000" confidence="0.8">
<auditory_communication wordnetid="107109019" confidence="0.8">
<musical_composition wordnetid="107037465" confidence="0.8">
<link xlink:type="simple" xlink:href="../822/648822.xml">
To The Barricades</link></musical_composition>
</auditory_communication>
</song>
</music>
 <link xlink:type="simple" xlink:href="../282/18017282.xml">
Anarchist terminology</link></p>
</col>
</row>
<row>
<col style=" padding-right:0.4em; padding-bottom:0.4em; padding-left:0.4em; border-bottom:solid 1px #aaa; padding-top:0.4em; "><p>

<issue wordnetid="105814650" confidence="0.8">
<link xlink:type="simple" xlink:href="../884/1228884.xml">
Economics</link></issue>

<school wordnetid="108276720" confidence="0.8">
<educational_institution wordnetid="108276342" confidence="0.8">
<institution wordnetid="108053576" confidence="0.8">
<link xlink:type="simple" xlink:href="../975/770975.xml">
Agorism</link></institution>
</educational_institution>
</school>
&nbsp;·  <school wordnetid="108276720" confidence="0.8">
<political_orientation wordnetid="106212839" confidence="0.8">
<educational_institution wordnetid="108276342" confidence="0.8">
<institution wordnetid="108053576" confidence="0.8">
<link xlink:type="simple" xlink:href="../023/1023.xml">
Capitalism</link></institution>
</educational_institution>
</political_orientation>
</school>
&nbsp;·  <school wordnetid="108276720" confidence="0.8">
<educational_institution wordnetid="108276342" confidence="0.8">
<institution wordnetid="108053576" confidence="0.8">
<link xlink:type="simple" xlink:href="../326/4450326.xml">
Collectivism</link></institution>
</educational_institution>
</school>
 <school wordnetid="108276720" confidence="0.8">
<political_orientation wordnetid="106212839" confidence="0.8">
<educational_institution wordnetid="108276342" confidence="0.8">
<institution wordnetid="108053576" confidence="0.8">
<link xlink:type="simple" xlink:href="../865/17865.xml">
Communism</link></institution>
</educational_institution>
</political_orientation>
</school>
&nbsp;·  <link xlink:type="simple" xlink:href="../313/89313.xml">
Co-operatives</link> <link xlink:type="simple" xlink:href="../491/4821491.xml">
Counter-economics</link>&nbsp;·  <link xlink:type="simple" xlink:href="../052/470052.xml">
Free market</link> <body wordnetid="107965085" confidence="0.8">
<university wordnetid="108286163" confidence="0.8">
<social_group wordnetid="107950920" confidence="0.8">
<event wordnetid="100029378" confidence="0.8">
<change wordnetid="100191142" confidence="0.8">
<action wordnetid="100037396" confidence="0.8">
<motion wordnetid="100331950" confidence="0.8">
<group wordnetid="100031264" confidence="0.8">
<act wordnetid="100030358" confidence="0.8">
<psychological_feature wordnetid="100023100" confidence="0.8">
<link xlink:type="simple" xlink:href="../863/4913863.xml">
Free school</link></psychological_feature>
</act>
</group>
</motion>
</action>
</change>
</event>
</social_group>
</university>
</body>
&nbsp;·  <event wordnetid="100029378" confidence="0.8">
<change wordnetid="100191142" confidence="0.8">
<action wordnetid="100037396" confidence="0.8">
<motion wordnetid="100331950" confidence="0.8">
<act wordnetid="100030358" confidence="0.8">
<psychological_feature wordnetid="100023100" confidence="0.8">
<link xlink:type="simple" xlink:href="../152/1029152.xml">
Free store</link></psychological_feature>
</act>
</motion>
</action>
</change>
</event>
&nbsp;·  <link xlink:type="simple" xlink:href="../329/368329.xml">
Georgism</link> <link xlink:type="simple" xlink:href="../588/126588.xml">
Gift economy</link>&nbsp;·  <political_orientation wordnetid="106212839" confidence="0.8">
<link xlink:type="simple" xlink:href="../225/2451225.xml">
Market abolitionism</link></political_orientation>
 <link xlink:type="simple" xlink:href="../474/11419474.xml">
Mutual aid</link>&nbsp;·  <school wordnetid="108276720" confidence="0.8">
<political_orientation wordnetid="106212839" confidence="0.8">
<educational_institution wordnetid="108276342" confidence="0.8">
<institution wordnetid="108053576" confidence="0.8">
<link xlink:type="simple" xlink:href="../997/1799997.xml">
Mutualism</link></institution>
</educational_institution>
</political_orientation>
</school>
 <idea wordnetid="105833840" confidence="0.8">
<concept wordnetid="105835747" confidence="0.8">
<category wordnetid="105838765" confidence="0.8">
<school wordnetid="108276720" confidence="0.8">
<political_orientation wordnetid="106212839" confidence="0.8">
<educational_institution wordnetid="108276342" confidence="0.8">
<type wordnetid="105840188" confidence="0.8">
<kind wordnetid="105839024" confidence="0.8">
<institution wordnetid="108053576" confidence="0.8">
<link xlink:type="simple" xlink:href="../393/76393.xml">
Participatory economics</link></institution>
</kind>
</type>
</educational_institution>
</political_orientation>
</school>
</category>
</concept>
</idea>
 <school wordnetid="108276720" confidence="0.8">
<event wordnetid="100029378" confidence="0.8">
<change wordnetid="100191142" confidence="0.8">
<action wordnetid="100037396" confidence="0.8">
<educational_institution wordnetid="108276342" confidence="0.8">
<motion wordnetid="100331950" confidence="0.8">
<act wordnetid="100030358" confidence="0.8">
<psychological_feature wordnetid="100023100" confidence="0.8">
<institution wordnetid="108053576" confidence="0.8">
<link xlink:type="simple" xlink:href="../451/2946451.xml">
Really Really Free Market</link></institution>
</psychological_feature>
</act>
</motion>
</educational_institution>
</action>
</change>
</event>
</school>
 <political_orientation wordnetid="106212839" confidence="0.8">
<link xlink:type="simple" xlink:href="../834/766834.xml">
Self-ownership</link></political_orientation>
&nbsp;·  <school wordnetid="108276720" confidence="0.8">
<political_orientation wordnetid="106212839" confidence="0.8">
<educational_institution wordnetid="108276342" confidence="0.8">
<institution wordnetid="108053576" confidence="0.8">
<link xlink:type="simple" xlink:href="../938/49938.xml">
Syndicalism</link></institution>
</educational_institution>
</political_orientation>
</school>
 <practice wordnetid="100410247" confidence="0.8">
<event wordnetid="100029378" confidence="0.8">
<act wordnetid="100030358" confidence="0.8">
<psychological_feature wordnetid="100023100" confidence="0.8">
<activity wordnetid="100407535" confidence="0.8">
<link xlink:type="simple" xlink:href="../706/53706.xml">
Wage slavery</link></activity>
</psychological_feature>
</act>
</event>
</practice>
 <link xlink:type="simple" xlink:href="../690/1864690.xml">
Workers' self-management</link></p>
</col>
</row>
<row>
<col style=" padding-right:0.4em; padding-bottom:0.4em; padding-left:0.4em; border-bottom:solid 1px #aaa; padding-top:0.4em; "><p>

<link xlink:type="simple" xlink:href="../696/6205696.xml">
By region</link>
<link xlink:type="simple" xlink:href="../310/1433310.xml">
Africa</link>&nbsp;·  <politics wordnetid="113840719" confidence="0.8">
<social_relation wordnetid="100032823" confidence="0.8">
<link xlink:type="simple" xlink:href="../653/7195653.xml">
Austria-Hungary</link></social_relation>
</politics>
&nbsp;·  <politics wordnetid="113840719" confidence="0.8">
<social_relation wordnetid="100032823" confidence="0.8">
<link xlink:type="simple" xlink:href="../671/8874671.xml">
Brazil</link></social_relation>
</politics>
 <event wordnetid="100029378" confidence="0.8">
<change wordnetid="100191142" confidence="0.8">
<action wordnetid="100037396" confidence="0.8">
<motion wordnetid="100331950" confidence="0.8">
<act wordnetid="100030358" confidence="0.8">
<psychological_feature wordnetid="100023100" confidence="0.8">
<link xlink:type="simple" xlink:href="../019/14603019.xml">
Canada</link></psychological_feature>
</act>
</motion>
</action>
</change>
</event>
&nbsp;·  <physical_entity wordnetid="100001930" confidence="0.8">
<person wordnetid="100007846" confidence="0.8">
<worker wordnetid="109632518" confidence="0.8">
<causal_agent wordnetid="100007347" confidence="0.8">
<anarchist wordnetid="109791816" confidence="0.8">
<radical wordnetid="110503452" confidence="0.8">
<link xlink:type="simple" xlink:href="../561/4977561.xml">
China</link></radical>
</anarchist>
</causal_agent>
</worker>
</person>
</physical_entity>
&nbsp;·  <link xlink:type="simple" xlink:href="../176/8784176.xml">
Cuba</link>&nbsp;·  <politics wordnetid="113840719" confidence="0.8">
<social_relation wordnetid="100032823" confidence="0.8">
<link xlink:type="simple" xlink:href="../063/673063.xml">
England</link></social_relation>
</politics>
 <link xlink:type="simple" xlink:href="../365/5658365.xml">
France</link>&nbsp;·  <link xlink:type="simple" xlink:href="../745/6244745.xml">
Greece</link>&nbsp;·  <politics wordnetid="113840719" confidence="0.8">
<social_relation wordnetid="100032823" confidence="0.8">
<link xlink:type="simple" xlink:href="../954/14526954.xml">
India</link></social_relation>
</politics>
&nbsp;·  <link xlink:type="simple" xlink:href="../320/10403320.xml">
Ireland</link> <link xlink:type="simple" xlink:href="../302/8360302.xml">
Israel</link>&nbsp;·  <link xlink:type="simple" xlink:href="../567/10304567.xml">
Italy</link>&nbsp;·  <politics wordnetid="113840719" confidence="0.8">
<social_relation wordnetid="100032823" confidence="0.8">
<link xlink:type="simple" xlink:href="../723/15481723.xml">
Japan</link></social_relation>
</politics>
&nbsp;·  <politics wordnetid="113840719" confidence="0.8">
<social_relation wordnetid="100032823" confidence="0.8">
<link xlink:type="simple" xlink:href="../159/15475159.xml">
Korea</link></social_relation>
</politics>
 <physical_entity wordnetid="100001930" confidence="0.8">
<politics wordnetid="113840719" confidence="0.8">
<person wordnetid="100007846" confidence="0.8">
<social_relation wordnetid="100032823" confidence="0.8">
<causal_agent wordnetid="100007347" confidence="0.8">
<anarchist wordnetid="109791816" confidence="0.8">
<radical wordnetid="110503452" confidence="0.8">
<link xlink:type="simple" xlink:href="../528/4117528.xml">
Mexico</link></radical>
</anarchist>
</causal_agent>
</social_relation>
</person>
</politics>
</physical_entity>
&nbsp;·  <politics wordnetid="113840719" confidence="0.8">
<social_relation wordnetid="100032823" confidence="0.8">
<link xlink:type="simple" xlink:href="../386/15499386.xml">
Poland</link></social_relation>
</politics>
&nbsp;·  <link xlink:type="simple" xlink:href="../769/7475769.xml">
Russia</link>&nbsp;·  <link xlink:type="simple" xlink:href="../586/805586.xml">
Spain</link> <politics wordnetid="113840719" confidence="0.8">
<social_relation wordnetid="100032823" confidence="0.8">
<link xlink:type="simple" xlink:href="../268/7080268.xml">
Sweden</link></social_relation>
</politics>
&nbsp;·  <politics wordnetid="113840719" confidence="0.8">
<social_relation wordnetid="100032823" confidence="0.8">
<link xlink:type="simple" xlink:href="../912/15484912.xml">
Turkey</link></social_relation>
</politics>
&nbsp;·  <link xlink:type="simple" xlink:href="../267/7066267.xml">
Ukraine</link> <link xlink:type="simple" xlink:href="../182/2274182.xml">
United States</link>&nbsp;·  <physical_entity wordnetid="100001930" confidence="0.8">
<person wordnetid="100007846" confidence="0.8">
<worker wordnetid="109632518" confidence="0.8">
<causal_agent wordnetid="100007347" confidence="0.8">
<link xlink:type="simple" xlink:href="../615/16032615.xml">
Vietnam</link></causal_agent>
</worker>
</person>
</physical_entity>
</p>
</col>
</row>
<row>
<col style=" padding-right:0.4em; padding-bottom:0.4em; padding-left:0.4em; border-bottom:solid 1px #aaa; padding-top:0.4em; "><p>

<link xlink:type="simple" xlink:href="../461/14946461.xml">
Lists</link>
<link xlink:type="simple" xlink:href="../086/1121086.xml">
Anarcho-punk bands</link>&nbsp;·  <link xlink:type="simple" xlink:href="../104/3786104.xml">
Books</link> <link xlink:type="simple" xlink:href="../185/218185.xml">
Communities</link>&nbsp;·  <link xlink:type="simple" xlink:href="../843/4507843.xml">
Fictional characters</link> <link xlink:type="simple" xlink:href="../009/9465009.xml">
Jewish anarchists</link>&nbsp;·  <link xlink:type="simple" xlink:href="../081/1548081.xml">
Musicians</link> <link xlink:type="simple" xlink:href="../960/773960.xml">
Organizations</link>&nbsp;·  <link xlink:type="simple" xlink:href="../080/11836080.xml">
Periodicals</link>&nbsp;·  <link xlink:type="simple" xlink:href="../989/4758989.xml">
Poets</link> <link xlink:type="simple" xlink:href="../706/5225706.xml">
Russian anarchists</link></p>
</col>
</row>
<row>
<col style=" padding-right:0.4em; padding-bottom:0.4em; padding-left:0.4em; border-bottom:solid 1px #aaa; padding-top:0.4em; "><p>

Related topics
<link xlink:type="simple" xlink:href="../443/44443.xml">
Anti-capitalism</link>&nbsp;·  <link xlink:type="simple" xlink:href="../658/18940658.xml#xpointer(//*[./st=%22Anarchist+anti-communism%22])">
Anti-communism</link> <link xlink:type="simple" xlink:href="../109/3942109.xml">
Anti-consumerism</link>&nbsp;·  <link xlink:type="simple" xlink:href="../803/715803.xml">
Anti-corporatism</link> <information wordnetid="105816287" confidence="0.8">
<political_orientation wordnetid="106212839" confidence="0.8">
<example wordnetid="105820620" confidence="0.8">
<link xlink:type="simple" xlink:href="../816/93816.xml">
Anti-globalization</link></example>
</political_orientation>
</information>
&nbsp;·  <link xlink:type="simple" xlink:href="../698/3483698.xml">
Antimilitarism</link> <link xlink:type="simple" xlink:href="../771/2029771.xml">
Anti-statism</link>&nbsp;·  <link xlink:type="simple" xlink:href="../091/214091.xml">
Anti-war</link>&nbsp;·  <school wordnetid="108276720" confidence="0.8">
<political_orientation wordnetid="106212839" confidence="0.8">
<educational_institution wordnetid="108276342" confidence="0.8">
<institution wordnetid="108053576" confidence="0.8">
<link xlink:type="simple" xlink:href="../659/5170659.xml">
Autarchism</link></institution>
</educational_institution>
</political_orientation>
</school>
 <link xlink:type="simple" xlink:href="../264/4685264.xml">
Autonomism</link>&nbsp;·  <link xlink:type="simple" xlink:href="../687/19287687.xml">
Labour movement</link> <link xlink:type="simple" xlink:href="../162/408162.xml">
Left communism</link>&nbsp;·  <link xlink:type="simple" xlink:href="../498/3225498.xml">
Libertarianism</link> <link xlink:type="simple" xlink:href="../358/19134358.xml">
Libertarian perspectives on revolution</link><political_orientation wordnetid="106212839" confidence="0.8">
<link xlink:type="simple" xlink:href="../048/18048.xml">
Libertarian socialism</link></political_orientation>
 <group wordnetid="100031264" confidence="0.8">
<link xlink:type="simple" xlink:href="../521/57521.xml">
Situationist International</link></group>
</p>
</col>
</row>
<row>
<col style=" padding-right:0.4em; padding-bottom:0.4em; padding-left:0.4em; border-bottom:solid 1px #aaa; padding-top:0.4em; ">
<b>
Anarchism portal</b>

Philosophy portal 
Politics portal</col>
</row>
<row>
<col style=""></col>
</row>
</table>

<p>

<b>Infoanarchism</b> is an <link xlink:type="simple" xlink:href="../388/1313388.xml">
umbrella term</link> for various groups of people who are opposed to forms of <link xlink:type="simple" xlink:href="../724/14724.xml">
intellectual property</link>, such as <link xlink:type="simple" xlink:href="../278/5278.xml">
copyright</link> and <link xlink:type="simple" xlink:href="../273/23273.xml">
patent</link>s. The term was coined in a <it><link xlink:type="simple" xlink:href="../600/31600.xml">
TIME Magazine</link></it> article about <physical_entity wordnetid="100001930" confidence="0.8">
<person wordnetid="100007846" confidence="0.8">
<causal_agent wordnetid="100007347" confidence="0.8">
<scientist wordnetid="110560637" confidence="0.8">
<link xlink:type="simple" xlink:href="../806/267806.xml">
Ian Clarke</link></scientist>
</causal_agent>
</person>
</physical_entity>
, known as the original designer and lead developer of <software wordnetid="106566077" confidence="0.9508927676800064">
<link xlink:type="simple" xlink:href="../997/10997.xml">
Freenet</link></software>
, called "The Infoanarchist" in July 2000. The <link xlink:type="simple" xlink:href="../327/156327.xml">
anti-copyright</link> movement includes a wide range of groups and views and infoanarchists have emerged as part of the broader <link xlink:type="simple" xlink:href="../327/156327.xml">
copyright social conflict</link> and <link xlink:type="simple" xlink:href="../278/5278.xml">
copyright</link> debate.</p>
<p>

Infoanarchists may use <link xlink:type="simple" xlink:href="../322/454322.xml">
anonymous P2P</link> networks, like <software wordnetid="106566077" confidence="0.9508927676800064">
<link xlink:type="simple" xlink:href="../997/10997.xml">
Freenet</link></software>
, <software wordnetid="106566077" confidence="0.9508927676800064">
<link xlink:type="simple" xlink:href="../296/812296.xml">
Entropy</link></software>
, <software wordnetid="106566077" confidence="0.9508927676800064">
<link xlink:type="simple" xlink:href="../150/18582150.xml">
Tor</link></software>
 or <software wordnetid="106566077" confidence="0.9508927676800064">
<link xlink:type="simple" xlink:href="../434/538434.xml">
I2P</link></software>
, to help protect their anonymity. These anonymous networks make it difficult for observers, or any middleman, to determine what traffic is going across the network. Such technology may serve to protect people who wish to publish or receive digital files anonymously, like corporate whistleblowers, political dissidents, or groups that engage in the deliberate infringement of copyright law.</p>

<sec>
<st>
See also</st>
<p>

<list>
<entry level="1" type="bullet">

 <link xlink:type="simple" xlink:href="../404/18934404.xml">
copyleft</link></entry>
<entry level="1" type="bullet">

 <software wordnetid="106566077" confidence="0.8">
<application wordnetid="106570110" confidence="0.8">
<program wordnetid="106568978" confidence="0.8">
<written_communication wordnetid="106349220" confidence="0.8">
<writing wordnetid="106359877" confidence="0.8">
<code wordnetid="106355894" confidence="0.8">
<coding_system wordnetid="106353757" confidence="0.8">
<link xlink:type="simple" xlink:href="../427/222427.xml">
Crypto-anarchism</link></coding_system>
</code>
</writing>
</written_communication>
</program>
</application>
</software>
</entry>
<entry level="1" type="bullet">

 <link xlink:type="simple" xlink:href="../168/5681168.xml">
Free Culture</link></entry>
<entry level="1" type="bullet">

 <link xlink:type="simple" xlink:href="../797/18949797.xml">
P2P</link></entry>
<entry level="1" type="bullet">

 <system wordnetid="104377057" confidence="0.8">
<artifact wordnetid="100021939" confidence="0.8">
<instrumentality wordnetid="103575240" confidence="0.8">
<link xlink:type="simple" xlink:href="../041/433041.xml">
Technocapitalism</link></instrumentality>
</artifact>
</system>
</entry>
<entry level="1" type="bullet">

 <party wordnetid="108256968" confidence="0.9508927676800064">
<link xlink:type="simple" xlink:href="../291/5058291.xml">
Pirate Party</link></party>
</entry>
</list>
</p>

</sec>
<sec>
<st>
Bibliography</st>
<p>

<list>
<entry level="1" type="bullet">

  <cite id="Reference-Vaidhyanathan-2004" style="font-style:normal" class="book">Vaidhyanathan, Siva&#32;(2004). The Anarchist in the Library.&#32;New York:&#32;Basic Books. ISBN 0465089844.</cite>&nbsp;</entry>
</list>
</p>


</sec>
</bdy>
</psychological_feature>
</act>
</motion>
</action>
</change>
</event>
</article>
