<?xml version="1.0" encoding="UTF-8"?>
<!-- generated by CLiX/Wiki2XML [MPI-Inf, MMCI@UdS] $LastChangedRevision: 92 $ on 17.04.2009 00:32:52[mciao0828] -->
<!DOCTYPE article SYSTEM "../article.dtd">
<article xmlns:xlink="http://www.w3.org/1999/xlink">
<event  confidence="0.8" wordnetid="100029378">
<rule  confidence="0.8" wordnetid="105846932">
<act  confidence="0.8" wordnetid="100030358">
<psychological_feature  confidence="0.8" wordnetid="100023100">
<procedure  confidence="0.8" wordnetid="101023820">
<activity  confidence="0.8" wordnetid="100407535">
<algorithm  confidence="0.8" wordnetid="105847438">
<header>
<title>Web harvesting</title>
<id>11138746</id>
<revision>
<id>236134236</id>
<timestamp>2008-09-04T00:05:49Z</timestamp>
<contributor>
<username>D6</username>
<id>75561</id>
</contributor>
</revision>
<categories>
<category>Internet search algorithms</category>
<category>Information retrieval</category>
<category>Internet terminology</category>
<category>Search engine optimization</category>
<category>Searching</category>
</categories>
</header>
<bdy>

<b>Web harvesting</b> is an implementation of a <event wordnetid="100029378" confidence="0.8">
<rule wordnetid="105846932" confidence="0.8">
<act wordnetid="100030358" confidence="0.8">
<psychological_feature wordnetid="100023100" confidence="0.8">
<procedure wordnetid="101023820" confidence="0.8">
<activity wordnetid="100407535" confidence="0.8">
<algorithm wordnetid="105847438" confidence="0.8">
<link xlink:type="simple" xlink:href="../120/33120.xml">
Web crawler</link></algorithm>
</activity>
</procedure>
</psychological_feature>
</act>
</rule>
</event>
 that uses human expertise or machine guidance to direct the crawler to <link xlink:type="simple" xlink:href="../277/32277.xml">
URLs</link> which compose a specialized collection or set of knowledge. Web harvesting can be thought of as focused or directed Web crawling.
<sec>
<st>
Purpose</st>

<p>

Web harvesting allows Web-based search and retrieval applications, commonly referred to as <link xlink:type="simple" xlink:href="../023/4059023.xml">
search engines</link>, to index content that is pertinent to the audience for which the harvest is intended.  Such content is thus virtually integrated and made searchable as a separate Web application.  General purpose search engines, such as <company wordnetid="108058098" confidence="0.9508927676800064">
<link xlink:type="simple" xlink:href="../923/1092923.xml">
Google</link></company>
 and <company wordnetid="108058098" confidence="0.9508927676800064">
<link xlink:type="simple" xlink:href="../213/188213.xml">
Yahoo!</link></company>
 index all possible links they encounter from the origin of their crawl. In contrast, search engines based on Web harvesting only index URLs to which they are directed. This implementation strategy has the effect of creating a searchable application that is faster, due to the reduced size of the index; and one that provides higher quality and more selective results since the indexed URLs are pre-filtered for the topic or domain of interest.  In effect, harvesting makes otherwise isolated islands of information searchable as if they were an integrated whole.</p>

</sec>
<sec>
<st>
Process</st>

<p>

Web Harvesting begins by identifying and specifying as input to a computer program a list of URLs that define a specialized collection or set of knowledge. The computer program then begins to download this list of URLs. Embedded hyperlinks that are encountered can be either followed or ignored, depending on human or machine guidance. A key differentiation between Web harvesting and general purpose Web crawlers is that for Web harvesting, crawl depth will be defined and the crawls need not recursively follow URLs until all links have been exhausted. The downloaded content is then indexed by the search engine application and offered to information customers as a searchable Web application.  Information customers can then access and search the Web application and follow hyperlinks to the original URLs that meet their search criteria.</p>

</sec>
<sec>
<st>
Focused web harvesting</st>

<p>

Focused web harvesting is similar to the targeted web crawler. Instead of let the <link>
general purpose crawler</link> to harvest the web, the mechanism works under a certain pre-defined conditions to specify the information<ref xlink:type="simple" xlink:href="#xpointer(//reflist/entry[@id=%221%22])">1</ref><ref xlink:type="simple" xlink:href="#xpointer(//reflist/entry[@id=%222%22])">2</ref>. Especially this mechanism is intended to realize an indirect <link xlink:type="simple" xlink:href="../372/4780372.xml">
data integration</link>. The first implementation on this kind of data integartion can be found at the Indonesian Scientific Index - ISI<ref xlink:type="simple" xlink:href="#xpointer(//reflist/entry[@id=%223%22])">3</ref> which integrates all information related to the science and technology in <country wordnetid="108544813" confidence="0.9508927676800064">
<link xlink:type="simple" xlink:href="../579/14579.xml">
Indonesia</link></country>
.</p>

</sec>
<sec>
<st>
 References </st>

<p>

<reflist>
<entry id="1">
L.T. Handoko, <it>A new approach for scientific data dissemination in developing countries: a case of Indonesia</it>, Proceeding of the UN/ESA/NASA Workshops on Basic Space Science and the International Heliophysical Year, <weblink xlink:type="simple" xlink:href="http://arxiv.org/abs/0711.2842">
arXiv:0711.2842</weblink> (2007).</entry>
<entry id="2">
Z. Akbar and L.T. Handoko, <it>A Simple Mechanism for Focused Web-harvesting</it>, Proceeding of the International Conference on Advanced Computational Intelligence and Its Applications, <weblink xlink:type="simple" xlink:href="http://arxiv.org/abs/0809.0723">
arXiv:0809.0723</weblink> (2008).</entry>
<entry id="3">
<weblink xlink:type="simple" xlink:href="http://www.isi.lipi.go.id">
Indonesian Scientific Index</weblink></entry>
</reflist>
</p>

</sec>
<sec>
<st>
See also</st>
<p>

<list>
<entry level="1" type="bullet">

<event wordnetid="100029378" confidence="0.8">
<rule wordnetid="105846932" confidence="0.8">
<act wordnetid="100030358" confidence="0.8">
<psychological_feature wordnetid="100023100" confidence="0.8">
<procedure wordnetid="101023820" confidence="0.8">
<activity wordnetid="100407535" confidence="0.8">
<algorithm wordnetid="105847438" confidence="0.8">
<link xlink:type="simple" xlink:href="../120/33120.xml">
Web crawler</link></algorithm>
</activity>
</procedure>
</psychological_feature>
</act>
</rule>
</event>
</entry>
<entry level="1" type="bullet">

<link xlink:type="simple" xlink:href="../023/4059023.xml">
Search engine</link></entry>
</list>
</p>

</sec>
</bdy>
</algorithm>
</activity>
</procedure>
</psychological_feature>
</act>
</rule>
</event>
</article>
