<?xml version="1.0" encoding="UTF-8"?>
<!-- generated by CLiX/Wiki2XML [MPI-Inf, MMCI@UdS] $LastChangedRevision: 92 $ on 17.04.2009 00:40:26[mciao0825] -->
<!DOCTYPE article SYSTEM "../article.dtd">
<article xmlns:xlink="http://www.w3.org/1999/xlink">
<header>
<title>Geo targeting</title>
<id>11170029</id>
<revision>
<id>227618114</id>
<timestamp>2008-07-24T12:45:15Z</timestamp>
<contributor>
<username>Mediaexpert</username>
<id>5996390</id>
</contributor>
</revision>
<categories>
<category>Advertising</category>
<category>search engine optimization</category>
<category>Internet advertising and promotion</category>
</categories>
</header>
<bdy>

<b>Geo targeting</b> (in <link xlink:type="simple" xlink:href="../177/1618177.xml">
internet marketing</link>) is the method of determining the physical location of a website visitor and delivering different content to that visitor based on his or her location, such as country, region/state, city, metro code/<link xlink:type="simple" xlink:href="../550/51550.xml">
zip code</link>, organization, <link xlink:type="simple" xlink:href="../245/100245.xml">
ISP</link> or other criteria. 


<sec>
<st>
Geographical Information Provided by the Visitor</st>
<p>

Geo targeting is also done based on geographical and other personal information that were provided by the visitor himself. A typical example for this type of geo targeting is the FedEx website at FedEx.com where users have to select their country location first and are then presented with different site content depending on their selection.</p>
<p>

The automated discovery of user city-level information based on IP addresses by trace routes, pings, and a combination of other tools and methods is far more advanced. It is dependent on the pre-analysis of the entire IP address space. There are more than 4 billion possible IP addresses, and detailed analysis of each of them is a Herculean task, especially in light of the fact that IP addresses are constantly being assigned, allocated, reallocated, moved and changed due to routers being moved, enterprises being assigned IP addresses or moving, and networks being built or changed. In order to keep up with these changes, complex algorithms, bandwidth measurement and mapping technology, and finely tuned delivery mechanisms are necessary. Once all of the IP space is analyzed, each address must be periodically updated to reflect changes in the IP address information. This process is analogous to Internet search engine spidering in its enormity, yet requires far deeper layers of intelligence to keep the information about the constantly changing 4 billion-plus IP addresses current.</p>

</sec>
<sec>
<st>
IP delivery in SEO</st>

<p>

<indent level="1">

<it>Main article: <link xlink:type="simple" xlink:href="../364/418364.xml">
Cloaking</link></it>
</indent>
IP delivery for <link xlink:type="simple" xlink:href="../946/187946.xml">
search engine optimization</link> is the method of delivering different content to search engine spiders (also known as robots and crawlers) than to human visitors. The determination if the visitor is a known search engine spider is done based on the IP address. SEOs compare the visitors IP address with their list of IP addresses, which are known to be servers that are owned by a search engine and used to run their crawler applications (spiders). The delivery of different content to search engine spiders than to human visitors is called <link xlink:type="simple" xlink:href="../364/418364.xml">
cloaking</link> and against most search engines webmaster guidelines<ref xlink:type="simple" xlink:href="#xpointer(//reflist/entry[@id=%221%22])">1</ref><ref xlink:type="simple" xlink:href="#xpointer(//reflist/entry[@id=%222%22])">2</ref><ref xlink:type="simple" xlink:href="#xpointer(//reflist/entry[@id=%223%22])">3</ref></p>
<p>

Although the search engine guidelines seem to imply that any type of cloaking is bad, are there cases where cloaking might be legitimate. The subject is very controversial and SEO experts continue to debate about when cloaking might be acceptable and when it is not.<ref xlink:type="simple" xlink:href="#xpointer(//reflist/entry[@id=%224%22])">4</ref></p>
<p>

"Cloaking" via IP delivery works different than cloaking via "<link xlink:type="simple" xlink:href="../303/487303.xml">
user agent</link>". While the <link xlink:type="simple" xlink:href="../284/41284.xml">
IP address spoofing</link> is harder than <link xlink:type="simple" xlink:href="../303/487303.xml#xpointer(//*[./st=%22User_agent_spoofing%22])">
user-agent spoofing</link> and thus more reliable, is it also harder to keep the list of IP addresses used by search engines for their crawlers up-to-date. An outdated list with active crawler IP addresses missing enables the search engines to detect the cloaking and may result in a removal of the site from the search engines index.</p>

</sec>
<sec>
<st>
Common Usage of Geo Targeting</st>
<p>

<list>
<entry level="1" type="bullet">

Webmasters who want to serve local content on a global domain<ref xlink:type="simple" xlink:href="#xpointer(//reflist/entry[@id=%225%22])">5</ref> <ref xlink:type="simple" xlink:href="#xpointer(//reflist/entry[@id=%226%22])">6</ref></entry>
<entry level="1" type="bullet">

 Content Owners and Delivery Networks restrict streams based on the geographical information </entry>
<entry level="1" type="bullet">

<link xlink:type="simple" xlink:href="../207/1027207.xml">
Pay per click</link> advertisement to have ads appear only to users who live in selected locations</entry>
<entry level="1" type="bullet">

<link xlink:type="simple" xlink:href="../870/1083870.xml">
Display advertisement</link> where banner or other multimedia ads are selected to be displayed based on the visitors location. The use of connection speed data correlated to IP address to tailor content</entry>
<entry level="1" type="bullet">

 Online Analytics identify live the correlation of city-level geography, connection speed data and certain demographic data to IP addresses</entry>
<entry level="1" type="bullet">

 Enhanced Performance Networks provide superior Customer Targeting to advertisers.</entry>
<entry level="1" type="bullet">

 Fraud prevention identifies suspicious payment transactions live by correlations between IP Address and additional information (billing records, email header)</entry>
<entry level="1" type="bullet">

 City advertising<ref xlink:type="simple" xlink:href="#xpointer(//reflist/entry[@id=%227%22])">7</ref> by advertising on web sites with extensive content related to particular cities. Such web sites can connect large city audiences with products/services for sale in those cities. Surfers searching for information about particular cities find adverts at such web sites as a result of city name related searches rather than product/service keyword searches. In this way businesses, e.g. shops, restaurants, can advertise and reach out to consumers located in the real-world localities of their product/service offerings.</entry>
</list>
</p>

</sec>
<sec>
<st>
References</st>
<p>

<reflist>
<entry id="1">
<weblink xlink:type="simple" xlink:href="http://www.google.com/support/webmasters/bin/answer.py?answer=35769">
Google webmaster guidelines</weblink></entry>
<entry id="2">
<weblink xlink:type="simple" xlink:href="http://help.yahoo.com/help/us/ysearch/indexing/indexing-14.html">
Yahoo! search content quality guidelines</weblink></entry>
<entry id="3">
<weblink xlink:type="simple" xlink:href="http://search.msn.com/docs/siteowner.aspx?t=SEARCH_WEBMASTER_REF_GuidelinesforOptimizingSite.htm">
MS Search guidelines for successful indexing</weblink></entry>
<entry id="4">
Chris Sherman (July 18, 2001), <weblink xlink:type="simple" xlink:href="http://searchenginewatch.com/showPage.html?page=2157341">
Search Engine Cloaking: The Controversy Continues</weblink>, <it>Search Engine Watch</it>, retrieved on December 9, 2007</entry>
<entry id="5">
<weblink xlink:type="simple" xlink:href="http://www.ipligence.com/worldmap/">
Internet World Map 2007</weblink> Study showing the geographic distribution of the Internet across the entire world.</entry>
<entry id="6">
<weblink xlink:type="simple" xlink:href="http://www.ip2location.com/ip2location-internet-ip-address-2008-report.aspx">
Internet IP Address Allocation by Country 2008 Report</weblink> Study showing the IP address distribution of the Internet in 2007</entry>
<entry id="7">
Search Engine Optimization for Dummies, 3rd Edition, 2008, by Peter Kent, Chapter 10 'Finding Traffic via Geo-Targeting'</entry>
</reflist>
 </p>

<p>

<table style=";" class="navbox" cellspacing="0">
<row>
<col style="padding:2px;">
<table style="width:100%;background:transparent;color:inherit;;" class="nowraplinks collapsible autocollapse " cellspacing="0">
<row>
<header colspan="2" style=";" class="navbox-title">
<link xlink:type="simple" xlink:href="../946/187946.xml">
Search engine optimization</link></header>
</row>
<row style="height:2px;">

</row>
<row>
<col style=";;" class="navbox-group">
Exclusion standards</col>
<col style="text-align:left;border-left:2px solid #fdfdfd;width:100%;padding:0px;;;" class="navbox-list navbox-odd">
<link xlink:type="simple" xlink:href="../673/101673.xml">
Robots exclusion standard</link>&nbsp;• <link xlink:type="simple" xlink:href="../556/20556.xml">
Meta tags</link>&nbsp;• <link xlink:type="simple" xlink:href="../084/3766084.xml">
nofollow</link></col>
</row>
<row style="height:2px">

</row>
<row>
<col style=";;" class="navbox-group">
Related marketing topics</col>
<col style="text-align:left;border-left:2px solid #fdfdfd;width:100%;padding:0px;;;" class="navbox-list navbox-even">
<link xlink:type="simple" xlink:href="../177/1618177.xml">
Internet marketing</link>&nbsp;• <physical_entity wordnetid="100001930" confidence="0.8">
<person wordnetid="100007846" confidence="0.8">
<model wordnetid="110324560" confidence="0.8">
<assistant wordnetid="109815790" confidence="0.8">
<worker wordnetid="109632518" confidence="0.8">
<causal_agent wordnetid="100007347" confidence="0.8">
<link xlink:type="simple" xlink:href="../758/703758.xml">
Affiliate marketing</link></causal_agent>
</worker>
</assistant>
</model>
</person>
</physical_entity>
&nbsp;• <link xlink:type="simple" xlink:href="../759/1101759.xml">
E-mail marketing</link>&nbsp;• <link xlink:type="simple" xlink:href="../645/646645.xml">
Display advertising</link>&nbsp;• <link xlink:type="simple" xlink:href="../872/2475872.xml">
Web analytics</link></col>
</row>
<row style="height:2px">

</row>
<row>
<col style=";;" class="navbox-group">
Search marketing related topics</col>
<col style="text-align:left;border-left:2px solid #fdfdfd;width:100%;padding:0px;;;" class="navbox-list navbox-odd">
<link xlink:type="simple" xlink:href="../074/2111074.xml">
Search engine marketing</link>&nbsp;• <link xlink:type="simple" xlink:href="../316/6559316.xml">
Social media optimization</link>&nbsp;• <link xlink:type="simple" xlink:href="../470/15883470.xml">
Online identity management</link>&nbsp;• <link xlink:type="simple" xlink:href="../170/501170.xml">
Paid inclusion</link>&nbsp;• <link xlink:type="simple" xlink:href="../207/1027207.xml">
Pay per click (PPC)</link>&nbsp;• <technique wordnetid="105665146" confidence="0.8">
<know-how wordnetid="105616786" confidence="0.8">
<method wordnetid="105660268" confidence="0.8">
<link xlink:type="simple" xlink:href="../747/286747.xml">
Google bomb</link></method>
</know-how>
</technique>
</col>
</row>
<row style="height:2px">

</row>
<row>
<col style=";;" class="navbox-group">
Search engine spam</col>
<col style="text-align:left;border-left:2px solid #fdfdfd;width:100%;padding:0px;;;" class="navbox-list navbox-even">
<link xlink:type="simple" xlink:href="../651/43651.xml">
Spamdexing</link>&nbsp;• <link xlink:type="simple" xlink:href="../619/2696619.xml">
Web scraping</link>&nbsp;• <computer wordnetid="103082979" confidence="0.8">
<artifact wordnetid="100021939" confidence="0.8">
<instrumentality wordnetid="103575240" confidence="0.8">
<device wordnetid="103183080" confidence="0.8">
<machine wordnetid="103699975" confidence="0.8">
<web_site wordnetid="106359193" confidence="0.8">
<link xlink:type="simple" xlink:href="../572/3152572.xml">
Scraper site</link></web_site>
</machine>
</device>
</instrumentality>
</artifact>
</computer>
&nbsp;• <link xlink:type="simple" xlink:href="../213/270213.xml">
Link farm</link>&nbsp;• <link xlink:type="simple" xlink:href="../292/14489292.xml#xpointer(//*[./st=%22Free+for+all+linking%22])">
Free for all linking</link></col>
</row>
<row style="height:2px">

</row>
<row>
<col style=";;" class="navbox-group">
Linking</col>
<col style="text-align:left;border-left:2px solid #fdfdfd;width:100%;padding:0px;;;" class="navbox-list navbox-odd">
<link xlink:type="simple" xlink:href="../490/7065490.xml">
Off-page optimization</link>&nbsp;• <link xlink:type="simple" xlink:href="../292/14489292.xml">
Methods of website linking</link>&nbsp;• <link xlink:type="simple" xlink:href="../433/1395433.xml">
Link exchange</link>&nbsp;• <link xlink:type="simple" xlink:href="../494/580494.xml">
Backlink</link></col>
</row>
<row style="height:2px">

</row>
<row>
<col style=";;" class="navbox-group">
Other</col>
<col style="text-align:left;border-left:2px solid #fdfdfd;width:100%;padding:0px;;;" class="navbox-list navbox-even">
<link xlink:type="simple" xlink:href="../866/2789866.xml">
Landing page</link>&nbsp;• <link xlink:type="simple" xlink:href="../029/11170029.xml">
IP delivery</link>&nbsp;• <link xlink:type="simple" xlink:href="../827/11996827.xml">
Landing page optimization</link>&nbsp;• <artifact wordnetid="100021939" confidence="0.8">
<instrumentality wordnetid="103575240" confidence="0.8">
<engine wordnetid="103287733" confidence="0.8">
<motor wordnetid="103789946" confidence="0.8">
<device wordnetid="103183080" confidence="0.8">
<machine wordnetid="103699975" confidence="0.8">
<link xlink:type="simple" xlink:href="../064/7059064.xml">
Human search engine</link></machine>
</device>
</motor>
</engine>
</instrumentality>
</artifact>
&nbsp;• <link xlink:type="simple" xlink:href="../600/1015600.xml">
Stop words</link>&nbsp;• <link xlink:type="simple" xlink:href="../974/14484974.xml">
Poison words</link></col>
</row>
</table>
</col>
</row>
</table>
</p>


</sec>
</bdy>
</article>
